solid STL generated by MeshLab
  facet normal  0.000000e+00 -1.000000e+00  0.000000e+00
    outer loop
      vertex  -4.341204e-04  0.000000e+00 -2.462019e-03
      vertex  -2.178894e-04  0.000000e+00 -2.490487e-03
      vertex   0.000000e+00  0.000000e+00  1.530808e-19
    endloop
  endfacet
  facet normal  0.000000e+00 -1.000000e+00  0.000000e+00
    outer loop
      vertex  -2.178894e-04  0.000000e+00 -2.490487e-03
      vertex   0.000000e+00  0.000000e+00 -2.500000e-03
      vertex   0.000000e+00  0.000000e+00  1.530808e-19
    endloop
  endfacet
  facet normal  0.000000e+00 -1.000000e+00  0.000000e+00
    outer loop
      vertex   0.000000e+00  0.000000e+00  1.530808e-19
      vertex   0.000000e+00  0.000000e+00 -2.500000e-03
      vertex   2.178894e-04  0.000000e+00 -2.490487e-03
    endloop
  endfacet
  facet normal  0.000000e+00 -1.000000e+00  0.000000e+00
    outer loop
      vertex  -1.056546e-03  0.000000e+00 -2.265770e-03
      vertex  -8.550503e-04  0.000000e+00 -2.349232e-03
      vertex   0.000000e+00  0.000000e+00  1.530808e-19
    endloop
  endfacet
  facet normal  0.000000e+00 -1.000000e+00  0.000000e+00
    outer loop
      vertex  -8.550503e-04  0.000000e+00 -2.349232e-03
      vertex  -6.470476e-04  0.000000e+00 -2.414815e-03
      vertex   0.000000e+00  0.000000e+00  1.530808e-19
    endloop
  endfacet
  facet normal  0.000000e+00 -1.000000e+00  0.000000e+00
    outer loop
      vertex   0.000000e+00  0.000000e+00  1.530808e-19
      vertex  -6.470476e-04  0.000000e+00 -2.414815e-03
      vertex  -4.341204e-04  0.000000e+00 -2.462019e-03
    endloop
  endfacet
  facet normal  0.000000e+00 -1.000000e+00  0.000000e+00
    outer loop
      vertex  -1.606969e-03  0.000000e+00 -1.915111e-03
      vertex  -1.433941e-03  0.000000e+00 -2.047880e-03
      vertex   0.000000e+00  0.000000e+00  1.530808e-19
    endloop
  endfacet
  facet normal  0.000000e+00 -1.000000e+00  0.000000e+00
    outer loop
      vertex  -1.433941e-03  0.000000e+00 -2.047880e-03
      vertex  -1.250000e-03  0.000000e+00 -2.165064e-03
      vertex   0.000000e+00  0.000000e+00  1.530808e-19
    endloop
  endfacet
  facet normal  0.000000e+00 -1.000000e+00  0.000000e+00
    outer loop
      vertex   0.000000e+00  0.000000e+00  1.530808e-19
      vertex  -1.250000e-03  0.000000e+00 -2.165064e-03
      vertex  -1.056546e-03  0.000000e+00 -2.265770e-03
    endloop
  endfacet
  facet normal  0.000000e+00 -1.000000e+00  0.000000e+00
    outer loop
      vertex  -2.047880e-03  0.000000e+00 -1.433941e-03
      vertex  -1.915111e-03  0.000000e+00 -1.606969e-03
      vertex   0.000000e+00  0.000000e+00  1.530808e-19
    endloop
  endfacet
  facet normal  0.000000e+00 -1.000000e+00  0.000000e+00
    outer loop
      vertex  -1.915111e-03  0.000000e+00 -1.606969e-03
      vertex  -1.767767e-03  0.000000e+00 -1.767767e-03
      vertex   0.000000e+00  0.000000e+00  1.530808e-19
    endloop
  endfacet
  facet normal  0.000000e+00 -1.000000e+00  0.000000e+00
    outer loop
      vertex   0.000000e+00  0.000000e+00  1.530808e-19
      vertex  -1.767767e-03  0.000000e+00 -1.767767e-03
      vertex  -1.606969e-03  0.000000e+00 -1.915111e-03
    endloop
  endfacet
  facet normal  0.000000e+00 -1.000000e+00  0.000000e+00
    outer loop
      vertex  -2.349232e-03  0.000000e+00 -8.550503e-04
      vertex  -2.265770e-03  0.000000e+00 -1.056546e-03
      vertex   0.000000e+00  0.000000e+00  1.530808e-19
    endloop
  endfacet
  facet normal  0.000000e+00 -1.000000e+00  0.000000e+00
    outer loop
      vertex  -2.265770e-03  0.000000e+00 -1.056546e-03
      vertex  -2.165064e-03  0.000000e+00 -1.250000e-03
      vertex   0.000000e+00  0.000000e+00  1.530808e-19
    endloop
  endfacet
  facet normal  0.000000e+00 -1.000000e+00  0.000000e+00
    outer loop
      vertex   0.000000e+00  0.000000e+00  1.530808e-19
      vertex  -2.165064e-03  0.000000e+00 -1.250000e-03
      vertex  -2.047880e-03  0.000000e+00 -1.433941e-03
    endloop
  endfacet
  facet normal  0.000000e+00 -1.000000e+00  0.000000e+00
    outer loop
      vertex  -2.490487e-03  0.000000e+00 -2.178894e-04
      vertex  -2.462019e-03  0.000000e+00 -4.341204e-04
      vertex   0.000000e+00  0.000000e+00  1.530808e-19
    endloop
  endfacet
  facet normal  0.000000e+00 -1.000000e+00  0.000000e+00
    outer loop
      vertex  -2.462019e-03  0.000000e+00 -4.341204e-04
      vertex  -2.414815e-03  0.000000e+00 -6.470476e-04
      vertex   0.000000e+00  0.000000e+00  1.530808e-19
    endloop
  endfacet
  facet normal  0.000000e+00 -1.000000e+00  0.000000e+00
    outer loop
      vertex   0.000000e+00  0.000000e+00  1.530808e-19
      vertex  -2.414815e-03  0.000000e+00 -6.470476e-04
      vertex  -2.349232e-03  0.000000e+00 -8.550503e-04
    endloop
  endfacet
  facet normal  0.000000e+00 -1.000000e+00 -0.000000e+00
    outer loop
      vertex  -2.462019e-03  0.000000e+00  4.341204e-04
      vertex  -2.490487e-03  0.000000e+00  2.178894e-04
      vertex   0.000000e+00  0.000000e+00  1.530808e-19
    endloop
  endfacet
  facet normal  0.000000e+00 -1.000000e+00 -0.000000e+00
    outer loop
      vertex  -2.490487e-03  0.000000e+00  2.178894e-04
      vertex  -2.500000e-03  0.000000e+00  2.832770e-18
      vertex   0.000000e+00  0.000000e+00  1.530808e-19
    endloop
  endfacet
  facet normal -0.000000e+00 -1.000000e+00  0.000000e+00
    outer loop
      vertex   0.000000e+00  0.000000e+00  1.530808e-19
      vertex  -2.500000e-03  0.000000e+00  2.832770e-18
      vertex  -2.490487e-03  0.000000e+00 -2.178894e-04
    endloop
  endfacet
  facet normal  0.000000e+00 -1.000000e+00 -0.000000e+00
    outer loop
      vertex  -2.265770e-03  0.000000e+00  1.056546e-03
      vertex  -2.349232e-03  0.000000e+00  8.550503e-04
      vertex   0.000000e+00  0.000000e+00  1.530808e-19
    endloop
  endfacet
  facet normal  0.000000e+00 -1.000000e+00 -0.000000e+00
    outer loop
      vertex  -2.349232e-03  0.000000e+00  8.550503e-04
      vertex  -2.414815e-03  0.000000e+00  6.470476e-04
      vertex   0.000000e+00  0.000000e+00  1.530808e-19
    endloop
  endfacet
  facet normal  0.000000e+00 -1.000000e+00  0.000000e+00
    outer loop
      vertex   0.000000e+00  0.000000e+00  1.530808e-19
      vertex  -2.414815e-03  0.000000e+00  6.470476e-04
      vertex  -2.462019e-03  0.000000e+00  4.341204e-04
    endloop
  endfacet
  facet normal  0.000000e+00 -1.000000e+00 -0.000000e+00
    outer loop
      vertex  -1.915111e-03  0.000000e+00  1.606969e-03
      vertex  -2.047880e-03  0.000000e+00  1.433941e-03
      vertex   0.000000e+00  0.000000e+00  1.530808e-19
    endloop
  endfacet
  facet normal  0.000000e+00 -1.000000e+00 -0.000000e+00
    outer loop
      vertex  -2.047880e-03  0.000000e+00  1.433941e-03
      vertex  -2.165064e-03  0.000000e+00  1.250000e-03
      vertex   0.000000e+00  0.000000e+00  1.530808e-19
    endloop
  endfacet
  facet normal  0.000000e+00 -1.000000e+00  0.000000e+00
    outer loop
      vertex   0.000000e+00  0.000000e+00  1.530808e-19
      vertex  -2.165064e-03  0.000000e+00  1.250000e-03
      vertex  -2.265770e-03  0.000000e+00  1.056546e-03
    endloop
  endfacet
  facet normal  0.000000e+00 -1.000000e+00 -0.000000e+00
    outer loop
      vertex  -1.433941e-03  0.000000e+00  2.047880e-03
      vertex  -1.606969e-03  0.000000e+00  1.915111e-03
      vertex   0.000000e+00  0.000000e+00  1.530808e-19
    endloop
  endfacet
  facet normal  0.000000e+00 -1.000000e+00 -0.000000e+00
    outer loop
      vertex  -1.606969e-03  0.000000e+00  1.915111e-03
      vertex  -1.767767e-03  0.000000e+00  1.767767e-03
      vertex   0.000000e+00  0.000000e+00  1.530808e-19
    endloop
  endfacet
  facet normal  0.000000e+00 -1.000000e+00  0.000000e+00
    outer loop
      vertex   0.000000e+00  0.000000e+00  1.530808e-19
      vertex  -1.767767e-03  0.000000e+00  1.767767e-03
      vertex  -1.915111e-03  0.000000e+00  1.606969e-03
    endloop
  endfacet
  facet normal  0.000000e+00 -1.000000e+00 -0.000000e+00
    outer loop
      vertex  -8.550503e-04  0.000000e+00  2.349232e-03
      vertex  -1.056546e-03  0.000000e+00  2.265770e-03
      vertex   0.000000e+00  0.000000e+00  1.530808e-19
    endloop
  endfacet
  facet normal  0.000000e+00 -1.000000e+00 -0.000000e+00
    outer loop
      vertex  -1.056546e-03  0.000000e+00  2.265770e-03
      vertex  -1.250000e-03  0.000000e+00  2.165064e-03
      vertex   0.000000e+00  0.000000e+00  1.530808e-19
    endloop
  endfacet
  facet normal  0.000000e+00 -1.000000e+00  0.000000e+00
    outer loop
      vertex   0.000000e+00  0.000000e+00  1.530808e-19
      vertex  -1.250000e-03  0.000000e+00  2.165064e-03
      vertex  -1.433941e-03  0.000000e+00  2.047880e-03
    endloop
  endfacet
  facet normal  0.000000e+00 -1.000000e+00 -0.000000e+00
    outer loop
      vertex  -2.178894e-04  0.000000e+00  2.490487e-03
      vertex  -4.341204e-04  0.000000e+00  2.462019e-03
      vertex   0.000000e+00  0.000000e+00  1.530808e-19
    endloop
  endfacet
  facet normal  0.000000e+00 -1.000000e+00 -0.000000e+00
    outer loop
      vertex  -4.341204e-04  0.000000e+00  2.462019e-03
      vertex  -6.470476e-04  0.000000e+00  2.414815e-03
      vertex   0.000000e+00  0.000000e+00  1.530808e-19
    endloop
  endfacet
  facet normal  0.000000e+00 -1.000000e+00  0.000000e+00
    outer loop
      vertex   0.000000e+00  0.000000e+00  1.530808e-19
      vertex  -6.470476e-04  0.000000e+00  2.414815e-03
      vertex  -8.550503e-04  0.000000e+00  2.349232e-03
    endloop
  endfacet
  facet normal -0.000000e+00 -1.000000e+00  0.000000e+00
    outer loop
      vertex   4.341204e-04  0.000000e+00  2.462019e-03
      vertex   2.178894e-04  0.000000e+00  2.490487e-03
      vertex   0.000000e+00  0.000000e+00  1.530808e-19
    endloop
  endfacet
  facet normal -0.000000e+00 -1.000000e+00  0.000000e+00
    outer loop
      vertex   2.178894e-04  0.000000e+00  2.490487e-03
      vertex   1.416385e-18  0.000000e+00  2.500000e-03
      vertex   0.000000e+00  0.000000e+00  1.530808e-19
    endloop
  endfacet
  facet normal  0.000000e+00 -1.000000e+00  0.000000e+00
    outer loop
      vertex   0.000000e+00  0.000000e+00  1.530808e-19
      vertex   1.416385e-18  0.000000e+00  2.500000e-03
      vertex  -2.178894e-04  0.000000e+00  2.490487e-03
    endloop
  endfacet
  facet normal -0.000000e+00 -1.000000e+00  0.000000e+00
    outer loop
      vertex   1.056546e-03  0.000000e+00  2.265770e-03
      vertex   8.550503e-04  0.000000e+00  2.349232e-03
      vertex   0.000000e+00  0.000000e+00  1.530808e-19
    endloop
  endfacet
  facet normal -0.000000e+00 -1.000000e+00  0.000000e+00
    outer loop
      vertex   8.550503e-04  0.000000e+00  2.349232e-03
      vertex   6.470476e-04  0.000000e+00  2.414815e-03
      vertex   0.000000e+00  0.000000e+00  1.530808e-19
    endloop
  endfacet
  facet normal  0.000000e+00 -1.000000e+00  0.000000e+00
    outer loop
      vertex   0.000000e+00  0.000000e+00  1.530808e-19
      vertex   6.470476e-04  0.000000e+00  2.414815e-03
      vertex   4.341204e-04  0.000000e+00  2.462019e-03
    endloop
  endfacet
  facet normal -0.000000e+00 -1.000000e+00  0.000000e+00
    outer loop
      vertex   1.606969e-03  0.000000e+00  1.915111e-03
      vertex   1.433941e-03  0.000000e+00  2.047880e-03
      vertex   0.000000e+00  0.000000e+00  1.530808e-19
    endloop
  endfacet
  facet normal -0.000000e+00 -1.000000e+00  0.000000e+00
    outer loop
      vertex   1.433941e-03  0.000000e+00  2.047880e-03
      vertex   1.250000e-03  0.000000e+00  2.165064e-03
      vertex   0.000000e+00  0.000000e+00  1.530808e-19
    endloop
  endfacet
  facet normal  0.000000e+00 -1.000000e+00  0.000000e+00
    outer loop
      vertex   0.000000e+00  0.000000e+00  1.530808e-19
      vertex   1.250000e-03  0.000000e+00  2.165064e-03
      vertex   1.056546e-03  0.000000e+00  2.265770e-03
    endloop
  endfacet
  facet normal -0.000000e+00 -1.000000e+00  0.000000e+00
    outer loop
      vertex   2.047880e-03  0.000000e+00  1.433941e-03
      vertex   1.915111e-03  0.000000e+00  1.606969e-03
      vertex   0.000000e+00  0.000000e+00  1.530808e-19
    endloop
  endfacet
  facet normal -0.000000e+00 -1.000000e+00  0.000000e+00
    outer loop
      vertex   1.915111e-03  0.000000e+00  1.606969e-03
      vertex   1.767767e-03  0.000000e+00  1.767767e-03
      vertex   0.000000e+00  0.000000e+00  1.530808e-19
    endloop
  endfacet
  facet normal  0.000000e+00 -1.000000e+00  0.000000e+00
    outer loop
      vertex   0.000000e+00  0.000000e+00  1.530808e-19
      vertex   1.767767e-03  0.000000e+00  1.767767e-03
      vertex   1.606969e-03  0.000000e+00  1.915111e-03
    endloop
  endfacet
  facet normal -0.000000e+00 -1.000000e+00  0.000000e+00
    outer loop
      vertex   2.349232e-03  0.000000e+00  8.550503e-04
      vertex   2.265770e-03  0.000000e+00  1.056546e-03
      vertex   0.000000e+00  0.000000e+00  1.530808e-19
    endloop
  endfacet
  facet normal -0.000000e+00 -1.000000e+00  0.000000e+00
    outer loop
      vertex   2.265770e-03  0.000000e+00  1.056546e-03
      vertex   2.165064e-03  0.000000e+00  1.250000e-03
      vertex   0.000000e+00  0.000000e+00  1.530808e-19
    endloop
  endfacet
  facet normal  0.000000e+00 -1.000000e+00  0.000000e+00
    outer loop
      vertex   0.000000e+00  0.000000e+00  1.530808e-19
      vertex   2.165064e-03  0.000000e+00  1.250000e-03
      vertex   2.047880e-03  0.000000e+00  1.433941e-03
    endloop
  endfacet
  facet normal -0.000000e+00 -1.000000e+00  0.000000e+00
    outer loop
      vertex   2.490487e-03  0.000000e+00  2.178894e-04
      vertex   2.462019e-03  0.000000e+00  4.341204e-04
      vertex   0.000000e+00  0.000000e+00  1.530808e-19
    endloop
  endfacet
  facet normal -0.000000e+00 -1.000000e+00  0.000000e+00
    outer loop
      vertex   2.462019e-03  0.000000e+00  4.341204e-04
      vertex   2.414815e-03  0.000000e+00  6.470476e-04
      vertex   0.000000e+00  0.000000e+00  1.530808e-19
    endloop
  endfacet
  facet normal  0.000000e+00 -1.000000e+00  0.000000e+00
    outer loop
      vertex   0.000000e+00  0.000000e+00  1.530808e-19
      vertex   2.414815e-03  0.000000e+00  6.470476e-04
      vertex   2.349232e-03  0.000000e+00  8.550503e-04
    endloop
  endfacet
  facet normal  0.000000e+00 -1.000000e+00  0.000000e+00
    outer loop
      vertex   2.462019e-03  0.000000e+00 -4.341204e-04
      vertex   2.490487e-03  0.000000e+00 -2.178894e-04
      vertex   0.000000e+00  0.000000e+00  1.530808e-19
    endloop
  endfacet
  facet normal  0.000000e+00 -1.000000e+00  0.000000e+00
    outer loop
      vertex   2.490487e-03  0.000000e+00 -2.178894e-04
      vertex   2.500000e-03  0.000000e+00 -5.551115e-19
      vertex   0.000000e+00  0.000000e+00  1.530808e-19
    endloop
  endfacet
  facet normal  0.000000e+00 -1.000000e+00  0.000000e+00
    outer loop
      vertex   0.000000e+00  0.000000e+00  1.530808e-19
      vertex   2.500000e-03  0.000000e+00 -5.551115e-19
      vertex   2.490487e-03  0.000000e+00  2.178894e-04
    endloop
  endfacet
  facet normal  0.000000e+00 -1.000000e+00  0.000000e+00
    outer loop
      vertex   2.265770e-03  0.000000e+00 -1.056546e-03
      vertex   2.349232e-03  0.000000e+00 -8.550503e-04
      vertex   0.000000e+00  0.000000e+00  1.530808e-19
    endloop
  endfacet
  facet normal  0.000000e+00 -1.000000e+00  0.000000e+00
    outer loop
      vertex   2.349232e-03  0.000000e+00 -8.550503e-04
      vertex   2.414815e-03  0.000000e+00 -6.470476e-04
      vertex   0.000000e+00  0.000000e+00  1.530808e-19
    endloop
  endfacet
  facet normal  0.000000e+00 -1.000000e+00  0.000000e+00
    outer loop
      vertex   0.000000e+00  0.000000e+00  1.530808e-19
      vertex   2.414815e-03  0.000000e+00 -6.470476e-04
      vertex   2.462019e-03  0.000000e+00 -4.341204e-04
    endloop
  endfacet
  facet normal  0.000000e+00 -1.000000e+00  0.000000e+00
    outer loop
      vertex   1.915111e-03  0.000000e+00 -1.606969e-03
      vertex   2.047880e-03  0.000000e+00 -1.433941e-03
      vertex   0.000000e+00  0.000000e+00  1.530808e-19
    endloop
  endfacet
  facet normal  0.000000e+00 -1.000000e+00  0.000000e+00
    outer loop
      vertex   2.047880e-03  0.000000e+00 -1.433941e-03
      vertex   2.165064e-03  0.000000e+00 -1.250000e-03
      vertex   0.000000e+00  0.000000e+00  1.530808e-19
    endloop
  endfacet
  facet normal  0.000000e+00 -1.000000e+00  0.000000e+00
    outer loop
      vertex   0.000000e+00  0.000000e+00  1.530808e-19
      vertex   2.165064e-03  0.000000e+00 -1.250000e-03
      vertex   2.265770e-03  0.000000e+00 -1.056546e-03
    endloop
  endfacet
  facet normal  0.000000e+00 -1.000000e+00  0.000000e+00
    outer loop
      vertex   1.433941e-03  0.000000e+00 -2.047880e-03
      vertex   1.606969e-03  0.000000e+00 -1.915111e-03
      vertex   0.000000e+00  0.000000e+00  1.530808e-19
    endloop
  endfacet
  facet normal  0.000000e+00 -1.000000e+00  0.000000e+00
    outer loop
      vertex   1.606969e-03  0.000000e+00 -1.915111e-03
      vertex   1.767767e-03  0.000000e+00 -1.767767e-03
      vertex   0.000000e+00  0.000000e+00  1.530808e-19
    endloop
  endfacet
  facet normal  0.000000e+00 -1.000000e+00  0.000000e+00
    outer loop
      vertex   0.000000e+00  0.000000e+00  1.530808e-19
      vertex   1.767767e-03  0.000000e+00 -1.767767e-03
      vertex   1.915111e-03  0.000000e+00 -1.606969e-03
    endloop
  endfacet
  facet normal  0.000000e+00 -1.000000e+00  0.000000e+00
    outer loop
      vertex   8.550503e-04  0.000000e+00 -2.349232e-03
      vertex   1.056546e-03  0.000000e+00 -2.265770e-03
      vertex   0.000000e+00  0.000000e+00  1.530808e-19
    endloop
  endfacet
  facet normal  0.000000e+00 -1.000000e+00  0.000000e+00
    outer loop
      vertex   1.056546e-03  0.000000e+00 -2.265770e-03
      vertex   1.250000e-03  0.000000e+00 -2.165064e-03
      vertex   0.000000e+00  0.000000e+00  1.530808e-19
    endloop
  endfacet
  facet normal  0.000000e+00 -1.000000e+00  0.000000e+00
    outer loop
      vertex   0.000000e+00  0.000000e+00  1.530808e-19
      vertex   1.250000e-03  0.000000e+00 -2.165064e-03
      vertex   1.433941e-03  0.000000e+00 -2.047880e-03
    endloop
  endfacet
  facet normal  0.000000e+00 -1.000000e+00  0.000000e+00
    outer loop
      vertex   2.178894e-04  0.000000e+00 -2.490487e-03
      vertex   4.341204e-04  0.000000e+00 -2.462019e-03
      vertex   0.000000e+00  0.000000e+00  1.530808e-19
    endloop
  endfacet
  facet normal  0.000000e+00 -1.000000e+00  0.000000e+00
    outer loop
      vertex   4.341204e-04  0.000000e+00 -2.462019e-03
      vertex   6.470476e-04  0.000000e+00 -2.414815e-03
      vertex   0.000000e+00  0.000000e+00  1.530808e-19
    endloop
  endfacet
  facet normal  0.000000e+00 -1.000000e+00  0.000000e+00
    outer loop
      vertex   0.000000e+00  0.000000e+00  1.530808e-19
      vertex   6.470476e-04  0.000000e+00 -2.414815e-03
      vertex   8.550503e-04  0.000000e+00 -2.349232e-03
    endloop
  endfacet
  facet normal  4.361819e-02  0.000000e+00 -9.990483e-01
    outer loop
      vertex   0.000000e+00  0.000000e+00 -2.500000e-03
      vertex   2.178894e-04  2.500000e-02 -2.490487e-03
      vertex   2.178894e-04  0.000000e+00 -2.490487e-03
    endloop
  endfacet
  facet normal  1.305290e-01  0.000000e+00 -9.914445e-01
    outer loop
      vertex   2.178894e-04  2.500000e-02 -2.490487e-03
      vertex   4.341204e-04  2.500000e-02 -2.462019e-03
      vertex   2.178894e-04  0.000000e+00 -2.490487e-03
    endloop
  endfacet
  facet normal  1.305290e-01  0.000000e+00 -9.914445e-01
    outer loop
      vertex   2.178894e-04  0.000000e+00 -2.490487e-03
      vertex   4.341204e-04  2.500000e-02 -2.462019e-03
      vertex   4.341204e-04  0.000000e+00 -2.462019e-03
    endloop
  endfacet
  facet normal  2.164364e-01  0.000000e+00 -9.762967e-01
    outer loop
      vertex   4.341204e-04  2.500000e-02 -2.462019e-03
      vertex   6.470476e-04  2.500000e-02 -2.414815e-03
      vertex   4.341204e-04  0.000000e+00 -2.462019e-03
    endloop
  endfacet
  facet normal  2.164364e-01  0.000000e+00 -9.762967e-01
    outer loop
      vertex   4.341204e-04  0.000000e+00 -2.462019e-03
      vertex   6.470476e-04  2.500000e-02 -2.414815e-03
      vertex   6.470476e-04  0.000000e+00 -2.414815e-03
    endloop
  endfacet
  facet normal  3.007050e-01  0.000000e+00 -9.537172e-01
    outer loop
      vertex   6.470476e-04  2.500000e-02 -2.414815e-03
      vertex   8.550503e-04  2.500000e-02 -2.349232e-03
      vertex   6.470476e-04  0.000000e+00 -2.414815e-03
    endloop
  endfacet
  facet normal  3.007050e-01  0.000000e+00 -9.537172e-01
    outer loop
      vertex   6.470476e-04  0.000000e+00 -2.414815e-03
      vertex   8.550503e-04  2.500000e-02 -2.349232e-03
      vertex   8.550503e-04  0.000000e+00 -2.349232e-03
    endloop
  endfacet
  facet normal  3.826828e-01  0.000000e+00 -9.238798e-01
    outer loop
      vertex   8.550503e-04  2.500000e-02 -2.349232e-03
      vertex   1.056546e-03  2.500000e-02 -2.265770e-03
      vertex   8.550503e-04  0.000000e+00 -2.349232e-03
    endloop
  endfacet
  facet normal  3.826828e-01  0.000000e+00 -9.238798e-01
    outer loop
      vertex   8.550503e-04  0.000000e+00 -2.349232e-03
      vertex   1.056546e-03  2.500000e-02 -2.265770e-03
      vertex   1.056546e-03  0.000000e+00 -2.265770e-03
    endloop
  endfacet
  facet normal  4.617495e-01  0.000000e+00 -8.870104e-01
    outer loop
      vertex   1.056546e-03  2.500000e-02 -2.265770e-03
      vertex   1.250000e-03  2.500000e-02 -2.165064e-03
      vertex   1.056546e-03  0.000000e+00 -2.265770e-03
    endloop
  endfacet
  facet normal  4.617495e-01  0.000000e+00 -8.870104e-01
    outer loop
      vertex   1.056546e-03  0.000000e+00 -2.265770e-03
      vertex   1.250000e-03  2.500000e-02 -2.165064e-03
      vertex   1.250000e-03  0.000000e+00 -2.165064e-03
    endloop
  endfacet
  facet normal  5.373015e-01  0.000000e+00 -8.433903e-01
    outer loop
      vertex   1.250000e-03  2.500000e-02 -2.165064e-03
      vertex   1.433941e-03  2.500000e-02 -2.047880e-03
      vertex   1.250000e-03  0.000000e+00 -2.165064e-03
    endloop
  endfacet
  facet normal  5.373015e-01  0.000000e+00 -8.433903e-01
    outer loop
      vertex   1.250000e-03  0.000000e+00 -2.165064e-03
      vertex   1.433941e-03  2.500000e-02 -2.047880e-03
      vertex   1.433941e-03  0.000000e+00 -2.047880e-03
    endloop
  endfacet
  facet normal  6.087614e-01  0.000000e+00 -7.933534e-01
    outer loop
      vertex   1.433941e-03  2.500000e-02 -2.047880e-03
      vertex   1.606969e-03  2.500000e-02 -1.915111e-03
      vertex   1.433941e-03  0.000000e+00 -2.047880e-03
    endloop
  endfacet
  facet normal  6.087614e-01  0.000000e+00 -7.933534e-01
    outer loop
      vertex   1.433941e-03  0.000000e+00 -2.047880e-03
      vertex   1.606969e-03  2.500000e-02 -1.915111e-03
      vertex   1.606969e-03  0.000000e+00 -1.915111e-03
    endloop
  endfacet
  facet normal  6.755896e-01  0.000000e+00 -7.372779e-01
    outer loop
      vertex   1.606969e-03  2.500000e-02 -1.915111e-03
      vertex   1.767767e-03  2.500000e-02 -1.767767e-03
      vertex   1.606969e-03  0.000000e+00 -1.915111e-03
    endloop
  endfacet
  facet normal  6.755896e-01  0.000000e+00 -7.372779e-01
    outer loop
      vertex   1.606969e-03  0.000000e+00 -1.915111e-03
      vertex   1.767767e-03  2.500000e-02 -1.767767e-03
      vertex   1.767767e-03  0.000000e+00 -1.767767e-03
    endloop
  endfacet
  facet normal  7.372779e-01  0.000000e+00 -6.755896e-01
    outer loop
      vertex   1.767767e-03  2.500000e-02 -1.767767e-03
      vertex   1.915111e-03  2.500000e-02 -1.606969e-03
      vertex   1.767767e-03  0.000000e+00 -1.767767e-03
    endloop
  endfacet
  facet normal  7.372779e-01  0.000000e+00 -6.755896e-01
    outer loop
      vertex   1.767767e-03  0.000000e+00 -1.767767e-03
      vertex   1.915111e-03  2.500000e-02 -1.606969e-03
      vertex   1.915111e-03  0.000000e+00 -1.606969e-03
    endloop
  endfacet
  facet normal  7.933534e-01  0.000000e+00 -6.087614e-01
    outer loop
      vertex   1.915111e-03  2.500000e-02 -1.606969e-03
      vertex   2.047880e-03  2.500000e-02 -1.433941e-03
      vertex   1.915111e-03  0.000000e+00 -1.606969e-03
    endloop
  endfacet
  facet normal  7.933534e-01  0.000000e+00 -6.087614e-01
    outer loop
      vertex   1.915111e-03  0.000000e+00 -1.606969e-03
      vertex   2.047880e-03  2.500000e-02 -1.433941e-03
      vertex   2.047880e-03  0.000000e+00 -1.433941e-03
    endloop
  endfacet
  facet normal  8.433903e-01  0.000000e+00 -5.373015e-01
    outer loop
      vertex   2.047880e-03  2.500000e-02 -1.433941e-03
      vertex   2.165064e-03  2.500000e-02 -1.250000e-03
      vertex   2.047880e-03  0.000000e+00 -1.433941e-03
    endloop
  endfacet
  facet normal  8.433903e-01  0.000000e+00 -5.373015e-01
    outer loop
      vertex   2.047880e-03  0.000000e+00 -1.433941e-03
      vertex   2.165064e-03  2.500000e-02 -1.250000e-03
      vertex   2.165064e-03  0.000000e+00 -1.250000e-03
    endloop
  endfacet
  facet normal  8.870104e-01  0.000000e+00 -4.617495e-01
    outer loop
      vertex   2.165064e-03  2.500000e-02 -1.250000e-03
      vertex   2.265770e-03  2.500000e-02 -1.056546e-03
      vertex   2.165064e-03  0.000000e+00 -1.250000e-03
    endloop
  endfacet
  facet normal  8.870104e-01  0.000000e+00 -4.617495e-01
    outer loop
      vertex   2.165064e-03  0.000000e+00 -1.250000e-03
      vertex   2.265770e-03  2.500000e-02 -1.056546e-03
      vertex   2.265770e-03  0.000000e+00 -1.056546e-03
    endloop
  endfacet
  facet normal  9.238798e-01  0.000000e+00 -3.826828e-01
    outer loop
      vertex   2.265770e-03  2.500000e-02 -1.056546e-03
      vertex   2.349232e-03  2.500000e-02 -8.550503e-04
      vertex   2.265770e-03  0.000000e+00 -1.056546e-03
    endloop
  endfacet
  facet normal  9.238798e-01  0.000000e+00 -3.826828e-01
    outer loop
      vertex   2.265770e-03  0.000000e+00 -1.056546e-03
      vertex   2.349232e-03  2.500000e-02 -8.550503e-04
      vertex   2.349232e-03  0.000000e+00 -8.550503e-04
    endloop
  endfacet
  facet normal  9.537172e-01  0.000000e+00 -3.007050e-01
    outer loop
      vertex   2.349232e-03  2.500000e-02 -8.550503e-04
      vertex   2.414815e-03  2.500000e-02 -6.470476e-04
      vertex   2.349232e-03  0.000000e+00 -8.550503e-04
    endloop
  endfacet
  facet normal  9.537172e-01  0.000000e+00 -3.007050e-01
    outer loop
      vertex   2.349232e-03  0.000000e+00 -8.550503e-04
      vertex   2.414815e-03  2.500000e-02 -6.470476e-04
      vertex   2.414815e-03  0.000000e+00 -6.470476e-04
    endloop
  endfacet
  facet normal  9.762967e-01  0.000000e+00 -2.164364e-01
    outer loop
      vertex   2.414815e-03  2.500000e-02 -6.470476e-04
      vertex   2.462019e-03  2.500000e-02 -4.341204e-04
      vertex   2.414815e-03  0.000000e+00 -6.470476e-04
    endloop
  endfacet
  facet normal  9.762967e-01  0.000000e+00 -2.164364e-01
    outer loop
      vertex   2.414815e-03  0.000000e+00 -6.470476e-04
      vertex   2.462019e-03  2.500000e-02 -4.341204e-04
      vertex   2.462019e-03  0.000000e+00 -4.341204e-04
    endloop
  endfacet
  facet normal  9.914445e-01  0.000000e+00 -1.305290e-01
    outer loop
      vertex   2.462019e-03  2.500000e-02 -4.341204e-04
      vertex   2.490487e-03  2.500000e-02 -2.178894e-04
      vertex   2.462019e-03  0.000000e+00 -4.341204e-04
    endloop
  endfacet
  facet normal  9.914445e-01  0.000000e+00 -1.305290e-01
    outer loop
      vertex   2.462019e-03  0.000000e+00 -4.341204e-04
      vertex   2.490487e-03  2.500000e-02 -2.178894e-04
      vertex   2.490487e-03  0.000000e+00 -2.178894e-04
    endloop
  endfacet
  facet normal  9.990483e-01  0.000000e+00 -4.361819e-02
    outer loop
      vertex   2.490487e-03  2.500000e-02 -2.178894e-04
      vertex   2.500000e-03  2.500000e-02 -5.551115e-19
      vertex   2.490487e-03  0.000000e+00 -2.178894e-04
    endloop
  endfacet
  facet normal  9.990483e-01 -3.556600e-20 -4.361819e-02
    outer loop
      vertex   2.490487e-03  0.000000e+00 -2.178894e-04
      vertex   2.500000e-03  2.500000e-02 -5.551115e-19
      vertex   2.500000e-03  0.000000e+00 -5.551115e-19
    endloop
  endfacet
  facet normal  9.990483e-01  0.000000e+00  4.361819e-02
    outer loop
      vertex   2.500000e-03  2.500000e-02 -5.551115e-19
      vertex   2.490487e-03  2.500000e-02  2.178894e-04
      vertex   2.500000e-03  0.000000e+00 -5.551115e-19
    endloop
  endfacet
  facet normal  9.990483e-01 -3.556600e-20  4.361819e-02
    outer loop
      vertex   2.500000e-03  0.000000e+00 -5.551115e-19
      vertex   2.490487e-03  2.500000e-02  2.178894e-04
      vertex   2.490487e-03  0.000000e+00  2.178894e-04
    endloop
  endfacet
  facet normal  9.914445e-01  0.000000e+00  1.305290e-01
    outer loop
      vertex   2.490487e-03  2.500000e-02  2.178894e-04
      vertex   2.462019e-03  2.500000e-02  4.341204e-04
      vertex   2.490487e-03  0.000000e+00  2.178894e-04
    endloop
  endfacet
  facet normal  9.914445e-01  0.000000e+00  1.305290e-01
    outer loop
      vertex   2.490487e-03  0.000000e+00  2.178894e-04
      vertex   2.462019e-03  2.500000e-02  4.341204e-04
      vertex   2.462019e-03  0.000000e+00  4.341204e-04
    endloop
  endfacet
  facet normal  9.762967e-01  0.000000e+00  2.164364e-01
    outer loop
      vertex   2.462019e-03  2.500000e-02  4.341204e-04
      vertex   2.414815e-03  2.500000e-02  6.470476e-04
      vertex   2.462019e-03  0.000000e+00  4.341204e-04
    endloop
  endfacet
  facet normal  9.762967e-01  0.000000e+00  2.164364e-01
    outer loop
      vertex   2.462019e-03  0.000000e+00  4.341204e-04
      vertex   2.414815e-03  2.500000e-02  6.470476e-04
      vertex   2.414815e-03  0.000000e+00  6.470476e-04
    endloop
  endfacet
  facet normal  9.537172e-01  0.000000e+00  3.007050e-01
    outer loop
      vertex   2.414815e-03  2.500000e-02  6.470476e-04
      vertex   2.349232e-03  2.500000e-02  8.550503e-04
      vertex   2.414815e-03  0.000000e+00  6.470476e-04
    endloop
  endfacet
  facet normal  9.537172e-01  0.000000e+00  3.007050e-01
    outer loop
      vertex   2.414815e-03  0.000000e+00  6.470476e-04
      vertex   2.349232e-03  2.500000e-02  8.550503e-04
      vertex   2.349232e-03  0.000000e+00  8.550503e-04
    endloop
  endfacet
  facet normal  9.238798e-01  0.000000e+00  3.826828e-01
    outer loop
      vertex   2.349232e-03  2.500000e-02  8.550503e-04
      vertex   2.265770e-03  2.500000e-02  1.056546e-03
      vertex   2.349232e-03  0.000000e+00  8.550503e-04
    endloop
  endfacet
  facet normal  9.238798e-01  0.000000e+00  3.826828e-01
    outer loop
      vertex   2.349232e-03  0.000000e+00  8.550503e-04
      vertex   2.265770e-03  2.500000e-02  1.056546e-03
      vertex   2.265770e-03  0.000000e+00  1.056546e-03
    endloop
  endfacet
  facet normal  8.870104e-01  0.000000e+00  4.617495e-01
    outer loop
      vertex   2.265770e-03  2.500000e-02  1.056546e-03
      vertex   2.165064e-03  2.500000e-02  1.250000e-03
      vertex   2.265770e-03  0.000000e+00  1.056546e-03
    endloop
  endfacet
  facet normal  8.870104e-01  0.000000e+00  4.617495e-01
    outer loop
      vertex   2.265770e-03  0.000000e+00  1.056546e-03
      vertex   2.165064e-03  2.500000e-02  1.250000e-03
      vertex   2.165064e-03  0.000000e+00  1.250000e-03
    endloop
  endfacet
  facet normal  8.433903e-01  0.000000e+00  5.373015e-01
    outer loop
      vertex   2.165064e-03  2.500000e-02  1.250000e-03
      vertex   2.047880e-03  2.500000e-02  1.433941e-03
      vertex   2.165064e-03  0.000000e+00  1.250000e-03
    endloop
  endfacet
  facet normal  8.433903e-01  0.000000e+00  5.373015e-01
    outer loop
      vertex   2.165064e-03  0.000000e+00  1.250000e-03
      vertex   2.047880e-03  2.500000e-02  1.433941e-03
      vertex   2.047880e-03  0.000000e+00  1.433941e-03
    endloop
  endfacet
  facet normal  7.933534e-01  0.000000e+00  6.087614e-01
    outer loop
      vertex   2.047880e-03  2.500000e-02  1.433941e-03
      vertex   1.915111e-03  2.500000e-02  1.606969e-03
      vertex   2.047880e-03  0.000000e+00  1.433941e-03
    endloop
  endfacet
  facet normal  7.933534e-01  0.000000e+00  6.087614e-01
    outer loop
      vertex   2.047880e-03  0.000000e+00  1.433941e-03
      vertex   1.915111e-03  2.500000e-02  1.606969e-03
      vertex   1.915111e-03  0.000000e+00  1.606969e-03
    endloop
  endfacet
  facet normal  7.372779e-01  0.000000e+00  6.755896e-01
    outer loop
      vertex   1.915111e-03  2.500000e-02  1.606969e-03
      vertex   1.767767e-03  2.500000e-02  1.767767e-03
      vertex   1.915111e-03  0.000000e+00  1.606969e-03
    endloop
  endfacet
  facet normal  7.372779e-01  0.000000e+00  6.755896e-01
    outer loop
      vertex   1.915111e-03  0.000000e+00  1.606969e-03
      vertex   1.767767e-03  2.500000e-02  1.767767e-03
      vertex   1.767767e-03  0.000000e+00  1.767767e-03
    endloop
  endfacet
  facet normal  6.755896e-01  0.000000e+00  7.372779e-01
    outer loop
      vertex   1.767767e-03  2.500000e-02  1.767767e-03
      vertex   1.606969e-03  2.500000e-02  1.915111e-03
      vertex   1.767767e-03  0.000000e+00  1.767767e-03
    endloop
  endfacet
  facet normal  6.755896e-01  0.000000e+00  7.372779e-01
    outer loop
      vertex   1.767767e-03  0.000000e+00  1.767767e-03
      vertex   1.606969e-03  2.500000e-02  1.915111e-03
      vertex   1.606969e-03  0.000000e+00  1.915111e-03
    endloop
  endfacet
  facet normal  6.087614e-01  0.000000e+00  7.933534e-01
    outer loop
      vertex   1.606969e-03  2.500000e-02  1.915111e-03
      vertex   1.433941e-03  2.500000e-02  2.047880e-03
      vertex   1.606969e-03  0.000000e+00  1.915111e-03
    endloop
  endfacet
  facet normal  6.087614e-01  0.000000e+00  7.933534e-01
    outer loop
      vertex   1.606969e-03  0.000000e+00  1.915111e-03
      vertex   1.433941e-03  2.500000e-02  2.047880e-03
      vertex   1.433941e-03  0.000000e+00  2.047880e-03
    endloop
  endfacet
  facet normal  5.373015e-01  0.000000e+00  8.433903e-01
    outer loop
      vertex   1.433941e-03  2.500000e-02  2.047880e-03
      vertex   1.250000e-03  2.500000e-02  2.165064e-03
      vertex   1.433941e-03  0.000000e+00  2.047880e-03
    endloop
  endfacet
  facet normal  5.373015e-01  0.000000e+00  8.433903e-01
    outer loop
      vertex   1.433941e-03  0.000000e+00  2.047880e-03
      vertex   1.250000e-03  2.500000e-02  2.165064e-03
      vertex   1.250000e-03  0.000000e+00  2.165064e-03
    endloop
  endfacet
  facet normal  4.617495e-01  0.000000e+00  8.870104e-01
    outer loop
      vertex   1.250000e-03  2.500000e-02  2.165064e-03
      vertex   1.056546e-03  2.500000e-02  2.265770e-03
      vertex   1.250000e-03  0.000000e+00  2.165064e-03
    endloop
  endfacet
  facet normal  4.617495e-01  0.000000e+00  8.870104e-01
    outer loop
      vertex   1.250000e-03  0.000000e+00  2.165064e-03
      vertex   1.056546e-03  2.500000e-02  2.265770e-03
      vertex   1.056546e-03  0.000000e+00  2.265770e-03
    endloop
  endfacet
  facet normal  3.826828e-01  0.000000e+00  9.238798e-01
    outer loop
      vertex   1.056546e-03  2.500000e-02  2.265770e-03
      vertex   8.550503e-04  2.500000e-02  2.349232e-03
      vertex   1.056546e-03  0.000000e+00  2.265770e-03
    endloop
  endfacet
  facet normal  3.826828e-01  0.000000e+00  9.238798e-01
    outer loop
      vertex   1.056546e-03  0.000000e+00  2.265770e-03
      vertex   8.550503e-04  2.500000e-02  2.349232e-03
      vertex   8.550503e-04  0.000000e+00  2.349232e-03
    endloop
  endfacet
  facet normal  3.007050e-01  0.000000e+00  9.537172e-01
    outer loop
      vertex   8.550503e-04  2.500000e-02  2.349232e-03
      vertex   6.470476e-04  2.500000e-02  2.414815e-03
      vertex   8.550503e-04  0.000000e+00  2.349232e-03
    endloop
  endfacet
  facet normal  3.007050e-01  0.000000e+00  9.537172e-01
    outer loop
      vertex   8.550503e-04  0.000000e+00  2.349232e-03
      vertex   6.470476e-04  2.500000e-02  2.414815e-03
      vertex   6.470476e-04  0.000000e+00  2.414815e-03
    endloop
  endfacet
  facet normal  2.164364e-01  0.000000e+00  9.762967e-01
    outer loop
      vertex   6.470476e-04  2.500000e-02  2.414815e-03
      vertex   4.341204e-04  2.500000e-02  2.462019e-03
      vertex   6.470476e-04  0.000000e+00  2.414815e-03
    endloop
  endfacet
  facet normal  2.164364e-01  0.000000e+00  9.762967e-01
    outer loop
      vertex   6.470476e-04  0.000000e+00  2.414815e-03
      vertex   4.341204e-04  2.500000e-02  2.462019e-03
      vertex   4.341204e-04  0.000000e+00  2.462019e-03
    endloop
  endfacet
  facet normal  1.305290e-01  0.000000e+00  9.914445e-01
    outer loop
      vertex   4.341204e-04  2.500000e-02  2.462019e-03
      vertex   2.178894e-04  2.500000e-02  2.490487e-03
      vertex   4.341204e-04  0.000000e+00  2.462019e-03
    endloop
  endfacet
  facet normal  1.305290e-01  0.000000e+00  9.914445e-01
    outer loop
      vertex   4.341204e-04  0.000000e+00  2.462019e-03
      vertex   2.178894e-04  2.500000e-02  2.490487e-03
      vertex   2.178894e-04  0.000000e+00  2.490487e-03
    endloop
  endfacet
  facet normal  4.361819e-02  0.000000e+00  9.990483e-01
    outer loop
      vertex   2.178894e-04  2.500000e-02  2.490487e-03
      vertex   1.416385e-18  2.500000e-02  2.500000e-03
      vertex   2.178894e-04  0.000000e+00  2.490487e-03
    endloop
  endfacet
  facet normal  4.361819e-02  3.178810e-20  9.990483e-01
    outer loop
      vertex   2.178894e-04  0.000000e+00  2.490487e-03
      vertex   1.416385e-18  2.500000e-02  2.500000e-03
      vertex   1.416385e-18  0.000000e+00  2.500000e-03
    endloop
  endfacet
  facet normal -4.361819e-02  0.000000e+00  9.990483e-01
    outer loop
      vertex   1.416385e-18  2.500000e-02  2.500000e-03
      vertex  -2.178894e-04  2.500000e-02  2.490487e-03
      vertex   1.416385e-18  0.000000e+00  2.500000e-03
    endloop
  endfacet
  facet normal -4.361819e-02  3.178810e-20  9.990483e-01
    outer loop
      vertex   1.416385e-18  0.000000e+00  2.500000e-03
      vertex  -2.178894e-04  2.500000e-02  2.490487e-03
      vertex  -2.178894e-04  0.000000e+00  2.490487e-03
    endloop
  endfacet
  facet normal -1.305290e-01  0.000000e+00  9.914445e-01
    outer loop
      vertex  -2.178894e-04  2.500000e-02  2.490487e-03
      vertex  -4.341204e-04  2.500000e-02  2.462019e-03
      vertex  -2.178894e-04  0.000000e+00  2.490487e-03
    endloop
  endfacet
  facet normal -1.305290e-01  0.000000e+00  9.914445e-01
    outer loop
      vertex  -2.178894e-04  0.000000e+00  2.490487e-03
      vertex  -4.341204e-04  2.500000e-02  2.462019e-03
      vertex  -4.341204e-04  0.000000e+00  2.462019e-03
    endloop
  endfacet
  facet normal -2.164364e-01  0.000000e+00  9.762967e-01
    outer loop
      vertex  -4.341204e-04  2.500000e-02  2.462019e-03
      vertex  -6.470476e-04  2.500000e-02  2.414815e-03
      vertex  -4.341204e-04  0.000000e+00  2.462019e-03
    endloop
  endfacet
  facet normal -2.164364e-01  0.000000e+00  9.762967e-01
    outer loop
      vertex  -4.341204e-04  0.000000e+00  2.462019e-03
      vertex  -6.470476e-04  2.500000e-02  2.414815e-03
      vertex  -6.470476e-04  0.000000e+00  2.414815e-03
    endloop
  endfacet
  facet normal -3.007050e-01  0.000000e+00  9.537172e-01
    outer loop
      vertex  -6.470476e-04  2.500000e-02  2.414815e-03
      vertex  -8.550503e-04  2.500000e-02  2.349232e-03
      vertex  -6.470476e-04  0.000000e+00  2.414815e-03
    endloop
  endfacet
  facet normal -3.007050e-01  0.000000e+00  9.537172e-01
    outer loop
      vertex  -6.470476e-04  0.000000e+00  2.414815e-03
      vertex  -8.550503e-04  2.500000e-02  2.349232e-03
      vertex  -8.550503e-04  0.000000e+00  2.349232e-03
    endloop
  endfacet
  facet normal -3.826828e-01  0.000000e+00  9.238798e-01
    outer loop
      vertex  -8.550503e-04  2.500000e-02  2.349232e-03
      vertex  -1.056546e-03  2.500000e-02  2.265770e-03
      vertex  -8.550503e-04  0.000000e+00  2.349232e-03
    endloop
  endfacet
  facet normal -3.826828e-01  0.000000e+00  9.238798e-01
    outer loop
      vertex  -8.550503e-04  0.000000e+00  2.349232e-03
      vertex  -1.056546e-03  2.500000e-02  2.265770e-03
      vertex  -1.056546e-03  0.000000e+00  2.265770e-03
    endloop
  endfacet
  facet normal -4.617495e-01  0.000000e+00  8.870104e-01
    outer loop
      vertex  -1.056546e-03  2.500000e-02  2.265770e-03
      vertex  -1.250000e-03  2.500000e-02  2.165064e-03
      vertex  -1.056546e-03  0.000000e+00  2.265770e-03
    endloop
  endfacet
  facet normal -4.617495e-01  0.000000e+00  8.870104e-01
    outer loop
      vertex  -1.056546e-03  0.000000e+00  2.265770e-03
      vertex  -1.250000e-03  2.500000e-02  2.165064e-03
      vertex  -1.250000e-03  0.000000e+00  2.165064e-03
    endloop
  endfacet
  facet normal -5.373015e-01  0.000000e+00  8.433903e-01
    outer loop
      vertex  -1.250000e-03  2.500000e-02  2.165064e-03
      vertex  -1.433941e-03  2.500000e-02  2.047880e-03
      vertex  -1.250000e-03  0.000000e+00  2.165064e-03
    endloop
  endfacet
  facet normal -5.373015e-01  0.000000e+00  8.433903e-01
    outer loop
      vertex  -1.250000e-03  0.000000e+00  2.165064e-03
      vertex  -1.433941e-03  2.500000e-02  2.047880e-03
      vertex  -1.433941e-03  0.000000e+00  2.047880e-03
    endloop
  endfacet
  facet normal -6.087614e-01  0.000000e+00  7.933534e-01
    outer loop
      vertex  -1.433941e-03  2.500000e-02  2.047880e-03
      vertex  -1.606969e-03  2.500000e-02  1.915111e-03
      vertex  -1.433941e-03  0.000000e+00  2.047880e-03
    endloop
  endfacet
  facet normal -6.087614e-01  0.000000e+00  7.933534e-01
    outer loop
      vertex  -1.433941e-03  0.000000e+00  2.047880e-03
      vertex  -1.606969e-03  2.500000e-02  1.915111e-03
      vertex  -1.606969e-03  0.000000e+00  1.915111e-03
    endloop
  endfacet
  facet normal -6.755896e-01  0.000000e+00  7.372779e-01
    outer loop
      vertex  -1.606969e-03  2.500000e-02  1.915111e-03
      vertex  -1.767767e-03  2.500000e-02  1.767767e-03
      vertex  -1.606969e-03  0.000000e+00  1.915111e-03
    endloop
  endfacet
  facet normal -6.755896e-01  0.000000e+00  7.372779e-01
    outer loop
      vertex  -1.606969e-03  0.000000e+00  1.915111e-03
      vertex  -1.767767e-03  2.500000e-02  1.767767e-03
      vertex  -1.767767e-03  0.000000e+00  1.767767e-03
    endloop
  endfacet
  facet normal -7.372779e-01  0.000000e+00  6.755896e-01
    outer loop
      vertex  -1.767767e-03  2.500000e-02  1.767767e-03
      vertex  -1.915111e-03  2.500000e-02  1.606969e-03
      vertex  -1.767767e-03  0.000000e+00  1.767767e-03
    endloop
  endfacet
  facet normal -7.372779e-01  0.000000e+00  6.755896e-01
    outer loop
      vertex  -1.767767e-03  0.000000e+00  1.767767e-03
      vertex  -1.915111e-03  2.500000e-02  1.606969e-03
      vertex  -1.915111e-03  0.000000e+00  1.606969e-03
    endloop
  endfacet
  facet normal -7.933534e-01  0.000000e+00  6.087614e-01
    outer loop
      vertex  -1.915111e-03  2.500000e-02  1.606969e-03
      vertex  -2.047880e-03  2.500000e-02  1.433941e-03
      vertex  -1.915111e-03  0.000000e+00  1.606969e-03
    endloop
  endfacet
  facet normal -7.933534e-01  0.000000e+00  6.087614e-01
    outer loop
      vertex  -1.915111e-03  0.000000e+00  1.606969e-03
      vertex  -2.047880e-03  2.500000e-02  1.433941e-03
      vertex  -2.047880e-03  0.000000e+00  1.433941e-03
    endloop
  endfacet
  facet normal -8.433903e-01  0.000000e+00  5.373015e-01
    outer loop
      vertex  -2.047880e-03  2.500000e-02  1.433941e-03
      vertex  -2.165064e-03  2.500000e-02  1.250000e-03
      vertex  -2.047880e-03  0.000000e+00  1.433941e-03
    endloop
  endfacet
  facet normal -8.433903e-01  0.000000e+00  5.373015e-01
    outer loop
      vertex  -2.047880e-03  0.000000e+00  1.433941e-03
      vertex  -2.165064e-03  2.500000e-02  1.250000e-03
      vertex  -2.165064e-03  0.000000e+00  1.250000e-03
    endloop
  endfacet
  facet normal -8.870104e-01  0.000000e+00  4.617495e-01
    outer loop
      vertex  -2.165064e-03  2.500000e-02  1.250000e-03
      vertex  -2.265770e-03  2.500000e-02  1.056546e-03
      vertex  -2.165064e-03  0.000000e+00  1.250000e-03
    endloop
  endfacet
  facet normal -8.870104e-01  0.000000e+00  4.617495e-01
    outer loop
      vertex  -2.165064e-03  0.000000e+00  1.250000e-03
      vertex  -2.265770e-03  2.500000e-02  1.056546e-03
      vertex  -2.265770e-03  0.000000e+00  1.056546e-03
    endloop
  endfacet
  facet normal -9.238798e-01  0.000000e+00  3.826828e-01
    outer loop
      vertex  -2.265770e-03  2.500000e-02  1.056546e-03
      vertex  -2.349232e-03  2.500000e-02  8.550503e-04
      vertex  -2.265770e-03  0.000000e+00  1.056546e-03
    endloop
  endfacet
  facet normal -9.238798e-01  0.000000e+00  3.826828e-01
    outer loop
      vertex  -2.265770e-03  0.000000e+00  1.056546e-03
      vertex  -2.349232e-03  2.500000e-02  8.550503e-04
      vertex  -2.349232e-03  0.000000e+00  8.550503e-04
    endloop
  endfacet
  facet normal -9.537172e-01  0.000000e+00  3.007050e-01
    outer loop
      vertex  -2.349232e-03  2.500000e-02  8.550503e-04
      vertex  -2.414815e-03  2.500000e-02  6.470476e-04
      vertex  -2.349232e-03  0.000000e+00  8.550503e-04
    endloop
  endfacet
  facet normal -9.537172e-01  0.000000e+00  3.007050e-01
    outer loop
      vertex  -2.349232e-03  0.000000e+00  8.550503e-04
      vertex  -2.414815e-03  2.500000e-02  6.470476e-04
      vertex  -2.414815e-03  0.000000e+00  6.470476e-04
    endloop
  endfacet
  facet normal -9.762967e-01  0.000000e+00  2.164364e-01
    outer loop
      vertex  -2.414815e-03  2.500000e-02  6.470476e-04
      vertex  -2.462019e-03  2.500000e-02  4.341204e-04
      vertex  -2.414815e-03  0.000000e+00  6.470476e-04
    endloop
  endfacet
  facet normal -9.762967e-01  0.000000e+00  2.164364e-01
    outer loop
      vertex  -2.414815e-03  0.000000e+00  6.470476e-04
      vertex  -2.462019e-03  2.500000e-02  4.341204e-04
      vertex  -2.462019e-03  0.000000e+00  4.341204e-04
    endloop
  endfacet
  facet normal -9.914445e-01  0.000000e+00  1.305290e-01
    outer loop
      vertex  -2.462019e-03  2.500000e-02  4.341204e-04
      vertex  -2.490487e-03  2.500000e-02  2.178894e-04
      vertex  -2.462019e-03  0.000000e+00  4.341204e-04
    endloop
  endfacet
  facet normal -9.914445e-01  0.000000e+00  1.305290e-01
    outer loop
      vertex  -2.462019e-03  0.000000e+00  4.341204e-04
      vertex  -2.490487e-03  2.500000e-02  2.178894e-04
      vertex  -2.490487e-03  0.000000e+00  2.178894e-04
    endloop
  endfacet
  facet normal -9.990483e-01  0.000000e+00  4.361819e-02
    outer loop
      vertex  -2.490487e-03  2.500000e-02  2.178894e-04
      vertex  -2.500000e-03  2.500000e-02  2.832770e-18
      vertex  -2.490487e-03  0.000000e+00  2.178894e-04
    endloop
  endfacet
  facet normal -9.990483e-01 -3.501274e-20  4.361819e-02
    outer loop
      vertex  -2.490487e-03  0.000000e+00  2.178894e-04
      vertex  -2.500000e-03  2.500000e-02  2.832770e-18
      vertex  -2.500000e-03  0.000000e+00  2.832770e-18
    endloop
  endfacet
  facet normal -9.990483e-01 -0.000000e+00 -4.361819e-02
    outer loop
      vertex  -2.500000e-03  2.500000e-02  2.832770e-18
      vertex  -2.490487e-03  2.500000e-02 -2.178894e-04
      vertex  -2.500000e-03  0.000000e+00  2.832770e-18
    endloop
  endfacet
  facet normal -9.990483e-01 -3.501274e-20 -4.361819e-02
    outer loop
      vertex  -2.500000e-03  0.000000e+00  2.832770e-18
      vertex  -2.490487e-03  2.500000e-02 -2.178894e-04
      vertex  -2.490487e-03  0.000000e+00 -2.178894e-04
    endloop
  endfacet
  facet normal -9.914445e-01 -0.000000e+00 -1.305290e-01
    outer loop
      vertex  -2.490487e-03  2.500000e-02 -2.178894e-04
      vertex  -2.462019e-03  2.500000e-02 -4.341204e-04
      vertex  -2.490487e-03  0.000000e+00 -2.178894e-04
    endloop
  endfacet
  facet normal -9.914445e-01  0.000000e+00 -1.305290e-01
    outer loop
      vertex  -2.490487e-03  0.000000e+00 -2.178894e-04
      vertex  -2.462019e-03  2.500000e-02 -4.341204e-04
      vertex  -2.462019e-03  0.000000e+00 -4.341204e-04
    endloop
  endfacet
  facet normal -9.762967e-01 -0.000000e+00 -2.164364e-01
    outer loop
      vertex  -2.462019e-03  2.500000e-02 -4.341204e-04
      vertex  -2.414815e-03  2.500000e-02 -6.470476e-04
      vertex  -2.462019e-03  0.000000e+00 -4.341204e-04
    endloop
  endfacet
  facet normal -9.762967e-01  0.000000e+00 -2.164364e-01
    outer loop
      vertex  -2.462019e-03  0.000000e+00 -4.341204e-04
      vertex  -2.414815e-03  2.500000e-02 -6.470476e-04
      vertex  -2.414815e-03  0.000000e+00 -6.470476e-04
    endloop
  endfacet
  facet normal -9.537172e-01 -0.000000e+00 -3.007050e-01
    outer loop
      vertex  -2.414815e-03  2.500000e-02 -6.470476e-04
      vertex  -2.349232e-03  2.500000e-02 -8.550503e-04
      vertex  -2.414815e-03  0.000000e+00 -6.470476e-04
    endloop
  endfacet
  facet normal -9.537172e-01  0.000000e+00 -3.007050e-01
    outer loop
      vertex  -2.414815e-03  0.000000e+00 -6.470476e-04
      vertex  -2.349232e-03  2.500000e-02 -8.550503e-04
      vertex  -2.349232e-03  0.000000e+00 -8.550503e-04
    endloop
  endfacet
  facet normal -9.238798e-01 -0.000000e+00 -3.826828e-01
    outer loop
      vertex  -2.349232e-03  2.500000e-02 -8.550503e-04
      vertex  -2.265770e-03  2.500000e-02 -1.056546e-03
      vertex  -2.349232e-03  0.000000e+00 -8.550503e-04
    endloop
  endfacet
  facet normal -9.238798e-01  0.000000e+00 -3.826828e-01
    outer loop
      vertex  -2.349232e-03  0.000000e+00 -8.550503e-04
      vertex  -2.265770e-03  2.500000e-02 -1.056546e-03
      vertex  -2.265770e-03  0.000000e+00 -1.056546e-03
    endloop
  endfacet
  facet normal -8.870104e-01 -0.000000e+00 -4.617495e-01
    outer loop
      vertex  -2.265770e-03  2.500000e-02 -1.056546e-03
      vertex  -2.165064e-03  2.500000e-02 -1.250000e-03
      vertex  -2.265770e-03  0.000000e+00 -1.056546e-03
    endloop
  endfacet
  facet normal -8.870104e-01  0.000000e+00 -4.617495e-01
    outer loop
      vertex  -2.265770e-03  0.000000e+00 -1.056546e-03
      vertex  -2.165064e-03  2.500000e-02 -1.250000e-03
      vertex  -2.165064e-03  0.000000e+00 -1.250000e-03
    endloop
  endfacet
  facet normal -8.433903e-01 -0.000000e+00 -5.373015e-01
    outer loop
      vertex  -2.165064e-03  2.500000e-02 -1.250000e-03
      vertex  -2.047880e-03  2.500000e-02 -1.433941e-03
      vertex  -2.165064e-03  0.000000e+00 -1.250000e-03
    endloop
  endfacet
  facet normal -8.433903e-01  0.000000e+00 -5.373015e-01
    outer loop
      vertex  -2.165064e-03  0.000000e+00 -1.250000e-03
      vertex  -2.047880e-03  2.500000e-02 -1.433941e-03
      vertex  -2.047880e-03  0.000000e+00 -1.433941e-03
    endloop
  endfacet
  facet normal -7.933534e-01 -0.000000e+00 -6.087614e-01
    outer loop
      vertex  -2.047880e-03  2.500000e-02 -1.433941e-03
      vertex  -1.915111e-03  2.500000e-02 -1.606969e-03
      vertex  -2.047880e-03  0.000000e+00 -1.433941e-03
    endloop
  endfacet
  facet normal -7.933534e-01  0.000000e+00 -6.087614e-01
    outer loop
      vertex  -2.047880e-03  0.000000e+00 -1.433941e-03
      vertex  -1.915111e-03  2.500000e-02 -1.606969e-03
      vertex  -1.915111e-03  0.000000e+00 -1.606969e-03
    endloop
  endfacet
  facet normal -7.372779e-01 -0.000000e+00 -6.755896e-01
    outer loop
      vertex  -1.915111e-03  2.500000e-02 -1.606969e-03
      vertex  -1.767767e-03  2.500000e-02 -1.767767e-03
      vertex  -1.915111e-03  0.000000e+00 -1.606969e-03
    endloop
  endfacet
  facet normal -7.372779e-01  0.000000e+00 -6.755896e-01
    outer loop
      vertex  -1.915111e-03  0.000000e+00 -1.606969e-03
      vertex  -1.767767e-03  2.500000e-02 -1.767767e-03
      vertex  -1.767767e-03  0.000000e+00 -1.767767e-03
    endloop
  endfacet
  facet normal -6.755896e-01 -0.000000e+00 -7.372779e-01
    outer loop
      vertex  -1.767767e-03  2.500000e-02 -1.767767e-03
      vertex  -1.606969e-03  2.500000e-02 -1.915111e-03
      vertex  -1.767767e-03  0.000000e+00 -1.767767e-03
    endloop
  endfacet
  facet normal -6.755896e-01  0.000000e+00 -7.372779e-01
    outer loop
      vertex  -1.767767e-03  0.000000e+00 -1.767767e-03
      vertex  -1.606969e-03  2.500000e-02 -1.915111e-03
      vertex  -1.606969e-03  0.000000e+00 -1.915111e-03
    endloop
  endfacet
  facet normal -6.087614e-01 -0.000000e+00 -7.933534e-01
    outer loop
      vertex  -1.606969e-03  2.500000e-02 -1.915111e-03
      vertex  -1.433941e-03  2.500000e-02 -2.047880e-03
      vertex  -1.606969e-03  0.000000e+00 -1.915111e-03
    endloop
  endfacet
  facet normal -6.087614e-01  0.000000e+00 -7.933534e-01
    outer loop
      vertex  -1.606969e-03  0.000000e+00 -1.915111e-03
      vertex  -1.433941e-03  2.500000e-02 -2.047880e-03
      vertex  -1.433941e-03  0.000000e+00 -2.047880e-03
    endloop
  endfacet
  facet normal -5.373015e-01 -0.000000e+00 -8.433903e-01
    outer loop
      vertex  -1.433941e-03  2.500000e-02 -2.047880e-03
      vertex  -1.250000e-03  2.500000e-02 -2.165064e-03
      vertex  -1.433941e-03  0.000000e+00 -2.047880e-03
    endloop
  endfacet
  facet normal -5.373015e-01  0.000000e+00 -8.433903e-01
    outer loop
      vertex  -1.433941e-03  0.000000e+00 -2.047880e-03
      vertex  -1.250000e-03  2.500000e-02 -2.165064e-03
      vertex  -1.250000e-03  0.000000e+00 -2.165064e-03
    endloop
  endfacet
  facet normal -4.617495e-01 -0.000000e+00 -8.870104e-01
    outer loop
      vertex  -1.250000e-03  2.500000e-02 -2.165064e-03
      vertex  -1.056546e-03  2.500000e-02 -2.265770e-03
      vertex  -1.250000e-03  0.000000e+00 -2.165064e-03
    endloop
  endfacet
  facet normal -4.617495e-01  0.000000e+00 -8.870104e-01
    outer loop
      vertex  -1.250000e-03  0.000000e+00 -2.165064e-03
      vertex  -1.056546e-03  2.500000e-02 -2.265770e-03
      vertex  -1.056546e-03  0.000000e+00 -2.265770e-03
    endloop
  endfacet
  facet normal -3.826828e-01 -0.000000e+00 -9.238798e-01
    outer loop
      vertex  -1.056546e-03  2.500000e-02 -2.265770e-03
      vertex  -8.550503e-04  2.500000e-02 -2.349232e-03
      vertex  -1.056546e-03  0.000000e+00 -2.265770e-03
    endloop
  endfacet
  facet normal -3.826828e-01  0.000000e+00 -9.238798e-01
    outer loop
      vertex  -1.056546e-03  0.000000e+00 -2.265770e-03
      vertex  -8.550503e-04  2.500000e-02 -2.349232e-03
      vertex  -8.550503e-04  0.000000e+00 -2.349232e-03
    endloop
  endfacet
  facet normal -3.007050e-01 -0.000000e+00 -9.537172e-01
    outer loop
      vertex  -8.550503e-04  2.500000e-02 -2.349232e-03
      vertex  -6.470476e-04  2.500000e-02 -2.414815e-03
      vertex  -8.550503e-04  0.000000e+00 -2.349232e-03
    endloop
  endfacet
  facet normal -3.007050e-01  0.000000e+00 -9.537172e-01
    outer loop
      vertex  -8.550503e-04  0.000000e+00 -2.349232e-03
      vertex  -6.470476e-04  2.500000e-02 -2.414815e-03
      vertex  -6.470476e-04  0.000000e+00 -2.414815e-03
    endloop
  endfacet
  facet normal -2.164364e-01 -0.000000e+00 -9.762967e-01
    outer loop
      vertex  -6.470476e-04  2.500000e-02 -2.414815e-03
      vertex  -4.341204e-04  2.500000e-02 -2.462019e-03
      vertex  -6.470476e-04  0.000000e+00 -2.414815e-03
    endloop
  endfacet
  facet normal -2.164364e-01  0.000000e+00 -9.762967e-01
    outer loop
      vertex  -6.470476e-04  0.000000e+00 -2.414815e-03
      vertex  -4.341204e-04  2.500000e-02 -2.462019e-03
      vertex  -4.341204e-04  0.000000e+00 -2.462019e-03
    endloop
  endfacet
  facet normal -1.305290e-01 -0.000000e+00 -9.914445e-01
    outer loop
      vertex  -4.341204e-04  2.500000e-02 -2.462019e-03
      vertex  -2.178894e-04  2.500000e-02 -2.490487e-03
      vertex  -4.341204e-04  0.000000e+00 -2.462019e-03
    endloop
  endfacet
  facet normal -1.305290e-01  0.000000e+00 -9.914445e-01
    outer loop
      vertex  -4.341204e-04  0.000000e+00 -2.462019e-03
      vertex  -2.178894e-04  2.500000e-02 -2.490487e-03
      vertex  -2.178894e-04  0.000000e+00 -2.490487e-03
    endloop
  endfacet
  facet normal -4.361819e-02 -0.000000e+00 -9.990483e-01
    outer loop
      vertex  -2.178894e-04  2.500000e-02 -2.490487e-03
      vertex  -6.123234e-19  2.500000e-02 -2.500000e-03
      vertex  -2.178894e-04  0.000000e+00 -2.490487e-03
    endloop
  endfacet
  facet normal -4.361819e-02 -1.061961e-18 -9.990483e-01
    outer loop
      vertex  -2.178894e-04  0.000000e+00 -2.490487e-03
      vertex  -6.123234e-19  2.500000e-02 -2.500000e-03
      vertex   0.000000e+00  0.000000e+00 -2.500000e-03
    endloop
  endfacet
  facet normal  4.361819e-02  1.068337e-18 -9.990483e-01
    outer loop
      vertex  -6.123234e-19  2.500000e-02 -2.500000e-03
      vertex   2.178894e-04  2.500000e-02 -2.490487e-03
      vertex   0.000000e+00  0.000000e+00 -2.500000e-03
    endloop
  endfacet
  facet normal  0.000000e+00  1.000000e+00  0.000000e+00
    outer loop
      vertex   4.341204e-04  2.500000e-02 -2.462019e-03
      vertex   2.178894e-04  2.500000e-02 -2.490487e-03
      vertex   0.000000e+00  2.500000e-02  1.530808e-19
    endloop
  endfacet
  facet normal  0.000000e+00  1.000000e+00  0.000000e+00
    outer loop
      vertex   2.178894e-04  2.500000e-02 -2.490487e-03
      vertex  -6.123234e-19  2.500000e-02 -2.500000e-03
      vertex   0.000000e+00  2.500000e-02  1.530808e-19
    endloop
  endfacet
  facet normal  0.000000e+00  1.000000e+00  0.000000e+00
    outer loop
      vertex   0.000000e+00  2.500000e-02  1.530808e-19
      vertex  -6.123234e-19  2.500000e-02 -2.500000e-03
      vertex  -2.178894e-04  2.500000e-02 -2.490487e-03
    endloop
  endfacet
  facet normal  0.000000e+00  1.000000e+00  0.000000e+00
    outer loop
      vertex   1.056546e-03  2.500000e-02 -2.265770e-03
      vertex   8.550503e-04  2.500000e-02 -2.349232e-03
      vertex   0.000000e+00  2.500000e-02  1.530808e-19
    endloop
  endfacet
  facet normal  0.000000e+00  1.000000e+00  0.000000e+00
    outer loop
      vertex   8.550503e-04  2.500000e-02 -2.349232e-03
      vertex   6.470476e-04  2.500000e-02 -2.414815e-03
      vertex   0.000000e+00  2.500000e-02  1.530808e-19
    endloop
  endfacet
  facet normal  0.000000e+00  1.000000e+00  0.000000e+00
    outer loop
      vertex   0.000000e+00  2.500000e-02  1.530808e-19
      vertex   6.470476e-04  2.500000e-02 -2.414815e-03
      vertex   4.341204e-04  2.500000e-02 -2.462019e-03
    endloop
  endfacet
  facet normal  0.000000e+00  1.000000e+00  0.000000e+00
    outer loop
      vertex   1.606969e-03  2.500000e-02 -1.915111e-03
      vertex   1.433941e-03  2.500000e-02 -2.047880e-03
      vertex   0.000000e+00  2.500000e-02  1.530808e-19
    endloop
  endfacet
  facet normal  0.000000e+00  1.000000e+00  0.000000e+00
    outer loop
      vertex   1.433941e-03  2.500000e-02 -2.047880e-03
      vertex   1.250000e-03  2.500000e-02 -2.165064e-03
      vertex   0.000000e+00  2.500000e-02  1.530808e-19
    endloop
  endfacet
  facet normal  0.000000e+00  1.000000e+00  0.000000e+00
    outer loop
      vertex   0.000000e+00  2.500000e-02  1.530808e-19
      vertex   1.250000e-03  2.500000e-02 -2.165064e-03
      vertex   1.056546e-03  2.500000e-02 -2.265770e-03
    endloop
  endfacet
  facet normal  0.000000e+00  1.000000e+00  0.000000e+00
    outer loop
      vertex   2.047880e-03  2.500000e-02 -1.433941e-03
      vertex   1.915111e-03  2.500000e-02 -1.606969e-03
      vertex   0.000000e+00  2.500000e-02  1.530808e-19
    endloop
  endfacet
  facet normal  0.000000e+00  1.000000e+00  0.000000e+00
    outer loop
      vertex   1.915111e-03  2.500000e-02 -1.606969e-03
      vertex   1.767767e-03  2.500000e-02 -1.767767e-03
      vertex   0.000000e+00  2.500000e-02  1.530808e-19
    endloop
  endfacet
  facet normal  0.000000e+00  1.000000e+00  0.000000e+00
    outer loop
      vertex   0.000000e+00  2.500000e-02  1.530808e-19
      vertex   1.767767e-03  2.500000e-02 -1.767767e-03
      vertex   1.606969e-03  2.500000e-02 -1.915111e-03
    endloop
  endfacet
  facet normal  0.000000e+00  1.000000e+00  0.000000e+00
    outer loop
      vertex   2.349232e-03  2.500000e-02 -8.550503e-04
      vertex   2.265770e-03  2.500000e-02 -1.056546e-03
      vertex   0.000000e+00  2.500000e-02  1.530808e-19
    endloop
  endfacet
  facet normal  0.000000e+00  1.000000e+00  0.000000e+00
    outer loop
      vertex   2.265770e-03  2.500000e-02 -1.056546e-03
      vertex   2.165064e-03  2.500000e-02 -1.250000e-03
      vertex   0.000000e+00  2.500000e-02  1.530808e-19
    endloop
  endfacet
  facet normal  0.000000e+00  1.000000e+00  0.000000e+00
    outer loop
      vertex   0.000000e+00  2.500000e-02  1.530808e-19
      vertex   2.165064e-03  2.500000e-02 -1.250000e-03
      vertex   2.047880e-03  2.500000e-02 -1.433941e-03
    endloop
  endfacet
  facet normal  0.000000e+00  1.000000e+00  0.000000e+00
    outer loop
      vertex   2.490487e-03  2.500000e-02 -2.178894e-04
      vertex   2.462019e-03  2.500000e-02 -4.341204e-04
      vertex   0.000000e+00  2.500000e-02  1.530808e-19
    endloop
  endfacet
  facet normal  0.000000e+00  1.000000e+00  0.000000e+00
    outer loop
      vertex   2.462019e-03  2.500000e-02 -4.341204e-04
      vertex   2.414815e-03  2.500000e-02 -6.470476e-04
      vertex   0.000000e+00  2.500000e-02  1.530808e-19
    endloop
  endfacet
  facet normal  0.000000e+00  1.000000e+00  0.000000e+00
    outer loop
      vertex   0.000000e+00  2.500000e-02  1.530808e-19
      vertex   2.414815e-03  2.500000e-02 -6.470476e-04
      vertex   2.349232e-03  2.500000e-02 -8.550503e-04
    endloop
  endfacet
  facet normal  0.000000e+00  1.000000e+00  0.000000e+00
    outer loop
      vertex   2.462019e-03  2.500000e-02  4.341204e-04
      vertex   2.490487e-03  2.500000e-02  2.178894e-04
      vertex   0.000000e+00  2.500000e-02  1.530808e-19
    endloop
  endfacet
  facet normal  0.000000e+00  1.000000e+00  0.000000e+00
    outer loop
      vertex   2.490487e-03  2.500000e-02  2.178894e-04
      vertex   2.500000e-03  2.500000e-02 -5.551115e-19
      vertex   0.000000e+00  2.500000e-02  1.530808e-19
    endloop
  endfacet
  facet normal  0.000000e+00  1.000000e+00  0.000000e+00
    outer loop
      vertex   0.000000e+00  2.500000e-02  1.530808e-19
      vertex   2.500000e-03  2.500000e-02 -5.551115e-19
      vertex   2.490487e-03  2.500000e-02 -2.178894e-04
    endloop
  endfacet
  facet normal  0.000000e+00  1.000000e+00  0.000000e+00
    outer loop
      vertex   2.265770e-03  2.500000e-02  1.056546e-03
      vertex   2.349232e-03  2.500000e-02  8.550503e-04
      vertex   0.000000e+00  2.500000e-02  1.530808e-19
    endloop
  endfacet
  facet normal  0.000000e+00  1.000000e+00  0.000000e+00
    outer loop
      vertex   2.349232e-03  2.500000e-02  8.550503e-04
      vertex   2.414815e-03  2.500000e-02  6.470476e-04
      vertex   0.000000e+00  2.500000e-02  1.530808e-19
    endloop
  endfacet
  facet normal  0.000000e+00  1.000000e+00  0.000000e+00
    outer loop
      vertex   0.000000e+00  2.500000e-02  1.530808e-19
      vertex   2.414815e-03  2.500000e-02  6.470476e-04
      vertex   2.462019e-03  2.500000e-02  4.341204e-04
    endloop
  endfacet
  facet normal  0.000000e+00  1.000000e+00  0.000000e+00
    outer loop
      vertex   1.915111e-03  2.500000e-02  1.606969e-03
      vertex   2.047880e-03  2.500000e-02  1.433941e-03
      vertex   0.000000e+00  2.500000e-02  1.530808e-19
    endloop
  endfacet
  facet normal  0.000000e+00  1.000000e+00  0.000000e+00
    outer loop
      vertex   2.047880e-03  2.500000e-02  1.433941e-03
      vertex   2.165064e-03  2.500000e-02  1.250000e-03
      vertex   0.000000e+00  2.500000e-02  1.530808e-19
    endloop
  endfacet
  facet normal  0.000000e+00  1.000000e+00  0.000000e+00
    outer loop
      vertex   0.000000e+00  2.500000e-02  1.530808e-19
      vertex   2.165064e-03  2.500000e-02  1.250000e-03
      vertex   2.265770e-03  2.500000e-02  1.056546e-03
    endloop
  endfacet
  facet normal  0.000000e+00  1.000000e+00  0.000000e+00
    outer loop
      vertex   1.433941e-03  2.500000e-02  2.047880e-03
      vertex   1.606969e-03  2.500000e-02  1.915111e-03
      vertex   0.000000e+00  2.500000e-02  1.530808e-19
    endloop
  endfacet
  facet normal  0.000000e+00  1.000000e+00  0.000000e+00
    outer loop
      vertex   1.606969e-03  2.500000e-02  1.915111e-03
      vertex   1.767767e-03  2.500000e-02  1.767767e-03
      vertex   0.000000e+00  2.500000e-02  1.530808e-19
    endloop
  endfacet
  facet normal  0.000000e+00  1.000000e+00  0.000000e+00
    outer loop
      vertex   0.000000e+00  2.500000e-02  1.530808e-19
      vertex   1.767767e-03  2.500000e-02  1.767767e-03
      vertex   1.915111e-03  2.500000e-02  1.606969e-03
    endloop
  endfacet
  facet normal  0.000000e+00  1.000000e+00  0.000000e+00
    outer loop
      vertex   8.550503e-04  2.500000e-02  2.349232e-03
      vertex   1.056546e-03  2.500000e-02  2.265770e-03
      vertex   0.000000e+00  2.500000e-02  1.530808e-19
    endloop
  endfacet
  facet normal  0.000000e+00  1.000000e+00  0.000000e+00
    outer loop
      vertex   1.056546e-03  2.500000e-02  2.265770e-03
      vertex   1.250000e-03  2.500000e-02  2.165064e-03
      vertex   0.000000e+00  2.500000e-02  1.530808e-19
    endloop
  endfacet
  facet normal  0.000000e+00  1.000000e+00  0.000000e+00
    outer loop
      vertex   0.000000e+00  2.500000e-02  1.530808e-19
      vertex   1.250000e-03  2.500000e-02  2.165064e-03
      vertex   1.433941e-03  2.500000e-02  2.047880e-03
    endloop
  endfacet
  facet normal  0.000000e+00  1.000000e+00  0.000000e+00
    outer loop
      vertex   2.178894e-04  2.500000e-02  2.490487e-03
      vertex   4.341204e-04  2.500000e-02  2.462019e-03
      vertex   0.000000e+00  2.500000e-02  1.530808e-19
    endloop
  endfacet
  facet normal  0.000000e+00  1.000000e+00  0.000000e+00
    outer loop
      vertex   4.341204e-04  2.500000e-02  2.462019e-03
      vertex   6.470476e-04  2.500000e-02  2.414815e-03
      vertex   0.000000e+00  2.500000e-02  1.530808e-19
    endloop
  endfacet
  facet normal  0.000000e+00  1.000000e+00  0.000000e+00
    outer loop
      vertex   0.000000e+00  2.500000e-02  1.530808e-19
      vertex   6.470476e-04  2.500000e-02  2.414815e-03
      vertex   8.550503e-04  2.500000e-02  2.349232e-03
    endloop
  endfacet
  facet normal -0.000000e+00  1.000000e+00  0.000000e+00
    outer loop
      vertex  -4.341204e-04  2.500000e-02  2.462019e-03
      vertex  -2.178894e-04  2.500000e-02  2.490487e-03
      vertex   0.000000e+00  2.500000e-02  1.530808e-19
    endloop
  endfacet
  facet normal -0.000000e+00  1.000000e+00  0.000000e+00
    outer loop
      vertex  -2.178894e-04  2.500000e-02  2.490487e-03
      vertex   1.416385e-18  2.500000e-02  2.500000e-03
      vertex   0.000000e+00  2.500000e-02  1.530808e-19
    endloop
  endfacet
  facet normal  0.000000e+00  1.000000e+00  0.000000e+00
    outer loop
      vertex   0.000000e+00  2.500000e-02  1.530808e-19
      vertex   1.416385e-18  2.500000e-02  2.500000e-03
      vertex   2.178894e-04  2.500000e-02  2.490487e-03
    endloop
  endfacet
  facet normal -0.000000e+00  1.000000e+00  0.000000e+00
    outer loop
      vertex  -1.056546e-03  2.500000e-02  2.265770e-03
      vertex  -8.550503e-04  2.500000e-02  2.349232e-03
      vertex   0.000000e+00  2.500000e-02  1.530808e-19
    endloop
  endfacet
  facet normal -0.000000e+00  1.000000e+00  0.000000e+00
    outer loop
      vertex  -8.550503e-04  2.500000e-02  2.349232e-03
      vertex  -6.470476e-04  2.500000e-02  2.414815e-03
      vertex   0.000000e+00  2.500000e-02  1.530808e-19
    endloop
  endfacet
  facet normal  0.000000e+00  1.000000e+00  0.000000e+00
    outer loop
      vertex   0.000000e+00  2.500000e-02  1.530808e-19
      vertex  -6.470476e-04  2.500000e-02  2.414815e-03
      vertex  -4.341204e-04  2.500000e-02  2.462019e-03
    endloop
  endfacet
  facet normal -0.000000e+00  1.000000e+00  0.000000e+00
    outer loop
      vertex  -1.606969e-03  2.500000e-02  1.915111e-03
      vertex  -1.433941e-03  2.500000e-02  2.047880e-03
      vertex   0.000000e+00  2.500000e-02  1.530808e-19
    endloop
  endfacet
  facet normal -0.000000e+00  1.000000e+00  0.000000e+00
    outer loop
      vertex  -1.433941e-03  2.500000e-02  2.047880e-03
      vertex  -1.250000e-03  2.500000e-02  2.165064e-03
      vertex   0.000000e+00  2.500000e-02  1.530808e-19
    endloop
  endfacet
  facet normal  0.000000e+00  1.000000e+00  0.000000e+00
    outer loop
      vertex   0.000000e+00  2.500000e-02  1.530808e-19
      vertex  -1.250000e-03  2.500000e-02  2.165064e-03
      vertex  -1.056546e-03  2.500000e-02  2.265770e-03
    endloop
  endfacet
  facet normal -0.000000e+00  1.000000e+00  0.000000e+00
    outer loop
      vertex  -2.047880e-03  2.500000e-02  1.433941e-03
      vertex  -1.915111e-03  2.500000e-02  1.606969e-03
      vertex   0.000000e+00  2.500000e-02  1.530808e-19
    endloop
  endfacet
  facet normal -0.000000e+00  1.000000e+00  0.000000e+00
    outer loop
      vertex  -1.915111e-03  2.500000e-02  1.606969e-03
      vertex  -1.767767e-03  2.500000e-02  1.767767e-03
      vertex   0.000000e+00  2.500000e-02  1.530808e-19
    endloop
  endfacet
  facet normal  0.000000e+00  1.000000e+00  0.000000e+00
    outer loop
      vertex   0.000000e+00  2.500000e-02  1.530808e-19
      vertex  -1.767767e-03  2.500000e-02  1.767767e-03
      vertex  -1.606969e-03  2.500000e-02  1.915111e-03
    endloop
  endfacet
  facet normal -0.000000e+00  1.000000e+00  0.000000e+00
    outer loop
      vertex  -2.349232e-03  2.500000e-02  8.550503e-04
      vertex  -2.265770e-03  2.500000e-02  1.056546e-03
      vertex   0.000000e+00  2.500000e-02  1.530808e-19
    endloop
  endfacet
  facet normal -0.000000e+00  1.000000e+00  0.000000e+00
    outer loop
      vertex  -2.265770e-03  2.500000e-02  1.056546e-03
      vertex  -2.165064e-03  2.500000e-02  1.250000e-03
      vertex   0.000000e+00  2.500000e-02  1.530808e-19
    endloop
  endfacet
  facet normal  0.000000e+00  1.000000e+00  0.000000e+00
    outer loop
      vertex   0.000000e+00  2.500000e-02  1.530808e-19
      vertex  -2.165064e-03  2.500000e-02  1.250000e-03
      vertex  -2.047880e-03  2.500000e-02  1.433941e-03
    endloop
  endfacet
  facet normal -0.000000e+00  1.000000e+00  0.000000e+00
    outer loop
      vertex  -2.490487e-03  2.500000e-02  2.178894e-04
      vertex  -2.462019e-03  2.500000e-02  4.341204e-04
      vertex   0.000000e+00  2.500000e-02  1.530808e-19
    endloop
  endfacet
  facet normal -0.000000e+00  1.000000e+00  0.000000e+00
    outer loop
      vertex  -2.462019e-03  2.500000e-02  4.341204e-04
      vertex  -2.414815e-03  2.500000e-02  6.470476e-04
      vertex   0.000000e+00  2.500000e-02  1.530808e-19
    endloop
  endfacet
  facet normal  0.000000e+00  1.000000e+00  0.000000e+00
    outer loop
      vertex   0.000000e+00  2.500000e-02  1.530808e-19
      vertex  -2.414815e-03  2.500000e-02  6.470476e-04
      vertex  -2.349232e-03  2.500000e-02  8.550503e-04
    endloop
  endfacet
  facet normal  0.000000e+00  1.000000e+00 -0.000000e+00
    outer loop
      vertex  -2.462019e-03  2.500000e-02 -4.341204e-04
      vertex  -2.490487e-03  2.500000e-02 -2.178894e-04
      vertex   0.000000e+00  2.500000e-02  1.530808e-19
    endloop
  endfacet
  facet normal  0.000000e+00  1.000000e+00 -0.000000e+00
    outer loop
      vertex  -2.490487e-03  2.500000e-02 -2.178894e-04
      vertex  -2.500000e-03  2.500000e-02  2.832770e-18
      vertex   0.000000e+00  2.500000e-02  1.530808e-19
    endloop
  endfacet
  facet normal  0.000000e+00  1.000000e+00  0.000000e+00
    outer loop
      vertex   0.000000e+00  2.500000e-02  1.530808e-19
      vertex  -2.500000e-03  2.500000e-02  2.832770e-18
      vertex  -2.490487e-03  2.500000e-02  2.178894e-04
    endloop
  endfacet
  facet normal  0.000000e+00  1.000000e+00 -0.000000e+00
    outer loop
      vertex  -2.265770e-03  2.500000e-02 -1.056546e-03
      vertex  -2.349232e-03  2.500000e-02 -8.550503e-04
      vertex   0.000000e+00  2.500000e-02  1.530808e-19
    endloop
  endfacet
  facet normal  0.000000e+00  1.000000e+00 -0.000000e+00
    outer loop
      vertex  -2.349232e-03  2.500000e-02 -8.550503e-04
      vertex  -2.414815e-03  2.500000e-02 -6.470476e-04
      vertex   0.000000e+00  2.500000e-02  1.530808e-19
    endloop
  endfacet
  facet normal  0.000000e+00  1.000000e+00  0.000000e+00
    outer loop
      vertex   0.000000e+00  2.500000e-02  1.530808e-19
      vertex  -2.414815e-03  2.500000e-02 -6.470476e-04
      vertex  -2.462019e-03  2.500000e-02 -4.341204e-04
    endloop
  endfacet
  facet normal  0.000000e+00  1.000000e+00 -0.000000e+00
    outer loop
      vertex  -1.915111e-03  2.500000e-02 -1.606969e-03
      vertex  -2.047880e-03  2.500000e-02 -1.433941e-03
      vertex   0.000000e+00  2.500000e-02  1.530808e-19
    endloop
  endfacet
  facet normal  0.000000e+00  1.000000e+00 -0.000000e+00
    outer loop
      vertex  -2.047880e-03  2.500000e-02 -1.433941e-03
      vertex  -2.165064e-03  2.500000e-02 -1.250000e-03
      vertex   0.000000e+00  2.500000e-02  1.530808e-19
    endloop
  endfacet
  facet normal  0.000000e+00  1.000000e+00  0.000000e+00
    outer loop
      vertex   0.000000e+00  2.500000e-02  1.530808e-19
      vertex  -2.165064e-03  2.500000e-02 -1.250000e-03
      vertex  -2.265770e-03  2.500000e-02 -1.056546e-03
    endloop
  endfacet
  facet normal  0.000000e+00  1.000000e+00 -0.000000e+00
    outer loop
      vertex  -1.433941e-03  2.500000e-02 -2.047880e-03
      vertex  -1.606969e-03  2.500000e-02 -1.915111e-03
      vertex   0.000000e+00  2.500000e-02  1.530808e-19
    endloop
  endfacet
  facet normal  0.000000e+00  1.000000e+00 -0.000000e+00
    outer loop
      vertex  -1.606969e-03  2.500000e-02 -1.915111e-03
      vertex  -1.767767e-03  2.500000e-02 -1.767767e-03
      vertex   0.000000e+00  2.500000e-02  1.530808e-19
    endloop
  endfacet
  facet normal  0.000000e+00  1.000000e+00  0.000000e+00
    outer loop
      vertex   0.000000e+00  2.500000e-02  1.530808e-19
      vertex  -1.767767e-03  2.500000e-02 -1.767767e-03
      vertex  -1.915111e-03  2.500000e-02 -1.606969e-03
    endloop
  endfacet
  facet normal  0.000000e+00  1.000000e+00 -0.000000e+00
    outer loop
      vertex  -8.550503e-04  2.500000e-02 -2.349232e-03
      vertex  -1.056546e-03  2.500000e-02 -2.265770e-03
      vertex   0.000000e+00  2.500000e-02  1.530808e-19
    endloop
  endfacet
  facet normal  0.000000e+00  1.000000e+00 -0.000000e+00
    outer loop
      vertex  -1.056546e-03  2.500000e-02 -2.265770e-03
      vertex  -1.250000e-03  2.500000e-02 -2.165064e-03
      vertex   0.000000e+00  2.500000e-02  1.530808e-19
    endloop
  endfacet
  facet normal  0.000000e+00  1.000000e+00  0.000000e+00
    outer loop
      vertex   0.000000e+00  2.500000e-02  1.530808e-19
      vertex  -1.250000e-03  2.500000e-02 -2.165064e-03
      vertex  -1.433941e-03  2.500000e-02 -2.047880e-03
    endloop
  endfacet
  facet normal  0.000000e+00  1.000000e+00 -0.000000e+00
    outer loop
      vertex  -2.178894e-04  2.500000e-02 -2.490487e-03
      vertex  -4.341204e-04  2.500000e-02 -2.462019e-03
      vertex   0.000000e+00  2.500000e-02  1.530808e-19
    endloop
  endfacet
  facet normal  0.000000e+00  1.000000e+00 -0.000000e+00
    outer loop
      vertex  -4.341204e-04  2.500000e-02 -2.462019e-03
      vertex  -6.470476e-04  2.500000e-02 -2.414815e-03
      vertex   0.000000e+00  2.500000e-02  1.530808e-19
    endloop
  endfacet
  facet normal  0.000000e+00  1.000000e+00  0.000000e+00
    outer loop
      vertex   0.000000e+00  2.500000e-02  1.530808e-19
      vertex  -6.470476e-04  2.500000e-02 -2.414815e-03
      vertex  -8.550503e-04  2.500000e-02 -2.349232e-03
    endloop
  endfacet
  facet normal  0.000000e+00 -0.000000e+00 -1.000000e+00
    outer loop
      vertex   2.462019e-03  4.341204e-04  0.000000e+00
      vertex   2.490487e-03  2.178894e-04  0.000000e+00
      vertex   0.000000e+00  1.530808e-19  0.000000e+00
    endloop
  endfacet
  facet normal  0.000000e+00 -0.000000e+00 -1.000000e+00
    outer loop
      vertex   2.490487e-03  2.178894e-04  0.000000e+00
      vertex   2.500000e-03  4.592426e-19  0.000000e+00
      vertex   0.000000e+00  1.530808e-19  0.000000e+00
    endloop
  endfacet
  facet normal  0.000000e+00  0.000000e+00 -1.000000e+00
    outer loop
      vertex   0.000000e+00  1.530808e-19  0.000000e+00
      vertex   2.500000e-03  4.592426e-19  0.000000e+00
      vertex   2.490487e-03 -2.178894e-04  0.000000e+00
    endloop
  endfacet
  facet normal  0.000000e+00 -0.000000e+00 -1.000000e+00
    outer loop
      vertex   2.265770e-03  1.056546e-03  0.000000e+00
      vertex   2.349232e-03  8.550503e-04  0.000000e+00
      vertex   0.000000e+00  1.530808e-19  0.000000e+00
    endloop
  endfacet
  facet normal  0.000000e+00 -0.000000e+00 -1.000000e+00
    outer loop
      vertex   2.349232e-03  8.550503e-04  0.000000e+00
      vertex   2.414815e-03  6.470476e-04  0.000000e+00
      vertex   0.000000e+00  1.530808e-19  0.000000e+00
    endloop
  endfacet
  facet normal  0.000000e+00  0.000000e+00 -1.000000e+00
    outer loop
      vertex   0.000000e+00  1.530808e-19  0.000000e+00
      vertex   2.414815e-03  6.470476e-04  0.000000e+00
      vertex   2.462019e-03  4.341204e-04  0.000000e+00
    endloop
  endfacet
  facet normal  0.000000e+00 -0.000000e+00 -1.000000e+00
    outer loop
      vertex   1.915111e-03  1.606969e-03  0.000000e+00
      vertex   2.047880e-03  1.433941e-03  0.000000e+00
      vertex   0.000000e+00  1.530808e-19  0.000000e+00
    endloop
  endfacet
  facet normal  0.000000e+00 -0.000000e+00 -1.000000e+00
    outer loop
      vertex   2.047880e-03  1.433941e-03  0.000000e+00
      vertex   2.165064e-03  1.250000e-03  0.000000e+00
      vertex   0.000000e+00  1.530808e-19  0.000000e+00
    endloop
  endfacet
  facet normal  0.000000e+00  0.000000e+00 -1.000000e+00
    outer loop
      vertex   0.000000e+00  1.530808e-19  0.000000e+00
      vertex   2.165064e-03  1.250000e-03  0.000000e+00
      vertex   2.265770e-03  1.056546e-03  0.000000e+00
    endloop
  endfacet
  facet normal  0.000000e+00 -0.000000e+00 -1.000000e+00
    outer loop
      vertex   1.433941e-03  2.047880e-03  0.000000e+00
      vertex   1.606969e-03  1.915111e-03  0.000000e+00
      vertex   0.000000e+00  1.530808e-19  0.000000e+00
    endloop
  endfacet
  facet normal  0.000000e+00 -0.000000e+00 -1.000000e+00
    outer loop
      vertex   1.606969e-03  1.915111e-03  0.000000e+00
      vertex   1.767767e-03  1.767767e-03  0.000000e+00
      vertex   0.000000e+00  1.530808e-19  0.000000e+00
    endloop
  endfacet
  facet normal  0.000000e+00  0.000000e+00 -1.000000e+00
    outer loop
      vertex   0.000000e+00  1.530808e-19  0.000000e+00
      vertex   1.767767e-03  1.767767e-03  0.000000e+00
      vertex   1.915111e-03  1.606969e-03  0.000000e+00
    endloop
  endfacet
  facet normal  0.000000e+00 -0.000000e+00 -1.000000e+00
    outer loop
      vertex   8.550503e-04  2.349232e-03  0.000000e+00
      vertex   1.056546e-03  2.265770e-03  0.000000e+00
      vertex   0.000000e+00  1.530808e-19  0.000000e+00
    endloop
  endfacet
  facet normal  0.000000e+00 -0.000000e+00 -1.000000e+00
    outer loop
      vertex   1.056546e-03  2.265770e-03  0.000000e+00
      vertex   1.250000e-03  2.165064e-03  0.000000e+00
      vertex   0.000000e+00  1.530808e-19  0.000000e+00
    endloop
  endfacet
  facet normal  0.000000e+00  0.000000e+00 -1.000000e+00
    outer loop
      vertex   0.000000e+00  1.530808e-19  0.000000e+00
      vertex   1.250000e-03  2.165064e-03  0.000000e+00
      vertex   1.433941e-03  2.047880e-03  0.000000e+00
    endloop
  endfacet
  facet normal  0.000000e+00 -0.000000e+00 -1.000000e+00
    outer loop
      vertex   2.178894e-04  2.490487e-03  0.000000e+00
      vertex   4.341204e-04  2.462019e-03  0.000000e+00
      vertex   0.000000e+00  1.530808e-19  0.000000e+00
    endloop
  endfacet
  facet normal  0.000000e+00 -0.000000e+00 -1.000000e+00
    outer loop
      vertex   4.341204e-04  2.462019e-03  0.000000e+00
      vertex   6.470476e-04  2.414815e-03  0.000000e+00
      vertex   0.000000e+00  1.530808e-19  0.000000e+00
    endloop
  endfacet
  facet normal  0.000000e+00  0.000000e+00 -1.000000e+00
    outer loop
      vertex   0.000000e+00  1.530808e-19  0.000000e+00
      vertex   6.470476e-04  2.414815e-03  0.000000e+00
      vertex   8.550503e-04  2.349232e-03  0.000000e+00
    endloop
  endfacet
  facet normal  0.000000e+00  0.000000e+00 -1.000000e+00
    outer loop
      vertex  -4.341204e-04  2.462019e-03  0.000000e+00
      vertex  -2.178894e-04  2.490487e-03  0.000000e+00
      vertex   0.000000e+00  1.530808e-19  0.000000e+00
    endloop
  endfacet
  facet normal  0.000000e+00  0.000000e+00 -1.000000e+00
    outer loop
      vertex  -2.178894e-04  2.490487e-03  0.000000e+00
      vertex  -7.081924e-19  2.500000e-03  0.000000e+00
      vertex   0.000000e+00  1.530808e-19  0.000000e+00
    endloop
  endfacet
  facet normal  0.000000e+00  0.000000e+00 -1.000000e+00
    outer loop
      vertex   0.000000e+00  1.530808e-19  0.000000e+00
      vertex  -7.081924e-19  2.500000e-03  0.000000e+00
      vertex   2.178894e-04  2.490487e-03  0.000000e+00
    endloop
  endfacet
  facet normal  0.000000e+00  0.000000e+00 -1.000000e+00
    outer loop
      vertex  -1.056546e-03  2.265770e-03  0.000000e+00
      vertex  -8.550503e-04  2.349232e-03  0.000000e+00
      vertex   0.000000e+00  1.530808e-19  0.000000e+00
    endloop
  endfacet
  facet normal  0.000000e+00  0.000000e+00 -1.000000e+00
    outer loop
      vertex  -8.550503e-04  2.349232e-03  0.000000e+00
      vertex  -6.470476e-04  2.414815e-03  0.000000e+00
      vertex   0.000000e+00  1.530808e-19  0.000000e+00
    endloop
  endfacet
  facet normal  0.000000e+00  0.000000e+00 -1.000000e+00
    outer loop
      vertex   0.000000e+00  1.530808e-19  0.000000e+00
      vertex  -6.470476e-04  2.414815e-03  0.000000e+00
      vertex  -4.341204e-04  2.462019e-03  0.000000e+00
    endloop
  endfacet
  facet normal  0.000000e+00  0.000000e+00 -1.000000e+00
    outer loop
      vertex  -1.606969e-03  1.915111e-03  0.000000e+00
      vertex  -1.433941e-03  2.047880e-03  0.000000e+00
      vertex   0.000000e+00  1.530808e-19  0.000000e+00
    endloop
  endfacet
  facet normal  0.000000e+00  0.000000e+00 -1.000000e+00
    outer loop
      vertex  -1.433941e-03  2.047880e-03  0.000000e+00
      vertex  -1.250000e-03  2.165064e-03  0.000000e+00
      vertex   0.000000e+00  1.530808e-19  0.000000e+00
    endloop
  endfacet
  facet normal  0.000000e+00  0.000000e+00 -1.000000e+00
    outer loop
      vertex   0.000000e+00  1.530808e-19  0.000000e+00
      vertex  -1.250000e-03  2.165064e-03  0.000000e+00
      vertex  -1.056546e-03  2.265770e-03  0.000000e+00
    endloop
  endfacet
  facet normal  0.000000e+00  0.000000e+00 -1.000000e+00
    outer loop
      vertex  -2.047880e-03  1.433941e-03  0.000000e+00
      vertex  -1.915111e-03  1.606969e-03  0.000000e+00
      vertex   0.000000e+00  1.530808e-19  0.000000e+00
    endloop
  endfacet
  facet normal  0.000000e+00  0.000000e+00 -1.000000e+00
    outer loop
      vertex  -1.915111e-03  1.606969e-03  0.000000e+00
      vertex  -1.767767e-03  1.767767e-03  0.000000e+00
      vertex   0.000000e+00  1.530808e-19  0.000000e+00
    endloop
  endfacet
  facet normal  0.000000e+00  0.000000e+00 -1.000000e+00
    outer loop
      vertex   0.000000e+00  1.530808e-19  0.000000e+00
      vertex  -1.767767e-03  1.767767e-03  0.000000e+00
      vertex  -1.606969e-03  1.915111e-03  0.000000e+00
    endloop
  endfacet
  facet normal  0.000000e+00  0.000000e+00 -1.000000e+00
    outer loop
      vertex  -2.349232e-03  8.550503e-04  0.000000e+00
      vertex  -2.265770e-03  1.056546e-03  0.000000e+00
      vertex   0.000000e+00  1.530808e-19  0.000000e+00
    endloop
  endfacet
  facet normal  0.000000e+00  0.000000e+00 -1.000000e+00
    outer loop
      vertex  -2.265770e-03  1.056546e-03  0.000000e+00
      vertex  -2.165064e-03  1.250000e-03  0.000000e+00
      vertex   0.000000e+00  1.530808e-19  0.000000e+00
    endloop
  endfacet
  facet normal  0.000000e+00  0.000000e+00 -1.000000e+00
    outer loop
      vertex   0.000000e+00  1.530808e-19  0.000000e+00
      vertex  -2.165064e-03  1.250000e-03  0.000000e+00
      vertex  -2.047880e-03  1.433941e-03  0.000000e+00
    endloop
  endfacet
  facet normal  0.000000e+00  0.000000e+00 -1.000000e+00
    outer loop
      vertex  -2.490487e-03  2.178894e-04  0.000000e+00
      vertex  -2.462019e-03  4.341204e-04  0.000000e+00
      vertex   0.000000e+00  1.530808e-19  0.000000e+00
    endloop
  endfacet
  facet normal  0.000000e+00  0.000000e+00 -1.000000e+00
    outer loop
      vertex  -2.462019e-03  4.341204e-04  0.000000e+00
      vertex  -2.414815e-03  6.470476e-04  0.000000e+00
      vertex   0.000000e+00  1.530808e-19  0.000000e+00
    endloop
  endfacet
  facet normal  0.000000e+00  0.000000e+00 -1.000000e+00
    outer loop
      vertex   0.000000e+00  1.530808e-19  0.000000e+00
      vertex  -2.414815e-03  6.470476e-04  0.000000e+00
      vertex  -2.349232e-03  8.550503e-04  0.000000e+00
    endloop
  endfacet
  facet normal  0.000000e+00  0.000000e+00 -1.000000e+00
    outer loop
      vertex  -2.462019e-03 -4.341204e-04  0.000000e+00
      vertex  -2.490487e-03 -2.178894e-04  0.000000e+00
      vertex   0.000000e+00  1.530808e-19  0.000000e+00
    endloop
  endfacet
  facet normal  0.000000e+00  0.000000e+00 -1.000000e+00
    outer loop
      vertex  -2.490487e-03 -2.178894e-04  0.000000e+00
      vertex  -2.500000e-03  1.530808e-19  0.000000e+00
      vertex   0.000000e+00  1.530808e-19  0.000000e+00
    endloop
  endfacet
  facet normal  0.000000e+00  0.000000e+00 -1.000000e+00
    outer loop
      vertex   0.000000e+00  1.530808e-19  0.000000e+00
      vertex  -2.500000e-03  1.530808e-19  0.000000e+00
      vertex  -2.490487e-03  2.178894e-04  0.000000e+00
    endloop
  endfacet
  facet normal  0.000000e+00  0.000000e+00 -1.000000e+00
    outer loop
      vertex  -2.265770e-03 -1.056546e-03  0.000000e+00
      vertex  -2.349232e-03 -8.550503e-04  0.000000e+00
      vertex   0.000000e+00  1.530808e-19  0.000000e+00
    endloop
  endfacet
  facet normal  0.000000e+00  0.000000e+00 -1.000000e+00
    outer loop
      vertex  -2.349232e-03 -8.550503e-04  0.000000e+00
      vertex  -2.414815e-03 -6.470476e-04  0.000000e+00
      vertex   0.000000e+00  1.530808e-19  0.000000e+00
    endloop
  endfacet
  facet normal  0.000000e+00  0.000000e+00 -1.000000e+00
    outer loop
      vertex   0.000000e+00  1.530808e-19  0.000000e+00
      vertex  -2.414815e-03 -6.470476e-04  0.000000e+00
      vertex  -2.462019e-03 -4.341204e-04  0.000000e+00
    endloop
  endfacet
  facet normal  0.000000e+00  0.000000e+00 -1.000000e+00
    outer loop
      vertex  -1.915111e-03 -1.606969e-03  0.000000e+00
      vertex  -2.047880e-03 -1.433941e-03  0.000000e+00
      vertex   0.000000e+00  1.530808e-19  0.000000e+00
    endloop
  endfacet
  facet normal  0.000000e+00  0.000000e+00 -1.000000e+00
    outer loop
      vertex  -2.047880e-03 -1.433941e-03  0.000000e+00
      vertex  -2.165064e-03 -1.250000e-03  0.000000e+00
      vertex   0.000000e+00  1.530808e-19  0.000000e+00
    endloop
  endfacet
  facet normal  0.000000e+00  0.000000e+00 -1.000000e+00
    outer loop
      vertex   0.000000e+00  1.530808e-19  0.000000e+00
      vertex  -2.165064e-03 -1.250000e-03  0.000000e+00
      vertex  -2.265770e-03 -1.056546e-03  0.000000e+00
    endloop
  endfacet
  facet normal  0.000000e+00  0.000000e+00 -1.000000e+00
    outer loop
      vertex  -1.433941e-03 -2.047880e-03  0.000000e+00
      vertex  -1.606969e-03 -1.915111e-03  0.000000e+00
      vertex   0.000000e+00  1.530808e-19  0.000000e+00
    endloop
  endfacet
  facet normal  0.000000e+00  0.000000e+00 -1.000000e+00
    outer loop
      vertex  -1.606969e-03 -1.915111e-03  0.000000e+00
      vertex  -1.767767e-03 -1.767767e-03  0.000000e+00
      vertex   0.000000e+00  1.530808e-19  0.000000e+00
    endloop
  endfacet
  facet normal  0.000000e+00  0.000000e+00 -1.000000e+00
    outer loop
      vertex   0.000000e+00  1.530808e-19  0.000000e+00
      vertex  -1.767767e-03 -1.767767e-03  0.000000e+00
      vertex  -1.915111e-03 -1.606969e-03  0.000000e+00
    endloop
  endfacet
  facet normal  0.000000e+00  0.000000e+00 -1.000000e+00
    outer loop
      vertex  -8.550503e-04 -2.349232e-03  0.000000e+00
      vertex  -1.056546e-03 -2.265770e-03  0.000000e+00
      vertex   0.000000e+00  1.530808e-19  0.000000e+00
    endloop
  endfacet
  facet normal  0.000000e+00  0.000000e+00 -1.000000e+00
    outer loop
      vertex  -1.056546e-03 -2.265770e-03  0.000000e+00
      vertex  -1.250000e-03 -2.165064e-03  0.000000e+00
      vertex   0.000000e+00  1.530808e-19  0.000000e+00
    endloop
  endfacet
  facet normal  0.000000e+00  0.000000e+00 -1.000000e+00
    outer loop
      vertex   0.000000e+00  1.530808e-19  0.000000e+00
      vertex  -1.250000e-03 -2.165064e-03  0.000000e+00
      vertex  -1.433941e-03 -2.047880e-03  0.000000e+00
    endloop
  endfacet
  facet normal  0.000000e+00  0.000000e+00 -1.000000e+00
    outer loop
      vertex  -2.178894e-04 -2.490487e-03  0.000000e+00
      vertex  -4.341204e-04 -2.462019e-03  0.000000e+00
      vertex   0.000000e+00  1.530808e-19  0.000000e+00
    endloop
  endfacet
  facet normal  0.000000e+00  0.000000e+00 -1.000000e+00
    outer loop
      vertex  -4.341204e-04 -2.462019e-03  0.000000e+00
      vertex  -6.470476e-04 -2.414815e-03  0.000000e+00
      vertex   0.000000e+00  1.530808e-19  0.000000e+00
    endloop
  endfacet
  facet normal  0.000000e+00  0.000000e+00 -1.000000e+00
    outer loop
      vertex   0.000000e+00  1.530808e-19  0.000000e+00
      vertex  -6.470476e-04 -2.414815e-03  0.000000e+00
      vertex  -8.550503e-04 -2.349232e-03  0.000000e+00
    endloop
  endfacet
  facet normal -0.000000e+00  0.000000e+00 -1.000000e+00
    outer loop
      vertex   4.341204e-04 -2.462019e-03  0.000000e+00
      vertex   2.178894e-04 -2.490487e-03  0.000000e+00
      vertex   0.000000e+00  1.530808e-19  0.000000e+00
    endloop
  endfacet
  facet normal -0.000000e+00  0.000000e+00 -1.000000e+00
    outer loop
      vertex   2.178894e-04 -2.490487e-03  0.000000e+00
      vertex   2.679689e-18 -2.500000e-03  0.000000e+00
      vertex   0.000000e+00  1.530808e-19  0.000000e+00
    endloop
  endfacet
  facet normal  0.000000e+00 -0.000000e+00 -1.000000e+00
    outer loop
      vertex   0.000000e+00  1.530808e-19  0.000000e+00
      vertex   2.679689e-18 -2.500000e-03  0.000000e+00
      vertex  -2.178894e-04 -2.490487e-03  0.000000e+00
    endloop
  endfacet
  facet normal -0.000000e+00  0.000000e+00 -1.000000e+00
    outer loop
      vertex   1.056546e-03 -2.265770e-03  0.000000e+00
      vertex   8.550503e-04 -2.349232e-03  0.000000e+00
      vertex   0.000000e+00  1.530808e-19  0.000000e+00
    endloop
  endfacet
  facet normal -0.000000e+00  0.000000e+00 -1.000000e+00
    outer loop
      vertex   8.550503e-04 -2.349232e-03  0.000000e+00
      vertex   6.470476e-04 -2.414815e-03  0.000000e+00
      vertex   0.000000e+00  1.530808e-19  0.000000e+00
    endloop
  endfacet
  facet normal  0.000000e+00  0.000000e+00 -1.000000e+00
    outer loop
      vertex   0.000000e+00  1.530808e-19  0.000000e+00
      vertex   6.470476e-04 -2.414815e-03  0.000000e+00
      vertex   4.341204e-04 -2.462019e-03  0.000000e+00
    endloop
  endfacet
  facet normal -0.000000e+00  0.000000e+00 -1.000000e+00
    outer loop
      vertex   1.606969e-03 -1.915111e-03  0.000000e+00
      vertex   1.433941e-03 -2.047880e-03  0.000000e+00
      vertex   0.000000e+00  1.530808e-19  0.000000e+00
    endloop
  endfacet
  facet normal -0.000000e+00  0.000000e+00 -1.000000e+00
    outer loop
      vertex   1.433941e-03 -2.047880e-03  0.000000e+00
      vertex   1.250000e-03 -2.165064e-03  0.000000e+00
      vertex   0.000000e+00  1.530808e-19  0.000000e+00
    endloop
  endfacet
  facet normal  0.000000e+00  0.000000e+00 -1.000000e+00
    outer loop
      vertex   0.000000e+00  1.530808e-19  0.000000e+00
      vertex   1.250000e-03 -2.165064e-03  0.000000e+00
      vertex   1.056546e-03 -2.265770e-03  0.000000e+00
    endloop
  endfacet
  facet normal -0.000000e+00  0.000000e+00 -1.000000e+00
    outer loop
      vertex   2.047880e-03 -1.433941e-03  0.000000e+00
      vertex   1.915111e-03 -1.606969e-03  0.000000e+00
      vertex   0.000000e+00  1.530808e-19  0.000000e+00
    endloop
  endfacet
  facet normal -0.000000e+00  0.000000e+00 -1.000000e+00
    outer loop
      vertex   1.915111e-03 -1.606969e-03  0.000000e+00
      vertex   1.767767e-03 -1.767767e-03  0.000000e+00
      vertex   0.000000e+00  1.530808e-19  0.000000e+00
    endloop
  endfacet
  facet normal  0.000000e+00  0.000000e+00 -1.000000e+00
    outer loop
      vertex   0.000000e+00  1.530808e-19  0.000000e+00
      vertex   1.767767e-03 -1.767767e-03  0.000000e+00
      vertex   1.606969e-03 -1.915111e-03  0.000000e+00
    endloop
  endfacet
  facet normal -0.000000e+00  0.000000e+00 -1.000000e+00
    outer loop
      vertex   2.349232e-03 -8.550503e-04  0.000000e+00
      vertex   2.265770e-03 -1.056546e-03  0.000000e+00
      vertex   0.000000e+00  1.530808e-19  0.000000e+00
    endloop
  endfacet
  facet normal -0.000000e+00  0.000000e+00 -1.000000e+00
    outer loop
      vertex   2.265770e-03 -1.056546e-03  0.000000e+00
      vertex   2.165064e-03 -1.250000e-03  0.000000e+00
      vertex   0.000000e+00  1.530808e-19  0.000000e+00
    endloop
  endfacet
  facet normal  0.000000e+00  0.000000e+00 -1.000000e+00
    outer loop
      vertex   0.000000e+00  1.530808e-19  0.000000e+00
      vertex   2.165064e-03 -1.250000e-03  0.000000e+00
      vertex   2.047880e-03 -1.433941e-03  0.000000e+00
    endloop
  endfacet
  facet normal -0.000000e+00  0.000000e+00 -1.000000e+00
    outer loop
      vertex   2.490487e-03 -2.178894e-04  0.000000e+00
      vertex   2.462019e-03 -4.341204e-04  0.000000e+00
      vertex   0.000000e+00  1.530808e-19  0.000000e+00
    endloop
  endfacet
  facet normal -0.000000e+00  0.000000e+00 -1.000000e+00
    outer loop
      vertex   2.462019e-03 -4.341204e-04  0.000000e+00
      vertex   2.414815e-03 -6.470476e-04  0.000000e+00
      vertex   0.000000e+00  1.530808e-19  0.000000e+00
    endloop
  endfacet
  facet normal  0.000000e+00  0.000000e+00 -1.000000e+00
    outer loop
      vertex   0.000000e+00  1.530808e-19  0.000000e+00
      vertex   2.414815e-03 -6.470476e-04  0.000000e+00
      vertex   2.349232e-03 -8.550503e-04  0.000000e+00
    endloop
  endfacet
  facet normal -9.990483e-01  4.361819e-02  1.967195e-20
    outer loop
      vertex  -2.500000e-03  1.530808e-19  0.000000e+00
      vertex  -2.490487e-03  2.178894e-04  2.500000e-02
      vertex  -2.490487e-03  2.178894e-04  0.000000e+00
    endloop
  endfacet
  facet normal -9.914445e-01  1.305290e-01  0.000000e+00
    outer loop
      vertex  -2.490487e-03  2.178894e-04  2.500000e-02
      vertex  -2.462019e-03  4.341204e-04  2.500000e-02
      vertex  -2.490487e-03  2.178894e-04  0.000000e+00
    endloop
  endfacet
  facet normal -9.914445e-01  1.305290e-01  0.000000e+00
    outer loop
      vertex  -2.490487e-03  2.178894e-04  0.000000e+00
      vertex  -2.462019e-03  4.341204e-04  2.500000e-02
      vertex  -2.462019e-03  4.341204e-04  0.000000e+00
    endloop
  endfacet
  facet normal -9.762967e-01  2.164364e-01  0.000000e+00
    outer loop
      vertex  -2.462019e-03  4.341204e-04  2.500000e-02
      vertex  -2.414815e-03  6.470476e-04  2.500000e-02
      vertex  -2.462019e-03  4.341204e-04  0.000000e+00
    endloop
  endfacet
  facet normal -9.762967e-01  2.164364e-01  0.000000e+00
    outer loop
      vertex  -2.462019e-03  4.341204e-04  0.000000e+00
      vertex  -2.414815e-03  6.470476e-04  2.500000e-02
      vertex  -2.414815e-03  6.470476e-04  0.000000e+00
    endloop
  endfacet
  facet normal -9.537172e-01  3.007050e-01  0.000000e+00
    outer loop
      vertex  -2.414815e-03  6.470476e-04  2.500000e-02
      vertex  -2.349232e-03  8.550503e-04  2.500000e-02
      vertex  -2.414815e-03  6.470476e-04  0.000000e+00
    endloop
  endfacet
  facet normal -9.537172e-01  3.007050e-01  0.000000e+00
    outer loop
      vertex  -2.414815e-03  6.470476e-04  0.000000e+00
      vertex  -2.349232e-03  8.550503e-04  2.500000e-02
      vertex  -2.349232e-03  8.550503e-04  0.000000e+00
    endloop
  endfacet
  facet normal -9.238798e-01  3.826828e-01  0.000000e+00
    outer loop
      vertex  -2.349232e-03  8.550503e-04  2.500000e-02
      vertex  -2.265770e-03  1.056546e-03  2.500000e-02
      vertex  -2.349232e-03  8.550503e-04  0.000000e+00
    endloop
  endfacet
  facet normal -9.238798e-01  3.826828e-01  0.000000e+00
    outer loop
      vertex  -2.349232e-03  8.550503e-04  0.000000e+00
      vertex  -2.265770e-03  1.056546e-03  2.500000e-02
      vertex  -2.265770e-03  1.056546e-03  0.000000e+00
    endloop
  endfacet
  facet normal -8.870104e-01  4.617495e-01  0.000000e+00
    outer loop
      vertex  -2.265770e-03  1.056546e-03  2.500000e-02
      vertex  -2.165064e-03  1.250000e-03  2.500000e-02
      vertex  -2.265770e-03  1.056546e-03  0.000000e+00
    endloop
  endfacet
  facet normal -8.870104e-01  4.617495e-01  0.000000e+00
    outer loop
      vertex  -2.265770e-03  1.056546e-03  0.000000e+00
      vertex  -2.165064e-03  1.250000e-03  2.500000e-02
      vertex  -2.165064e-03  1.250000e-03  0.000000e+00
    endloop
  endfacet
  facet normal -8.433903e-01  5.373015e-01  0.000000e+00
    outer loop
      vertex  -2.165064e-03  1.250000e-03  2.500000e-02
      vertex  -2.047880e-03  1.433941e-03  2.500000e-02
      vertex  -2.165064e-03  1.250000e-03  0.000000e+00
    endloop
  endfacet
  facet normal -8.433903e-01  5.373015e-01  0.000000e+00
    outer loop
      vertex  -2.165064e-03  1.250000e-03  0.000000e+00
      vertex  -2.047880e-03  1.433941e-03  2.500000e-02
      vertex  -2.047880e-03  1.433941e-03  0.000000e+00
    endloop
  endfacet
  facet normal -7.933534e-01  6.087614e-01  0.000000e+00
    outer loop
      vertex  -2.047880e-03  1.433941e-03  2.500000e-02
      vertex  -1.915111e-03  1.606969e-03  2.500000e-02
      vertex  -2.047880e-03  1.433941e-03  0.000000e+00
    endloop
  endfacet
  facet normal -7.933534e-01  6.087614e-01  0.000000e+00
    outer loop
      vertex  -2.047880e-03  1.433941e-03  0.000000e+00
      vertex  -1.915111e-03  1.606969e-03  2.500000e-02
      vertex  -1.915111e-03  1.606969e-03  0.000000e+00
    endloop
  endfacet
  facet normal -7.372779e-01  6.755896e-01  0.000000e+00
    outer loop
      vertex  -1.915111e-03  1.606969e-03  2.500000e-02
      vertex  -1.767767e-03  1.767767e-03  2.500000e-02
      vertex  -1.915111e-03  1.606969e-03  0.000000e+00
    endloop
  endfacet
  facet normal -7.372779e-01  6.755896e-01  0.000000e+00
    outer loop
      vertex  -1.915111e-03  1.606969e-03  0.000000e+00
      vertex  -1.767767e-03  1.767767e-03  2.500000e-02
      vertex  -1.767767e-03  1.767767e-03  0.000000e+00
    endloop
  endfacet
  facet normal -6.755896e-01  7.372779e-01  0.000000e+00
    outer loop
      vertex  -1.767767e-03  1.767767e-03  2.500000e-02
      vertex  -1.606969e-03  1.915111e-03  2.500000e-02
      vertex  -1.767767e-03  1.767767e-03  0.000000e+00
    endloop
  endfacet
  facet normal -6.755896e-01  7.372779e-01  0.000000e+00
    outer loop
      vertex  -1.767767e-03  1.767767e-03  0.000000e+00
      vertex  -1.606969e-03  1.915111e-03  2.500000e-02
      vertex  -1.606969e-03  1.915111e-03  0.000000e+00
    endloop
  endfacet
  facet normal -6.087614e-01  7.933534e-01  0.000000e+00
    outer loop
      vertex  -1.606969e-03  1.915111e-03  2.500000e-02
      vertex  -1.433941e-03  2.047880e-03  2.500000e-02
      vertex  -1.606969e-03  1.915111e-03  0.000000e+00
    endloop
  endfacet
  facet normal -6.087614e-01  7.933534e-01  0.000000e+00
    outer loop
      vertex  -1.606969e-03  1.915111e-03  0.000000e+00
      vertex  -1.433941e-03  2.047880e-03  2.500000e-02
      vertex  -1.433941e-03  2.047880e-03  0.000000e+00
    endloop
  endfacet
  facet normal -5.373015e-01  8.433903e-01  0.000000e+00
    outer loop
      vertex  -1.433941e-03  2.047880e-03  2.500000e-02
      vertex  -1.250000e-03  2.165064e-03  2.500000e-02
      vertex  -1.433941e-03  2.047880e-03  0.000000e+00
    endloop
  endfacet
  facet normal -5.373015e-01  8.433903e-01  0.000000e+00
    outer loop
      vertex  -1.433941e-03  2.047880e-03  0.000000e+00
      vertex  -1.250000e-03  2.165064e-03  2.500000e-02
      vertex  -1.250000e-03  2.165064e-03  0.000000e+00
    endloop
  endfacet
  facet normal -4.617495e-01  8.870104e-01  0.000000e+00
    outer loop
      vertex  -1.250000e-03  2.165064e-03  2.500000e-02
      vertex  -1.056546e-03  2.265770e-03  2.500000e-02
      vertex  -1.250000e-03  2.165064e-03  0.000000e+00
    endloop
  endfacet
  facet normal -4.617495e-01  8.870104e-01  0.000000e+00
    outer loop
      vertex  -1.250000e-03  2.165064e-03  0.000000e+00
      vertex  -1.056546e-03  2.265770e-03  2.500000e-02
      vertex  -1.056546e-03  2.265770e-03  0.000000e+00
    endloop
  endfacet
  facet normal -3.826828e-01  9.238798e-01  0.000000e+00
    outer loop
      vertex  -1.056546e-03  2.265770e-03  2.500000e-02
      vertex  -8.550503e-04  2.349232e-03  2.500000e-02
      vertex  -1.056546e-03  2.265770e-03  0.000000e+00
    endloop
  endfacet
  facet normal -3.826828e-01  9.238798e-01  0.000000e+00
    outer loop
      vertex  -1.056546e-03  2.265770e-03  0.000000e+00
      vertex  -8.550503e-04  2.349232e-03  2.500000e-02
      vertex  -8.550503e-04  2.349232e-03  0.000000e+00
    endloop
  endfacet
  facet normal -3.007050e-01  9.537172e-01  0.000000e+00
    outer loop
      vertex  -8.550503e-04  2.349232e-03  2.500000e-02
      vertex  -6.470476e-04  2.414815e-03  2.500000e-02
      vertex  -8.550503e-04  2.349232e-03  0.000000e+00
    endloop
  endfacet
  facet normal -3.007050e-01  9.537172e-01  0.000000e+00
    outer loop
      vertex  -8.550503e-04  2.349232e-03  0.000000e+00
      vertex  -6.470476e-04  2.414815e-03  2.500000e-02
      vertex  -6.470476e-04  2.414815e-03  0.000000e+00
    endloop
  endfacet
  facet normal -2.164364e-01  9.762967e-01  0.000000e+00
    outer loop
      vertex  -6.470476e-04  2.414815e-03  2.500000e-02
      vertex  -4.341204e-04  2.462019e-03  2.500000e-02
      vertex  -6.470476e-04  2.414815e-03  0.000000e+00
    endloop
  endfacet
  facet normal -2.164364e-01  9.762967e-01  0.000000e+00
    outer loop
      vertex  -6.470476e-04  2.414815e-03  0.000000e+00
      vertex  -4.341204e-04  2.462019e-03  2.500000e-02
      vertex  -4.341204e-04  2.462019e-03  0.000000e+00
    endloop
  endfacet
  facet normal -1.305290e-01  9.914445e-01  0.000000e+00
    outer loop
      vertex  -4.341204e-04  2.462019e-03  2.500000e-02
      vertex  -2.178894e-04  2.490487e-03  2.500000e-02
      vertex  -4.341204e-04  2.462019e-03  0.000000e+00
    endloop
  endfacet
  facet normal -1.305290e-01  9.914445e-01  0.000000e+00
    outer loop
      vertex  -4.341204e-04  2.462019e-03  0.000000e+00
      vertex  -2.178894e-04  2.490487e-03  2.500000e-02
      vertex  -2.178894e-04  2.490487e-03  0.000000e+00
    endloop
  endfacet
  facet normal -4.361819e-02  9.990483e-01  0.000000e+00
    outer loop
      vertex  -2.178894e-04  2.490487e-03  2.500000e-02
      vertex  -7.081924e-19  2.500000e-03  2.500000e-02
      vertex  -2.178894e-04  2.490487e-03  0.000000e+00
    endloop
  endfacet
  facet normal -4.361819e-02  9.990483e-01 -1.589405e-20
    outer loop
      vertex  -2.178894e-04  2.490487e-03  0.000000e+00
      vertex  -7.081924e-19  2.500000e-03  2.500000e-02
      vertex  -7.081924e-19  2.500000e-03  0.000000e+00
    endloop
  endfacet
  facet normal  4.361819e-02  9.990483e-01  0.000000e+00
    outer loop
      vertex  -7.081924e-19  2.500000e-03  2.500000e-02
      vertex   2.178894e-04  2.490487e-03  2.500000e-02
      vertex  -7.081924e-19  2.500000e-03  0.000000e+00
    endloop
  endfacet
  facet normal  4.361819e-02  9.990483e-01 -1.589405e-20
    outer loop
      vertex  -7.081924e-19  2.500000e-03  0.000000e+00
      vertex   2.178894e-04  2.490487e-03  2.500000e-02
      vertex   2.178894e-04  2.490487e-03  0.000000e+00
    endloop
  endfacet
  facet normal  1.305290e-01  9.914445e-01  0.000000e+00
    outer loop
      vertex   2.178894e-04  2.490487e-03  2.500000e-02
      vertex   4.341204e-04  2.462019e-03  2.500000e-02
      vertex   2.178894e-04  2.490487e-03  0.000000e+00
    endloop
  endfacet
  facet normal  1.305290e-01  9.914445e-01  0.000000e+00
    outer loop
      vertex   2.178894e-04  2.490487e-03  0.000000e+00
      vertex   4.341204e-04  2.462019e-03  2.500000e-02
      vertex   4.341204e-04  2.462019e-03  0.000000e+00
    endloop
  endfacet
  facet normal  2.164364e-01  9.762967e-01  0.000000e+00
    outer loop
      vertex   4.341204e-04  2.462019e-03  2.500000e-02
      vertex   6.470476e-04  2.414815e-03  2.500000e-02
      vertex   4.341204e-04  2.462019e-03  0.000000e+00
    endloop
  endfacet
  facet normal  2.164364e-01  9.762967e-01  0.000000e+00
    outer loop
      vertex   4.341204e-04  2.462019e-03  0.000000e+00
      vertex   6.470476e-04  2.414815e-03  2.500000e-02
      vertex   6.470476e-04  2.414815e-03  0.000000e+00
    endloop
  endfacet
  facet normal  3.007050e-01  9.537172e-01  0.000000e+00
    outer loop
      vertex   6.470476e-04  2.414815e-03  2.500000e-02
      vertex   8.550503e-04  2.349232e-03  2.500000e-02
      vertex   6.470476e-04  2.414815e-03  0.000000e+00
    endloop
  endfacet
  facet normal  3.007050e-01  9.537172e-01  0.000000e+00
    outer loop
      vertex   6.470476e-04  2.414815e-03  0.000000e+00
      vertex   8.550503e-04  2.349232e-03  2.500000e-02
      vertex   8.550503e-04  2.349232e-03  0.000000e+00
    endloop
  endfacet
  facet normal  3.826828e-01  9.238798e-01  0.000000e+00
    outer loop
      vertex   8.550503e-04  2.349232e-03  2.500000e-02
      vertex   1.056546e-03  2.265770e-03  2.500000e-02
      vertex   8.550503e-04  2.349232e-03  0.000000e+00
    endloop
  endfacet
  facet normal  3.826828e-01  9.238798e-01  0.000000e+00
    outer loop
      vertex   8.550503e-04  2.349232e-03  0.000000e+00
      vertex   1.056546e-03  2.265770e-03  2.500000e-02
      vertex   1.056546e-03  2.265770e-03  0.000000e+00
    endloop
  endfacet
  facet normal  4.617495e-01  8.870104e-01  0.000000e+00
    outer loop
      vertex   1.056546e-03  2.265770e-03  2.500000e-02
      vertex   1.250000e-03  2.165064e-03  2.500000e-02
      vertex   1.056546e-03  2.265770e-03  0.000000e+00
    endloop
  endfacet
  facet normal  4.617495e-01  8.870104e-01  0.000000e+00
    outer loop
      vertex   1.056546e-03  2.265770e-03  0.000000e+00
      vertex   1.250000e-03  2.165064e-03  2.500000e-02
      vertex   1.250000e-03  2.165064e-03  0.000000e+00
    endloop
  endfacet
  facet normal  5.373015e-01  8.433903e-01  0.000000e+00
    outer loop
      vertex   1.250000e-03  2.165064e-03  2.500000e-02
      vertex   1.433941e-03  2.047880e-03  2.500000e-02
      vertex   1.250000e-03  2.165064e-03  0.000000e+00
    endloop
  endfacet
  facet normal  5.373015e-01  8.433903e-01  0.000000e+00
    outer loop
      vertex   1.250000e-03  2.165064e-03  0.000000e+00
      vertex   1.433941e-03  2.047880e-03  2.500000e-02
      vertex   1.433941e-03  2.047880e-03  0.000000e+00
    endloop
  endfacet
  facet normal  6.087614e-01  7.933534e-01  0.000000e+00
    outer loop
      vertex   1.433941e-03  2.047880e-03  2.500000e-02
      vertex   1.606969e-03  1.915111e-03  2.500000e-02
      vertex   1.433941e-03  2.047880e-03  0.000000e+00
    endloop
  endfacet
  facet normal  6.087614e-01  7.933534e-01  0.000000e+00
    outer loop
      vertex   1.433941e-03  2.047880e-03  0.000000e+00
      vertex   1.606969e-03  1.915111e-03  2.500000e-02
      vertex   1.606969e-03  1.915111e-03  0.000000e+00
    endloop
  endfacet
  facet normal  6.755896e-01  7.372779e-01  0.000000e+00
    outer loop
      vertex   1.606969e-03  1.915111e-03  2.500000e-02
      vertex   1.767767e-03  1.767767e-03  2.500000e-02
      vertex   1.606969e-03  1.915111e-03  0.000000e+00
    endloop
  endfacet
  facet normal  6.755896e-01  7.372779e-01  0.000000e+00
    outer loop
      vertex   1.606969e-03  1.915111e-03  0.000000e+00
      vertex   1.767767e-03  1.767767e-03  2.500000e-02
      vertex   1.767767e-03  1.767767e-03  0.000000e+00
    endloop
  endfacet
  facet normal  7.372779e-01  6.755896e-01  0.000000e+00
    outer loop
      vertex   1.767767e-03  1.767767e-03  2.500000e-02
      vertex   1.915111e-03  1.606969e-03  2.500000e-02
      vertex   1.767767e-03  1.767767e-03  0.000000e+00
    endloop
  endfacet
  facet normal  7.372779e-01  6.755896e-01  0.000000e+00
    outer loop
      vertex   1.767767e-03  1.767767e-03  0.000000e+00
      vertex   1.915111e-03  1.606969e-03  2.500000e-02
      vertex   1.915111e-03  1.606969e-03  0.000000e+00
    endloop
  endfacet
  facet normal  7.933534e-01  6.087614e-01  0.000000e+00
    outer loop
      vertex   1.915111e-03  1.606969e-03  2.500000e-02
      vertex   2.047880e-03  1.433941e-03  2.500000e-02
      vertex   1.915111e-03  1.606969e-03  0.000000e+00
    endloop
  endfacet
  facet normal  7.933534e-01  6.087614e-01  0.000000e+00
    outer loop
      vertex   1.915111e-03  1.606969e-03  0.000000e+00
      vertex   2.047880e-03  1.433941e-03  2.500000e-02
      vertex   2.047880e-03  1.433941e-03  0.000000e+00
    endloop
  endfacet
  facet normal  8.433903e-01  5.373015e-01  0.000000e+00
    outer loop
      vertex   2.047880e-03  1.433941e-03  2.500000e-02
      vertex   2.165064e-03  1.250000e-03  2.500000e-02
      vertex   2.047880e-03  1.433941e-03  0.000000e+00
    endloop
  endfacet
  facet normal  8.433903e-01  5.373015e-01  0.000000e+00
    outer loop
      vertex   2.047880e-03  1.433941e-03  0.000000e+00
      vertex   2.165064e-03  1.250000e-03  2.500000e-02
      vertex   2.165064e-03  1.250000e-03  0.000000e+00
    endloop
  endfacet
  facet normal  8.870104e-01  4.617495e-01  0.000000e+00
    outer loop
      vertex   2.165064e-03  1.250000e-03  2.500000e-02
      vertex   2.265770e-03  1.056546e-03  2.500000e-02
      vertex   2.165064e-03  1.250000e-03  0.000000e+00
    endloop
  endfacet
  facet normal  8.870104e-01  4.617495e-01  0.000000e+00
    outer loop
      vertex   2.165064e-03  1.250000e-03  0.000000e+00
      vertex   2.265770e-03  1.056546e-03  2.500000e-02
      vertex   2.265770e-03  1.056546e-03  0.000000e+00
    endloop
  endfacet
  facet normal  9.238798e-01  3.826828e-01  0.000000e+00
    outer loop
      vertex   2.265770e-03  1.056546e-03  2.500000e-02
      vertex   2.349232e-03  8.550503e-04  2.500000e-02
      vertex   2.265770e-03  1.056546e-03  0.000000e+00
    endloop
  endfacet
  facet normal  9.238798e-01  3.826828e-01  0.000000e+00
    outer loop
      vertex   2.265770e-03  1.056546e-03  0.000000e+00
      vertex   2.349232e-03  8.550503e-04  2.500000e-02
      vertex   2.349232e-03  8.550503e-04  0.000000e+00
    endloop
  endfacet
  facet normal  9.537172e-01  3.007050e-01  0.000000e+00
    outer loop
      vertex   2.349232e-03  8.550503e-04  2.500000e-02
      vertex   2.414815e-03  6.470476e-04  2.500000e-02
      vertex   2.349232e-03  8.550503e-04  0.000000e+00
    endloop
  endfacet
  facet normal  9.537172e-01  3.007050e-01  0.000000e+00
    outer loop
      vertex   2.349232e-03  8.550503e-04  0.000000e+00
      vertex   2.414815e-03  6.470476e-04  2.500000e-02
      vertex   2.414815e-03  6.470476e-04  0.000000e+00
    endloop
  endfacet
  facet normal  9.762967e-01  2.164364e-01  0.000000e+00
    outer loop
      vertex   2.414815e-03  6.470476e-04  2.500000e-02
      vertex   2.462019e-03  4.341204e-04  2.500000e-02
      vertex   2.414815e-03  6.470476e-04  0.000000e+00
    endloop
  endfacet
  facet normal  9.762967e-01  2.164364e-01  0.000000e+00
    outer loop
      vertex   2.414815e-03  6.470476e-04  0.000000e+00
      vertex   2.462019e-03  4.341204e-04  2.500000e-02
      vertex   2.462019e-03  4.341204e-04  0.000000e+00
    endloop
  endfacet
  facet normal  9.914445e-01  1.305290e-01  0.000000e+00
    outer loop
      vertex   2.462019e-03  4.341204e-04  2.500000e-02
      vertex   2.490487e-03  2.178894e-04  2.500000e-02
      vertex   2.462019e-03  4.341204e-04  0.000000e+00
    endloop
  endfacet
  facet normal  9.914445e-01  1.305290e-01  0.000000e+00
    outer loop
      vertex   2.462019e-03  4.341204e-04  0.000000e+00
      vertex   2.490487e-03  2.178894e-04  2.500000e-02
      vertex   2.490487e-03  2.178894e-04  0.000000e+00
    endloop
  endfacet
  facet normal  9.990483e-01  4.361819e-02  0.000000e+00
    outer loop
      vertex   2.490487e-03  2.178894e-04  2.500000e-02
      vertex   2.500000e-03  1.071566e-18  2.500000e-02
      vertex   2.490487e-03  2.178894e-04  0.000000e+00
    endloop
  endfacet
  facet normal  9.990483e-01  4.361819e-02 -1.092414e-18
    outer loop
      vertex   2.490487e-03  2.178894e-04  0.000000e+00
      vertex   2.500000e-03  1.071566e-18  2.500000e-02
      vertex   2.500000e-03  4.592426e-19  0.000000e+00
    endloop
  endfacet
  facet normal  9.990483e-01 -4.361819e-02  1.068337e-18
    outer loop
      vertex   2.500000e-03  1.071566e-18  2.500000e-02
      vertex   2.490487e-03 -2.178894e-04  2.500000e-02
      vertex   2.500000e-03  4.592426e-19  0.000000e+00
    endloop
  endfacet
  facet normal  9.990483e-01 -4.361819e-02 -3.045241e-20
    outer loop
      vertex   2.500000e-03  4.592426e-19  0.000000e+00
      vertex   2.490487e-03 -2.178894e-04  2.500000e-02
      vertex   2.490487e-03 -2.178894e-04  0.000000e+00
    endloop
  endfacet
  facet normal  9.914445e-01 -1.305290e-01  0.000000e+00
    outer loop
      vertex   2.490487e-03 -2.178894e-04  2.500000e-02
      vertex   2.462019e-03 -4.341204e-04  2.500000e-02
      vertex   2.490487e-03 -2.178894e-04  0.000000e+00
    endloop
  endfacet
  facet normal  9.914445e-01 -1.305290e-01  0.000000e+00
    outer loop
      vertex   2.490487e-03 -2.178894e-04  0.000000e+00
      vertex   2.462019e-03 -4.341204e-04  2.500000e-02
      vertex   2.462019e-03 -4.341204e-04  0.000000e+00
    endloop
  endfacet
  facet normal  9.762967e-01 -2.164364e-01  0.000000e+00
    outer loop
      vertex   2.462019e-03 -4.341204e-04  2.500000e-02
      vertex   2.414815e-03 -6.470476e-04  2.500000e-02
      vertex   2.462019e-03 -4.341204e-04  0.000000e+00
    endloop
  endfacet
  facet normal  9.762967e-01 -2.164364e-01  0.000000e+00
    outer loop
      vertex   2.462019e-03 -4.341204e-04  0.000000e+00
      vertex   2.414815e-03 -6.470476e-04  2.500000e-02
      vertex   2.414815e-03 -6.470476e-04  0.000000e+00
    endloop
  endfacet
  facet normal  9.537172e-01 -3.007050e-01  0.000000e+00
    outer loop
      vertex   2.414815e-03 -6.470476e-04  2.500000e-02
      vertex   2.349232e-03 -8.550503e-04  2.500000e-02
      vertex   2.414815e-03 -6.470476e-04  0.000000e+00
    endloop
  endfacet
  facet normal  9.537172e-01 -3.007050e-01  0.000000e+00
    outer loop
      vertex   2.414815e-03 -6.470476e-04  0.000000e+00
      vertex   2.349232e-03 -8.550503e-04  2.500000e-02
      vertex   2.349232e-03 -8.550503e-04  0.000000e+00
    endloop
  endfacet
  facet normal  9.238798e-01 -3.826828e-01  0.000000e+00
    outer loop
      vertex   2.349232e-03 -8.550503e-04  2.500000e-02
      vertex   2.265770e-03 -1.056546e-03  2.500000e-02
      vertex   2.349232e-03 -8.550503e-04  0.000000e+00
    endloop
  endfacet
  facet normal  9.238798e-01 -3.826828e-01  0.000000e+00
    outer loop
      vertex   2.349232e-03 -8.550503e-04  0.000000e+00
      vertex   2.265770e-03 -1.056546e-03  2.500000e-02
      vertex   2.265770e-03 -1.056546e-03  0.000000e+00
    endloop
  endfacet
  facet normal  8.870104e-01 -4.617495e-01  0.000000e+00
    outer loop
      vertex   2.265770e-03 -1.056546e-03  2.500000e-02
      vertex   2.165064e-03 -1.250000e-03  2.500000e-02
      vertex   2.265770e-03 -1.056546e-03  0.000000e+00
    endloop
  endfacet
  facet normal  8.870104e-01 -4.617495e-01  0.000000e+00
    outer loop
      vertex   2.265770e-03 -1.056546e-03  0.000000e+00
      vertex   2.165064e-03 -1.250000e-03  2.500000e-02
      vertex   2.165064e-03 -1.250000e-03  0.000000e+00
    endloop
  endfacet
  facet normal  8.433903e-01 -5.373015e-01  0.000000e+00
    outer loop
      vertex   2.165064e-03 -1.250000e-03  2.500000e-02
      vertex   2.047880e-03 -1.433941e-03  2.500000e-02
      vertex   2.165064e-03 -1.250000e-03  0.000000e+00
    endloop
  endfacet
  facet normal  8.433903e-01 -5.373015e-01  0.000000e+00
    outer loop
      vertex   2.165064e-03 -1.250000e-03  0.000000e+00
      vertex   2.047880e-03 -1.433941e-03  2.500000e-02
      vertex   2.047880e-03 -1.433941e-03  0.000000e+00
    endloop
  endfacet
  facet normal  7.933534e-01 -6.087614e-01  0.000000e+00
    outer loop
      vertex   2.047880e-03 -1.433941e-03  2.500000e-02
      vertex   1.915111e-03 -1.606969e-03  2.500000e-02
      vertex   2.047880e-03 -1.433941e-03  0.000000e+00
    endloop
  endfacet
  facet normal  7.933534e-01 -6.087614e-01  0.000000e+00
    outer loop
      vertex   2.047880e-03 -1.433941e-03  0.000000e+00
      vertex   1.915111e-03 -1.606969e-03  2.500000e-02
      vertex   1.915111e-03 -1.606969e-03  0.000000e+00
    endloop
  endfacet
  facet normal  7.372779e-01 -6.755896e-01  0.000000e+00
    outer loop
      vertex   1.915111e-03 -1.606969e-03  2.500000e-02
      vertex   1.767767e-03 -1.767767e-03  2.500000e-02
      vertex   1.915111e-03 -1.606969e-03  0.000000e+00
    endloop
  endfacet
  facet normal  7.372779e-01 -6.755896e-01  0.000000e+00
    outer loop
      vertex   1.915111e-03 -1.606969e-03  0.000000e+00
      vertex   1.767767e-03 -1.767767e-03  2.500000e-02
      vertex   1.767767e-03 -1.767767e-03  0.000000e+00
    endloop
  endfacet
  facet normal  6.755896e-01 -7.372779e-01  0.000000e+00
    outer loop
      vertex   1.767767e-03 -1.767767e-03  2.500000e-02
      vertex   1.606969e-03 -1.915111e-03  2.500000e-02
      vertex   1.767767e-03 -1.767767e-03  0.000000e+00
    endloop
  endfacet
  facet normal  6.755896e-01 -7.372779e-01  0.000000e+00
    outer loop
      vertex   1.767767e-03 -1.767767e-03  0.000000e+00
      vertex   1.606969e-03 -1.915111e-03  2.500000e-02
      vertex   1.606969e-03 -1.915111e-03  0.000000e+00
    endloop
  endfacet
  facet normal  6.087614e-01 -7.933534e-01  0.000000e+00
    outer loop
      vertex   1.606969e-03 -1.915111e-03  2.500000e-02
      vertex   1.433941e-03 -2.047880e-03  2.500000e-02
      vertex   1.606969e-03 -1.915111e-03  0.000000e+00
    endloop
  endfacet
  facet normal  6.087614e-01 -7.933534e-01  0.000000e+00
    outer loop
      vertex   1.606969e-03 -1.915111e-03  0.000000e+00
      vertex   1.433941e-03 -2.047880e-03  2.500000e-02
      vertex   1.433941e-03 -2.047880e-03  0.000000e+00
    endloop
  endfacet
  facet normal  5.373015e-01 -8.433903e-01  0.000000e+00
    outer loop
      vertex   1.433941e-03 -2.047880e-03  2.500000e-02
      vertex   1.250000e-03 -2.165064e-03  2.500000e-02
      vertex   1.433941e-03 -2.047880e-03  0.000000e+00
    endloop
  endfacet
  facet normal  5.373015e-01 -8.433903e-01  0.000000e+00
    outer loop
      vertex   1.433941e-03 -2.047880e-03  0.000000e+00
      vertex   1.250000e-03 -2.165064e-03  2.500000e-02
      vertex   1.250000e-03 -2.165064e-03  0.000000e+00
    endloop
  endfacet
  facet normal  4.617495e-01 -8.870104e-01  0.000000e+00
    outer loop
      vertex   1.250000e-03 -2.165064e-03  2.500000e-02
      vertex   1.056546e-03 -2.265770e-03  2.500000e-02
      vertex   1.250000e-03 -2.165064e-03  0.000000e+00
    endloop
  endfacet
  facet normal  4.617495e-01 -8.870104e-01  0.000000e+00
    outer loop
      vertex   1.250000e-03 -2.165064e-03  0.000000e+00
      vertex   1.056546e-03 -2.265770e-03  2.500000e-02
      vertex   1.056546e-03 -2.265770e-03  0.000000e+00
    endloop
  endfacet
  facet normal  3.826828e-01 -9.238798e-01  0.000000e+00
    outer loop
      vertex   1.056546e-03 -2.265770e-03  2.500000e-02
      vertex   8.550503e-04 -2.349232e-03  2.500000e-02
      vertex   1.056546e-03 -2.265770e-03  0.000000e+00
    endloop
  endfacet
  facet normal  3.826828e-01 -9.238798e-01  0.000000e+00
    outer loop
      vertex   1.056546e-03 -2.265770e-03  0.000000e+00
      vertex   8.550503e-04 -2.349232e-03  2.500000e-02
      vertex   8.550503e-04 -2.349232e-03  0.000000e+00
    endloop
  endfacet
  facet normal  3.007050e-01 -9.537172e-01  0.000000e+00
    outer loop
      vertex   8.550503e-04 -2.349232e-03  2.500000e-02
      vertex   6.470476e-04 -2.414815e-03  2.500000e-02
      vertex   8.550503e-04 -2.349232e-03  0.000000e+00
    endloop
  endfacet
  facet normal  3.007050e-01 -9.537172e-01  0.000000e+00
    outer loop
      vertex   8.550503e-04 -2.349232e-03  0.000000e+00
      vertex   6.470476e-04 -2.414815e-03  2.500000e-02
      vertex   6.470476e-04 -2.414815e-03  0.000000e+00
    endloop
  endfacet
  facet normal  2.164364e-01 -9.762967e-01  0.000000e+00
    outer loop
      vertex   6.470476e-04 -2.414815e-03  2.500000e-02
      vertex   4.341204e-04 -2.462019e-03  2.500000e-02
      vertex   6.470476e-04 -2.414815e-03  0.000000e+00
    endloop
  endfacet
  facet normal  2.164364e-01 -9.762967e-01  0.000000e+00
    outer loop
      vertex   6.470476e-04 -2.414815e-03  0.000000e+00
      vertex   4.341204e-04 -2.462019e-03  2.500000e-02
      vertex   4.341204e-04 -2.462019e-03  0.000000e+00
    endloop
  endfacet
  facet normal  1.305290e-01 -9.914445e-01  0.000000e+00
    outer loop
      vertex   4.341204e-04 -2.462019e-03  2.500000e-02
      vertex   2.178894e-04 -2.490487e-03  2.500000e-02
      vertex   4.341204e-04 -2.462019e-03  0.000000e+00
    endloop
  endfacet
  facet normal  1.305290e-01 -9.914445e-01  0.000000e+00
    outer loop
      vertex   4.341204e-04 -2.462019e-03  0.000000e+00
      vertex   2.178894e-04 -2.490487e-03  2.500000e-02
      vertex   2.178894e-04 -2.490487e-03  0.000000e+00
    endloop
  endfacet
  facet normal  4.361819e-02 -9.990483e-01  0.000000e+00
    outer loop
      vertex   2.178894e-04 -2.490487e-03  2.500000e-02
      vertex   2.679689e-18 -2.500000e-03  2.500000e-02
      vertex   2.178894e-04 -2.490487e-03  0.000000e+00
    endloop
  endfacet
  facet normal  4.361819e-02 -9.990483e-01  2.116969e-20
    outer loop
      vertex   2.178894e-04 -2.490487e-03  0.000000e+00
      vertex   2.679689e-18 -2.500000e-03  2.500000e-02
      vertex   2.679689e-18 -2.500000e-03  0.000000e+00
    endloop
  endfacet
  facet normal -4.361819e-02 -9.990483e-01 -0.000000e+00
    outer loop
      vertex   2.679689e-18 -2.500000e-03  2.500000e-02
      vertex  -2.178894e-04 -2.490487e-03  2.500000e-02
      vertex   2.679689e-18 -2.500000e-03  0.000000e+00
    endloop
  endfacet
  facet normal -4.361819e-02 -9.990483e-01  2.116969e-20
    outer loop
      vertex   2.679689e-18 -2.500000e-03  0.000000e+00
      vertex  -2.178894e-04 -2.490487e-03  2.500000e-02
      vertex  -2.178894e-04 -2.490487e-03  0.000000e+00
    endloop
  endfacet
  facet normal -1.305290e-01 -9.914445e-01 -0.000000e+00
    outer loop
      vertex  -2.178894e-04 -2.490487e-03  2.500000e-02
      vertex  -4.341204e-04 -2.462019e-03  2.500000e-02
      vertex  -2.178894e-04 -2.490487e-03  0.000000e+00
    endloop
  endfacet
  facet normal -1.305290e-01 -9.914445e-01  0.000000e+00
    outer loop
      vertex  -2.178894e-04 -2.490487e-03  0.000000e+00
      vertex  -4.341204e-04 -2.462019e-03  2.500000e-02
      vertex  -4.341204e-04 -2.462019e-03  0.000000e+00
    endloop
  endfacet
  facet normal -2.164364e-01 -9.762967e-01 -0.000000e+00
    outer loop
      vertex  -4.341204e-04 -2.462019e-03  2.500000e-02
      vertex  -6.470476e-04 -2.414815e-03  2.500000e-02
      vertex  -4.341204e-04 -2.462019e-03  0.000000e+00
    endloop
  endfacet
  facet normal -2.164364e-01 -9.762967e-01  0.000000e+00
    outer loop
      vertex  -4.341204e-04 -2.462019e-03  0.000000e+00
      vertex  -6.470476e-04 -2.414815e-03  2.500000e-02
      vertex  -6.470476e-04 -2.414815e-03  0.000000e+00
    endloop
  endfacet
  facet normal -3.007050e-01 -9.537172e-01 -0.000000e+00
    outer loop
      vertex  -6.470476e-04 -2.414815e-03  2.500000e-02
      vertex  -8.550503e-04 -2.349232e-03  2.500000e-02
      vertex  -6.470476e-04 -2.414815e-03  0.000000e+00
    endloop
  endfacet
  facet normal -3.007050e-01 -9.537172e-01  0.000000e+00
    outer loop
      vertex  -6.470476e-04 -2.414815e-03  0.000000e+00
      vertex  -8.550503e-04 -2.349232e-03  2.500000e-02
      vertex  -8.550503e-04 -2.349232e-03  0.000000e+00
    endloop
  endfacet
  facet normal -3.826828e-01 -9.238798e-01 -0.000000e+00
    outer loop
      vertex  -8.550503e-04 -2.349232e-03  2.500000e-02
      vertex  -1.056546e-03 -2.265770e-03  2.500000e-02
      vertex  -8.550503e-04 -2.349232e-03  0.000000e+00
    endloop
  endfacet
  facet normal -3.826828e-01 -9.238798e-01  0.000000e+00
    outer loop
      vertex  -8.550503e-04 -2.349232e-03  0.000000e+00
      vertex  -1.056546e-03 -2.265770e-03  2.500000e-02
      vertex  -1.056546e-03 -2.265770e-03  0.000000e+00
    endloop
  endfacet
  facet normal -4.617495e-01 -8.870104e-01 -0.000000e+00
    outer loop
      vertex  -1.056546e-03 -2.265770e-03  2.500000e-02
      vertex  -1.250000e-03 -2.165064e-03  2.500000e-02
      vertex  -1.056546e-03 -2.265770e-03  0.000000e+00
    endloop
  endfacet
  facet normal -4.617495e-01 -8.870104e-01  0.000000e+00
    outer loop
      vertex  -1.056546e-03 -2.265770e-03  0.000000e+00
      vertex  -1.250000e-03 -2.165064e-03  2.500000e-02
      vertex  -1.250000e-03 -2.165064e-03  0.000000e+00
    endloop
  endfacet
  facet normal -5.373015e-01 -8.433903e-01 -0.000000e+00
    outer loop
      vertex  -1.250000e-03 -2.165064e-03  2.500000e-02
      vertex  -1.433941e-03 -2.047880e-03  2.500000e-02
      vertex  -1.250000e-03 -2.165064e-03  0.000000e+00
    endloop
  endfacet
  facet normal -5.373015e-01 -8.433903e-01  0.000000e+00
    outer loop
      vertex  -1.250000e-03 -2.165064e-03  0.000000e+00
      vertex  -1.433941e-03 -2.047880e-03  2.500000e-02
      vertex  -1.433941e-03 -2.047880e-03  0.000000e+00
    endloop
  endfacet
  facet normal -6.087614e-01 -7.933534e-01 -0.000000e+00
    outer loop
      vertex  -1.433941e-03 -2.047880e-03  2.500000e-02
      vertex  -1.606969e-03 -1.915111e-03  2.500000e-02
      vertex  -1.433941e-03 -2.047880e-03  0.000000e+00
    endloop
  endfacet
  facet normal -6.087614e-01 -7.933534e-01  0.000000e+00
    outer loop
      vertex  -1.433941e-03 -2.047880e-03  0.000000e+00
      vertex  -1.606969e-03 -1.915111e-03  2.500000e-02
      vertex  -1.606969e-03 -1.915111e-03  0.000000e+00
    endloop
  endfacet
  facet normal -6.755896e-01 -7.372779e-01 -0.000000e+00
    outer loop
      vertex  -1.606969e-03 -1.915111e-03  2.500000e-02
      vertex  -1.767767e-03 -1.767767e-03  2.500000e-02
      vertex  -1.606969e-03 -1.915111e-03  0.000000e+00
    endloop
  endfacet
  facet normal -6.755896e-01 -7.372779e-01  0.000000e+00
    outer loop
      vertex  -1.606969e-03 -1.915111e-03  0.000000e+00
      vertex  -1.767767e-03 -1.767767e-03  2.500000e-02
      vertex  -1.767767e-03 -1.767767e-03  0.000000e+00
    endloop
  endfacet
  facet normal -7.372779e-01 -6.755896e-01 -0.000000e+00
    outer loop
      vertex  -1.767767e-03 -1.767767e-03  2.500000e-02
      vertex  -1.915111e-03 -1.606969e-03  2.500000e-02
      vertex  -1.767767e-03 -1.767767e-03  0.000000e+00
    endloop
  endfacet
  facet normal -7.372779e-01 -6.755896e-01  0.000000e+00
    outer loop
      vertex  -1.767767e-03 -1.767767e-03  0.000000e+00
      vertex  -1.915111e-03 -1.606969e-03  2.500000e-02
      vertex  -1.915111e-03 -1.606969e-03  0.000000e+00
    endloop
  endfacet
  facet normal -7.933534e-01 -6.087614e-01 -0.000000e+00
    outer loop
      vertex  -1.915111e-03 -1.606969e-03  2.500000e-02
      vertex  -2.047880e-03 -1.433941e-03  2.500000e-02
      vertex  -1.915111e-03 -1.606969e-03  0.000000e+00
    endloop
  endfacet
  facet normal -7.933534e-01 -6.087614e-01  0.000000e+00
    outer loop
      vertex  -1.915111e-03 -1.606969e-03  0.000000e+00
      vertex  -2.047880e-03 -1.433941e-03  2.500000e-02
      vertex  -2.047880e-03 -1.433941e-03  0.000000e+00
    endloop
  endfacet
  facet normal -8.433903e-01 -5.373015e-01 -0.000000e+00
    outer loop
      vertex  -2.047880e-03 -1.433941e-03  2.500000e-02
      vertex  -2.165064e-03 -1.250000e-03  2.500000e-02
      vertex  -2.047880e-03 -1.433941e-03  0.000000e+00
    endloop
  endfacet
  facet normal -8.433903e-01 -5.373015e-01  0.000000e+00
    outer loop
      vertex  -2.047880e-03 -1.433941e-03  0.000000e+00
      vertex  -2.165064e-03 -1.250000e-03  2.500000e-02
      vertex  -2.165064e-03 -1.250000e-03  0.000000e+00
    endloop
  endfacet
  facet normal -8.870104e-01 -4.617495e-01 -0.000000e+00
    outer loop
      vertex  -2.165064e-03 -1.250000e-03  2.500000e-02
      vertex  -2.265770e-03 -1.056546e-03  2.500000e-02
      vertex  -2.165064e-03 -1.250000e-03  0.000000e+00
    endloop
  endfacet
  facet normal -8.870104e-01 -4.617495e-01  0.000000e+00
    outer loop
      vertex  -2.165064e-03 -1.250000e-03  0.000000e+00
      vertex  -2.265770e-03 -1.056546e-03  2.500000e-02
      vertex  -2.265770e-03 -1.056546e-03  0.000000e+00
    endloop
  endfacet
  facet normal -9.238798e-01 -3.826828e-01 -0.000000e+00
    outer loop
      vertex  -2.265770e-03 -1.056546e-03  2.500000e-02
      vertex  -2.349232e-03 -8.550503e-04  2.500000e-02
      vertex  -2.265770e-03 -1.056546e-03  0.000000e+00
    endloop
  endfacet
  facet normal -9.238798e-01 -3.826828e-01  0.000000e+00
    outer loop
      vertex  -2.265770e-03 -1.056546e-03  0.000000e+00
      vertex  -2.349232e-03 -8.550503e-04  2.500000e-02
      vertex  -2.349232e-03 -8.550503e-04  0.000000e+00
    endloop
  endfacet
  facet normal -9.537172e-01 -3.007050e-01 -0.000000e+00
    outer loop
      vertex  -2.349232e-03 -8.550503e-04  2.500000e-02
      vertex  -2.414815e-03 -6.470476e-04  2.500000e-02
      vertex  -2.349232e-03 -8.550503e-04  0.000000e+00
    endloop
  endfacet
  facet normal -9.537172e-01 -3.007050e-01  0.000000e+00
    outer loop
      vertex  -2.349232e-03 -8.550503e-04  0.000000e+00
      vertex  -2.414815e-03 -6.470476e-04  2.500000e-02
      vertex  -2.414815e-03 -6.470476e-04  0.000000e+00
    endloop
  endfacet
  facet normal -9.762967e-01 -2.164364e-01 -0.000000e+00
    outer loop
      vertex  -2.414815e-03 -6.470476e-04  2.500000e-02
      vertex  -2.462019e-03 -4.341204e-04  2.500000e-02
      vertex  -2.414815e-03 -6.470476e-04  0.000000e+00
    endloop
  endfacet
  facet normal -9.762967e-01 -2.164364e-01  0.000000e+00
    outer loop
      vertex  -2.414815e-03 -6.470476e-04  0.000000e+00
      vertex  -2.462019e-03 -4.341204e-04  2.500000e-02
      vertex  -2.462019e-03 -4.341204e-04  0.000000e+00
    endloop
  endfacet
  facet normal -9.914445e-01 -1.305290e-01 -0.000000e+00
    outer loop
      vertex  -2.462019e-03 -4.341204e-04  2.500000e-02
      vertex  -2.490487e-03 -2.178894e-04  2.500000e-02
      vertex  -2.462019e-03 -4.341204e-04  0.000000e+00
    endloop
  endfacet
  facet normal -9.914445e-01 -1.305290e-01  0.000000e+00
    outer loop
      vertex  -2.462019e-03 -4.341204e-04  0.000000e+00
      vertex  -2.490487e-03 -2.178894e-04  2.500000e-02
      vertex  -2.490487e-03 -2.178894e-04  0.000000e+00
    endloop
  endfacet
  facet normal -9.990483e-01 -4.361819e-02 -0.000000e+00
    outer loop
      vertex  -2.490487e-03 -2.178894e-04  2.500000e-02
      vertex  -2.500000e-03  1.530808e-19  2.500000e-02
      vertex  -2.490487e-03 -2.178894e-04  0.000000e+00
    endloop
  endfacet
  facet normal -9.990483e-01 -4.361819e-02  1.967195e-20
    outer loop
      vertex  -2.490487e-03 -2.178894e-04  0.000000e+00
      vertex  -2.500000e-03  1.530808e-19  2.500000e-02
      vertex  -2.500000e-03  1.530808e-19  0.000000e+00
    endloop
  endfacet
  facet normal -9.990483e-01  4.361819e-02  0.000000e+00
    outer loop
      vertex  -2.500000e-03  1.530808e-19  2.500000e-02
      vertex  -2.490487e-03  2.178894e-04  2.500000e-02
      vertex  -2.500000e-03  1.530808e-19  0.000000e+00
    endloop
  endfacet
  facet normal  0.000000e+00 -0.000000e+00  1.000000e+00
    outer loop
      vertex   2.462019e-03 -4.341204e-04  2.500000e-02
      vertex   2.490487e-03 -2.178894e-04  2.500000e-02
      vertex   0.000000e+00  1.530808e-19  2.500000e-02
    endloop
  endfacet
  facet normal  0.000000e+00 -0.000000e+00  1.000000e+00
    outer loop
      vertex   2.490487e-03 -2.178894e-04  2.500000e-02
      vertex   2.500000e-03  1.071566e-18  2.500000e-02
      vertex   0.000000e+00  1.530808e-19  2.500000e-02
    endloop
  endfacet
  facet normal  0.000000e+00  0.000000e+00  1.000000e+00
    outer loop
      vertex   0.000000e+00  1.530808e-19  2.500000e-02
      vertex   2.500000e-03  1.071566e-18  2.500000e-02
      vertex   2.490487e-03  2.178894e-04  2.500000e-02
    endloop
  endfacet
  facet normal  0.000000e+00 -0.000000e+00  1.000000e+00
    outer loop
      vertex   2.265770e-03 -1.056546e-03  2.500000e-02
      vertex   2.349232e-03 -8.550503e-04  2.500000e-02
      vertex   0.000000e+00  1.530808e-19  2.500000e-02
    endloop
  endfacet
  facet normal  0.000000e+00 -0.000000e+00  1.000000e+00
    outer loop
      vertex   2.349232e-03 -8.550503e-04  2.500000e-02
      vertex   2.414815e-03 -6.470476e-04  2.500000e-02
      vertex   0.000000e+00  1.530808e-19  2.500000e-02
    endloop
  endfacet
  facet normal  0.000000e+00  0.000000e+00  1.000000e+00
    outer loop
      vertex   0.000000e+00  1.530808e-19  2.500000e-02
      vertex   2.414815e-03 -6.470476e-04  2.500000e-02
      vertex   2.462019e-03 -4.341204e-04  2.500000e-02
    endloop
  endfacet
  facet normal  0.000000e+00 -0.000000e+00  1.000000e+00
    outer loop
      vertex   1.915111e-03 -1.606969e-03  2.500000e-02
      vertex   2.047880e-03 -1.433941e-03  2.500000e-02
      vertex   0.000000e+00  1.530808e-19  2.500000e-02
    endloop
  endfacet
  facet normal  0.000000e+00 -0.000000e+00  1.000000e+00
    outer loop
      vertex   2.047880e-03 -1.433941e-03  2.500000e-02
      vertex   2.165064e-03 -1.250000e-03  2.500000e-02
      vertex   0.000000e+00  1.530808e-19  2.500000e-02
    endloop
  endfacet
  facet normal  0.000000e+00  0.000000e+00  1.000000e+00
    outer loop
      vertex   0.000000e+00  1.530808e-19  2.500000e-02
      vertex   2.165064e-03 -1.250000e-03  2.500000e-02
      vertex   2.265770e-03 -1.056546e-03  2.500000e-02
    endloop
  endfacet
  facet normal  0.000000e+00 -0.000000e+00  1.000000e+00
    outer loop
      vertex   1.433941e-03 -2.047880e-03  2.500000e-02
      vertex   1.606969e-03 -1.915111e-03  2.500000e-02
      vertex   0.000000e+00  1.530808e-19  2.500000e-02
    endloop
  endfacet
  facet normal  0.000000e+00 -0.000000e+00  1.000000e+00
    outer loop
      vertex   1.606969e-03 -1.915111e-03  2.500000e-02
      vertex   1.767767e-03 -1.767767e-03  2.500000e-02
      vertex   0.000000e+00  1.530808e-19  2.500000e-02
    endloop
  endfacet
  facet normal  0.000000e+00  0.000000e+00  1.000000e+00
    outer loop
      vertex   0.000000e+00  1.530808e-19  2.500000e-02
      vertex   1.767767e-03 -1.767767e-03  2.500000e-02
      vertex   1.915111e-03 -1.606969e-03  2.500000e-02
    endloop
  endfacet
  facet normal  0.000000e+00 -0.000000e+00  1.000000e+00
    outer loop
      vertex   8.550503e-04 -2.349232e-03  2.500000e-02
      vertex   1.056546e-03 -2.265770e-03  2.500000e-02
      vertex   0.000000e+00  1.530808e-19  2.500000e-02
    endloop
  endfacet
  facet normal  0.000000e+00 -0.000000e+00  1.000000e+00
    outer loop
      vertex   1.056546e-03 -2.265770e-03  2.500000e-02
      vertex   1.250000e-03 -2.165064e-03  2.500000e-02
      vertex   0.000000e+00  1.530808e-19  2.500000e-02
    endloop
  endfacet
  facet normal  0.000000e+00  0.000000e+00  1.000000e+00
    outer loop
      vertex   0.000000e+00  1.530808e-19  2.500000e-02
      vertex   1.250000e-03 -2.165064e-03  2.500000e-02
      vertex   1.433941e-03 -2.047880e-03  2.500000e-02
    endloop
  endfacet
  facet normal  0.000000e+00 -0.000000e+00  1.000000e+00
    outer loop
      vertex   2.178894e-04 -2.490487e-03  2.500000e-02
      vertex   4.341204e-04 -2.462019e-03  2.500000e-02
      vertex   0.000000e+00  1.530808e-19  2.500000e-02
    endloop
  endfacet
  facet normal  0.000000e+00 -0.000000e+00  1.000000e+00
    outer loop
      vertex   4.341204e-04 -2.462019e-03  2.500000e-02
      vertex   6.470476e-04 -2.414815e-03  2.500000e-02
      vertex   0.000000e+00  1.530808e-19  2.500000e-02
    endloop
  endfacet
  facet normal  0.000000e+00  0.000000e+00  1.000000e+00
    outer loop
      vertex   0.000000e+00  1.530808e-19  2.500000e-02
      vertex   6.470476e-04 -2.414815e-03  2.500000e-02
      vertex   8.550503e-04 -2.349232e-03  2.500000e-02
    endloop
  endfacet
  facet normal -0.000000e+00  0.000000e+00  1.000000e+00
    outer loop
      vertex  -4.341204e-04 -2.462019e-03  2.500000e-02
      vertex  -2.178894e-04 -2.490487e-03  2.500000e-02
      vertex   0.000000e+00  1.530808e-19  2.500000e-02
    endloop
  endfacet
  facet normal -0.000000e+00  0.000000e+00  1.000000e+00
    outer loop
      vertex  -2.178894e-04 -2.490487e-03  2.500000e-02
      vertex   2.679689e-18 -2.500000e-03  2.500000e-02
      vertex   0.000000e+00  1.530808e-19  2.500000e-02
    endloop
  endfacet
  facet normal  0.000000e+00  0.000000e+00  1.000000e+00
    outer loop
      vertex   0.000000e+00  1.530808e-19  2.500000e-02
      vertex   2.679689e-18 -2.500000e-03  2.500000e-02
      vertex   2.178894e-04 -2.490487e-03  2.500000e-02
    endloop
  endfacet
  facet normal -0.000000e+00  0.000000e+00  1.000000e+00
    outer loop
      vertex  -1.056546e-03 -2.265770e-03  2.500000e-02
      vertex  -8.550503e-04 -2.349232e-03  2.500000e-02
      vertex   0.000000e+00  1.530808e-19  2.500000e-02
    endloop
  endfacet
  facet normal -0.000000e+00  0.000000e+00  1.000000e+00
    outer loop
      vertex  -8.550503e-04 -2.349232e-03  2.500000e-02
      vertex  -6.470476e-04 -2.414815e-03  2.500000e-02
      vertex   0.000000e+00  1.530808e-19  2.500000e-02
    endloop
  endfacet
  facet normal  0.000000e+00  0.000000e+00  1.000000e+00
    outer loop
      vertex   0.000000e+00  1.530808e-19  2.500000e-02
      vertex  -6.470476e-04 -2.414815e-03  2.500000e-02
      vertex  -4.341204e-04 -2.462019e-03  2.500000e-02
    endloop
  endfacet
  facet normal -0.000000e+00  0.000000e+00  1.000000e+00
    outer loop
      vertex  -1.606969e-03 -1.915111e-03  2.500000e-02
      vertex  -1.433941e-03 -2.047880e-03  2.500000e-02
      vertex   0.000000e+00  1.530808e-19  2.500000e-02
    endloop
  endfacet
  facet normal -0.000000e+00  0.000000e+00  1.000000e+00
    outer loop
      vertex  -1.433941e-03 -2.047880e-03  2.500000e-02
      vertex  -1.250000e-03 -2.165064e-03  2.500000e-02
      vertex   0.000000e+00  1.530808e-19  2.500000e-02
    endloop
  endfacet
  facet normal  0.000000e+00  0.000000e+00  1.000000e+00
    outer loop
      vertex   0.000000e+00  1.530808e-19  2.500000e-02
      vertex  -1.250000e-03 -2.165064e-03  2.500000e-02
      vertex  -1.056546e-03 -2.265770e-03  2.500000e-02
    endloop
  endfacet
  facet normal -0.000000e+00  0.000000e+00  1.000000e+00
    outer loop
      vertex  -2.047880e-03 -1.433941e-03  2.500000e-02
      vertex  -1.915111e-03 -1.606969e-03  2.500000e-02
      vertex   0.000000e+00  1.530808e-19  2.500000e-02
    endloop
  endfacet
  facet normal -0.000000e+00  0.000000e+00  1.000000e+00
    outer loop
      vertex  -1.915111e-03 -1.606969e-03  2.500000e-02
      vertex  -1.767767e-03 -1.767767e-03  2.500000e-02
      vertex   0.000000e+00  1.530808e-19  2.500000e-02
    endloop
  endfacet
  facet normal  0.000000e+00  0.000000e+00  1.000000e+00
    outer loop
      vertex   0.000000e+00  1.530808e-19  2.500000e-02
      vertex  -1.767767e-03 -1.767767e-03  2.500000e-02
      vertex  -1.606969e-03 -1.915111e-03  2.500000e-02
    endloop
  endfacet
  facet normal -0.000000e+00  0.000000e+00  1.000000e+00
    outer loop
      vertex  -2.349232e-03 -8.550503e-04  2.500000e-02
      vertex  -2.265770e-03 -1.056546e-03  2.500000e-02
      vertex   0.000000e+00  1.530808e-19  2.500000e-02
    endloop
  endfacet
  facet normal -0.000000e+00  0.000000e+00  1.000000e+00
    outer loop
      vertex  -2.265770e-03 -1.056546e-03  2.500000e-02
      vertex  -2.165064e-03 -1.250000e-03  2.500000e-02
      vertex   0.000000e+00  1.530808e-19  2.500000e-02
    endloop
  endfacet
  facet normal  0.000000e+00  0.000000e+00  1.000000e+00
    outer loop
      vertex   0.000000e+00  1.530808e-19  2.500000e-02
      vertex  -2.165064e-03 -1.250000e-03  2.500000e-02
      vertex  -2.047880e-03 -1.433941e-03  2.500000e-02
    endloop
  endfacet
  facet normal -0.000000e+00  0.000000e+00  1.000000e+00
    outer loop
      vertex  -2.490487e-03 -2.178894e-04  2.500000e-02
      vertex  -2.462019e-03 -4.341204e-04  2.500000e-02
      vertex   0.000000e+00  1.530808e-19  2.500000e-02
    endloop
  endfacet
  facet normal -0.000000e+00  0.000000e+00  1.000000e+00
    outer loop
      vertex  -2.462019e-03 -4.341204e-04  2.500000e-02
      vertex  -2.414815e-03 -6.470476e-04  2.500000e-02
      vertex   0.000000e+00  1.530808e-19  2.500000e-02
    endloop
  endfacet
  facet normal  0.000000e+00  0.000000e+00  1.000000e+00
    outer loop
      vertex   0.000000e+00  1.530808e-19  2.500000e-02
      vertex  -2.414815e-03 -6.470476e-04  2.500000e-02
      vertex  -2.349232e-03 -8.550503e-04  2.500000e-02
    endloop
  endfacet
  facet normal  0.000000e+00  0.000000e+00  1.000000e+00
    outer loop
      vertex  -2.462019e-03  4.341204e-04  2.500000e-02
      vertex  -2.490487e-03  2.178894e-04  2.500000e-02
      vertex   0.000000e+00  1.530808e-19  2.500000e-02
    endloop
  endfacet
  facet normal  0.000000e+00  0.000000e+00  1.000000e+00
    outer loop
      vertex  -2.490487e-03  2.178894e-04  2.500000e-02
      vertex  -2.500000e-03  1.530808e-19  2.500000e-02
      vertex   0.000000e+00  1.530808e-19  2.500000e-02
    endloop
  endfacet
  facet normal  0.000000e+00  0.000000e+00  1.000000e+00
    outer loop
      vertex   0.000000e+00  1.530808e-19  2.500000e-02
      vertex  -2.500000e-03  1.530808e-19  2.500000e-02
      vertex  -2.490487e-03 -2.178894e-04  2.500000e-02
    endloop
  endfacet
  facet normal  0.000000e+00  0.000000e+00  1.000000e+00
    outer loop
      vertex  -2.265770e-03  1.056546e-03  2.500000e-02
      vertex  -2.349232e-03  8.550503e-04  2.500000e-02
      vertex   0.000000e+00  1.530808e-19  2.500000e-02
    endloop
  endfacet
  facet normal  0.000000e+00  0.000000e+00  1.000000e+00
    outer loop
      vertex  -2.349232e-03  8.550503e-04  2.500000e-02
      vertex  -2.414815e-03  6.470476e-04  2.500000e-02
      vertex   0.000000e+00  1.530808e-19  2.500000e-02
    endloop
  endfacet
  facet normal  0.000000e+00  0.000000e+00  1.000000e+00
    outer loop
      vertex   0.000000e+00  1.530808e-19  2.500000e-02
      vertex  -2.414815e-03  6.470476e-04  2.500000e-02
      vertex  -2.462019e-03  4.341204e-04  2.500000e-02
    endloop
  endfacet
  facet normal  0.000000e+00  0.000000e+00  1.000000e+00
    outer loop
      vertex  -1.915111e-03  1.606969e-03  2.500000e-02
      vertex  -2.047880e-03  1.433941e-03  2.500000e-02
      vertex   0.000000e+00  1.530808e-19  2.500000e-02
    endloop
  endfacet
  facet normal  0.000000e+00  0.000000e+00  1.000000e+00
    outer loop
      vertex  -2.047880e-03  1.433941e-03  2.500000e-02
      vertex  -2.165064e-03  1.250000e-03  2.500000e-02
      vertex   0.000000e+00  1.530808e-19  2.500000e-02
    endloop
  endfacet
  facet normal  0.000000e+00  0.000000e+00  1.000000e+00
    outer loop
      vertex   0.000000e+00  1.530808e-19  2.500000e-02
      vertex  -2.165064e-03  1.250000e-03  2.500000e-02
      vertex  -2.265770e-03  1.056546e-03  2.500000e-02
    endloop
  endfacet
  facet normal  0.000000e+00  0.000000e+00  1.000000e+00
    outer loop
      vertex  -1.433941e-03  2.047880e-03  2.500000e-02
      vertex  -1.606969e-03  1.915111e-03  2.500000e-02
      vertex   0.000000e+00  1.530808e-19  2.500000e-02
    endloop
  endfacet
  facet normal  0.000000e+00  0.000000e+00  1.000000e+00
    outer loop
      vertex  -1.606969e-03  1.915111e-03  2.500000e-02
      vertex  -1.767767e-03  1.767767e-03  2.500000e-02
      vertex   0.000000e+00  1.530808e-19  2.500000e-02
    endloop
  endfacet
  facet normal  0.000000e+00  0.000000e+00  1.000000e+00
    outer loop
      vertex   0.000000e+00  1.530808e-19  2.500000e-02
      vertex  -1.767767e-03  1.767767e-03  2.500000e-02
      vertex  -1.915111e-03  1.606969e-03  2.500000e-02
    endloop
  endfacet
  facet normal  0.000000e+00  0.000000e+00  1.000000e+00
    outer loop
      vertex  -8.550503e-04  2.349232e-03  2.500000e-02
      vertex  -1.056546e-03  2.265770e-03  2.500000e-02
      vertex   0.000000e+00  1.530808e-19  2.500000e-02
    endloop
  endfacet
  facet normal  0.000000e+00  0.000000e+00  1.000000e+00
    outer loop
      vertex  -1.056546e-03  2.265770e-03  2.500000e-02
      vertex  -1.250000e-03  2.165064e-03  2.500000e-02
      vertex   0.000000e+00  1.530808e-19  2.500000e-02
    endloop
  endfacet
  facet normal  0.000000e+00  0.000000e+00  1.000000e+00
    outer loop
      vertex   0.000000e+00  1.530808e-19  2.500000e-02
      vertex  -1.250000e-03  2.165064e-03  2.500000e-02
      vertex  -1.433941e-03  2.047880e-03  2.500000e-02
    endloop
  endfacet
  facet normal  0.000000e+00  0.000000e+00  1.000000e+00
    outer loop
      vertex  -2.178894e-04  2.490487e-03  2.500000e-02
      vertex  -4.341204e-04  2.462019e-03  2.500000e-02
      vertex   0.000000e+00  1.530808e-19  2.500000e-02
    endloop
  endfacet
  facet normal  0.000000e+00  0.000000e+00  1.000000e+00
    outer loop
      vertex  -4.341204e-04  2.462019e-03  2.500000e-02
      vertex  -6.470476e-04  2.414815e-03  2.500000e-02
      vertex   0.000000e+00  1.530808e-19  2.500000e-02
    endloop
  endfacet
  facet normal  0.000000e+00  0.000000e+00  1.000000e+00
    outer loop
      vertex   0.000000e+00  1.530808e-19  2.500000e-02
      vertex  -6.470476e-04  2.414815e-03  2.500000e-02
      vertex  -8.550503e-04  2.349232e-03  2.500000e-02
    endloop
  endfacet
  facet normal  0.000000e+00  0.000000e+00  1.000000e+00
    outer loop
      vertex   4.341204e-04  2.462019e-03  2.500000e-02
      vertex   2.178894e-04  2.490487e-03  2.500000e-02
      vertex   0.000000e+00  1.530808e-19  2.500000e-02
    endloop
  endfacet
  facet normal  0.000000e+00  0.000000e+00  1.000000e+00
    outer loop
      vertex   2.178894e-04  2.490487e-03  2.500000e-02
      vertex  -7.081924e-19  2.500000e-03  2.500000e-02
      vertex   0.000000e+00  1.530808e-19  2.500000e-02
    endloop
  endfacet
  facet normal  0.000000e+00  0.000000e+00  1.000000e+00
    outer loop
      vertex   0.000000e+00  1.530808e-19  2.500000e-02
      vertex  -7.081924e-19  2.500000e-03  2.500000e-02
      vertex  -2.178894e-04  2.490487e-03  2.500000e-02
    endloop
  endfacet
  facet normal  0.000000e+00  0.000000e+00  1.000000e+00
    outer loop
      vertex   1.056546e-03  2.265770e-03  2.500000e-02
      vertex   8.550503e-04  2.349232e-03  2.500000e-02
      vertex   0.000000e+00  1.530808e-19  2.500000e-02
    endloop
  endfacet
  facet normal  0.000000e+00  0.000000e+00  1.000000e+00
    outer loop
      vertex   8.550503e-04  2.349232e-03  2.500000e-02
      vertex   6.470476e-04  2.414815e-03  2.500000e-02
      vertex   0.000000e+00  1.530808e-19  2.500000e-02
    endloop
  endfacet
  facet normal  0.000000e+00  0.000000e+00  1.000000e+00
    outer loop
      vertex   0.000000e+00  1.530808e-19  2.500000e-02
      vertex   6.470476e-04  2.414815e-03  2.500000e-02
      vertex   4.341204e-04  2.462019e-03  2.500000e-02
    endloop
  endfacet
  facet normal  0.000000e+00  0.000000e+00  1.000000e+00
    outer loop
      vertex   1.606969e-03  1.915111e-03  2.500000e-02
      vertex   1.433941e-03  2.047880e-03  2.500000e-02
      vertex   0.000000e+00  1.530808e-19  2.500000e-02
    endloop
  endfacet
  facet normal  0.000000e+00  0.000000e+00  1.000000e+00
    outer loop
      vertex   1.433941e-03  2.047880e-03  2.500000e-02
      vertex   1.250000e-03  2.165064e-03  2.500000e-02
      vertex   0.000000e+00  1.530808e-19  2.500000e-02
    endloop
  endfacet
  facet normal  0.000000e+00  0.000000e+00  1.000000e+00
    outer loop
      vertex   0.000000e+00  1.530808e-19  2.500000e-02
      vertex   1.250000e-03  2.165064e-03  2.500000e-02
      vertex   1.056546e-03  2.265770e-03  2.500000e-02
    endloop
  endfacet
  facet normal  0.000000e+00  0.000000e+00  1.000000e+00
    outer loop
      vertex   2.047880e-03  1.433941e-03  2.500000e-02
      vertex   1.915111e-03  1.606969e-03  2.500000e-02
      vertex   0.000000e+00  1.530808e-19  2.500000e-02
    endloop
  endfacet
  facet normal  0.000000e+00  0.000000e+00  1.000000e+00
    outer loop
      vertex   1.915111e-03  1.606969e-03  2.500000e-02
      vertex   1.767767e-03  1.767767e-03  2.500000e-02
      vertex   0.000000e+00  1.530808e-19  2.500000e-02
    endloop
  endfacet
  facet normal  0.000000e+00  0.000000e+00  1.000000e+00
    outer loop
      vertex   0.000000e+00  1.530808e-19  2.500000e-02
      vertex   1.767767e-03  1.767767e-03  2.500000e-02
      vertex   1.606969e-03  1.915111e-03  2.500000e-02
    endloop
  endfacet
  facet normal  0.000000e+00  0.000000e+00  1.000000e+00
    outer loop
      vertex   2.349232e-03  8.550503e-04  2.500000e-02
      vertex   2.265770e-03  1.056546e-03  2.500000e-02
      vertex   0.000000e+00  1.530808e-19  2.500000e-02
    endloop
  endfacet
  facet normal  0.000000e+00  0.000000e+00  1.000000e+00
    outer loop
      vertex   2.265770e-03  1.056546e-03  2.500000e-02
      vertex   2.165064e-03  1.250000e-03  2.500000e-02
      vertex   0.000000e+00  1.530808e-19  2.500000e-02
    endloop
  endfacet
  facet normal  0.000000e+00  0.000000e+00  1.000000e+00
    outer loop
      vertex   0.000000e+00  1.530808e-19  2.500000e-02
      vertex   2.165064e-03  1.250000e-03  2.500000e-02
      vertex   2.047880e-03  1.433941e-03  2.500000e-02
    endloop
  endfacet
  facet normal  0.000000e+00  0.000000e+00  1.000000e+00
    outer loop
      vertex   2.490487e-03  2.178894e-04  2.500000e-02
      vertex   2.462019e-03  4.341204e-04  2.500000e-02
      vertex   0.000000e+00  1.530808e-19  2.500000e-02
    endloop
  endfacet
  facet normal  0.000000e+00  0.000000e+00  1.000000e+00
    outer loop
      vertex   2.462019e-03  4.341204e-04  2.500000e-02
      vertex   2.414815e-03  6.470476e-04  2.500000e-02
      vertex   0.000000e+00  1.530808e-19  2.500000e-02
    endloop
  endfacet
  facet normal  0.000000e+00  0.000000e+00  1.000000e+00
    outer loop
      vertex   0.000000e+00  1.530808e-19  2.500000e-02
      vertex   2.414815e-03  6.470476e-04  2.500000e-02
      vertex   2.349232e-03  8.550503e-04  2.500000e-02
    endloop
  endfacet
  facet normal -1.000000e+00 -0.000000e+00  0.000000e+00
    outer loop
      vertex   0.000000e+00  4.341204e-04 -2.462019e-03
      vertex   0.000000e+00  2.178894e-04 -2.490487e-03
      vertex   0.000000e+00  0.000000e+00  1.530808e-19
    endloop
  endfacet
  facet normal -1.000000e+00 -0.000000e+00  0.000000e+00
    outer loop
      vertex   0.000000e+00  2.178894e-04 -2.490487e-03
      vertex   0.000000e+00  3.061617e-19 -2.500000e-03
      vertex   0.000000e+00  0.000000e+00  1.530808e-19
    endloop
  endfacet
  facet normal -1.000000e+00  0.000000e+00 -0.000000e+00
    outer loop
      vertex   0.000000e+00  0.000000e+00  1.530808e-19
      vertex   0.000000e+00  3.061617e-19 -2.500000e-03
      vertex   0.000000e+00 -2.178894e-04 -2.490487e-03
    endloop
  endfacet
  facet normal -1.000000e+00 -0.000000e+00  0.000000e+00
    outer loop
      vertex   0.000000e+00  1.056546e-03 -2.265770e-03
      vertex   0.000000e+00  8.550503e-04 -2.349232e-03
      vertex   0.000000e+00  0.000000e+00  1.530808e-19
    endloop
  endfacet
  facet normal -1.000000e+00 -0.000000e+00  0.000000e+00
    outer loop
      vertex   0.000000e+00  8.550503e-04 -2.349232e-03
      vertex   0.000000e+00  6.470476e-04 -2.414815e-03
      vertex   0.000000e+00  0.000000e+00  1.530808e-19
    endloop
  endfacet
  facet normal -1.000000e+00  0.000000e+00  0.000000e+00
    outer loop
      vertex   0.000000e+00  0.000000e+00  1.530808e-19
      vertex   0.000000e+00  6.470476e-04 -2.414815e-03
      vertex   0.000000e+00  4.341204e-04 -2.462019e-03
    endloop
  endfacet
  facet normal -1.000000e+00 -0.000000e+00  0.000000e+00
    outer loop
      vertex   0.000000e+00  1.606969e-03 -1.915111e-03
      vertex   0.000000e+00  1.433941e-03 -2.047880e-03
      vertex   0.000000e+00  0.000000e+00  1.530808e-19
    endloop
  endfacet
  facet normal -1.000000e+00 -0.000000e+00  0.000000e+00
    outer loop
      vertex   0.000000e+00  1.433941e-03 -2.047880e-03
      vertex   0.000000e+00  1.250000e-03 -2.165064e-03
      vertex   0.000000e+00  0.000000e+00  1.530808e-19
    endloop
  endfacet
  facet normal -1.000000e+00  0.000000e+00  0.000000e+00
    outer loop
      vertex   0.000000e+00  0.000000e+00  1.530808e-19
      vertex   0.000000e+00  1.250000e-03 -2.165064e-03
      vertex   0.000000e+00  1.056546e-03 -2.265770e-03
    endloop
  endfacet
  facet normal -1.000000e+00 -0.000000e+00  0.000000e+00
    outer loop
      vertex   0.000000e+00  2.047880e-03 -1.433941e-03
      vertex   0.000000e+00  1.915111e-03 -1.606969e-03
      vertex   0.000000e+00  0.000000e+00  1.530808e-19
    endloop
  endfacet
  facet normal -1.000000e+00 -0.000000e+00  0.000000e+00
    outer loop
      vertex   0.000000e+00  1.915111e-03 -1.606969e-03
      vertex   0.000000e+00  1.767767e-03 -1.767767e-03
      vertex   0.000000e+00  0.000000e+00  1.530808e-19
    endloop
  endfacet
  facet normal -1.000000e+00  0.000000e+00  0.000000e+00
    outer loop
      vertex   0.000000e+00  0.000000e+00  1.530808e-19
      vertex   0.000000e+00  1.767767e-03 -1.767767e-03
      vertex   0.000000e+00  1.606969e-03 -1.915111e-03
    endloop
  endfacet
  facet normal -1.000000e+00 -0.000000e+00  0.000000e+00
    outer loop
      vertex   0.000000e+00  2.349232e-03 -8.550503e-04
      vertex   0.000000e+00  2.265770e-03 -1.056546e-03
      vertex   0.000000e+00  0.000000e+00  1.530808e-19
    endloop
  endfacet
  facet normal -1.000000e+00 -0.000000e+00  0.000000e+00
    outer loop
      vertex   0.000000e+00  2.265770e-03 -1.056546e-03
      vertex   0.000000e+00  2.165064e-03 -1.250000e-03
      vertex   0.000000e+00  0.000000e+00  1.530808e-19
    endloop
  endfacet
  facet normal -1.000000e+00  0.000000e+00  0.000000e+00
    outer loop
      vertex   0.000000e+00  0.000000e+00  1.530808e-19
      vertex   0.000000e+00  2.165064e-03 -1.250000e-03
      vertex   0.000000e+00  2.047880e-03 -1.433941e-03
    endloop
  endfacet
  facet normal -1.000000e+00 -0.000000e+00  0.000000e+00
    outer loop
      vertex   0.000000e+00  2.490487e-03 -2.178894e-04
      vertex   0.000000e+00  2.462019e-03 -4.341204e-04
      vertex   0.000000e+00  0.000000e+00  1.530808e-19
    endloop
  endfacet
  facet normal -1.000000e+00 -0.000000e+00  0.000000e+00
    outer loop
      vertex   0.000000e+00  2.462019e-03 -4.341204e-04
      vertex   0.000000e+00  2.414815e-03 -6.470476e-04
      vertex   0.000000e+00  0.000000e+00  1.530808e-19
    endloop
  endfacet
  facet normal -1.000000e+00  0.000000e+00  0.000000e+00
    outer loop
      vertex   0.000000e+00  0.000000e+00  1.530808e-19
      vertex   0.000000e+00  2.414815e-03 -6.470476e-04
      vertex   0.000000e+00  2.349232e-03 -8.550503e-04
    endloop
  endfacet
  facet normal -1.000000e+00  0.000000e+00 -0.000000e+00
    outer loop
      vertex   0.000000e+00  2.462019e-03  4.341204e-04
      vertex   0.000000e+00  2.490487e-03  2.178894e-04
      vertex   0.000000e+00  0.000000e+00  1.530808e-19
    endloop
  endfacet
  facet normal -1.000000e+00  0.000000e+00 -0.000000e+00
    outer loop
      vertex   0.000000e+00  2.490487e-03  2.178894e-04
      vertex   0.000000e+00  2.500000e-03  8.612732e-19
      vertex   0.000000e+00  0.000000e+00  1.530808e-19
    endloop
  endfacet
  facet normal -1.000000e+00  0.000000e+00  0.000000e+00
    outer loop
      vertex   0.000000e+00  0.000000e+00  1.530808e-19
      vertex   0.000000e+00  2.500000e-03  8.612732e-19
      vertex   0.000000e+00  2.490487e-03 -2.178894e-04
    endloop
  endfacet
  facet normal -1.000000e+00  0.000000e+00 -0.000000e+00
    outer loop
      vertex   0.000000e+00  2.265770e-03  1.056546e-03
      vertex   0.000000e+00  2.349232e-03  8.550503e-04
      vertex   0.000000e+00  0.000000e+00  1.530808e-19
    endloop
  endfacet
  facet normal -1.000000e+00  0.000000e+00 -0.000000e+00
    outer loop
      vertex   0.000000e+00  2.349232e-03  8.550503e-04
      vertex   0.000000e+00  2.414815e-03  6.470476e-04
      vertex   0.000000e+00  0.000000e+00  1.530808e-19
    endloop
  endfacet
  facet normal -1.000000e+00  0.000000e+00  0.000000e+00
    outer loop
      vertex   0.000000e+00  0.000000e+00  1.530808e-19
      vertex   0.000000e+00  2.414815e-03  6.470476e-04
      vertex   0.000000e+00  2.462019e-03  4.341204e-04
    endloop
  endfacet
  facet normal -1.000000e+00  0.000000e+00 -0.000000e+00
    outer loop
      vertex   0.000000e+00  1.915111e-03  1.606969e-03
      vertex   0.000000e+00  2.047880e-03  1.433941e-03
      vertex   0.000000e+00  0.000000e+00  1.530808e-19
    endloop
  endfacet
  facet normal -1.000000e+00  0.000000e+00 -0.000000e+00
    outer loop
      vertex   0.000000e+00  2.047880e-03  1.433941e-03
      vertex   0.000000e+00  2.165064e-03  1.250000e-03
      vertex   0.000000e+00  0.000000e+00  1.530808e-19
    endloop
  endfacet
  facet normal -1.000000e+00  0.000000e+00  0.000000e+00
    outer loop
      vertex   0.000000e+00  0.000000e+00  1.530808e-19
      vertex   0.000000e+00  2.165064e-03  1.250000e-03
      vertex   0.000000e+00  2.265770e-03  1.056546e-03
    endloop
  endfacet
  facet normal -1.000000e+00  0.000000e+00 -0.000000e+00
    outer loop
      vertex   0.000000e+00  1.433941e-03  2.047880e-03
      vertex   0.000000e+00  1.606969e-03  1.915111e-03
      vertex   0.000000e+00  0.000000e+00  1.530808e-19
    endloop
  endfacet
  facet normal -1.000000e+00  0.000000e+00 -0.000000e+00
    outer loop
      vertex   0.000000e+00  1.606969e-03  1.915111e-03
      vertex   0.000000e+00  1.767767e-03  1.767767e-03
      vertex   0.000000e+00  0.000000e+00  1.530808e-19
    endloop
  endfacet
  facet normal -1.000000e+00  0.000000e+00  0.000000e+00
    outer loop
      vertex   0.000000e+00  0.000000e+00  1.530808e-19
      vertex   0.000000e+00  1.767767e-03  1.767767e-03
      vertex   0.000000e+00  1.915111e-03  1.606969e-03
    endloop
  endfacet
  facet normal -1.000000e+00  0.000000e+00 -0.000000e+00
    outer loop
      vertex   0.000000e+00  8.550503e-04  2.349232e-03
      vertex   0.000000e+00  1.056546e-03  2.265770e-03
      vertex   0.000000e+00  0.000000e+00  1.530808e-19
    endloop
  endfacet
  facet normal -1.000000e+00  0.000000e+00 -0.000000e+00
    outer loop
      vertex   0.000000e+00  1.056546e-03  2.265770e-03
      vertex   0.000000e+00  1.250000e-03  2.165064e-03
      vertex   0.000000e+00  0.000000e+00  1.530808e-19
    endloop
  endfacet
  facet normal -1.000000e+00  0.000000e+00  0.000000e+00
    outer loop
      vertex   0.000000e+00  0.000000e+00  1.530808e-19
      vertex   0.000000e+00  1.250000e-03  2.165064e-03
      vertex   0.000000e+00  1.433941e-03  2.047880e-03
    endloop
  endfacet
  facet normal -1.000000e+00  0.000000e+00 -0.000000e+00
    outer loop
      vertex   0.000000e+00  2.178894e-04  2.490487e-03
      vertex   0.000000e+00  4.341204e-04  2.462019e-03
      vertex   0.000000e+00  0.000000e+00  1.530808e-19
    endloop
  endfacet
  facet normal -1.000000e+00  0.000000e+00 -0.000000e+00
    outer loop
      vertex   0.000000e+00  4.341204e-04  2.462019e-03
      vertex   0.000000e+00  6.470476e-04  2.414815e-03
      vertex   0.000000e+00  0.000000e+00  1.530808e-19
    endloop
  endfacet
  facet normal -1.000000e+00  0.000000e+00  0.000000e+00
    outer loop
      vertex   0.000000e+00  0.000000e+00  1.530808e-19
      vertex   0.000000e+00  6.470476e-04  2.414815e-03
      vertex   0.000000e+00  8.550503e-04  2.349232e-03
    endloop
  endfacet
  facet normal -1.000000e+00  0.000000e+00  0.000000e+00
    outer loop
      vertex   0.000000e+00 -4.341204e-04  2.462019e-03
      vertex   0.000000e+00 -2.178894e-04  2.490487e-03
      vertex   0.000000e+00  0.000000e+00  1.530808e-19
    endloop
  endfacet
  facet normal -1.000000e+00  0.000000e+00  0.000000e+00
    outer loop
      vertex   0.000000e+00 -2.178894e-04  2.490487e-03
      vertex   0.000000e+00  0.000000e+00  2.500000e-03
      vertex   0.000000e+00  0.000000e+00  1.530808e-19
    endloop
  endfacet
  facet normal -1.000000e+00  0.000000e+00  0.000000e+00
    outer loop
      vertex   0.000000e+00  0.000000e+00  1.530808e-19
      vertex   0.000000e+00  0.000000e+00  2.500000e-03
      vertex   0.000000e+00  2.178894e-04  2.490487e-03
    endloop
  endfacet
  facet normal -1.000000e+00  0.000000e+00  0.000000e+00
    outer loop
      vertex   0.000000e+00 -1.056546e-03  2.265770e-03
      vertex   0.000000e+00 -8.550503e-04  2.349232e-03
      vertex   0.000000e+00  0.000000e+00  1.530808e-19
    endloop
  endfacet
  facet normal -1.000000e+00  0.000000e+00  0.000000e+00
    outer loop
      vertex   0.000000e+00 -8.550503e-04  2.349232e-03
      vertex   0.000000e+00 -6.470476e-04  2.414815e-03
      vertex   0.000000e+00  0.000000e+00  1.530808e-19
    endloop
  endfacet
  facet normal -1.000000e+00  0.000000e+00  0.000000e+00
    outer loop
      vertex   0.000000e+00  0.000000e+00  1.530808e-19
      vertex   0.000000e+00 -6.470476e-04  2.414815e-03
      vertex   0.000000e+00 -4.341204e-04  2.462019e-03
    endloop
  endfacet
  facet normal -1.000000e+00  0.000000e+00  0.000000e+00
    outer loop
      vertex   0.000000e+00 -1.606969e-03  1.915111e-03
      vertex   0.000000e+00 -1.433941e-03  2.047880e-03
      vertex   0.000000e+00  0.000000e+00  1.530808e-19
    endloop
  endfacet
  facet normal -1.000000e+00  0.000000e+00  0.000000e+00
    outer loop
      vertex   0.000000e+00 -1.433941e-03  2.047880e-03
      vertex   0.000000e+00 -1.250000e-03  2.165064e-03
      vertex   0.000000e+00  0.000000e+00  1.530808e-19
    endloop
  endfacet
  facet normal -1.000000e+00  0.000000e+00  0.000000e+00
    outer loop
      vertex   0.000000e+00  0.000000e+00  1.530808e-19
      vertex   0.000000e+00 -1.250000e-03  2.165064e-03
      vertex   0.000000e+00 -1.056546e-03  2.265770e-03
    endloop
  endfacet
  facet normal -1.000000e+00  0.000000e+00  0.000000e+00
    outer loop
      vertex   0.000000e+00 -2.047880e-03  1.433941e-03
      vertex   0.000000e+00 -1.915111e-03  1.606969e-03
      vertex   0.000000e+00  0.000000e+00  1.530808e-19
    endloop
  endfacet
  facet normal -1.000000e+00  0.000000e+00  0.000000e+00
    outer loop
      vertex   0.000000e+00 -1.915111e-03  1.606969e-03
      vertex   0.000000e+00 -1.767767e-03  1.767767e-03
      vertex   0.000000e+00  0.000000e+00  1.530808e-19
    endloop
  endfacet
  facet normal -1.000000e+00  0.000000e+00  0.000000e+00
    outer loop
      vertex   0.000000e+00  0.000000e+00  1.530808e-19
      vertex   0.000000e+00 -1.767767e-03  1.767767e-03
      vertex   0.000000e+00 -1.606969e-03  1.915111e-03
    endloop
  endfacet
  facet normal -1.000000e+00  0.000000e+00  0.000000e+00
    outer loop
      vertex   0.000000e+00 -2.349232e-03  8.550503e-04
      vertex   0.000000e+00 -2.265770e-03  1.056546e-03
      vertex   0.000000e+00  0.000000e+00  1.530808e-19
    endloop
  endfacet
  facet normal -1.000000e+00  0.000000e+00  0.000000e+00
    outer loop
      vertex   0.000000e+00 -2.265770e-03  1.056546e-03
      vertex   0.000000e+00 -2.165064e-03  1.250000e-03
      vertex   0.000000e+00  0.000000e+00  1.530808e-19
    endloop
  endfacet
  facet normal -1.000000e+00  0.000000e+00  0.000000e+00
    outer loop
      vertex   0.000000e+00  0.000000e+00  1.530808e-19
      vertex   0.000000e+00 -2.165064e-03  1.250000e-03
      vertex   0.000000e+00 -2.047880e-03  1.433941e-03
    endloop
  endfacet
  facet normal -1.000000e+00  0.000000e+00  0.000000e+00
    outer loop
      vertex   0.000000e+00 -2.490487e-03  2.178894e-04
      vertex   0.000000e+00 -2.462019e-03  4.341204e-04
      vertex   0.000000e+00  0.000000e+00  1.530808e-19
    endloop
  endfacet
  facet normal -1.000000e+00  0.000000e+00  0.000000e+00
    outer loop
      vertex   0.000000e+00 -2.462019e-03  4.341204e-04
      vertex   0.000000e+00 -2.414815e-03  6.470476e-04
      vertex   0.000000e+00  0.000000e+00  1.530808e-19
    endloop
  endfacet
  facet normal -1.000000e+00  0.000000e+00  0.000000e+00
    outer loop
      vertex   0.000000e+00  0.000000e+00  1.530808e-19
      vertex   0.000000e+00 -2.414815e-03  6.470476e-04
      vertex   0.000000e+00 -2.349232e-03  8.550503e-04
    endloop
  endfacet
  facet normal -1.000000e+00  0.000000e+00  0.000000e+00
    outer loop
      vertex   0.000000e+00 -2.462019e-03 -4.341204e-04
      vertex   0.000000e+00 -2.490487e-03 -2.178894e-04
      vertex   0.000000e+00  0.000000e+00  1.530808e-19
    endloop
  endfacet
  facet normal -1.000000e+00  0.000000e+00  0.000000e+00
    outer loop
      vertex   0.000000e+00 -2.490487e-03 -2.178894e-04
      vertex   0.000000e+00 -2.500000e-03 -2.526608e-18
      vertex   0.000000e+00  0.000000e+00  1.530808e-19
    endloop
  endfacet
  facet normal -1.000000e+00 -0.000000e+00  0.000000e+00
    outer loop
      vertex   0.000000e+00  0.000000e+00  1.530808e-19
      vertex   0.000000e+00 -2.500000e-03 -2.526608e-18
      vertex   0.000000e+00 -2.490487e-03  2.178894e-04
    endloop
  endfacet
  facet normal -1.000000e+00  0.000000e+00  0.000000e+00
    outer loop
      vertex   0.000000e+00 -2.265770e-03 -1.056546e-03
      vertex   0.000000e+00 -2.349232e-03 -8.550503e-04
      vertex   0.000000e+00  0.000000e+00  1.530808e-19
    endloop
  endfacet
  facet normal -1.000000e+00  0.000000e+00  0.000000e+00
    outer loop
      vertex   0.000000e+00 -2.349232e-03 -8.550503e-04
      vertex   0.000000e+00 -2.414815e-03 -6.470476e-04
      vertex   0.000000e+00  0.000000e+00  1.530808e-19
    endloop
  endfacet
  facet normal -1.000000e+00  0.000000e+00  0.000000e+00
    outer loop
      vertex   0.000000e+00  0.000000e+00  1.530808e-19
      vertex   0.000000e+00 -2.414815e-03 -6.470476e-04
      vertex   0.000000e+00 -2.462019e-03 -4.341204e-04
    endloop
  endfacet
  facet normal -1.000000e+00  0.000000e+00  0.000000e+00
    outer loop
      vertex   0.000000e+00 -1.915111e-03 -1.606969e-03
      vertex   0.000000e+00 -2.047880e-03 -1.433941e-03
      vertex   0.000000e+00  0.000000e+00  1.530808e-19
    endloop
  endfacet
  facet normal -1.000000e+00  0.000000e+00  0.000000e+00
    outer loop
      vertex   0.000000e+00 -2.047880e-03 -1.433941e-03
      vertex   0.000000e+00 -2.165064e-03 -1.250000e-03
      vertex   0.000000e+00  0.000000e+00  1.530808e-19
    endloop
  endfacet
  facet normal -1.000000e+00  0.000000e+00  0.000000e+00
    outer loop
      vertex   0.000000e+00  0.000000e+00  1.530808e-19
      vertex   0.000000e+00 -2.165064e-03 -1.250000e-03
      vertex   0.000000e+00 -2.265770e-03 -1.056546e-03
    endloop
  endfacet
  facet normal -1.000000e+00  0.000000e+00  0.000000e+00
    outer loop
      vertex   0.000000e+00 -1.433941e-03 -2.047880e-03
      vertex   0.000000e+00 -1.606969e-03 -1.915111e-03
      vertex   0.000000e+00  0.000000e+00  1.530808e-19
    endloop
  endfacet
  facet normal -1.000000e+00  0.000000e+00  0.000000e+00
    outer loop
      vertex   0.000000e+00 -1.606969e-03 -1.915111e-03
      vertex   0.000000e+00 -1.767767e-03 -1.767767e-03
      vertex   0.000000e+00  0.000000e+00  1.530808e-19
    endloop
  endfacet
  facet normal -1.000000e+00  0.000000e+00  0.000000e+00
    outer loop
      vertex   0.000000e+00  0.000000e+00  1.530808e-19
      vertex   0.000000e+00 -1.767767e-03 -1.767767e-03
      vertex   0.000000e+00 -1.915111e-03 -1.606969e-03
    endloop
  endfacet
  facet normal -1.000000e+00  0.000000e+00  0.000000e+00
    outer loop
      vertex   0.000000e+00 -8.550503e-04 -2.349232e-03
      vertex   0.000000e+00 -1.056546e-03 -2.265770e-03
      vertex   0.000000e+00  0.000000e+00  1.530808e-19
    endloop
  endfacet
  facet normal -1.000000e+00  0.000000e+00  0.000000e+00
    outer loop
      vertex   0.000000e+00 -1.056546e-03 -2.265770e-03
      vertex   0.000000e+00 -1.250000e-03 -2.165064e-03
      vertex   0.000000e+00  0.000000e+00  1.530808e-19
    endloop
  endfacet
  facet normal -1.000000e+00  0.000000e+00  0.000000e+00
    outer loop
      vertex   0.000000e+00  0.000000e+00  1.530808e-19
      vertex   0.000000e+00 -1.250000e-03 -2.165064e-03
      vertex   0.000000e+00 -1.433941e-03 -2.047880e-03
    endloop
  endfacet
  facet normal -1.000000e+00  0.000000e+00  0.000000e+00
    outer loop
      vertex   0.000000e+00 -2.178894e-04 -2.490487e-03
      vertex   0.000000e+00 -4.341204e-04 -2.462019e-03
      vertex   0.000000e+00  0.000000e+00  1.530808e-19
    endloop
  endfacet
  facet normal -1.000000e+00  0.000000e+00  0.000000e+00
    outer loop
      vertex   0.000000e+00 -4.341204e-04 -2.462019e-03
      vertex   0.000000e+00 -6.470476e-04 -2.414815e-03
      vertex   0.000000e+00  0.000000e+00  1.530808e-19
    endloop
  endfacet
  facet normal -1.000000e+00  0.000000e+00  0.000000e+00
    outer loop
      vertex   0.000000e+00  0.000000e+00  1.530808e-19
      vertex   0.000000e+00 -6.470476e-04 -2.414815e-03
      vertex   0.000000e+00 -8.550503e-04 -2.349232e-03
    endloop
  endfacet
  facet normal  0.000000e+00  4.361819e-02  9.990483e-01
    outer loop
      vertex   0.000000e+00  0.000000e+00  2.500000e-03
      vertex   2.500000e-02  2.178894e-04  2.490487e-03
      vertex   0.000000e+00  2.178894e-04  2.490487e-03
    endloop
  endfacet
  facet normal  0.000000e+00  1.305290e-01  9.914445e-01
    outer loop
      vertex   2.500000e-02  2.178894e-04  2.490487e-03
      vertex   2.500000e-02  4.341204e-04  2.462019e-03
      vertex   0.000000e+00  2.178894e-04  2.490487e-03
    endloop
  endfacet
  facet normal  0.000000e+00  1.305290e-01  9.914445e-01
    outer loop
      vertex   0.000000e+00  2.178894e-04  2.490487e-03
      vertex   2.500000e-02  4.341204e-04  2.462019e-03
      vertex   0.000000e+00  4.341204e-04  2.462019e-03
    endloop
  endfacet
  facet normal  0.000000e+00  2.164364e-01  9.762967e-01
    outer loop
      vertex   2.500000e-02  4.341204e-04  2.462019e-03
      vertex   2.500000e-02  6.470476e-04  2.414815e-03
      vertex   0.000000e+00  4.341204e-04  2.462019e-03
    endloop
  endfacet
  facet normal  0.000000e+00  2.164364e-01  9.762967e-01
    outer loop
      vertex   0.000000e+00  4.341204e-04  2.462019e-03
      vertex   2.500000e-02  6.470476e-04  2.414815e-03
      vertex   0.000000e+00  6.470476e-04  2.414815e-03
    endloop
  endfacet
  facet normal  0.000000e+00  3.007050e-01  9.537172e-01
    outer loop
      vertex   2.500000e-02  6.470476e-04  2.414815e-03
      vertex   2.500000e-02  8.550503e-04  2.349232e-03
      vertex   0.000000e+00  6.470476e-04  2.414815e-03
    endloop
  endfacet
  facet normal  0.000000e+00  3.007050e-01  9.537172e-01
    outer loop
      vertex   0.000000e+00  6.470476e-04  2.414815e-03
      vertex   2.500000e-02  8.550503e-04  2.349232e-03
      vertex   0.000000e+00  8.550503e-04  2.349232e-03
    endloop
  endfacet
  facet normal  0.000000e+00  3.826828e-01  9.238798e-01
    outer loop
      vertex   2.500000e-02  8.550503e-04  2.349232e-03
      vertex   2.500000e-02  1.056546e-03  2.265770e-03
      vertex   0.000000e+00  8.550503e-04  2.349232e-03
    endloop
  endfacet
  facet normal  0.000000e+00  3.826828e-01  9.238798e-01
    outer loop
      vertex   0.000000e+00  8.550503e-04  2.349232e-03
      vertex   2.500000e-02  1.056546e-03  2.265770e-03
      vertex   0.000000e+00  1.056546e-03  2.265770e-03
    endloop
  endfacet
  facet normal  0.000000e+00  4.617495e-01  8.870104e-01
    outer loop
      vertex   2.500000e-02  1.056546e-03  2.265770e-03
      vertex   2.500000e-02  1.250000e-03  2.165064e-03
      vertex   0.000000e+00  1.056546e-03  2.265770e-03
    endloop
  endfacet
  facet normal  0.000000e+00  4.617495e-01  8.870104e-01
    outer loop
      vertex   0.000000e+00  1.056546e-03  2.265770e-03
      vertex   2.500000e-02  1.250000e-03  2.165064e-03
      vertex   0.000000e+00  1.250000e-03  2.165064e-03
    endloop
  endfacet
  facet normal  0.000000e+00  5.373015e-01  8.433903e-01
    outer loop
      vertex   2.500000e-02  1.250000e-03  2.165064e-03
      vertex   2.500000e-02  1.433941e-03  2.047880e-03
      vertex   0.000000e+00  1.250000e-03  2.165064e-03
    endloop
  endfacet
  facet normal  0.000000e+00  5.373015e-01  8.433903e-01
    outer loop
      vertex   0.000000e+00  1.250000e-03  2.165064e-03
      vertex   2.500000e-02  1.433941e-03  2.047880e-03
      vertex   0.000000e+00  1.433941e-03  2.047880e-03
    endloop
  endfacet
  facet normal  0.000000e+00  6.087614e-01  7.933534e-01
    outer loop
      vertex   2.500000e-02  1.433941e-03  2.047880e-03
      vertex   2.500000e-02  1.606969e-03  1.915111e-03
      vertex   0.000000e+00  1.433941e-03  2.047880e-03
    endloop
  endfacet
  facet normal  0.000000e+00  6.087614e-01  7.933534e-01
    outer loop
      vertex   0.000000e+00  1.433941e-03  2.047880e-03
      vertex   2.500000e-02  1.606969e-03  1.915111e-03
      vertex   0.000000e+00  1.606969e-03  1.915111e-03
    endloop
  endfacet
  facet normal  0.000000e+00  6.755896e-01  7.372779e-01
    outer loop
      vertex   2.500000e-02  1.606969e-03  1.915111e-03
      vertex   2.500000e-02  1.767767e-03  1.767767e-03
      vertex   0.000000e+00  1.606969e-03  1.915111e-03
    endloop
  endfacet
  facet normal  0.000000e+00  6.755896e-01  7.372779e-01
    outer loop
      vertex   0.000000e+00  1.606969e-03  1.915111e-03
      vertex   2.500000e-02  1.767767e-03  1.767767e-03
      vertex   0.000000e+00  1.767767e-03  1.767767e-03
    endloop
  endfacet
  facet normal  0.000000e+00  7.372779e-01  6.755896e-01
    outer loop
      vertex   2.500000e-02  1.767767e-03  1.767767e-03
      vertex   2.500000e-02  1.915111e-03  1.606969e-03
      vertex   0.000000e+00  1.767767e-03  1.767767e-03
    endloop
  endfacet
  facet normal  0.000000e+00  7.372779e-01  6.755896e-01
    outer loop
      vertex   0.000000e+00  1.767767e-03  1.767767e-03
      vertex   2.500000e-02  1.915111e-03  1.606969e-03
      vertex   0.000000e+00  1.915111e-03  1.606969e-03
    endloop
  endfacet
  facet normal  0.000000e+00  7.933534e-01  6.087614e-01
    outer loop
      vertex   2.500000e-02  1.915111e-03  1.606969e-03
      vertex   2.500000e-02  2.047880e-03  1.433941e-03
      vertex   0.000000e+00  1.915111e-03  1.606969e-03
    endloop
  endfacet
  facet normal  0.000000e+00  7.933534e-01  6.087614e-01
    outer loop
      vertex   0.000000e+00  1.915111e-03  1.606969e-03
      vertex   2.500000e-02  2.047880e-03  1.433941e-03
      vertex   0.000000e+00  2.047880e-03  1.433941e-03
    endloop
  endfacet
  facet normal  0.000000e+00  8.433903e-01  5.373015e-01
    outer loop
      vertex   2.500000e-02  2.047880e-03  1.433941e-03
      vertex   2.500000e-02  2.165064e-03  1.250000e-03
      vertex   0.000000e+00  2.047880e-03  1.433941e-03
    endloop
  endfacet
  facet normal  0.000000e+00  8.433903e-01  5.373015e-01
    outer loop
      vertex   0.000000e+00  2.047880e-03  1.433941e-03
      vertex   2.500000e-02  2.165064e-03  1.250000e-03
      vertex   0.000000e+00  2.165064e-03  1.250000e-03
    endloop
  endfacet
  facet normal  0.000000e+00  8.870104e-01  4.617495e-01
    outer loop
      vertex   2.500000e-02  2.165064e-03  1.250000e-03
      vertex   2.500000e-02  2.265770e-03  1.056546e-03
      vertex   0.000000e+00  2.165064e-03  1.250000e-03
    endloop
  endfacet
  facet normal  0.000000e+00  8.870104e-01  4.617495e-01
    outer loop
      vertex   0.000000e+00  2.165064e-03  1.250000e-03
      vertex   2.500000e-02  2.265770e-03  1.056546e-03
      vertex   0.000000e+00  2.265770e-03  1.056546e-03
    endloop
  endfacet
  facet normal  0.000000e+00  9.238798e-01  3.826828e-01
    outer loop
      vertex   2.500000e-02  2.265770e-03  1.056546e-03
      vertex   2.500000e-02  2.349232e-03  8.550503e-04
      vertex   0.000000e+00  2.265770e-03  1.056546e-03
    endloop
  endfacet
  facet normal  0.000000e+00  9.238798e-01  3.826828e-01
    outer loop
      vertex   0.000000e+00  2.265770e-03  1.056546e-03
      vertex   2.500000e-02  2.349232e-03  8.550503e-04
      vertex   0.000000e+00  2.349232e-03  8.550503e-04
    endloop
  endfacet
  facet normal  0.000000e+00  9.537172e-01  3.007050e-01
    outer loop
      vertex   2.500000e-02  2.349232e-03  8.550503e-04
      vertex   2.500000e-02  2.414815e-03  6.470476e-04
      vertex   0.000000e+00  2.349232e-03  8.550503e-04
    endloop
  endfacet
  facet normal  0.000000e+00  9.537172e-01  3.007050e-01
    outer loop
      vertex   0.000000e+00  2.349232e-03  8.550503e-04
      vertex   2.500000e-02  2.414815e-03  6.470476e-04
      vertex   0.000000e+00  2.414815e-03  6.470476e-04
    endloop
  endfacet
  facet normal  0.000000e+00  9.762967e-01  2.164364e-01
    outer loop
      vertex   2.500000e-02  2.414815e-03  6.470476e-04
      vertex   2.500000e-02  2.462019e-03  4.341204e-04
      vertex   0.000000e+00  2.414815e-03  6.470476e-04
    endloop
  endfacet
  facet normal  0.000000e+00  9.762967e-01  2.164364e-01
    outer loop
      vertex   0.000000e+00  2.414815e-03  6.470476e-04
      vertex   2.500000e-02  2.462019e-03  4.341204e-04
      vertex   0.000000e+00  2.462019e-03  4.341204e-04
    endloop
  endfacet
  facet normal  0.000000e+00  9.914445e-01  1.305290e-01
    outer loop
      vertex   2.500000e-02  2.462019e-03  4.341204e-04
      vertex   2.500000e-02  2.490487e-03  2.178894e-04
      vertex   0.000000e+00  2.462019e-03  4.341204e-04
    endloop
  endfacet
  facet normal  0.000000e+00  9.914445e-01  1.305290e-01
    outer loop
      vertex   0.000000e+00  2.462019e-03  4.341204e-04
      vertex   2.500000e-02  2.490487e-03  2.178894e-04
      vertex   0.000000e+00  2.490487e-03  2.178894e-04
    endloop
  endfacet
  facet normal  0.000000e+00  9.990483e-01  4.361819e-02
    outer loop
      vertex   2.500000e-02  2.490487e-03  2.178894e-04
      vertex   2.500000e-02  2.500000e-03  8.612732e-19
      vertex   0.000000e+00  2.490487e-03  2.178894e-04
    endloop
  endfacet
  facet normal -3.777904e-21  9.990483e-01  4.361819e-02
    outer loop
      vertex   0.000000e+00  2.490487e-03  2.178894e-04
      vertex   2.500000e-02  2.500000e-03  8.612732e-19
      vertex   0.000000e+00  2.500000e-03  8.612732e-19
    endloop
  endfacet
  facet normal  0.000000e+00  9.990483e-01 -4.361819e-02
    outer loop
      vertex   2.500000e-02  2.500000e-03  8.612732e-19
      vertex   2.500000e-02  2.490487e-03 -2.178894e-04
      vertex   0.000000e+00  2.500000e-03  8.612732e-19
    endloop
  endfacet
  facet normal -3.777904e-21  9.990483e-01 -4.361819e-02
    outer loop
      vertex   0.000000e+00  2.500000e-03  8.612732e-19
      vertex   2.500000e-02  2.490487e-03 -2.178894e-04
      vertex   0.000000e+00  2.490487e-03 -2.178894e-04
    endloop
  endfacet
  facet normal  0.000000e+00  9.914445e-01 -1.305290e-01
    outer loop
      vertex   2.500000e-02  2.490487e-03 -2.178894e-04
      vertex   2.500000e-02  2.462019e-03 -4.341204e-04
      vertex   0.000000e+00  2.490487e-03 -2.178894e-04
    endloop
  endfacet
  facet normal  0.000000e+00  9.914445e-01 -1.305290e-01
    outer loop
      vertex   0.000000e+00  2.490487e-03 -2.178894e-04
      vertex   2.500000e-02  2.462019e-03 -4.341204e-04
      vertex   0.000000e+00  2.462019e-03 -4.341204e-04
    endloop
  endfacet
  facet normal  0.000000e+00  9.762967e-01 -2.164364e-01
    outer loop
      vertex   2.500000e-02  2.462019e-03 -4.341204e-04
      vertex   2.500000e-02  2.414815e-03 -6.470476e-04
      vertex   0.000000e+00  2.462019e-03 -4.341204e-04
    endloop
  endfacet
  facet normal  0.000000e+00  9.762967e-01 -2.164364e-01
    outer loop
      vertex   0.000000e+00  2.462019e-03 -4.341204e-04
      vertex   2.500000e-02  2.414815e-03 -6.470476e-04
      vertex   0.000000e+00  2.414815e-03 -6.470476e-04
    endloop
  endfacet
  facet normal  0.000000e+00  9.537172e-01 -3.007050e-01
    outer loop
      vertex   2.500000e-02  2.414815e-03 -6.470476e-04
      vertex   2.500000e-02  2.349232e-03 -8.550503e-04
      vertex   0.000000e+00  2.414815e-03 -6.470476e-04
    endloop
  endfacet
  facet normal  0.000000e+00  9.537172e-01 -3.007050e-01
    outer loop
      vertex   0.000000e+00  2.414815e-03 -6.470476e-04
      vertex   2.500000e-02  2.349232e-03 -8.550503e-04
      vertex   0.000000e+00  2.349232e-03 -8.550503e-04
    endloop
  endfacet
  facet normal  0.000000e+00  9.238798e-01 -3.826828e-01
    outer loop
      vertex   2.500000e-02  2.349232e-03 -8.550503e-04
      vertex   2.500000e-02  2.265770e-03 -1.056546e-03
      vertex   0.000000e+00  2.349232e-03 -8.550503e-04
    endloop
  endfacet
  facet normal  0.000000e+00  9.238798e-01 -3.826828e-01
    outer loop
      vertex   0.000000e+00  2.349232e-03 -8.550503e-04
      vertex   2.500000e-02  2.265770e-03 -1.056546e-03
      vertex   0.000000e+00  2.265770e-03 -1.056546e-03
    endloop
  endfacet
  facet normal  0.000000e+00  8.870104e-01 -4.617495e-01
    outer loop
      vertex   2.500000e-02  2.265770e-03 -1.056546e-03
      vertex   2.500000e-02  2.165064e-03 -1.250000e-03
      vertex   0.000000e+00  2.265770e-03 -1.056546e-03
    endloop
  endfacet
  facet normal  0.000000e+00  8.870104e-01 -4.617495e-01
    outer loop
      vertex   0.000000e+00  2.265770e-03 -1.056546e-03
      vertex   2.500000e-02  2.165064e-03 -1.250000e-03
      vertex   0.000000e+00  2.165064e-03 -1.250000e-03
    endloop
  endfacet
  facet normal  0.000000e+00  8.433903e-01 -5.373015e-01
    outer loop
      vertex   2.500000e-02  2.165064e-03 -1.250000e-03
      vertex   2.500000e-02  2.047880e-03 -1.433941e-03
      vertex   0.000000e+00  2.165064e-03 -1.250000e-03
    endloop
  endfacet
  facet normal  0.000000e+00  8.433903e-01 -5.373015e-01
    outer loop
      vertex   0.000000e+00  2.165064e-03 -1.250000e-03
      vertex   2.500000e-02  2.047880e-03 -1.433941e-03
      vertex   0.000000e+00  2.047880e-03 -1.433941e-03
    endloop
  endfacet
  facet normal  0.000000e+00  7.933534e-01 -6.087614e-01
    outer loop
      vertex   2.500000e-02  2.047880e-03 -1.433941e-03
      vertex   2.500000e-02  1.915111e-03 -1.606969e-03
      vertex   0.000000e+00  2.047880e-03 -1.433941e-03
    endloop
  endfacet
  facet normal  0.000000e+00  7.933534e-01 -6.087614e-01
    outer loop
      vertex   0.000000e+00  2.047880e-03 -1.433941e-03
      vertex   2.500000e-02  1.915111e-03 -1.606969e-03
      vertex   0.000000e+00  1.915111e-03 -1.606969e-03
    endloop
  endfacet
  facet normal  0.000000e+00  7.372779e-01 -6.755896e-01
    outer loop
      vertex   2.500000e-02  1.915111e-03 -1.606969e-03
      vertex   2.500000e-02  1.767767e-03 -1.767767e-03
      vertex   0.000000e+00  1.915111e-03 -1.606969e-03
    endloop
  endfacet
  facet normal  0.000000e+00  7.372779e-01 -6.755896e-01
    outer loop
      vertex   0.000000e+00  1.915111e-03 -1.606969e-03
      vertex   2.500000e-02  1.767767e-03 -1.767767e-03
      vertex   0.000000e+00  1.767767e-03 -1.767767e-03
    endloop
  endfacet
  facet normal  0.000000e+00  6.755896e-01 -7.372779e-01
    outer loop
      vertex   2.500000e-02  1.767767e-03 -1.767767e-03
      vertex   2.500000e-02  1.606969e-03 -1.915111e-03
      vertex   0.000000e+00  1.767767e-03 -1.767767e-03
    endloop
  endfacet
  facet normal  0.000000e+00  6.755896e-01 -7.372779e-01
    outer loop
      vertex   0.000000e+00  1.767767e-03 -1.767767e-03
      vertex   2.500000e-02  1.606969e-03 -1.915111e-03
      vertex   0.000000e+00  1.606969e-03 -1.915111e-03
    endloop
  endfacet
  facet normal  0.000000e+00  6.087614e-01 -7.933534e-01
    outer loop
      vertex   2.500000e-02  1.606969e-03 -1.915111e-03
      vertex   2.500000e-02  1.433941e-03 -2.047880e-03
      vertex   0.000000e+00  1.606969e-03 -1.915111e-03
    endloop
  endfacet
  facet normal  0.000000e+00  6.087614e-01 -7.933534e-01
    outer loop
      vertex   0.000000e+00  1.606969e-03 -1.915111e-03
      vertex   2.500000e-02  1.433941e-03 -2.047880e-03
      vertex   0.000000e+00  1.433941e-03 -2.047880e-03
    endloop
  endfacet
  facet normal  0.000000e+00  5.373015e-01 -8.433903e-01
    outer loop
      vertex   2.500000e-02  1.433941e-03 -2.047880e-03
      vertex   2.500000e-02  1.250000e-03 -2.165064e-03
      vertex   0.000000e+00  1.433941e-03 -2.047880e-03
    endloop
  endfacet
  facet normal  0.000000e+00  5.373015e-01 -8.433903e-01
    outer loop
      vertex   0.000000e+00  1.433941e-03 -2.047880e-03
      vertex   2.500000e-02  1.250000e-03 -2.165064e-03
      vertex   0.000000e+00  1.250000e-03 -2.165064e-03
    endloop
  endfacet
  facet normal  0.000000e+00  4.617495e-01 -8.870104e-01
    outer loop
      vertex   2.500000e-02  1.250000e-03 -2.165064e-03
      vertex   2.500000e-02  1.056546e-03 -2.265770e-03
      vertex   0.000000e+00  1.250000e-03 -2.165064e-03
    endloop
  endfacet
  facet normal  0.000000e+00  4.617495e-01 -8.870104e-01
    outer loop
      vertex   0.000000e+00  1.250000e-03 -2.165064e-03
      vertex   2.500000e-02  1.056546e-03 -2.265770e-03
      vertex   0.000000e+00  1.056546e-03 -2.265770e-03
    endloop
  endfacet
  facet normal  0.000000e+00  3.826828e-01 -9.238798e-01
    outer loop
      vertex   2.500000e-02  1.056546e-03 -2.265770e-03
      vertex   2.500000e-02  8.550503e-04 -2.349232e-03
      vertex   0.000000e+00  1.056546e-03 -2.265770e-03
    endloop
  endfacet
  facet normal  0.000000e+00  3.826828e-01 -9.238798e-01
    outer loop
      vertex   0.000000e+00  1.056546e-03 -2.265770e-03
      vertex   2.500000e-02  8.550503e-04 -2.349232e-03
      vertex   0.000000e+00  8.550503e-04 -2.349232e-03
    endloop
  endfacet
  facet normal  0.000000e+00  3.007050e-01 -9.537172e-01
    outer loop
      vertex   2.500000e-02  8.550503e-04 -2.349232e-03
      vertex   2.500000e-02  6.470476e-04 -2.414815e-03
      vertex   0.000000e+00  8.550503e-04 -2.349232e-03
    endloop
  endfacet
  facet normal  0.000000e+00  3.007050e-01 -9.537172e-01
    outer loop
      vertex   0.000000e+00  8.550503e-04 -2.349232e-03
      vertex   2.500000e-02  6.470476e-04 -2.414815e-03
      vertex   0.000000e+00  6.470476e-04 -2.414815e-03
    endloop
  endfacet
  facet normal  0.000000e+00  2.164364e-01 -9.762967e-01
    outer loop
      vertex   2.500000e-02  6.470476e-04 -2.414815e-03
      vertex   2.500000e-02  4.341204e-04 -2.462019e-03
      vertex   0.000000e+00  6.470476e-04 -2.414815e-03
    endloop
  endfacet
  facet normal  0.000000e+00  2.164364e-01 -9.762967e-01
    outer loop
      vertex   0.000000e+00  6.470476e-04 -2.414815e-03
      vertex   2.500000e-02  4.341204e-04 -2.462019e-03
      vertex   0.000000e+00  4.341204e-04 -2.462019e-03
    endloop
  endfacet
  facet normal  0.000000e+00  1.305290e-01 -9.914445e-01
    outer loop
      vertex   2.500000e-02  4.341204e-04 -2.462019e-03
      vertex   2.500000e-02  2.178894e-04 -2.490487e-03
      vertex   0.000000e+00  4.341204e-04 -2.462019e-03
    endloop
  endfacet
  facet normal  0.000000e+00  1.305290e-01 -9.914445e-01
    outer loop
      vertex   0.000000e+00  4.341204e-04 -2.462019e-03
      vertex   2.500000e-02  2.178894e-04 -2.490487e-03
      vertex   0.000000e+00  2.178894e-04 -2.490487e-03
    endloop
  endfacet
  facet normal  0.000000e+00  4.361819e-02 -9.990483e-01
    outer loop
      vertex   2.500000e-02  2.178894e-04 -2.490487e-03
      vertex   2.500000e-02  9.184851e-19 -2.500000e-03
      vertex   0.000000e+00  2.178894e-04 -2.490487e-03
    endloop
  endfacet
  facet normal -1.076911e-18  4.361819e-02 -9.990483e-01
    outer loop
      vertex   0.000000e+00  2.178894e-04 -2.490487e-03
      vertex   2.500000e-02  9.184851e-19 -2.500000e-03
      vertex   0.000000e+00  3.061617e-19 -2.500000e-03
    endloop
  endfacet
  facet normal  1.068337e-18 -4.361819e-02 -9.990483e-01
    outer loop
      vertex   2.500000e-02  9.184851e-19 -2.500000e-03
      vertex   2.500000e-02 -2.178894e-04 -2.490487e-03
      vertex   0.000000e+00  3.061617e-19 -2.500000e-03
    endloop
  endfacet
  facet normal  1.078045e-20 -4.361819e-02 -9.990483e-01
    outer loop
      vertex   0.000000e+00  3.061617e-19 -2.500000e-03
      vertex   2.500000e-02 -2.178894e-04 -2.490487e-03
      vertex   0.000000e+00 -2.178894e-04 -2.490487e-03
    endloop
  endfacet
  facet normal -0.000000e+00 -1.305290e-01 -9.914445e-01
    outer loop
      vertex   2.500000e-02 -2.178894e-04 -2.490487e-03
      vertex   2.500000e-02 -4.341204e-04 -2.462019e-03
      vertex   0.000000e+00 -2.178894e-04 -2.490487e-03
    endloop
  endfacet
  facet normal  0.000000e+00 -1.305290e-01 -9.914445e-01
    outer loop
      vertex   0.000000e+00 -2.178894e-04 -2.490487e-03
      vertex   2.500000e-02 -4.341204e-04 -2.462019e-03
      vertex   0.000000e+00 -4.341204e-04 -2.462019e-03
    endloop
  endfacet
  facet normal -0.000000e+00 -2.164364e-01 -9.762967e-01
    outer loop
      vertex   2.500000e-02 -4.341204e-04 -2.462019e-03
      vertex   2.500000e-02 -6.470476e-04 -2.414815e-03
      vertex   0.000000e+00 -4.341204e-04 -2.462019e-03
    endloop
  endfacet
  facet normal  0.000000e+00 -2.164364e-01 -9.762967e-01
    outer loop
      vertex   0.000000e+00 -4.341204e-04 -2.462019e-03
      vertex   2.500000e-02 -6.470476e-04 -2.414815e-03
      vertex   0.000000e+00 -6.470476e-04 -2.414815e-03
    endloop
  endfacet
  facet normal -0.000000e+00 -3.007050e-01 -9.537172e-01
    outer loop
      vertex   2.500000e-02 -6.470476e-04 -2.414815e-03
      vertex   2.500000e-02 -8.550503e-04 -2.349232e-03
      vertex   0.000000e+00 -6.470476e-04 -2.414815e-03
    endloop
  endfacet
  facet normal  0.000000e+00 -3.007050e-01 -9.537172e-01
    outer loop
      vertex   0.000000e+00 -6.470476e-04 -2.414815e-03
      vertex   2.500000e-02 -8.550503e-04 -2.349232e-03
      vertex   0.000000e+00 -8.550503e-04 -2.349232e-03
    endloop
  endfacet
  facet normal -0.000000e+00 -3.826828e-01 -9.238798e-01
    outer loop
      vertex   2.500000e-02 -8.550503e-04 -2.349232e-03
      vertex   2.500000e-02 -1.056546e-03 -2.265770e-03
      vertex   0.000000e+00 -8.550503e-04 -2.349232e-03
    endloop
  endfacet
  facet normal  0.000000e+00 -3.826828e-01 -9.238798e-01
    outer loop
      vertex   0.000000e+00 -8.550503e-04 -2.349232e-03
      vertex   2.500000e-02 -1.056546e-03 -2.265770e-03
      vertex   0.000000e+00 -1.056546e-03 -2.265770e-03
    endloop
  endfacet
  facet normal -0.000000e+00 -4.617495e-01 -8.870104e-01
    outer loop
      vertex   2.500000e-02 -1.056546e-03 -2.265770e-03
      vertex   2.500000e-02 -1.250000e-03 -2.165064e-03
      vertex   0.000000e+00 -1.056546e-03 -2.265770e-03
    endloop
  endfacet
  facet normal  0.000000e+00 -4.617495e-01 -8.870104e-01
    outer loop
      vertex   0.000000e+00 -1.056546e-03 -2.265770e-03
      vertex   2.500000e-02 -1.250000e-03 -2.165064e-03
      vertex   0.000000e+00 -1.250000e-03 -2.165064e-03
    endloop
  endfacet
  facet normal -0.000000e+00 -5.373015e-01 -8.433903e-01
    outer loop
      vertex   2.500000e-02 -1.250000e-03 -2.165064e-03
      vertex   2.500000e-02 -1.433941e-03 -2.047880e-03
      vertex   0.000000e+00 -1.250000e-03 -2.165064e-03
    endloop
  endfacet
  facet normal  0.000000e+00 -5.373015e-01 -8.433903e-01
    outer loop
      vertex   0.000000e+00 -1.250000e-03 -2.165064e-03
      vertex   2.500000e-02 -1.433941e-03 -2.047880e-03
      vertex   0.000000e+00 -1.433941e-03 -2.047880e-03
    endloop
  endfacet
  facet normal -0.000000e+00 -6.087614e-01 -7.933534e-01
    outer loop
      vertex   2.500000e-02 -1.433941e-03 -2.047880e-03
      vertex   2.500000e-02 -1.606969e-03 -1.915111e-03
      vertex   0.000000e+00 -1.433941e-03 -2.047880e-03
    endloop
  endfacet
  facet normal  0.000000e+00 -6.087614e-01 -7.933534e-01
    outer loop
      vertex   0.000000e+00 -1.433941e-03 -2.047880e-03
      vertex   2.500000e-02 -1.606969e-03 -1.915111e-03
      vertex   0.000000e+00 -1.606969e-03 -1.915111e-03
    endloop
  endfacet
  facet normal -0.000000e+00 -6.755896e-01 -7.372779e-01
    outer loop
      vertex   2.500000e-02 -1.606969e-03 -1.915111e-03
      vertex   2.500000e-02 -1.767767e-03 -1.767767e-03
      vertex   0.000000e+00 -1.606969e-03 -1.915111e-03
    endloop
  endfacet
  facet normal  0.000000e+00 -6.755896e-01 -7.372779e-01
    outer loop
      vertex   0.000000e+00 -1.606969e-03 -1.915111e-03
      vertex   2.500000e-02 -1.767767e-03 -1.767767e-03
      vertex   0.000000e+00 -1.767767e-03 -1.767767e-03
    endloop
  endfacet
  facet normal -0.000000e+00 -7.372779e-01 -6.755896e-01
    outer loop
      vertex   2.500000e-02 -1.767767e-03 -1.767767e-03
      vertex   2.500000e-02 -1.915111e-03 -1.606969e-03
      vertex   0.000000e+00 -1.767767e-03 -1.767767e-03
    endloop
  endfacet
  facet normal  0.000000e+00 -7.372779e-01 -6.755896e-01
    outer loop
      vertex   0.000000e+00 -1.767767e-03 -1.767767e-03
      vertex   2.500000e-02 -1.915111e-03 -1.606969e-03
      vertex   0.000000e+00 -1.915111e-03 -1.606969e-03
    endloop
  endfacet
  facet normal -0.000000e+00 -7.933534e-01 -6.087614e-01
    outer loop
      vertex   2.500000e-02 -1.915111e-03 -1.606969e-03
      vertex   2.500000e-02 -2.047880e-03 -1.433941e-03
      vertex   0.000000e+00 -1.915111e-03 -1.606969e-03
    endloop
  endfacet
  facet normal  0.000000e+00 -7.933534e-01 -6.087614e-01
    outer loop
      vertex   0.000000e+00 -1.915111e-03 -1.606969e-03
      vertex   2.500000e-02 -2.047880e-03 -1.433941e-03
      vertex   0.000000e+00 -2.047880e-03 -1.433941e-03
    endloop
  endfacet
  facet normal -0.000000e+00 -8.433903e-01 -5.373015e-01
    outer loop
      vertex   2.500000e-02 -2.047880e-03 -1.433941e-03
      vertex   2.500000e-02 -2.165064e-03 -1.250000e-03
      vertex   0.000000e+00 -2.047880e-03 -1.433941e-03
    endloop
  endfacet
  facet normal  0.000000e+00 -8.433903e-01 -5.373015e-01
    outer loop
      vertex   0.000000e+00 -2.047880e-03 -1.433941e-03
      vertex   2.500000e-02 -2.165064e-03 -1.250000e-03
      vertex   0.000000e+00 -2.165064e-03 -1.250000e-03
    endloop
  endfacet
  facet normal -0.000000e+00 -8.870104e-01 -4.617495e-01
    outer loop
      vertex   2.500000e-02 -2.165064e-03 -1.250000e-03
      vertex   2.500000e-02 -2.265770e-03 -1.056546e-03
      vertex   0.000000e+00 -2.165064e-03 -1.250000e-03
    endloop
  endfacet
  facet normal  0.000000e+00 -8.870104e-01 -4.617495e-01
    outer loop
      vertex   0.000000e+00 -2.165064e-03 -1.250000e-03
      vertex   2.500000e-02 -2.265770e-03 -1.056546e-03
      vertex   0.000000e+00 -2.265770e-03 -1.056546e-03
    endloop
  endfacet
  facet normal -0.000000e+00 -9.238798e-01 -3.826828e-01
    outer loop
      vertex   2.500000e-02 -2.265770e-03 -1.056546e-03
      vertex   2.500000e-02 -2.349232e-03 -8.550503e-04
      vertex   0.000000e+00 -2.265770e-03 -1.056546e-03
    endloop
  endfacet
  facet normal  0.000000e+00 -9.238798e-01 -3.826828e-01
    outer loop
      vertex   0.000000e+00 -2.265770e-03 -1.056546e-03
      vertex   2.500000e-02 -2.349232e-03 -8.550503e-04
      vertex   0.000000e+00 -2.349232e-03 -8.550503e-04
    endloop
  endfacet
  facet normal -0.000000e+00 -9.537172e-01 -3.007050e-01
    outer loop
      vertex   2.500000e-02 -2.349232e-03 -8.550503e-04
      vertex   2.500000e-02 -2.414815e-03 -6.470476e-04
      vertex   0.000000e+00 -2.349232e-03 -8.550503e-04
    endloop
  endfacet
  facet normal  0.000000e+00 -9.537172e-01 -3.007050e-01
    outer loop
      vertex   0.000000e+00 -2.349232e-03 -8.550503e-04
      vertex   2.500000e-02 -2.414815e-03 -6.470476e-04
      vertex   0.000000e+00 -2.414815e-03 -6.470476e-04
    endloop
  endfacet
  facet normal -0.000000e+00 -9.762967e-01 -2.164364e-01
    outer loop
      vertex   2.500000e-02 -2.414815e-03 -6.470476e-04
      vertex   2.500000e-02 -2.462019e-03 -4.341204e-04
      vertex   0.000000e+00 -2.414815e-03 -6.470476e-04
    endloop
  endfacet
  facet normal  0.000000e+00 -9.762967e-01 -2.164364e-01
    outer loop
      vertex   0.000000e+00 -2.414815e-03 -6.470476e-04
      vertex   2.500000e-02 -2.462019e-03 -4.341204e-04
      vertex   0.000000e+00 -2.462019e-03 -4.341204e-04
    endloop
  endfacet
  facet normal -0.000000e+00 -9.914445e-01 -1.305290e-01
    outer loop
      vertex   2.500000e-02 -2.462019e-03 -4.341204e-04
      vertex   2.500000e-02 -2.490487e-03 -2.178894e-04
      vertex   0.000000e+00 -2.462019e-03 -4.341204e-04
    endloop
  endfacet
  facet normal  0.000000e+00 -9.914445e-01 -1.305290e-01
    outer loop
      vertex   0.000000e+00 -2.462019e-03 -4.341204e-04
      vertex   2.500000e-02 -2.490487e-03 -2.178894e-04
      vertex   0.000000e+00 -2.490487e-03 -2.178894e-04
    endloop
  endfacet
  facet normal -0.000000e+00 -9.990483e-01 -4.361819e-02
    outer loop
      vertex   2.500000e-02 -2.490487e-03 -2.178894e-04
      vertex   2.500000e-02 -2.500000e-03 -2.526608e-18
      vertex   0.000000e+00 -2.490487e-03 -2.178894e-04
    endloop
  endfacet
  facet normal -1.497735e-21 -9.990483e-01 -4.361819e-02
    outer loop
      vertex   0.000000e+00 -2.490487e-03 -2.178894e-04
      vertex   2.500000e-02 -2.500000e-03 -2.526608e-18
      vertex   0.000000e+00 -2.500000e-03 -2.526608e-18
    endloop
  endfacet
  facet normal  0.000000e+00 -9.990483e-01  4.361819e-02
    outer loop
      vertex   2.500000e-02 -2.500000e-03 -2.526608e-18
      vertex   2.500000e-02 -2.490487e-03  2.178894e-04
      vertex   0.000000e+00 -2.500000e-03 -2.526608e-18
    endloop
  endfacet
  facet normal -1.497735e-21 -9.990483e-01  4.361819e-02
    outer loop
      vertex   0.000000e+00 -2.500000e-03 -2.526608e-18
      vertex   2.500000e-02 -2.490487e-03  2.178894e-04
      vertex   0.000000e+00 -2.490487e-03  2.178894e-04
    endloop
  endfacet
  facet normal  0.000000e+00 -9.914445e-01  1.305290e-01
    outer loop
      vertex   2.500000e-02 -2.490487e-03  2.178894e-04
      vertex   2.500000e-02 -2.462019e-03  4.341204e-04
      vertex   0.000000e+00 -2.490487e-03  2.178894e-04
    endloop
  endfacet
  facet normal  0.000000e+00 -9.914445e-01  1.305290e-01
    outer loop
      vertex   0.000000e+00 -2.490487e-03  2.178894e-04
      vertex   2.500000e-02 -2.462019e-03  4.341204e-04
      vertex   0.000000e+00 -2.462019e-03  4.341204e-04
    endloop
  endfacet
  facet normal  0.000000e+00 -9.762967e-01  2.164364e-01
    outer loop
      vertex   2.500000e-02 -2.462019e-03  4.341204e-04
      vertex   2.500000e-02 -2.414815e-03  6.470476e-04
      vertex   0.000000e+00 -2.462019e-03  4.341204e-04
    endloop
  endfacet
  facet normal  0.000000e+00 -9.762967e-01  2.164364e-01
    outer loop
      vertex   0.000000e+00 -2.462019e-03  4.341204e-04
      vertex   2.500000e-02 -2.414815e-03  6.470476e-04
      vertex   0.000000e+00 -2.414815e-03  6.470476e-04
    endloop
  endfacet
  facet normal  0.000000e+00 -9.537172e-01  3.007050e-01
    outer loop
      vertex   2.500000e-02 -2.414815e-03  6.470476e-04
      vertex   2.500000e-02 -2.349232e-03  8.550503e-04
      vertex   0.000000e+00 -2.414815e-03  6.470476e-04
    endloop
  endfacet
  facet normal  0.000000e+00 -9.537172e-01  3.007050e-01
    outer loop
      vertex   0.000000e+00 -2.414815e-03  6.470476e-04
      vertex   2.500000e-02 -2.349232e-03  8.550503e-04
      vertex   0.000000e+00 -2.349232e-03  8.550503e-04
    endloop
  endfacet
  facet normal  0.000000e+00 -9.238798e-01  3.826828e-01
    outer loop
      vertex   2.500000e-02 -2.349232e-03  8.550503e-04
      vertex   2.500000e-02 -2.265770e-03  1.056546e-03
      vertex   0.000000e+00 -2.349232e-03  8.550503e-04
    endloop
  endfacet
  facet normal  0.000000e+00 -9.238798e-01  3.826828e-01
    outer loop
      vertex   0.000000e+00 -2.349232e-03  8.550503e-04
      vertex   2.500000e-02 -2.265770e-03  1.056546e-03
      vertex   0.000000e+00 -2.265770e-03  1.056546e-03
    endloop
  endfacet
  facet normal  0.000000e+00 -8.870104e-01  4.617495e-01
    outer loop
      vertex   2.500000e-02 -2.265770e-03  1.056546e-03
      vertex   2.500000e-02 -2.165064e-03  1.250000e-03
      vertex   0.000000e+00 -2.265770e-03  1.056546e-03
    endloop
  endfacet
  facet normal  0.000000e+00 -8.870104e-01  4.617495e-01
    outer loop
      vertex   0.000000e+00 -2.265770e-03  1.056546e-03
      vertex   2.500000e-02 -2.165064e-03  1.250000e-03
      vertex   0.000000e+00 -2.165064e-03  1.250000e-03
    endloop
  endfacet
  facet normal  0.000000e+00 -8.433903e-01  5.373015e-01
    outer loop
      vertex   2.500000e-02 -2.165064e-03  1.250000e-03
      vertex   2.500000e-02 -2.047880e-03  1.433941e-03
      vertex   0.000000e+00 -2.165064e-03  1.250000e-03
    endloop
  endfacet
  facet normal  0.000000e+00 -8.433903e-01  5.373015e-01
    outer loop
      vertex   0.000000e+00 -2.165064e-03  1.250000e-03
      vertex   2.500000e-02 -2.047880e-03  1.433941e-03
      vertex   0.000000e+00 -2.047880e-03  1.433941e-03
    endloop
  endfacet
  facet normal  0.000000e+00 -7.933534e-01  6.087614e-01
    outer loop
      vertex   2.500000e-02 -2.047880e-03  1.433941e-03
      vertex   2.500000e-02 -1.915111e-03  1.606969e-03
      vertex   0.000000e+00 -2.047880e-03  1.433941e-03
    endloop
  endfacet
  facet normal  0.000000e+00 -7.933534e-01  6.087614e-01
    outer loop
      vertex   0.000000e+00 -2.047880e-03  1.433941e-03
      vertex   2.500000e-02 -1.915111e-03  1.606969e-03
      vertex   0.000000e+00 -1.915111e-03  1.606969e-03
    endloop
  endfacet
  facet normal  0.000000e+00 -7.372779e-01  6.755896e-01
    outer loop
      vertex   2.500000e-02 -1.915111e-03  1.606969e-03
      vertex   2.500000e-02 -1.767767e-03  1.767767e-03
      vertex   0.000000e+00 -1.915111e-03  1.606969e-03
    endloop
  endfacet
  facet normal  0.000000e+00 -7.372779e-01  6.755896e-01
    outer loop
      vertex   0.000000e+00 -1.915111e-03  1.606969e-03
      vertex   2.500000e-02 -1.767767e-03  1.767767e-03
      vertex   0.000000e+00 -1.767767e-03  1.767767e-03
    endloop
  endfacet
  facet normal  0.000000e+00 -6.755896e-01  7.372779e-01
    outer loop
      vertex   2.500000e-02 -1.767767e-03  1.767767e-03
      vertex   2.500000e-02 -1.606969e-03  1.915111e-03
      vertex   0.000000e+00 -1.767767e-03  1.767767e-03
    endloop
  endfacet
  facet normal  0.000000e+00 -6.755896e-01  7.372779e-01
    outer loop
      vertex   0.000000e+00 -1.767767e-03  1.767767e-03
      vertex   2.500000e-02 -1.606969e-03  1.915111e-03
      vertex   0.000000e+00 -1.606969e-03  1.915111e-03
    endloop
  endfacet
  facet normal  0.000000e+00 -6.087614e-01  7.933534e-01
    outer loop
      vertex   2.500000e-02 -1.606969e-03  1.915111e-03
      vertex   2.500000e-02 -1.433941e-03  2.047880e-03
      vertex   0.000000e+00 -1.606969e-03  1.915111e-03
    endloop
  endfacet
  facet normal  0.000000e+00 -6.087614e-01  7.933534e-01
    outer loop
      vertex   0.000000e+00 -1.606969e-03  1.915111e-03
      vertex   2.500000e-02 -1.433941e-03  2.047880e-03
      vertex   0.000000e+00 -1.433941e-03  2.047880e-03
    endloop
  endfacet
  facet normal  0.000000e+00 -5.373015e-01  8.433903e-01
    outer loop
      vertex   2.500000e-02 -1.433941e-03  2.047880e-03
      vertex   2.500000e-02 -1.250000e-03  2.165064e-03
      vertex   0.000000e+00 -1.433941e-03  2.047880e-03
    endloop
  endfacet
  facet normal  0.000000e+00 -5.373015e-01  8.433903e-01
    outer loop
      vertex   0.000000e+00 -1.433941e-03  2.047880e-03
      vertex   2.500000e-02 -1.250000e-03  2.165064e-03
      vertex   0.000000e+00 -1.250000e-03  2.165064e-03
    endloop
  endfacet
  facet normal  0.000000e+00 -4.617495e-01  8.870104e-01
    outer loop
      vertex   2.500000e-02 -1.250000e-03  2.165064e-03
      vertex   2.500000e-02 -1.056546e-03  2.265770e-03
      vertex   0.000000e+00 -1.250000e-03  2.165064e-03
    endloop
  endfacet
  facet normal  0.000000e+00 -4.617495e-01  8.870104e-01
    outer loop
      vertex   0.000000e+00 -1.250000e-03  2.165064e-03
      vertex   2.500000e-02 -1.056546e-03  2.265770e-03
      vertex   0.000000e+00 -1.056546e-03  2.265770e-03
    endloop
  endfacet
  facet normal  0.000000e+00 -3.826828e-01  9.238798e-01
    outer loop
      vertex   2.500000e-02 -1.056546e-03  2.265770e-03
      vertex   2.500000e-02 -8.550503e-04  2.349232e-03
      vertex   0.000000e+00 -1.056546e-03  2.265770e-03
    endloop
  endfacet
  facet normal  0.000000e+00 -3.826828e-01  9.238798e-01
    outer loop
      vertex   0.000000e+00 -1.056546e-03  2.265770e-03
      vertex   2.500000e-02 -8.550503e-04  2.349232e-03
      vertex   0.000000e+00 -8.550503e-04  2.349232e-03
    endloop
  endfacet
  facet normal  0.000000e+00 -3.007050e-01  9.537172e-01
    outer loop
      vertex   2.500000e-02 -8.550503e-04  2.349232e-03
      vertex   2.500000e-02 -6.470476e-04  2.414815e-03
      vertex   0.000000e+00 -8.550503e-04  2.349232e-03
    endloop
  endfacet
  facet normal  0.000000e+00 -3.007050e-01  9.537172e-01
    outer loop
      vertex   0.000000e+00 -8.550503e-04  2.349232e-03
      vertex   2.500000e-02 -6.470476e-04  2.414815e-03
      vertex   0.000000e+00 -6.470476e-04  2.414815e-03
    endloop
  endfacet
  facet normal  0.000000e+00 -2.164364e-01  9.762967e-01
    outer loop
      vertex   2.500000e-02 -6.470476e-04  2.414815e-03
      vertex   2.500000e-02 -4.341204e-04  2.462019e-03
      vertex   0.000000e+00 -6.470476e-04  2.414815e-03
    endloop
  endfacet
  facet normal  0.000000e+00 -2.164364e-01  9.762967e-01
    outer loop
      vertex   0.000000e+00 -6.470476e-04  2.414815e-03
      vertex   2.500000e-02 -4.341204e-04  2.462019e-03
      vertex   0.000000e+00 -4.341204e-04  2.462019e-03
    endloop
  endfacet
  facet normal  0.000000e+00 -1.305290e-01  9.914445e-01
    outer loop
      vertex   2.500000e-02 -4.341204e-04  2.462019e-03
      vertex   2.500000e-02 -2.178894e-04  2.490487e-03
      vertex   0.000000e+00 -4.341204e-04  2.462019e-03
    endloop
  endfacet
  facet normal  0.000000e+00 -1.305290e-01  9.914445e-01
    outer loop
      vertex   0.000000e+00 -4.341204e-04  2.462019e-03
      vertex   2.500000e-02 -2.178894e-04  2.490487e-03
      vertex   0.000000e+00 -2.178894e-04  2.490487e-03
    endloop
  endfacet
  facet normal  0.000000e+00 -4.361819e-02  9.990483e-01
    outer loop
      vertex   2.500000e-02 -2.178894e-04  2.490487e-03
      vertex   2.500000e-02  0.000000e+00  2.500000e-03
      vertex   0.000000e+00 -2.178894e-04  2.490487e-03
    endloop
  endfacet
  facet normal  0.000000e+00 -4.361819e-02  9.990483e-01
    outer loop
      vertex   0.000000e+00 -2.178894e-04  2.490487e-03
      vertex   2.500000e-02  0.000000e+00  2.500000e-03
      vertex   0.000000e+00  0.000000e+00  2.500000e-03
    endloop
  endfacet
  facet normal  0.000000e+00  4.361819e-02  9.990483e-01
    outer loop
      vertex   2.500000e-02  0.000000e+00  2.500000e-03
      vertex   2.500000e-02  2.178894e-04  2.490487e-03
      vertex   0.000000e+00  0.000000e+00  2.500000e-03
    endloop
  endfacet
  facet normal  1.000000e+00 -0.000000e+00  0.000000e+00
    outer loop
      vertex   2.500000e-02 -4.341204e-04 -2.462019e-03
      vertex   2.500000e-02 -2.178894e-04 -2.490487e-03
      vertex   2.500000e-02  0.000000e+00  1.530808e-19
    endloop
  endfacet
  facet normal  1.000000e+00 -0.000000e+00  0.000000e+00
    outer loop
      vertex   2.500000e-02 -2.178894e-04 -2.490487e-03
      vertex   2.500000e-02  9.184851e-19 -2.500000e-03
      vertex   2.500000e-02  0.000000e+00  1.530808e-19
    endloop
  endfacet
  facet normal  1.000000e+00  0.000000e+00  0.000000e+00
    outer loop
      vertex   2.500000e-02  0.000000e+00  1.530808e-19
      vertex   2.500000e-02  9.184851e-19 -2.500000e-03
      vertex   2.500000e-02  2.178894e-04 -2.490487e-03
    endloop
  endfacet
  facet normal  1.000000e+00 -0.000000e+00  0.000000e+00
    outer loop
      vertex   2.500000e-02 -1.056546e-03 -2.265770e-03
      vertex   2.500000e-02 -8.550503e-04 -2.349232e-03
      vertex   2.500000e-02  0.000000e+00  1.530808e-19
    endloop
  endfacet
  facet normal  1.000000e+00 -0.000000e+00  0.000000e+00
    outer loop
      vertex   2.500000e-02 -8.550503e-04 -2.349232e-03
      vertex   2.500000e-02 -6.470476e-04 -2.414815e-03
      vertex   2.500000e-02  0.000000e+00  1.530808e-19
    endloop
  endfacet
  facet normal  1.000000e+00  0.000000e+00  0.000000e+00
    outer loop
      vertex   2.500000e-02  0.000000e+00  1.530808e-19
      vertex   2.500000e-02 -6.470476e-04 -2.414815e-03
      vertex   2.500000e-02 -4.341204e-04 -2.462019e-03
    endloop
  endfacet
  facet normal  1.000000e+00 -0.000000e+00  0.000000e+00
    outer loop
      vertex   2.500000e-02 -1.606969e-03 -1.915111e-03
      vertex   2.500000e-02 -1.433941e-03 -2.047880e-03
      vertex   2.500000e-02  0.000000e+00  1.530808e-19
    endloop
  endfacet
  facet normal  1.000000e+00 -0.000000e+00  0.000000e+00
    outer loop
      vertex   2.500000e-02 -1.433941e-03 -2.047880e-03
      vertex   2.500000e-02 -1.250000e-03 -2.165064e-03
      vertex   2.500000e-02  0.000000e+00  1.530808e-19
    endloop
  endfacet
  facet normal  1.000000e+00  0.000000e+00  0.000000e+00
    outer loop
      vertex   2.500000e-02  0.000000e+00  1.530808e-19
      vertex   2.500000e-02 -1.250000e-03 -2.165064e-03
      vertex   2.500000e-02 -1.056546e-03 -2.265770e-03
    endloop
  endfacet
  facet normal  1.000000e+00 -0.000000e+00  0.000000e+00
    outer loop
      vertex   2.500000e-02 -2.047880e-03 -1.433941e-03
      vertex   2.500000e-02 -1.915111e-03 -1.606969e-03
      vertex   2.500000e-02  0.000000e+00  1.530808e-19
    endloop
  endfacet
  facet normal  1.000000e+00 -0.000000e+00  0.000000e+00
    outer loop
      vertex   2.500000e-02 -1.915111e-03 -1.606969e-03
      vertex   2.500000e-02 -1.767767e-03 -1.767767e-03
      vertex   2.500000e-02  0.000000e+00  1.530808e-19
    endloop
  endfacet
  facet normal  1.000000e+00  0.000000e+00  0.000000e+00
    outer loop
      vertex   2.500000e-02  0.000000e+00  1.530808e-19
      vertex   2.500000e-02 -1.767767e-03 -1.767767e-03
      vertex   2.500000e-02 -1.606969e-03 -1.915111e-03
    endloop
  endfacet
  facet normal  1.000000e+00 -0.000000e+00  0.000000e+00
    outer loop
      vertex   2.500000e-02 -2.349232e-03 -8.550503e-04
      vertex   2.500000e-02 -2.265770e-03 -1.056546e-03
      vertex   2.500000e-02  0.000000e+00  1.530808e-19
    endloop
  endfacet
  facet normal  1.000000e+00 -0.000000e+00  0.000000e+00
    outer loop
      vertex   2.500000e-02 -2.265770e-03 -1.056546e-03
      vertex   2.500000e-02 -2.165064e-03 -1.250000e-03
      vertex   2.500000e-02  0.000000e+00  1.530808e-19
    endloop
  endfacet
  facet normal  1.000000e+00  0.000000e+00  0.000000e+00
    outer loop
      vertex   2.500000e-02  0.000000e+00  1.530808e-19
      vertex   2.500000e-02 -2.165064e-03 -1.250000e-03
      vertex   2.500000e-02 -2.047880e-03 -1.433941e-03
    endloop
  endfacet
  facet normal  1.000000e+00 -0.000000e+00  0.000000e+00
    outer loop
      vertex   2.500000e-02 -2.490487e-03 -2.178894e-04
      vertex   2.500000e-02 -2.462019e-03 -4.341204e-04
      vertex   2.500000e-02  0.000000e+00  1.530808e-19
    endloop
  endfacet
  facet normal  1.000000e+00 -0.000000e+00  0.000000e+00
    outer loop
      vertex   2.500000e-02 -2.462019e-03 -4.341204e-04
      vertex   2.500000e-02 -2.414815e-03 -6.470476e-04
      vertex   2.500000e-02  0.000000e+00  1.530808e-19
    endloop
  endfacet
  facet normal  1.000000e+00  0.000000e+00  0.000000e+00
    outer loop
      vertex   2.500000e-02  0.000000e+00  1.530808e-19
      vertex   2.500000e-02 -2.414815e-03 -6.470476e-04
      vertex   2.500000e-02 -2.349232e-03 -8.550503e-04
    endloop
  endfacet
  facet normal  1.000000e+00  0.000000e+00  0.000000e+00
    outer loop
      vertex   2.500000e-02 -2.462019e-03  4.341204e-04
      vertex   2.500000e-02 -2.490487e-03  2.178894e-04
      vertex   2.500000e-02  0.000000e+00  1.530808e-19
    endloop
  endfacet
  facet normal  1.000000e+00  0.000000e+00  0.000000e+00
    outer loop
      vertex   2.500000e-02 -2.490487e-03  2.178894e-04
      vertex   2.500000e-02 -2.500000e-03 -2.526608e-18
      vertex   2.500000e-02  0.000000e+00  1.530808e-19
    endloop
  endfacet
  facet normal  1.000000e+00  0.000000e+00  0.000000e+00
    outer loop
      vertex   2.500000e-02  0.000000e+00  1.530808e-19
      vertex   2.500000e-02 -2.500000e-03 -2.526608e-18
      vertex   2.500000e-02 -2.490487e-03 -2.178894e-04
    endloop
  endfacet
  facet normal  1.000000e+00  0.000000e+00  0.000000e+00
    outer loop
      vertex   2.500000e-02 -2.265770e-03  1.056546e-03
      vertex   2.500000e-02 -2.349232e-03  8.550503e-04
      vertex   2.500000e-02  0.000000e+00  1.530808e-19
    endloop
  endfacet
  facet normal  1.000000e+00  0.000000e+00  0.000000e+00
    outer loop
      vertex   2.500000e-02 -2.349232e-03  8.550503e-04
      vertex   2.500000e-02 -2.414815e-03  6.470476e-04
      vertex   2.500000e-02  0.000000e+00  1.530808e-19
    endloop
  endfacet
  facet normal  1.000000e+00  0.000000e+00  0.000000e+00
    outer loop
      vertex   2.500000e-02  0.000000e+00  1.530808e-19
      vertex   2.500000e-02 -2.414815e-03  6.470476e-04
      vertex   2.500000e-02 -2.462019e-03  4.341204e-04
    endloop
  endfacet
  facet normal  1.000000e+00  0.000000e+00  0.000000e+00
    outer loop
      vertex   2.500000e-02 -1.915111e-03  1.606969e-03
      vertex   2.500000e-02 -2.047880e-03  1.433941e-03
      vertex   2.500000e-02  0.000000e+00  1.530808e-19
    endloop
  endfacet
  facet normal  1.000000e+00  0.000000e+00  0.000000e+00
    outer loop
      vertex   2.500000e-02 -2.047880e-03  1.433941e-03
      vertex   2.500000e-02 -2.165064e-03  1.250000e-03
      vertex   2.500000e-02  0.000000e+00  1.530808e-19
    endloop
  endfacet
  facet normal  1.000000e+00  0.000000e+00  0.000000e+00
    outer loop
      vertex   2.500000e-02  0.000000e+00  1.530808e-19
      vertex   2.500000e-02 -2.165064e-03  1.250000e-03
      vertex   2.500000e-02 -2.265770e-03  1.056546e-03
    endloop
  endfacet
  facet normal  1.000000e+00  0.000000e+00  0.000000e+00
    outer loop
      vertex   2.500000e-02 -1.433941e-03  2.047880e-03
      vertex   2.500000e-02 -1.606969e-03  1.915111e-03
      vertex   2.500000e-02  0.000000e+00  1.530808e-19
    endloop
  endfacet
  facet normal  1.000000e+00  0.000000e+00  0.000000e+00
    outer loop
      vertex   2.500000e-02 -1.606969e-03  1.915111e-03
      vertex   2.500000e-02 -1.767767e-03  1.767767e-03
      vertex   2.500000e-02  0.000000e+00  1.530808e-19
    endloop
  endfacet
  facet normal  1.000000e+00  0.000000e+00  0.000000e+00
    outer loop
      vertex   2.500000e-02  0.000000e+00  1.530808e-19
      vertex   2.500000e-02 -1.767767e-03  1.767767e-03
      vertex   2.500000e-02 -1.915111e-03  1.606969e-03
    endloop
  endfacet
  facet normal  1.000000e+00  0.000000e+00  0.000000e+00
    outer loop
      vertex   2.500000e-02 -8.550503e-04  2.349232e-03
      vertex   2.500000e-02 -1.056546e-03  2.265770e-03
      vertex   2.500000e-02  0.000000e+00  1.530808e-19
    endloop
  endfacet
  facet normal  1.000000e+00  0.000000e+00  0.000000e+00
    outer loop
      vertex   2.500000e-02 -1.056546e-03  2.265770e-03
      vertex   2.500000e-02 -1.250000e-03  2.165064e-03
      vertex   2.500000e-02  0.000000e+00  1.530808e-19
    endloop
  endfacet
  facet normal  1.000000e+00  0.000000e+00  0.000000e+00
    outer loop
      vertex   2.500000e-02  0.000000e+00  1.530808e-19
      vertex   2.500000e-02 -1.250000e-03  2.165064e-03
      vertex   2.500000e-02 -1.433941e-03  2.047880e-03
    endloop
  endfacet
  facet normal  1.000000e+00  0.000000e+00  0.000000e+00
    outer loop
      vertex   2.500000e-02 -2.178894e-04  2.490487e-03
      vertex   2.500000e-02 -4.341204e-04  2.462019e-03
      vertex   2.500000e-02  0.000000e+00  1.530808e-19
    endloop
  endfacet
  facet normal  1.000000e+00  0.000000e+00  0.000000e+00
    outer loop
      vertex   2.500000e-02 -4.341204e-04  2.462019e-03
      vertex   2.500000e-02 -6.470476e-04  2.414815e-03
      vertex   2.500000e-02  0.000000e+00  1.530808e-19
    endloop
  endfacet
  facet normal  1.000000e+00  0.000000e+00  0.000000e+00
    outer loop
      vertex   2.500000e-02  0.000000e+00  1.530808e-19
      vertex   2.500000e-02 -6.470476e-04  2.414815e-03
      vertex   2.500000e-02 -8.550503e-04  2.349232e-03
    endloop
  endfacet
  facet normal  1.000000e+00  0.000000e+00  0.000000e+00
    outer loop
      vertex   2.500000e-02  4.341204e-04  2.462019e-03
      vertex   2.500000e-02  2.178894e-04  2.490487e-03
      vertex   2.500000e-02  0.000000e+00  1.530808e-19
    endloop
  endfacet
  facet normal  1.000000e+00  0.000000e+00  0.000000e+00
    outer loop
      vertex   2.500000e-02  2.178894e-04  2.490487e-03
      vertex   2.500000e-02  0.000000e+00  2.500000e-03
      vertex   2.500000e-02  0.000000e+00  1.530808e-19
    endloop
  endfacet
  facet normal  1.000000e+00  0.000000e+00 -0.000000e+00
    outer loop
      vertex   2.500000e-02  0.000000e+00  1.530808e-19
      vertex   2.500000e-02  0.000000e+00  2.500000e-03
      vertex   2.500000e-02 -2.178894e-04  2.490487e-03
    endloop
  endfacet
  facet normal  1.000000e+00  0.000000e+00  0.000000e+00
    outer loop
      vertex   2.500000e-02  1.056546e-03  2.265770e-03
      vertex   2.500000e-02  8.550503e-04  2.349232e-03
      vertex   2.500000e-02  0.000000e+00  1.530808e-19
    endloop
  endfacet
  facet normal  1.000000e+00  0.000000e+00  0.000000e+00
    outer loop
      vertex   2.500000e-02  8.550503e-04  2.349232e-03
      vertex   2.500000e-02  6.470476e-04  2.414815e-03
      vertex   2.500000e-02  0.000000e+00  1.530808e-19
    endloop
  endfacet
  facet normal  1.000000e+00  0.000000e+00  0.000000e+00
    outer loop
      vertex   2.500000e-02  0.000000e+00  1.530808e-19
      vertex   2.500000e-02  6.470476e-04  2.414815e-03
      vertex   2.500000e-02  4.341204e-04  2.462019e-03
    endloop
  endfacet
  facet normal  1.000000e+00  0.000000e+00  0.000000e+00
    outer loop
      vertex   2.500000e-02  1.606969e-03  1.915111e-03
      vertex   2.500000e-02  1.433941e-03  2.047880e-03
      vertex   2.500000e-02  0.000000e+00  1.530808e-19
    endloop
  endfacet
  facet normal  1.000000e+00  0.000000e+00  0.000000e+00
    outer loop
      vertex   2.500000e-02  1.433941e-03  2.047880e-03
      vertex   2.500000e-02  1.250000e-03  2.165064e-03
      vertex   2.500000e-02  0.000000e+00  1.530808e-19
    endloop
  endfacet
  facet normal  1.000000e+00  0.000000e+00  0.000000e+00
    outer loop
      vertex   2.500000e-02  0.000000e+00  1.530808e-19
      vertex   2.500000e-02  1.250000e-03  2.165064e-03
      vertex   2.500000e-02  1.056546e-03  2.265770e-03
    endloop
  endfacet
  facet normal  1.000000e+00  0.000000e+00  0.000000e+00
    outer loop
      vertex   2.500000e-02  2.047880e-03  1.433941e-03
      vertex   2.500000e-02  1.915111e-03  1.606969e-03
      vertex   2.500000e-02  0.000000e+00  1.530808e-19
    endloop
  endfacet
  facet normal  1.000000e+00  0.000000e+00  0.000000e+00
    outer loop
      vertex   2.500000e-02  1.915111e-03  1.606969e-03
      vertex   2.500000e-02  1.767767e-03  1.767767e-03
      vertex   2.500000e-02  0.000000e+00  1.530808e-19
    endloop
  endfacet
  facet normal  1.000000e+00  0.000000e+00  0.000000e+00
    outer loop
      vertex   2.500000e-02  0.000000e+00  1.530808e-19
      vertex   2.500000e-02  1.767767e-03  1.767767e-03
      vertex   2.500000e-02  1.606969e-03  1.915111e-03
    endloop
  endfacet
  facet normal  1.000000e+00  0.000000e+00  0.000000e+00
    outer loop
      vertex   2.500000e-02  2.349232e-03  8.550503e-04
      vertex   2.500000e-02  2.265770e-03  1.056546e-03
      vertex   2.500000e-02  0.000000e+00  1.530808e-19
    endloop
  endfacet
  facet normal  1.000000e+00  0.000000e+00  0.000000e+00
    outer loop
      vertex   2.500000e-02  2.265770e-03  1.056546e-03
      vertex   2.500000e-02  2.165064e-03  1.250000e-03
      vertex   2.500000e-02  0.000000e+00  1.530808e-19
    endloop
  endfacet
  facet normal  1.000000e+00  0.000000e+00  0.000000e+00
    outer loop
      vertex   2.500000e-02  0.000000e+00  1.530808e-19
      vertex   2.500000e-02  2.165064e-03  1.250000e-03
      vertex   2.500000e-02  2.047880e-03  1.433941e-03
    endloop
  endfacet
  facet normal  1.000000e+00  0.000000e+00  0.000000e+00
    outer loop
      vertex   2.500000e-02  2.490487e-03  2.178894e-04
      vertex   2.500000e-02  2.462019e-03  4.341204e-04
      vertex   2.500000e-02  0.000000e+00  1.530808e-19
    endloop
  endfacet
  facet normal  1.000000e+00  0.000000e+00  0.000000e+00
    outer loop
      vertex   2.500000e-02  2.462019e-03  4.341204e-04
      vertex   2.500000e-02  2.414815e-03  6.470476e-04
      vertex   2.500000e-02  0.000000e+00  1.530808e-19
    endloop
  endfacet
  facet normal  1.000000e+00  0.000000e+00  0.000000e+00
    outer loop
      vertex   2.500000e-02  0.000000e+00  1.530808e-19
      vertex   2.500000e-02  2.414815e-03  6.470476e-04
      vertex   2.500000e-02  2.349232e-03  8.550503e-04
    endloop
  endfacet
  facet normal  1.000000e+00  0.000000e+00 -0.000000e+00
    outer loop
      vertex   2.500000e-02  2.462019e-03 -4.341204e-04
      vertex   2.500000e-02  2.490487e-03 -2.178894e-04
      vertex   2.500000e-02  0.000000e+00  1.530808e-19
    endloop
  endfacet
  facet normal  1.000000e+00  0.000000e+00 -0.000000e+00
    outer loop
      vertex   2.500000e-02  2.490487e-03 -2.178894e-04
      vertex   2.500000e-02  2.500000e-03  8.612732e-19
      vertex   2.500000e-02  0.000000e+00  1.530808e-19
    endloop
  endfacet
  facet normal  1.000000e+00  0.000000e+00  0.000000e+00
    outer loop
      vertex   2.500000e-02  0.000000e+00  1.530808e-19
      vertex   2.500000e-02  2.500000e-03  8.612732e-19
      vertex   2.500000e-02  2.490487e-03  2.178894e-04
    endloop
  endfacet
  facet normal  1.000000e+00  0.000000e+00 -0.000000e+00
    outer loop
      vertex   2.500000e-02  2.265770e-03 -1.056546e-03
      vertex   2.500000e-02  2.349232e-03 -8.550503e-04
      vertex   2.500000e-02  0.000000e+00  1.530808e-19
    endloop
  endfacet
  facet normal  1.000000e+00  0.000000e+00 -0.000000e+00
    outer loop
      vertex   2.500000e-02  2.349232e-03 -8.550503e-04
      vertex   2.500000e-02  2.414815e-03 -6.470476e-04
      vertex   2.500000e-02  0.000000e+00  1.530808e-19
    endloop
  endfacet
  facet normal  1.000000e+00  0.000000e+00  0.000000e+00
    outer loop
      vertex   2.500000e-02  0.000000e+00  1.530808e-19
      vertex   2.500000e-02  2.414815e-03 -6.470476e-04
      vertex   2.500000e-02  2.462019e-03 -4.341204e-04
    endloop
  endfacet
  facet normal  1.000000e+00  0.000000e+00 -0.000000e+00
    outer loop
      vertex   2.500000e-02  1.915111e-03 -1.606969e-03
      vertex   2.500000e-02  2.047880e-03 -1.433941e-03
      vertex   2.500000e-02  0.000000e+00  1.530808e-19
    endloop
  endfacet
  facet normal  1.000000e+00  0.000000e+00 -0.000000e+00
    outer loop
      vertex   2.500000e-02  2.047880e-03 -1.433941e-03
      vertex   2.500000e-02  2.165064e-03 -1.250000e-03
      vertex   2.500000e-02  0.000000e+00  1.530808e-19
    endloop
  endfacet
  facet normal  1.000000e+00  0.000000e+00  0.000000e+00
    outer loop
      vertex   2.500000e-02  0.000000e+00  1.530808e-19
      vertex   2.500000e-02  2.165064e-03 -1.250000e-03
      vertex   2.500000e-02  2.265770e-03 -1.056546e-03
    endloop
  endfacet
  facet normal  1.000000e+00  0.000000e+00 -0.000000e+00
    outer loop
      vertex   2.500000e-02  1.433941e-03 -2.047880e-03
      vertex   2.500000e-02  1.606969e-03 -1.915111e-03
      vertex   2.500000e-02  0.000000e+00  1.530808e-19
    endloop
  endfacet
  facet normal  1.000000e+00  0.000000e+00 -0.000000e+00
    outer loop
      vertex   2.500000e-02  1.606969e-03 -1.915111e-03
      vertex   2.500000e-02  1.767767e-03 -1.767767e-03
      vertex   2.500000e-02  0.000000e+00  1.530808e-19
    endloop
  endfacet
  facet normal  1.000000e+00  0.000000e+00  0.000000e+00
    outer loop
      vertex   2.500000e-02  0.000000e+00  1.530808e-19
      vertex   2.500000e-02  1.767767e-03 -1.767767e-03
      vertex   2.500000e-02  1.915111e-03 -1.606969e-03
    endloop
  endfacet
  facet normal  1.000000e+00  0.000000e+00 -0.000000e+00
    outer loop
      vertex   2.500000e-02  8.550503e-04 -2.349232e-03
      vertex   2.500000e-02  1.056546e-03 -2.265770e-03
      vertex   2.500000e-02  0.000000e+00  1.530808e-19
    endloop
  endfacet
  facet normal  1.000000e+00  0.000000e+00 -0.000000e+00
    outer loop
      vertex   2.500000e-02  1.056546e-03 -2.265770e-03
      vertex   2.500000e-02  1.250000e-03 -2.165064e-03
      vertex   2.500000e-02  0.000000e+00  1.530808e-19
    endloop
  endfacet
  facet normal  1.000000e+00  0.000000e+00  0.000000e+00
    outer loop
      vertex   2.500000e-02  0.000000e+00  1.530808e-19
      vertex   2.500000e-02  1.250000e-03 -2.165064e-03
      vertex   2.500000e-02  1.433941e-03 -2.047880e-03
    endloop
  endfacet
  facet normal  1.000000e+00  0.000000e+00 -0.000000e+00
    outer loop
      vertex   2.500000e-02  2.178894e-04 -2.490487e-03
      vertex   2.500000e-02  4.341204e-04 -2.462019e-03
      vertex   2.500000e-02  0.000000e+00  1.530808e-19
    endloop
  endfacet
  facet normal  1.000000e+00  0.000000e+00 -0.000000e+00
    outer loop
      vertex   2.500000e-02  4.341204e-04 -2.462019e-03
      vertex   2.500000e-02  6.470476e-04 -2.414815e-03
      vertex   2.500000e-02  0.000000e+00  1.530808e-19
    endloop
  endfacet
  facet normal  1.000000e+00  0.000000e+00  0.000000e+00
    outer loop
      vertex   2.500000e-02  0.000000e+00  1.530808e-19
      vertex   2.500000e-02  6.470476e-04 -2.414815e-03
      vertex   2.500000e-02  8.550503e-04 -2.349232e-03
    endloop
  endfacet
endsolid vcg
