solid STL generated by MeshLab
  facet normal -3.384898e-03 -9.999918e-01  2.197311e-03
    outer loop
      vertex  -1.564381e-01  1.819704e-01  2.732131e-01
      vertex  -1.754547e-01  1.820344e-01  2.730500e-01
      vertex  -1.749448e-01  1.819910e-01  2.540559e-01
    endloop
  endfacet
  facet normal  8.904675e-03 -9.999136e-01 -9.674878e-03
    outer loop
      vertex  -1.749448e-01  1.819910e-01  2.540559e-01
      vertex  -1.562346e-01  1.821382e-01  2.560560e-01
      vertex  -1.564381e-01  1.819704e-01  2.732131e-01
    endloop
  endfacet
  facet normal -9.914448e-01  1.305260e-01  3.993715e-04
    outer loop
      vertex  -1.168200e-01  2.385293e-01  2.355511e-01
      vertex  -1.169250e-01  2.380723e-01  1.244261e-01
      vertex  -1.184969e-01  2.257922e-01  2.355511e-01
    endloop
  endfacet
  facet normal -9.901863e-01  1.397459e-01  1.436039e-03
    outer loop
      vertex  -1.169250e-01  2.380723e-01  1.244261e-01
      vertex  -1.187165e-01  2.253779e-01  1.244261e-01
      vertex  -1.184969e-01  2.257922e-01  2.355511e-01
    endloop
  endfacet
  facet normal -9.238793e-01  3.826838e-01  3.993706e-04
    outer loop
      vertex  -1.184969e-01  2.257922e-01  2.355511e-01
      vertex  -1.187165e-01  2.253779e-01  1.244261e-01
      vertex  -1.234133e-01  2.139230e-01  2.355511e-01
    endloop
  endfacet
  facet normal -9.202775e-01  3.912637e-01  1.436027e-03
    outer loop
      vertex  -1.187165e-01  2.253779e-01  1.244261e-01
      vertex  -1.237326e-01  2.135797e-01  1.244261e-01
      vertex  -1.234133e-01  2.139230e-01  2.355511e-01
    endloop
  endfacet
  facet normal -7.933536e-01  6.087610e-01  3.993680e-04
    outer loop
      vertex  -1.234133e-01  2.139230e-01  2.355511e-01
      vertex  -1.237326e-01  2.135797e-01  1.244261e-01
      vertex  -1.312340e-01  2.037308e-01  2.355511e-01
    endloop
  endfacet
  facet normal -7.876538e-01  6.161164e-01  1.436033e-03
    outer loop
      vertex  -1.237326e-01  2.135797e-01  1.244261e-01
      vertex  -1.316314e-01  2.034819e-01  1.244261e-01
      vertex  -1.312340e-01  2.037308e-01  2.355511e-01
    endloop
  endfacet
  facet normal -6.087614e-01  7.933533e-01  3.993745e-04
    outer loop
      vertex  -1.312340e-01  2.037308e-01  2.355511e-01
      vertex  -1.316314e-01  2.034819e-01  1.244261e-01
      vertex  -1.414263e-01  1.959100e-01  2.355511e-01
    endloop
  endfacet
  facet normal -6.013522e-01  7.989828e-01  1.436036e-03
    outer loop
      vertex  -1.316314e-01  2.034819e-01  1.244261e-01
      vertex  -1.418745e-01  1.957724e-01  1.244261e-01
      vertex  -1.414263e-01  1.959100e-01  2.355511e-01
    endloop
  endfacet
  facet normal -3.826838e-01  9.238793e-01  3.993691e-04
    outer loop
      vertex  -1.414263e-01  1.959100e-01  2.355511e-01
      vertex  -1.418745e-01  1.957724e-01  1.244261e-01
      vertex  -1.532954e-01  1.909937e-01  2.355511e-01
    endloop
  endfacet
  facet normal -3.740700e-01  9.273994e-01  1.436029e-03
    outer loop
      vertex  -1.418745e-01  1.957724e-01  1.244261e-01
      vertex  -1.537640e-01  1.909767e-01  1.244261e-01
      vertex  -1.532954e-01  1.909937e-01  2.355511e-01
    endloop
  endfacet
  facet normal -1.305260e-01  9.914448e-01  3.993695e-04
    outer loop
      vertex  -1.532954e-01  1.909937e-01  2.355511e-01
      vertex  -1.537640e-01  1.909767e-01  1.244261e-01
      vertex  -1.660325e-01  1.893168e-01  2.355511e-01
    endloop
  endfacet
  facet normal -1.212947e-01  9.926155e-01  1.436030e-03
    outer loop
      vertex  -1.537640e-01  1.909767e-01  1.244261e-01
      vertex  -1.664895e-01  1.894217e-01  1.244261e-01
      vertex  -1.660325e-01  1.893168e-01  2.355511e-01
    endloop
  endfacet
  facet normal  1.305259e-01  9.914448e-01  3.993701e-04
    outer loop
      vertex  -1.660325e-01  1.893168e-01  2.355511e-01
      vertex  -1.664895e-01  1.894217e-01  1.244261e-01
      vertex  -1.787697e-01  1.909937e-01  2.355511e-01
    endloop
  endfacet
  facet normal  1.397457e-01  9.901864e-01  1.436030e-03
    outer loop
      vertex  -1.664895e-01  1.894217e-01  1.244261e-01
      vertex  -1.791839e-01  1.912133e-01  1.244261e-01
      vertex  -1.787697e-01  1.909937e-01  2.355511e-01
    endloop
  endfacet
  facet normal  3.826838e-01  9.238793e-01  3.993700e-04
    outer loop
      vertex  -1.787697e-01  1.909937e-01  2.355511e-01
      vertex  -1.791839e-01  1.912133e-01  1.244261e-01
      vertex  -1.906388e-01  1.959100e-01  2.355511e-01
    endloop
  endfacet
  facet normal  3.912637e-01  9.202775e-01  1.436029e-03
    outer loop
      vertex  -1.791839e-01  1.912133e-01  1.244261e-01
      vertex  -1.909821e-01  1.962294e-01  1.244261e-01
      vertex  -1.906388e-01  1.959100e-01  2.355511e-01
    endloop
  endfacet
  facet normal  6.087614e-01  7.933533e-01  3.993724e-04
    outer loop
      vertex  -1.906388e-01  1.959100e-01  2.355511e-01
      vertex  -1.909821e-01  1.962294e-01  1.244261e-01
      vertex  -2.008310e-01  2.037308e-01  2.355511e-01
    endloop
  endfacet
  facet normal  6.161168e-01  7.876535e-01  1.436036e-03
    outer loop
      vertex  -1.909821e-01  1.962294e-01  1.244261e-01
      vertex  -2.010800e-01  2.041281e-01  1.244261e-01
      vertex  -2.008310e-01  2.037308e-01  2.355511e-01
    endloop
  endfacet
  facet normal  7.933533e-01  6.087614e-01  3.993722e-04
    outer loop
      vertex  -2.008310e-01  2.037308e-01  2.355511e-01
      vertex  -2.010800e-01  2.041281e-01  1.244261e-01
      vertex  -2.086518e-01  2.139230e-01  2.355511e-01
    endloop
  endfacet
  facet normal  7.911660e-01  6.116015e-01 -4.014628e-18
    outer loop
      vertex  -2.010800e-01  2.041281e-01  1.244261e-01
      vertex  -2.086518e-01  2.139230e-01  1.244261e-01
      vertex  -2.086518e-01  2.139230e-01  2.355511e-01
    endloop
  endfacet
  facet normal  9.238798e-01  3.826828e-01  0.000000e+00
    outer loop
      vertex  -2.086518e-01  2.139230e-01  2.355511e-01
      vertex  -2.086518e-01  2.139230e-01  1.244261e-01
      vertex  -2.135682e-01  2.257922e-01  2.355511e-01
    endloop
  endfacet
  facet normal  9.238798e-01  3.826828e-01  0.000000e+00
    outer loop
      vertex  -2.086518e-01  2.139230e-01  1.244261e-01
      vertex  -2.135682e-01  2.257922e-01  1.244261e-01
      vertex  -2.135682e-01  2.257922e-01  2.355511e-01
    endloop
  endfacet
  facet normal  9.914449e-01  1.305260e-01  0.000000e+00
    outer loop
      vertex  -2.135682e-01  2.257922e-01  2.355511e-01
      vertex  -2.135682e-01  2.257922e-01  1.244261e-01
      vertex  -2.152450e-01  2.385293e-01  2.355511e-01
    endloop
  endfacet
  facet normal  9.914449e-01  1.305260e-01  0.000000e+00
    outer loop
      vertex  -2.135682e-01  2.257922e-01  1.244261e-01
      vertex  -2.152450e-01  2.385293e-01  1.244261e-01
      vertex  -2.152450e-01  2.385293e-01  2.355511e-01
    endloop
  endfacet
  facet normal  9.914449e-01 -1.305259e-01  0.000000e+00
    outer loop
      vertex  -2.152450e-01  2.385293e-01  2.355511e-01
      vertex  -2.152450e-01  2.385293e-01  1.244261e-01
      vertex  -2.135682e-01  2.512664e-01  2.355511e-01
    endloop
  endfacet
  facet normal  9.934157e-01 -1.145500e-01 -1.860890e-03
    outer loop
      vertex  -2.152450e-01  2.385293e-01  1.244261e-01
      vertex  -2.138883e-01  2.502953e-01  1.244261e-01
      vertex  -2.135682e-01  2.512664e-01  2.355511e-01
    endloop
  endfacet
  facet normal  9.238794e-01 -3.826831e-01  6.825274e-04
    outer loop
      vertex  -2.135682e-01  2.512664e-01  2.355511e-01
      vertex  -2.138883e-01  2.502953e-01  1.244261e-01
      vertex  -2.086518e-01  2.631355e-01  2.355511e-01
    endloop
  endfacet
  facet normal  9.276592e-01 -3.734275e-01 -5.650469e-04
    outer loop
      vertex  -2.138883e-01  2.502953e-01  1.244261e-01
      vertex  -2.089747e-01  2.625016e-01  1.244261e-01
      vertex  -2.086518e-01  2.631355e-01  2.355511e-01
    endloop
  endfacet
  facet normal  7.933528e-01 -6.087610e-01  1.167596e-03
    outer loop
      vertex  -2.086518e-01  2.631355e-01  2.355511e-01
      vertex  -2.089747e-01  2.625016e-01  1.244261e-01
      vertex  -2.008310e-01  2.733278e-01  2.355511e-01
    endloop
  endfacet
  facet normal  7.918735e-01 -6.106835e-01  1.463300e-03
    outer loop
      vertex  -2.089747e-01  2.625016e-01  1.244261e-01
      vertex  -2.004337e-01  2.735767e-01  1.244261e-01
      vertex  -2.008310e-01  2.733278e-01  2.355511e-01
    endloop
  endfacet
  facet normal  6.087614e-01 -7.933533e-01  3.993699e-04
    outer loop
      vertex  -2.008310e-01  2.733278e-01  2.355511e-01
      vertex  -2.004337e-01  2.735767e-01  1.244261e-01
      vertex  -1.906388e-01  2.811486e-01  2.355511e-01
    endloop
  endfacet
  facet normal  6.013521e-01 -7.989829e-01  1.436039e-03
    outer loop
      vertex  -2.004337e-01  2.735767e-01  1.244261e-01
      vertex  -1.901906e-01  2.812862e-01  1.244261e-01
      vertex  -1.906388e-01  2.811486e-01  2.355511e-01
    endloop
  endfacet
  facet normal  3.826828e-01 -9.238797e-01  3.993676e-04
    outer loop
      vertex  -1.906388e-01  2.811486e-01  2.355511e-01
      vertex  -1.901906e-01  2.812862e-01  1.244261e-01
      vertex  -1.787697e-01  2.860649e-01  2.355511e-01
    endloop
  endfacet
  facet normal  3.740691e-01 -9.273998e-01  1.436016e-03
    outer loop
      vertex  -1.901906e-01  2.812862e-01  1.244261e-01
      vertex  -1.783011e-01  2.860818e-01  1.244261e-01
      vertex  -1.787697e-01  2.860649e-01  2.355511e-01
    endloop
  endfacet
  facet normal  1.305270e-01 -9.914446e-01  3.993663e-04
    outer loop
      vertex  -1.787697e-01  2.860649e-01  2.355511e-01
      vertex  -1.783011e-01  2.860818e-01  1.244261e-01
      vertex  -1.660325e-01  2.877418e-01  2.355511e-01
    endloop
  endfacet
  facet normal  1.340802e-01 -9.909705e-01  1.164065e-18
    outer loop
      vertex  -1.783011e-01  2.860818e-01  1.244261e-01
      vertex  -1.660325e-01  2.877418e-01  1.244261e-01
      vertex  -1.660325e-01  2.877418e-01  2.355511e-01
    endloop
  endfacet
  facet normal -1.305272e-01 -9.914447e-01 -0.000000e+00
    outer loop
      vertex  -1.660325e-01  2.877418e-01  2.355511e-01
      vertex  -1.660325e-01  2.877418e-01  1.244261e-01
      vertex  -1.532954e-01  2.860649e-01  2.355511e-01
    endloop
  endfacet
  facet normal -1.305272e-01 -9.914447e-01  0.000000e+00
    outer loop
      vertex  -1.660325e-01  2.877418e-01  1.244261e-01
      vertex  -1.532954e-01  2.860649e-01  1.244261e-01
      vertex  -1.532954e-01  2.860649e-01  2.355511e-01
    endloop
  endfacet
  facet normal -3.826828e-01 -9.238798e-01 -0.000000e+00
    outer loop
      vertex  -1.532954e-01  2.860649e-01  2.355511e-01
      vertex  -1.532954e-01  2.860649e-01  1.244261e-01
      vertex  -1.414263e-01  2.811486e-01  2.355511e-01
    endloop
  endfacet
  facet normal -3.940337e-01 -9.190949e-01  1.424065e-03
    outer loop
      vertex  -1.532954e-01  2.860649e-01  1.244261e-01
      vertex  -1.410830e-01  2.808292e-01  1.244261e-01
      vertex  -1.414263e-01  2.811486e-01  2.355511e-01
    endloop
  endfacet
  facet normal -6.087614e-01 -7.933533e-01  3.993753e-04
    outer loop
      vertex  -1.414263e-01  2.811486e-01  2.355511e-01
      vertex  -1.410830e-01  2.808292e-01  1.244261e-01
      vertex  -1.312340e-01  2.733278e-01  2.355511e-01
    endloop
  endfacet
  facet normal -6.161168e-01 -7.876535e-01  1.436037e-03
    outer loop
      vertex  -1.410830e-01  2.808292e-01  1.244261e-01
      vertex  -1.309851e-01  2.729304e-01  1.244261e-01
      vertex  -1.312340e-01  2.733278e-01  2.355511e-01
    endloop
  endfacet
  facet normal -7.933536e-01 -6.087610e-01  3.993725e-04
    outer loop
      vertex  -1.312340e-01  2.733278e-01  2.355511e-01
      vertex  -1.309851e-01  2.729304e-01  1.244261e-01
      vertex  -1.234133e-01  2.631355e-01  2.355511e-01
    endloop
  endfacet
  facet normal -7.989831e-01 -6.013518e-01  1.436033e-03
    outer loop
      vertex  -1.309851e-01  2.729304e-01  1.244261e-01
      vertex  -1.232757e-01  2.626873e-01  1.244261e-01
      vertex  -1.234133e-01  2.631355e-01  2.355511e-01
    endloop
  endfacet
  facet normal -9.238791e-01 -3.826842e-01  3.993710e-04
    outer loop
      vertex  -1.234133e-01  2.631355e-01  2.355511e-01
      vertex  -1.232757e-01  2.626873e-01  1.244261e-01
      vertex  -1.184969e-01  2.512664e-01  2.355511e-01
    endloop
  endfacet
  facet normal -9.273992e-01 -3.740703e-01  1.436038e-03
    outer loop
      vertex  -1.232757e-01  2.626873e-01  1.244261e-01
      vertex  -1.184800e-01  2.507979e-01  1.244261e-01
      vertex  -1.184969e-01  2.512664e-01  2.355511e-01
    endloop
  endfacet
  facet normal -9.914448e-01 -1.305259e-01  3.993739e-04
    outer loop
      vertex  -1.184969e-01  2.512664e-01  2.355511e-01
      vertex  -1.184800e-01  2.507979e-01  1.244261e-01
      vertex  -1.168200e-01  2.385293e-01  2.355511e-01
    endloop
  endfacet
  facet normal -9.926155e-01 -1.212945e-01  1.436036e-03
    outer loop
      vertex  -1.184800e-01  2.507979e-01  1.244261e-01
      vertex  -1.169250e-01  2.380723e-01  1.244261e-01
      vertex  -1.168200e-01  2.385293e-01  2.355511e-01
    endloop
  endfacet
  facet normal  0.000000e+00  0.000000e+00  1.000000e+00
    outer loop
      vertex  -1.410830e-01  2.808292e-01  1.244261e-01
      vertex  -1.532954e-01  2.860649e-01  1.244261e-01
      vertex  -1.608938e-01  2.862394e-01  1.244261e-01
    endloop
  endfacet
  facet normal  0.000000e+00  0.000000e+00  1.000000e+00
    outer loop
      vertex  -1.532954e-01  2.860649e-01  1.244261e-01
      vertex  -1.660325e-01  2.877418e-01  1.244261e-01
      vertex  -1.608938e-01  2.862394e-01  1.244261e-01
    endloop
  endfacet
  facet normal  0.000000e+00  0.000000e+00  1.000000e+00
    outer loop
      vertex  -1.608938e-01  2.862394e-01  1.244261e-01
      vertex  -1.660325e-01  2.877418e-01  1.244261e-01
      vertex  -1.783011e-01  2.860818e-01  1.244261e-01
    endloop
  endfacet
  facet normal  4.861513e-15  6.188978e-16  1.000000e+00
    outer loop
      vertex  -2.138883e-01  2.502953e-01  1.244261e-01
      vertex  -2.152450e-01  2.385293e-01  1.244261e-01
      vertex  -2.099201e-01  2.191245e-01  1.244261e-01
    endloop
  endfacet
  facet normal  5.009533e-15  6.595168e-16  1.000000e+00
    outer loop
      vertex  -2.152450e-01  2.385293e-01  1.244261e-01
      vertex  -2.135682e-01  2.257922e-01  1.244261e-01
      vertex  -2.099201e-01  2.191245e-01  1.244261e-01
    endloop
  endfacet
  facet normal  1.565907e-14  6.486187e-15  1.000000e+00
    outer loop
      vertex  -2.135682e-01  2.257922e-01  1.244261e-01
      vertex  -2.086518e-01  2.139230e-01  1.244261e-01
      vertex  -2.099201e-01  2.191245e-01  1.244261e-01
    endloop
  endfacet
  facet normal  7.718880e-15  4.550153e-15  1.000000e+00
    outer loop
      vertex  -2.099201e-01  2.191245e-01  1.244261e-01
      vertex  -2.086518e-01  2.139230e-01  1.244261e-01
      vertex  -2.010800e-01  2.041281e-01  1.244261e-01
    endloop
  endfacet
  facet normal  9.067355e-01 -3.650047e-01  2.111925e-01
    outer loop
      vertex  -2.138883e-01  2.502953e-01  1.244261e-01
      vertex  -2.131701e-01  2.451888e-01  1.125169e-01
      vertex  -2.089747e-01  2.625016e-01  1.244261e-01
    endloop
  endfacet
  facet normal  9.239182e-01 -3.419420e-01  1.716122e-01
    outer loop
      vertex  -2.131701e-01  2.451888e-01  1.125169e-01
      vertex  -2.068386e-01  2.622860e-01  1.124961e-01
      vertex  -2.089747e-01  2.625016e-01  1.244261e-01
    endloop
  endfacet
  facet normal  7.827858e-01 -6.036752e-01  1.510720e-01
    outer loop
      vertex  -2.089747e-01  2.625016e-01  1.244261e-01
      vertex  -2.068386e-01  2.622860e-01  1.124961e-01
      vertex  -2.004337e-01  2.735767e-01  1.244261e-01
    endloop
  endfacet
  facet normal  7.819144e-01 -6.044921e-01  1.523129e-01
    outer loop
      vertex  -2.068386e-01  2.622860e-01  1.124961e-01
      vertex  -1.992995e-01  2.720379e-01  1.124961e-01
      vertex  -2.004337e-01  2.735767e-01  1.244261e-01
    endloop
  endfacet
  facet normal  5.937786e-01 -7.889203e-01  1.582143e-01
    outer loop
      vertex  -2.004337e-01  2.735767e-01  1.244261e-01
      vertex  -1.992995e-01  2.720379e-01  1.124961e-01
      vertex  -1.901906e-01  2.812862e-01  1.244261e-01
    endloop
  endfacet
  facet normal  5.550852e-01 -8.069579e-01  2.017408e-01
    outer loop
      vertex  -1.992995e-01  2.720379e-01  1.124961e-01
      vertex  -1.838340e-01  2.826814e-01  1.125169e-01
      vertex  -1.901906e-01  2.812862e-01  1.244261e-01
    endloop
  endfacet
  facet normal  3.725297e-01 -9.235834e-01  9.063838e-02
    outer loop
      vertex  -1.901906e-01  2.812862e-01  1.244261e-01
      vertex  -1.838340e-01  2.826814e-01  1.125169e-01
      vertex  -1.783011e-01  2.860818e-01  1.244261e-01
    endloop
  endfacet
  facet normal  8.713938e-03 -9.625953e-01  2.708031e-01
    outer loop
      vertex  -1.783011e-01  2.860818e-01  1.244261e-01
      vertex  -1.838340e-01  2.826814e-01  1.125169e-01
      vertex  -1.608938e-01  2.862394e-01  1.244261e-01
    endloop
  endfacet
  facet normal  1.130686e-01 -9.905107e-01  7.812843e-02
    outer loop
      vertex  -1.838340e-01  2.826814e-01  1.125169e-01
      vertex  -1.591460e-01  2.856862e-01  1.148834e-01
      vertex  -1.608938e-01  2.862394e-01  1.244261e-01
    endloop
  endfacet
  facet normal -2.634387e-01 -9.646456e-01  7.669429e-03
    outer loop
      vertex  -1.608938e-01  2.862394e-01  1.244261e-01
      vertex  -1.591460e-01  2.856862e-01  1.148834e-01
      vertex  -1.410830e-01  2.808292e-01  1.244261e-01
    endloop
  endfacet
  facet normal -3.212494e-01 -9.379328e-01  1.306933e-01
    outer loop
      vertex  -1.591460e-01  2.856862e-01  1.148834e-01
      vertex  -1.423120e-01  2.794475e-01  1.114892e-01
      vertex  -1.410830e-01  2.808292e-01  1.244261e-01
    endloop
  endfacet
  facet normal -6.099423e-01 -7.797599e-01  1.412266e-01
    outer loop
      vertex  -1.410830e-01  2.808292e-01  1.244261e-01
      vertex  -1.423120e-01  2.794475e-01  1.114892e-01
      vertex  -1.309851e-01  2.729304e-01  1.244261e-01
    endloop
  endfacet
  facet normal -6.046653e-01 -7.851448e-01  1.338937e-01
    outer loop
      vertex  -1.423120e-01  2.794475e-01  1.114892e-01
      vertex  -1.325299e-01  2.719139e-01  1.114892e-01
      vertex  -1.309851e-01  2.729304e-01  1.244261e-01
    endloop
  endfacet
  facet normal -7.909760e-01 -5.953253e-01  1.412260e-01
    outer loop
      vertex  -1.309851e-01  2.729304e-01  1.244261e-01
      vertex  -1.325299e-01  2.719139e-01  1.114892e-01
      vertex  -1.232757e-01  2.626873e-01  1.244261e-01
    endloop
  endfacet
  facet normal -7.752370e-01 -6.218298e-01  1.110641e-01
    outer loop
      vertex  -1.325299e-01  2.719139e-01  1.114892e-01
      vertex  -1.249350e-01  2.622604e-01  1.104534e-01
      vertex  -1.232757e-01  2.626873e-01  1.244261e-01
    endloop
  endfacet
  facet normal -9.206227e-01 -3.713370e-01  1.206761e-01
    outer loop
      vertex  -1.232757e-01  2.626873e-01  1.244261e-01
      vertex  -1.249350e-01  2.622604e-01  1.104534e-01
      vertex  -1.184800e-01  2.507979e-01  1.244261e-01
    endloop
  endfacet
  facet normal -9.180323e-01 -3.803280e-01  1.121036e-01
    outer loop
      vertex  -1.249350e-01  2.622604e-01  1.104534e-01
      vertex  -1.201933e-01  2.508149e-01  1.104535e-01
      vertex  -1.184800e-01  2.507979e-01  1.244261e-01
    endloop
  endfacet
  facet normal -9.853623e-01 -1.204082e-01  1.206773e-01
    outer loop
      vertex  -1.184800e-01  2.507979e-01  1.244261e-01
      vertex  -1.201933e-01  2.508149e-01  1.104535e-01
      vertex  -1.169250e-01  2.380723e-01  1.244261e-01
    endloop
  endfacet
  facet normal -9.845245e-01 -8.367696e-02  1.539792e-01
    outer loop
      vertex  -1.201933e-01  2.508149e-01  1.104535e-01
      vertex  -1.188151e-01  2.383584e-01  1.124961e-01
      vertex  -1.169250e-01  2.380723e-01  1.244261e-01
    endloop
  endfacet
  facet normal -9.777156e-01  1.379859e-01  1.582155e-01
    outer loop
      vertex  -1.169250e-01  2.380723e-01  1.244261e-01
      vertex  -1.188151e-01  2.383584e-01  1.124961e-01
      vertex  -1.187165e-01  2.253779e-01  1.244261e-01
    endloop
  endfacet
  facet normal -9.894523e-01  9.387919e-02  1.103218e-01
    outer loop
      vertex  -1.188151e-01  2.383584e-01  1.124961e-01
      vertex  -1.201918e-01  2.262493e-01  1.104535e-01
      vertex  -1.187165e-01  2.253779e-01  1.244261e-01
    endloop
  endfacet
  facet normal -9.135529e-01  3.884046e-01  1.206772e-01
    outer loop
      vertex  -1.187165e-01  2.253779e-01  1.244261e-01
      vertex  -1.201918e-01  2.262493e-01  1.104535e-01
      vertex  -1.237326e-01  2.135797e-01  1.244261e-01
    endloop
  endfacet
  facet normal -9.180799e-01  3.802135e-01  1.121027e-01
    outer loop
      vertex  -1.201918e-01  2.262493e-01  1.104535e-01
      vertex  -1.249320e-01  2.148033e-01  1.104535e-01
      vertex  -1.237326e-01  2.135797e-01  1.244261e-01
    endloop
  endfacet
  facet normal -7.818983e-01  6.116144e-01  1.206763e-01
    outer loop
      vertex  -1.237326e-01  2.135797e-01  1.244261e-01
      vertex  -1.249320e-01  2.148033e-01  1.104535e-01
      vertex  -1.316314e-01  2.034819e-01  1.244261e-01
    endloop
  endfacet
  facet normal -7.553322e-01  6.369958e-01  1.539793e-01
    outer loop
      vertex  -1.249320e-01  2.148033e-01  1.104535e-01
      vertex  -1.327656e-01  2.050207e-01  1.124962e-01
      vertex  -1.316314e-01  2.034819e-01  1.244261e-01
    endloop
  endfacet
  facet normal -5.937785e-01  7.889201e-01  1.582155e-01
    outer loop
      vertex  -1.316314e-01  2.034819e-01  1.244261e-01
      vertex  -1.327656e-01  2.050207e-01  1.124962e-01
      vertex  -1.418745e-01  1.957724e-01  1.244261e-01
    endloop
  endfacet
  facet normal -6.332659e-01  7.660310e-01  1.103214e-01
    outer loop
      vertex  -1.327656e-01  2.050207e-01  1.124962e-01
      vertex  -1.423015e-01  1.974317e-01  1.104535e-01
      vertex  -1.418745e-01  1.957724e-01  1.244261e-01
    endloop
  endfacet
  facet normal -3.713366e-01  9.206227e-01  1.206770e-01
    outer loop
      vertex  -1.418745e-01  1.957724e-01  1.244261e-01
      vertex  -1.423015e-01  1.974317e-01  1.104535e-01
      vertex  -1.537640e-01  1.909767e-01  1.244261e-01
    endloop
  endfacet
  facet normal -3.239375e-01  9.316407e-01  1.646513e-01
    outer loop
      vertex  -1.423015e-01  1.974317e-01  1.104535e-01
      vertex  -1.602417e-01  1.911058e-01  1.109514e-01
      vertex  -1.537640e-01  1.909767e-01  1.244261e-01
    endloop
  endfacet
  facet normal -1.210168e-01  9.903417e-01  6.766226e-02
    outer loop
      vertex  -1.537640e-01  1.909767e-01  1.244261e-01
      vertex  -1.602417e-01  1.911058e-01  1.109514e-01
      vertex  -1.664895e-01  1.894217e-01  1.244261e-01
    endloop
  endfacet
  facet normal  1.373261e-01  9.730420e-01  1.852860e-01
    outer loop
      vertex  -1.664895e-01  1.894217e-01  1.244261e-01
      vertex  -1.602417e-01  1.911058e-01  1.109514e-01
      vertex  -1.791839e-01  1.912133e-01  1.244261e-01
    endloop
  endfacet
  facet normal  8.372104e-02  9.904225e-01  1.097912e-01
    outer loop
      vertex  -1.602417e-01  1.911058e-01  1.109514e-01
      vertex  -1.783125e-01  1.926885e-01  1.104535e-01
      vertex  -1.791839e-01  1.912133e-01  1.244261e-01
    endloop
  endfacet
  facet normal  3.884047e-01  9.135528e-01  1.206774e-01
    outer loop
      vertex  -1.791839e-01  1.912133e-01  1.244261e-01
      vertex  -1.783125e-01  1.926885e-01  1.104535e-01
      vertex  -1.909821e-01  1.962294e-01  1.244261e-01
    endloop
  endfacet
  facet normal  4.297110e-01  8.878280e-01  1.646508e-01
    outer loop
      vertex  -1.783125e-01  1.926885e-01  1.104535e-01
      vertex  -1.954713e-01  2.009011e-01  1.109514e-01
      vertex  -1.909821e-01  1.962294e-01  1.244261e-01
    endloop
  endfacet
  facet normal  6.147054e-01  7.858493e-01  6.766178e-02
    outer loop
      vertex  -1.909821e-01  1.962294e-01  1.244261e-01
      vertex  -1.954713e-01  2.009011e-01  1.109514e-01
      vertex  -2.010800e-01  2.041281e-01  1.244261e-01
    endloop
  endfacet
  facet normal  8.382518e-01  4.941357e-01  2.305728e-01
    outer loop
      vertex  -2.010800e-01  2.041281e-01  1.244261e-01
      vertex  -1.954713e-01  2.009011e-01  1.109514e-01
      vertex  -2.099201e-01  2.191245e-01  1.244261e-01
    endloop
  endfacet
  facet normal  7.711470e-01  6.358025e-01 -3.297579e-02
    outer loop
      vertex  -1.954713e-01  2.009011e-01  1.109514e-01
      vertex  -2.070342e-01  2.149533e-01  1.114893e-01
      vertex  -2.099201e-01  2.191245e-01  1.244261e-01
    endloop
  endfacet
  facet normal  9.262992e-01  3.662361e-01  8.854943e-02
    outer loop
      vertex  -2.070342e-01  2.149533e-01  1.114893e-01
      vertex  -2.116853e-01  2.264736e-01  1.124962e-01
      vertex  -2.099201e-01  2.191245e-01  1.244261e-01
    endloop
  endfacet
  facet normal  9.896416e-01  1.259869e-01 -6.882389e-02
    outer loop
      vertex  -2.099201e-01  2.191245e-01  1.244261e-01
      vertex  -2.116853e-01  2.264736e-01  1.124962e-01
      vertex  -2.138883e-01  2.502953e-01  1.244261e-01
    endloop
  endfacet
  facet normal  9.965276e-01  7.903170e-02  2.620832e-02
    outer loop
      vertex  -2.116853e-01  2.264736e-01  1.124962e-01
      vertex  -2.131701e-01  2.451888e-01  1.125169e-01
      vertex  -2.138883e-01  2.502953e-01  1.244261e-01
    endloop
  endfacet
  facet normal  1.434278e-01 -9.437368e-01 -2.979753e-01
    outer loop
      vertex  -1.838340e-01  2.826814e-01  1.125169e-01
      vertex  -1.597586e-01  2.872239e-01  1.097184e-01
      vertex  -1.591460e-01  2.856862e-01  1.148834e-01
    endloop
  endfacet
  facet normal -3.779440e-01 -8.986415e-01 -2.227146e-01
    outer loop
      vertex  -1.597586e-01  2.872239e-01  1.097184e-01
      vertex  -1.423120e-01  2.794475e-01  1.114892e-01
      vertex  -1.591460e-01  2.856862e-01  1.148834e-01
    endloop
  endfacet
  facet normal  5.862309e-01 -2.180419e-01 -7.802507e-01
    outer loop
      vertex  -2.131701e-01  2.451888e-01  1.125169e-01
      vertex  -2.184924e-01  2.523478e-01  1.065174e-01
      vertex  -2.068386e-01  2.622860e-01  1.124961e-01
    endloop
  endfacet
  facet normal  6.610515e-01 -3.892676e-01 -6.414683e-01
    outer loop
      vertex  -2.184924e-01  2.523478e-01  1.065174e-01
      vertex  -2.031998e-01  2.795823e-01  1.057500e-01
      vertex  -2.068386e-01  2.622860e-01  1.124961e-01
    endloop
  endfacet
  facet normal  5.213458e-01 -4.030508e-01 -7.521626e-01
    outer loop
      vertex  -2.068386e-01  2.622860e-01  1.124961e-01
      vertex  -2.031998e-01  2.795823e-01  1.057500e-01
      vertex  -1.992995e-01  2.720379e-01  1.124961e-01
    endloop
  endfacet
  facet normal  3.010403e-01 -5.444435e-01 -7.829151e-01
    outer loop
      vertex  -2.031998e-01  2.795823e-01  1.057500e-01
      vertex  -1.821864e-01  2.899358e-01  1.066300e-01
      vertex  -1.992995e-01  2.720379e-01  1.124961e-01
    endloop
  endfacet
  facet normal  4.313649e-01 -6.255257e-01 -6.501092e-01
    outer loop
      vertex  -1.992995e-01  2.720379e-01  1.124961e-01
      vertex  -1.821864e-01  2.899358e-01  1.066300e-01
      vertex  -1.838340e-01  2.826814e-01  1.125169e-01
    endloop
  endfacet
  facet normal  2.977195e-02 -6.339070e-01 -7.728360e-01
    outer loop
      vertex  -1.821864e-01  2.899358e-01  1.066300e-01
      vertex  -1.597586e-01  2.872239e-01  1.097184e-01
      vertex  -1.838340e-01  2.826814e-01  1.125169e-01
    endloop
  endfacet
  facet normal -8.361492e-01 -1.776107e-01 -5.189499e-01
    outer loop
      vertex  -1.201933e-01  2.508149e-01  1.104535e-01
      vertex  -1.116592e-01  2.229639e-01  1.062351e-01
      vertex  -1.188151e-01  2.383584e-01  1.124961e-01
    endloop
  endfacet
  facet normal -3.731425e-01  1.954181e-01 -9.069600e-01
    outer loop
      vertex  -1.116592e-01  2.229639e-01  1.062351e-01
      vertex  -1.201918e-01  2.262493e-01  1.104535e-01
      vertex  -1.188151e-01  2.383584e-01  1.124961e-01
    endloop
  endfacet
  facet normal -5.091988e-01  2.348588e-01 -8.279842e-01
    outer loop
      vertex  -1.249320e-01  2.148033e-01  1.104535e-01
      vertex  -1.223616e-01  2.033992e-01  1.056379e-01
      vertex  -1.327656e-01  2.050207e-01  1.124962e-01
    endloop
  endfacet
  facet normal -3.554522e-01  6.320010e-01 -6.886425e-01
    outer loop
      vertex  -1.223616e-01  2.033992e-01  1.056379e-01
      vertex  -1.423015e-01  1.974317e-01  1.104535e-01
      vertex  -1.327656e-01  2.050207e-01  1.124962e-01
    endloop
  endfacet
  facet normal  7.317757e-02  5.803285e-01 -8.110881e-01
    outer loop
      vertex  -1.511555e-01  1.830139e-01  1.059815e-01
      vertex  -1.783125e-01  1.926885e-01  1.104535e-01
      vertex  -1.602417e-01  1.911058e-01  1.109514e-01
    endloop
  endfacet
  facet normal  3.892746e-01  3.528824e-01 -8.508463e-01
    outer loop
      vertex  -2.140804e-01  2.096719e-01  1.060751e-01
      vertex  -2.070342e-01  2.149533e-01  1.114893e-01
      vertex  -1.954713e-01  2.009011e-01  1.109514e-01
    endloop
  endfacet
  facet normal  6.571696e-01  3.247700e-01 -6.801857e-01
    outer loop
      vertex  -2.070342e-01  2.149533e-01  1.114893e-01
      vertex  -2.176966e-01  2.260700e-01  1.064956e-01
      vertex  -2.116853e-01  2.264736e-01  1.124962e-01
    endloop
  endfacet
  facet normal  7.055666e-01  2.195703e-02 -7.083033e-01
    outer loop
      vertex  -2.176966e-01  2.260700e-01  1.064956e-01
      vertex  -2.184924e-01  2.523478e-01  1.065174e-01
      vertex  -2.116853e-01  2.264736e-01  1.124962e-01
    endloop
  endfacet
  facet normal  7.825930e-01  6.277341e-02 -6.193607e-01
    outer loop
      vertex  -2.116853e-01  2.264736e-01  1.124962e-01
      vertex  -2.184924e-01  2.523478e-01  1.065174e-01
      vertex  -2.131701e-01  2.451888e-01  1.125169e-01
    endloop
  endfacet
  facet normal -2.607564e-02 -8.374060e-01 -5.459589e-01
    outer loop
      vertex  -1.821864e-01  2.899358e-01  1.066300e-01
      vertex  -1.449373e-01  2.889205e-01  1.064082e-01
      vertex  -1.597586e-01  2.872239e-01  1.097184e-01
    endloop
  endfacet
  facet normal -1.345498e-01 -4.970720e-01 -8.572140e-01
    outer loop
      vertex  -1.597586e-01  2.872239e-01  1.097184e-01
      vertex  -1.449373e-01  2.889205e-01  1.064082e-01
      vertex  -1.423120e-01  2.794475e-01  1.114892e-01
    endloop
  endfacet
  facet normal -3.232208e-01 -5.153024e-01 -7.937202e-01
    outer loop
      vertex  -1.449373e-01  2.889205e-01  1.064082e-01
      vertex  -1.244311e-01  2.766741e-01  1.060083e-01
      vertex  -1.423120e-01  2.794475e-01  1.114892e-01
    endloop
  endfacet
  facet normal -3.248911e-01 -4.218608e-01 -8.464510e-01
    outer loop
      vertex  -1.423120e-01  2.794475e-01  1.114892e-01
      vertex  -1.244311e-01  2.766741e-01  1.060083e-01
      vertex  -1.325299e-01  2.719139e-01  1.114892e-01
    endloop
  endfacet
  facet normal -4.369515e-01 -2.510964e-01 -8.637268e-01
    outer loop
      vertex  -1.244311e-01  2.766741e-01  1.060083e-01
      vertex  -1.249350e-01  2.622604e-01  1.104534e-01
      vertex  -1.325299e-01  2.719139e-01  1.114892e-01
    endloop
  endfacet
  facet normal  5.354958e-01  1.394503e-01 -8.329453e-01
    outer loop
      vertex  -2.140804e-01  2.096719e-01  1.060751e-01
      vertex  -2.176966e-01  2.260700e-01  1.064956e-01
      vertex  -2.070342e-01  2.149533e-01  1.114893e-01
    endloop
  endfacet
  facet normal -3.443563e-01 -2.656644e-01 -9.004672e-01
    outer loop
      vertex  -1.244311e-01  2.766741e-01  1.060083e-01
      vertex  -1.120453e-01  2.594724e-01  1.063467e-01
      vertex  -1.249350e-01  2.622604e-01  1.104534e-01
    endloop
  endfacet
  facet normal -3.272713e-01 -1.355852e-01 -9.351525e-01
    outer loop
      vertex  -1.249350e-01  2.622604e-01  1.104534e-01
      vertex  -1.120453e-01  2.594724e-01  1.063467e-01
      vertex  -1.201933e-01  2.508149e-01  1.104535e-01
    endloop
  endfacet
  facet normal -4.483785e-01 -2.008786e-03 -8.938415e-01
    outer loop
      vertex  -1.120453e-01  2.594724e-01  1.063467e-01
      vertex  -1.116592e-01  2.229639e-01  1.062351e-01
      vertex  -1.201933e-01  2.508149e-01  1.104535e-01
    endloop
  endfacet
  facet normal -3.871502e-01  1.603346e-01 -9.079689e-01
    outer loop
      vertex  -1.201918e-01  2.262493e-01  1.104535e-01
      vertex  -1.116592e-01  2.229639e-01  1.062351e-01
      vertex  -1.249320e-01  2.148033e-01  1.104535e-01
    endloop
  endfacet
  facet normal -4.361643e-01  2.648441e-01 -8.600106e-01
    outer loop
      vertex  -1.116592e-01  2.229639e-01  1.062351e-01
      vertex  -1.223616e-01  2.033992e-01  1.056379e-01
      vertex  -1.249320e-01  2.148033e-01  1.104535e-01
    endloop
  endfacet
  facet normal -3.363230e-01  4.612099e-01 -8.210799e-01
    outer loop
      vertex  -1.223616e-01  2.033992e-01  1.056379e-01
      vertex  -1.511555e-01  1.830139e-01  1.059815e-01
      vertex  -1.423015e-01  1.974317e-01  1.104535e-01
    endloop
  endfacet
  facet normal -1.594387e-01  3.804597e-01 -9.109499e-01
    outer loop
      vertex  -1.423015e-01  1.974317e-01  1.104535e-01
      vertex  -1.511555e-01  1.830139e-01  1.059815e-01
      vertex  -1.602417e-01  1.911058e-01  1.109514e-01
    endloop
  endfacet
  facet normal  6.790601e-02  5.693275e-01 -8.193015e-01
    outer loop
      vertex  -1.511555e-01  1.830139e-01  1.059815e-01
      vertex  -1.949570e-01  1.888427e-01  1.064015e-01
      vertex  -1.783125e-01  1.926885e-01  1.104535e-01
    endloop
  endfacet
  facet normal  1.429707e-01  3.547340e-01 -9.239714e-01
    outer loop
      vertex  -1.783125e-01  1.926885e-01  1.104535e-01
      vertex  -1.949570e-01  1.888427e-01  1.064015e-01
      vertex  -1.954713e-01  2.009011e-01  1.109514e-01
    endloop
  endfacet
  facet normal  3.851146e-01  3.401331e-01 -8.579022e-01
    outer loop
      vertex  -1.949570e-01  1.888427e-01  1.064015e-01
      vertex  -2.140804e-01  2.096719e-01  1.060751e-01
      vertex  -1.954713e-01  2.009011e-01  1.109514e-01
    endloop
  endfacet
  facet normal -3.188327e-03  1.004038e-01 -9.949417e-01
    outer loop
      vertex  -1.753930e-01  2.986499e-01  1.074876e-01
      vertex  -1.449373e-01  2.889205e-01  1.064082e-01
      vertex  -1.821864e-01  2.899358e-01  1.066300e-01
    endloop
  endfacet
  facet normal -3.090684e-01  1.470700e-01 -9.395995e-01
    outer loop
      vertex  -2.254281e-01  2.635266e-01  1.105486e-01
      vertex  -2.031998e-01  2.795823e-01  1.057500e-01
      vertex  -2.184924e-01  2.523478e-01  1.065174e-01
    endloop
  endfacet
  facet normal -1.703648e-01  4.214763e-01 -8.906928e-01
    outer loop
      vertex  -2.031998e-01  2.795823e-01  1.057500e-01
      vertex  -2.069722e-01  2.878243e-01  1.103717e-01
      vertex  -1.821864e-01  2.899358e-01  1.066300e-01
    endloop
  endfacet
  facet normal -1.640310e-01  2.224573e-01 -9.610445e-01
    outer loop
      vertex  -2.069722e-01  2.878243e-01  1.103717e-01
      vertex  -1.753930e-01  2.986499e-01  1.074876e-01
      vertex  -1.821864e-01  2.899358e-01  1.066300e-01
    endloop
  endfacet
  facet normal  4.555963e-02  2.499198e-01 -9.671941e-01
    outer loop
      vertex  -1.753930e-01  2.986499e-01  1.074876e-01
      vertex  -1.584803e-01  3.007204e-01  1.088193e-01
      vertex  -1.449373e-01  2.889205e-01  1.064082e-01
    endloop
  endfacet
  facet normal  1.101904e-01  3.188245e-01 -9.413868e-01
    outer loop
      vertex  -1.584803e-01  3.007204e-01  1.088193e-01
      vertex  -1.421084e-01  2.974960e-01  1.096436e-01
      vertex  -1.449373e-01  2.889205e-01  1.064082e-01
    endloop
  endfacet
  facet normal  1.615822e-01  3.012551e-01 -9.397535e-01
    outer loop
      vertex  -1.421084e-01  2.974960e-01  1.096436e-01
      vertex  -1.244311e-01  2.766741e-01  1.060083e-01
      vertex  -1.449373e-01  2.889205e-01  1.064082e-01
    endloop
  endfacet
  facet normal  4.358300e-01  7.361257e-03 -8.999989e-01
    outer loop
      vertex  -1.120453e-01  2.594724e-01  1.063467e-01
      vertex  -1.019152e-01  2.460811e-01  1.111428e-01
      vertex  -1.116592e-01  2.229639e-01  1.062351e-01
    endloop
  endfacet
  facet normal -5.961285e-02 -3.815088e-01 -9.224409e-01
    outer loop
      vertex  -1.511555e-01  1.830139e-01  1.059815e-01
      vertex  -1.830138e-01  1.769117e-01  1.105642e-01
      vertex  -1.949570e-01  1.888427e-01  1.064015e-01
    endloop
  endfacet
  facet normal -3.401455e-01 -3.261118e-01 -8.820159e-01
    outer loop
      vertex  -1.949570e-01  1.888427e-01  1.064015e-01
      vertex  -2.171014e-01  1.990442e-01  1.111695e-01
      vertex  -2.140804e-01  2.096719e-01  1.060751e-01
    endloop
  endfacet
  facet normal -3.535717e-01 -5.402058e-02 -9.338462e-01
    outer loop
      vertex  -2.140804e-01  2.096719e-01  1.060751e-01
      vertex  -2.278856e-01  2.224267e-01  1.105642e-01
      vertex  -2.176966e-01  2.260700e-01  1.064956e-01
    endloop
  endfacet
  facet normal -3.567388e-01 -4.438502e-02 -9.331492e-01
    outer loop
      vertex  -2.278856e-01  2.224267e-01  1.105642e-01
      vertex  -2.299457e-01  2.389842e-01  1.105642e-01
      vertex  -2.176966e-01  2.260700e-01  1.064956e-01
    endloop
  endfacet
  facet normal -3.237548e-01 -9.020025e-03 -9.460980e-01
    outer loop
      vertex  -2.176966e-01  2.260700e-01  1.064956e-01
      vertex  -2.299457e-01  2.389842e-01  1.105642e-01
      vertex  -2.184924e-01  2.523478e-01  1.065174e-01
    endloop
  endfacet
  facet normal -4.084815e-01  7.461315e-02 -9.097119e-01
    outer loop
      vertex  -2.299457e-01  2.389842e-01  1.105642e-01
      vertex  -2.254281e-01  2.635266e-01  1.105486e-01
      vertex  -2.184924e-01  2.523478e-01  1.065174e-01
    endloop
  endfacet
  facet normal -4.033729e-01  3.000973e-01 -8.644258e-01
    outer loop
      vertex  -2.254281e-01  2.635266e-01  1.105486e-01
      vertex  -2.069722e-01  2.878243e-01  1.103717e-01
      vertex  -2.031998e-01  2.795823e-01  1.057500e-01
    endloop
  endfacet
  facet normal  4.182382e-01  4.887510e-01 -7.656365e-01
    outer loop
      vertex  -1.421084e-01  2.974960e-01  1.096436e-01
      vertex  -1.250775e-01  2.888200e-01  1.134086e-01
      vertex  -1.244311e-01  2.766741e-01  1.060083e-01
    endloop
  endfacet
  facet normal  5.399500e-01  4.587182e-01 -7.057136e-01
    outer loop
      vertex  -1.250775e-01  2.888200e-01  1.134086e-01
      vertex  -1.103333e-01  2.705766e-01  1.128312e-01
      vertex  -1.244311e-01  2.766741e-01  1.060083e-01
    endloop
  endfacet
  facet normal  5.288446e-01  3.657128e-01 -7.658835e-01
    outer loop
      vertex  -1.244311e-01  2.766741e-01  1.060083e-01
      vertex  -1.103333e-01  2.705766e-01  1.128312e-01
      vertex  -1.120453e-01  2.594724e-01  1.063467e-01
    endloop
  endfacet
  facet normal  6.896287e-01  2.829441e-01 -6.665995e-01
    outer loop
      vertex  -1.103333e-01  2.705766e-01  1.128312e-01
      vertex  -1.019152e-01  2.460811e-01  1.111428e-01
      vertex  -1.120453e-01  2.594724e-01  1.063467e-01
    endloop
  endfacet
  facet normal  6.387307e-01 -1.074825e-01 -7.618862e-01
    outer loop
      vertex  -1.019152e-01  2.460811e-01  1.111428e-01
      vertex  -1.039863e-01  2.218048e-01  1.128312e-01
      vertex  -1.116592e-01  2.229639e-01  1.062351e-01
    endloop
  endfacet
  facet normal  6.007306e-01 -2.814833e-01 -7.482579e-01
    outer loop
      vertex  -1.039863e-01  2.218048e-01  1.128312e-01
      vertex  -1.147115e-01  1.989819e-01  1.128062e-01
      vertex  -1.116592e-01  2.229639e-01  1.062351e-01
    endloop
  endfacet
  facet normal  5.630010e-01 -2.842887e-01 -7.760218e-01
    outer loop
      vertex  -1.116592e-01  2.229639e-01  1.062351e-01
      vertex  -1.147115e-01  1.989819e-01  1.128062e-01
      vertex  -1.223616e-01  2.033992e-01  1.056379e-01
    endloop
  endfacet
  facet normal  4.193736e-01 -5.015984e-01 -7.566537e-01
    outer loop
      vertex  -1.147115e-01  1.989819e-01  1.128062e-01
      vertex  -1.339852e-01  1.828300e-01  1.128312e-01
      vertex  -1.223616e-01  2.033992e-01  1.056379e-01
    endloop
  endfacet
  facet normal  3.227621e-01 -4.697455e-01 -8.216835e-01
    outer loop
      vertex  -1.223616e-01  2.033992e-01  1.056379e-01
      vertex  -1.339852e-01  1.828300e-01  1.128312e-01
      vertex  -1.511555e-01  1.830139e-01  1.059815e-01
    endloop
  endfacet
  facet normal  2.555739e-01 -7.068050e-01 -6.596277e-01
    outer loop
      vertex  -1.339852e-01  1.828300e-01  1.128312e-01
      vertex  -1.577073e-01  1.742756e-01  1.128062e-01
      vertex  -1.511555e-01  1.830139e-01  1.059815e-01
    endloop
  endfacet
  facet normal  5.281777e-03 -6.179771e-01 -7.861784e-01
    outer loop
      vertex  -1.577073e-01  1.742756e-01  1.128062e-01
      vertex  -1.830138e-01  1.769117e-01  1.105642e-01
      vertex  -1.511555e-01  1.830139e-01  1.059815e-01
    endloop
  endfacet
  facet normal -3.435854e-01 -5.968930e-01 -7.250296e-01
    outer loop
      vertex  -1.830138e-01  1.769117e-01  1.105642e-01
      vertex  -1.982459e-01  1.829258e-01  1.128312e-01
      vertex  -1.949570e-01  1.888427e-01  1.064015e-01
    endloop
  endfacet
  facet normal -4.116064e-01 -5.559520e-01 -7.221479e-01
    outer loop
      vertex  -1.982459e-01  1.829258e-01  1.128312e-01
      vertex  -2.171014e-01  1.990442e-01  1.111695e-01
      vertex  -1.949570e-01  1.888427e-01  1.064015e-01
    endloop
  endfacet
  facet normal -5.027559e-01 -2.532737e-01 -8.264920e-01
    outer loop
      vertex  -2.171014e-01  1.990442e-01  1.111695e-01
      vertex  -2.278856e-01  2.224267e-01  1.105642e-01
      vertex  -2.140804e-01  2.096719e-01  1.060751e-01
    endloop
  endfacet
  facet normal -3.085784e-01  7.413858e-01 -5.959250e-01
    outer loop
      vertex  -2.069722e-01  2.878243e-01  1.103717e-01
      vertex  -1.908006e-01  2.983048e-01  1.150365e-01
      vertex  -1.753930e-01  2.986499e-01  1.074876e-01
    endloop
  endfacet
  facet normal -1.063255e-01  9.792990e-01 -1.722448e-01
    outer loop
      vertex  -1.908006e-01  2.983048e-01  1.150365e-01
      vertex  -1.584803e-01  3.007204e-01  1.088193e-01
      vertex  -1.753930e-01  2.986499e-01  1.074876e-01
    endloop
  endfacet
  facet normal -1.195292e-01  9.613994e-01 -2.478387e-01
    outer loop
      vertex  -1.908006e-01  2.983048e-01  1.150365e-01
      vertex  -1.661370e-01  3.021924e-01  1.182222e-01
      vertex  -1.584803e-01  3.007204e-01  1.088193e-01
    endloop
  endfacet
  facet normal  1.930614e-01  9.811801e-01  3.604414e-03
    outer loop
      vertex  -1.661370e-01  3.021924e-01  1.182222e-01
      vertex  -1.421084e-01  2.974960e-01  1.096436e-01
      vertex  -1.584803e-01  3.007204e-01  1.088193e-01
    endloop
  endfacet
  facet normal  2.608793e-01  9.409971e-01  2.155608e-01
    outer loop
      vertex  -1.661370e-01  3.021924e-01  1.182222e-01
      vertex  -1.514041e-01  2.970962e-01  1.226391e-01
      vertex  -1.421084e-01  2.974960e-01  1.096436e-01
    endloop
  endfacet
  facet normal  3.799411e-01  8.754526e-01  2.987097e-01
    outer loop
      vertex  -1.514041e-01  2.970962e-01  1.226391e-01
      vertex  -1.250775e-01  2.888200e-01  1.134086e-01
      vertex  -1.421084e-01  2.974960e-01  1.096436e-01
    endloop
  endfacet
  facet normal -9.541869e-01  1.757915e-01  2.421253e-01
    outer loop
      vertex  -2.299457e-01  2.389842e-01  1.105642e-01
      vertex  -2.241925e-01  2.536946e-01  1.225564e-01
      vertex  -2.254281e-01  2.635266e-01  1.105486e-01
    endloop
  endfacet
  facet normal -8.262074e-01  3.912345e-01  4.053603e-01
    outer loop
      vertex  -2.241925e-01  2.536946e-01  1.225564e-01
      vertex  -2.135616e-01  2.760523e-01  1.226459e-01
      vertex  -2.254281e-01  2.635266e-01  1.105486e-01
    endloop
  endfacet
  facet normal -7.865641e-01  5.985579e-01  1.518068e-01
    outer loop
      vertex  -2.254281e-01  2.635266e-01  1.105486e-01
      vertex  -2.135616e-01  2.760523e-01  1.226459e-01
      vertex  -2.069722e-01  2.878243e-01  1.103717e-01
    endloop
  endfacet
  facet normal -5.960345e-01  7.148732e-01  3.656490e-01
    outer loop
      vertex  -2.135616e-01  2.760523e-01  1.226459e-01
      vertex  -1.964343e-01  2.903781e-01  1.225564e-01
      vertex  -2.069722e-01  2.878243e-01  1.103717e-01
    endloop
  endfacet
  facet normal -5.785183e-01  7.388982e-01  3.454648e-01
    outer loop
      vertex  -2.069722e-01  2.878243e-01  1.103717e-01
      vertex  -1.964343e-01  2.903781e-01  1.225564e-01
      vertex  -1.908006e-01  2.983048e-01  1.150365e-01
    endloop
  endfacet
  facet normal -2.715666e-01  7.569145e-01  5.944174e-01
    outer loop
      vertex  -1.964343e-01  2.903781e-01  1.225564e-01
      vertex  -1.735178e-01  2.986083e-01  1.225459e-01
      vertex  -1.908006e-01  2.983048e-01  1.150365e-01
    endloop
  endfacet
  facet normal -1.934033e-01  8.917695e-01  4.090751e-01
    outer loop
      vertex  -1.735178e-01  2.986083e-01  1.225459e-01
      vertex  -1.661370e-01  3.021924e-01  1.182222e-01
      vertex  -1.908006e-01  2.983048e-01  1.150365e-01
    endloop
  endfacet
  facet normal  3.733790e-01  8.878617e-01  2.688674e-01
    outer loop
      vertex  -1.514041e-01  2.970962e-01  1.226391e-01
      vertex  -1.363311e-01  2.907824e-01  1.225564e-01
      vertex  -1.250775e-01  2.888200e-01  1.134086e-01
    endloop
  endfacet
  facet normal  5.467317e-01  6.446846e-01  5.342904e-01
    outer loop
      vertex  -1.363311e-01  2.907824e-01  1.225564e-01
      vertex  -1.174867e-01  2.747271e-01  1.226459e-01
      vertex  -1.250775e-01  2.888200e-01  1.134086e-01
    endloop
  endfacet
  facet normal  7.480239e-01  5.952603e-01  2.934715e-01
    outer loop
      vertex  -1.250775e-01  2.888200e-01  1.134086e-01
      vertex  -1.174867e-01  2.747271e-01  1.226459e-01
      vertex  -1.103333e-01  2.705766e-01  1.128312e-01
    endloop
  endfacet
  facet normal  8.170238e-01  3.775021e-01  4.358489e-01
    outer loop
      vertex  -1.174867e-01  2.747271e-01  1.226459e-01
      vertex  -1.080819e-01  2.544757e-01  1.225564e-01
      vertex  -1.103333e-01  2.705766e-01  1.128312e-01
    endloop
  endfacet
  facet normal  9.144242e-01  2.951556e-01  2.769687e-01
    outer loop
      vertex  -1.103333e-01  2.705766e-01  1.128312e-01
      vertex  -1.080819e-01  2.544757e-01  1.225564e-01
      vertex  -1.019152e-01  2.460811e-01  1.111428e-01
    endloop
  endfacet
  facet normal  8.990107e-01  7.341132e-02  4.317299e-01
    outer loop
      vertex  -1.080819e-01  2.544757e-01  1.225564e-01
      vertex  -1.061097e-01  2.297979e-01  1.226459e-01
      vertex  -1.019152e-01  2.460811e-01  1.111428e-01
    endloop
  endfacet
  facet normal  9.633235e-01 -6.405855e-02  2.605847e-01
    outer loop
      vertex  -1.019152e-01  2.460811e-01  1.111428e-01
      vertex  -1.061097e-01  2.297979e-01  1.226459e-01
      vertex  -1.039863e-01  2.218048e-01  1.128312e-01
    endloop
  endfacet
  facet normal  8.146785e-01 -3.506916e-01  4.618596e-01
    outer loop
      vertex  -1.061097e-01  2.297979e-01  1.226459e-01
      vertex  -1.185035e-01  2.010063e-01  1.226459e-01
      vertex  -1.039863e-01  2.218048e-01  1.128312e-01
    endloop
  endfacet
  facet normal  8.293630e-01 -3.901826e-01  3.998931e-01
    outer loop
      vertex  -1.039863e-01  2.218048e-01  1.128312e-01
      vertex  -1.185035e-01  2.010063e-01  1.226459e-01
      vertex  -1.147115e-01  1.989819e-01  1.128062e-01
    endloop
  endfacet
  facet normal  5.935557e-01 -7.119699e-01  3.752206e-01
    outer loop
      vertex  -1.185035e-01  2.010063e-01  1.226459e-01
      vertex  -1.356308e-01  1.866805e-01  1.225564e-01
      vertex  -1.147115e-01  1.989819e-01  1.128062e-01
    endloop
  endfacet
  facet normal  5.941492e-01 -7.083929e-01  3.810067e-01
    outer loop
      vertex  -1.147115e-01  1.989819e-01  1.128062e-01
      vertex  -1.356308e-01  1.866805e-01  1.225564e-01
      vertex  -1.339852e-01  1.828300e-01  1.128312e-01
    endloop
  endfacet
  facet normal  3.090729e-01 -8.651965e-01  3.948530e-01
    outer loop
      vertex  -1.356308e-01  1.866805e-01  1.225564e-01
      vertex  -1.589573e-01  1.783884e-01  1.226459e-01
      vertex  -1.339852e-01  1.828300e-01  1.128312e-01
    endloop
  endfacet
  facet normal  3.105476e-01 -8.623486e-01  3.998939e-01
    outer loop
      vertex  -1.339852e-01  1.828300e-01  1.128312e-01
      vertex  -1.589573e-01  1.783884e-01  1.226459e-01
      vertex  -1.577073e-01  1.742756e-01  1.128062e-01
    endloop
  endfacet
  facet normal -8.373174e-02 -9.231461e-01  3.752203e-01
    outer loop
      vertex  -1.589573e-01  1.783884e-01  1.226459e-01
      vertex  -1.811979e-01  1.803693e-01  1.225564e-01
      vertex  -1.577073e-01  1.742756e-01  1.128062e-01
    endloop
  endfacet
  facet normal -1.246593e-01 -9.481790e-01  2.922612e-01
    outer loop
      vertex  -1.577073e-01  1.742756e-01  1.128062e-01
      vertex  -1.811979e-01  1.803693e-01  1.225564e-01
      vertex  -1.830138e-01  1.769117e-01  1.105642e-01
    endloop
  endfacet
  facet normal -3.581183e-01 -8.812968e-01  3.083297e-01
    outer loop
      vertex  -1.811979e-01  1.803693e-01  1.225564e-01
      vertex  -1.957340e-01  1.862762e-01  1.225564e-01
      vertex  -1.830138e-01  1.769117e-01  1.105642e-01
    endloop
  endfacet
  facet normal -2.908057e-01 -8.789815e-01  3.779201e-01
    outer loop
      vertex  -1.830138e-01  1.769117e-01  1.105642e-01
      vertex  -1.957340e-01  1.862762e-01  1.225564e-01
      vertex  -1.982459e-01  1.829258e-01  1.128312e-01
    endloop
  endfacet
  facet normal -5.947456e-01 -7.002631e-01  3.948534e-01
    outer loop
      vertex  -1.957340e-01  1.862762e-01  1.225564e-01
      vertex  -2.145784e-01  2.023315e-01  1.226459e-01
      vertex  -1.982459e-01  1.829258e-01  1.128312e-01
    endloop
  endfacet
  facet normal -6.284383e-01 -7.002345e-01  3.387285e-01
    outer loop
      vertex  -1.982459e-01  1.829258e-01  1.128312e-01
      vertex  -2.145784e-01  2.023315e-01  1.226459e-01
      vertex  -2.171014e-01  1.990442e-01  1.111695e-01
    endloop
  endfacet
  facet normal -8.643778e-01 -4.000728e-01  3.046190e-01
    outer loop
      vertex  -2.145784e-01  2.023315e-01  1.226459e-01
      vertex  -2.239832e-01  2.225829e-01  1.225564e-01
      vertex  -2.171014e-01  1.990442e-01  1.111695e-01
    endloop
  endfacet
  facet normal -8.721613e-01 -3.947687e-01  2.889505e-01
    outer loop
      vertex  -2.171014e-01  1.990442e-01  1.111695e-01
      vertex  -2.239832e-01  2.225829e-01  1.225564e-01
      vertex  -2.278856e-01  2.224267e-01  1.105642e-01
    endloop
  endfacet
  facet normal -9.422850e-01 -1.305088e-01  3.083284e-01
    outer loop
      vertex  -2.239832e-01  2.225829e-01  1.225564e-01
      vertex  -2.261358e-01  2.381250e-01  1.225564e-01
      vertex  -2.278856e-01  2.224267e-01  1.105642e-01
    endloop
  endfacet
  facet normal -9.488059e-01 -1.180497e-01  2.929704e-01
    outer loop
      vertex  -2.278856e-01  2.224267e-01  1.105642e-01
      vertex  -2.261358e-01  2.381250e-01  1.225564e-01
      vertex  -2.299457e-01  2.389842e-01  1.105642e-01
    endloop
  endfacet
  facet normal -9.439555e-01  1.178198e-01  3.083286e-01
    outer loop
      vertex  -2.261358e-01  2.381250e-01  1.225564e-01
      vertex  -2.241925e-01  2.536946e-01  1.225564e-01
      vertex  -2.299457e-01  2.389842e-01  1.105642e-01
    endloop
  endfacet
  facet normal  4.691730e-02  7.282164e-01  6.837395e-01
    outer loop
      vertex  -1.735178e-01  2.986083e-01  1.225459e-01
      vertex  -1.514041e-01  2.970962e-01  1.226391e-01
      vertex  -1.661370e-01  3.021924e-01  1.182222e-01
    endloop
  endfacet
  facet normal  0.000000e+00  0.000000e+00  1.000000e+00
    outer loop
      vertex  -2.030761e-01  2.014857e-01  1.466511e-01
      vertex  -2.131184e-01  2.006001e-01  1.466511e-01
      vertex  -1.922263e-01  1.931604e-01  1.466511e-01
    endloop
  endfacet
  facet normal  0.000000e+00  0.000000e+00  1.000000e+00
    outer loop
      vertex  -2.131184e-01  2.006001e-01  1.466511e-01
      vertex  -1.960363e-01  1.865613e-01  1.466511e-01
      vertex  -1.922263e-01  1.931604e-01  1.466511e-01
    endloop
  endfacet
  facet normal  0.000000e+00  0.000000e+00  1.000000e+00
    outer loop
      vertex  -1.922263e-01  1.931604e-01  1.466511e-01
      vertex  -1.960363e-01  1.865613e-01  1.466511e-01
      vertex  -1.795914e-01  1.879268e-01  1.466511e-01
    endloop
  endfacet
  facet normal -0.000000e+00  0.000000e+00  1.000000e+00
    outer loop
      vertex  -1.960363e-01  1.865613e-01  1.466511e-01
      vertex  -1.815636e-01  1.805665e-01  1.466511e-01
      vertex  -1.795914e-01  1.879268e-01  1.466511e-01
    endloop
  endfacet
  facet normal  0.000000e+00  0.000000e+00  1.000000e+00
    outer loop
      vertex  -1.795914e-01  1.879268e-01  1.466511e-01
      vertex  -1.815636e-01  1.805665e-01  1.466511e-01
      vertex  -1.660325e-01  1.861418e-01  1.466511e-01
    endloop
  endfacet
  facet normal -0.000000e+00  0.000000e+00  1.000000e+00
    outer loop
      vertex  -1.815636e-01  1.805665e-01  1.466511e-01
      vertex  -1.567278e-01  1.787871e-01  1.466511e-01
      vertex  -1.660325e-01  1.861418e-01  1.466511e-01
    endloop
  endfacet
  facet normal -0.000000e+00  0.000000e+00  1.000000e+00
    outer loop
      vertex  -1.660325e-01  1.861418e-01  1.466511e-01
      vertex  -1.567278e-01  1.787871e-01  1.466511e-01
      vertex  -1.524737e-01  1.879268e-01  1.466511e-01
    endloop
  endfacet
  facet normal -0.000000e+00  0.000000e+00  1.000000e+00
    outer loop
      vertex  -1.524737e-01  1.879268e-01  1.466511e-01
      vertex  -1.567278e-01  1.787871e-01  1.466511e-01
      vertex  -1.398388e-01  1.931604e-01  1.466511e-01
    endloop
  endfacet
  facet normal  0.000000e+00  0.000000e+00  1.000000e+00
    outer loop
      vertex  -1.567278e-01  1.787871e-01  1.466511e-01
      vertex  -1.360288e-01  1.865613e-01  1.466511e-01
      vertex  -1.398388e-01  1.931604e-01  1.466511e-01
    endloop
  endfacet
  facet normal -0.000000e+00  0.000000e+00  1.000000e+00
    outer loop
      vertex  -1.398388e-01  1.931604e-01  1.466511e-01
      vertex  -1.360288e-01  1.865613e-01  1.466511e-01
      vertex  -1.289890e-01  2.014857e-01  1.466511e-01
    endloop
  endfacet
  facet normal  0.000000e+00  0.000000e+00  1.000000e+00
    outer loop
      vertex  -1.360288e-01  1.865613e-01  1.466511e-01
      vertex  -1.236008e-01  1.960976e-01  1.466511e-01
      vertex  -1.289890e-01  2.014857e-01  1.466511e-01
    endloop
  endfacet
  facet normal -0.000000e+00  0.000000e+00  1.000000e+00
    outer loop
      vertex  -1.289890e-01  2.014857e-01  1.466511e-01
      vertex  -1.236008e-01  1.960976e-01  1.466511e-01
      vertex  -1.206636e-01  2.123355e-01  1.466511e-01
    endloop
  endfacet
  facet normal  0.000000e+00  0.000000e+00  1.000000e+00
    outer loop
      vertex  -1.236008e-01  1.960976e-01  1.466511e-01
      vertex  -1.140645e-01  2.085255e-01  1.466511e-01
      vertex  -1.206636e-01  2.123355e-01  1.466511e-01
    endloop
  endfacet
  facet normal -0.000000e+00  0.000000e+00  1.000000e+00
    outer loop
      vertex  -1.206636e-01  2.123355e-01  1.466511e-01
      vertex  -1.140645e-01  2.085255e-01  1.466511e-01
      vertex  -1.154301e-01  2.249704e-01  1.466511e-01
    endloop
  endfacet
  facet normal  0.000000e+00 -0.000000e+00  1.000000e+00
    outer loop
      vertex  -1.140645e-01  2.085255e-01  1.466511e-01
      vertex  -1.059178e-01  2.320545e-01  1.466511e-01
      vertex  -1.154301e-01  2.249704e-01  1.466511e-01
    endloop
  endfacet
  facet normal  0.000000e+00  0.000000e+00  1.000000e+00
    outer loop
      vertex  -1.154301e-01  2.249704e-01  1.466511e-01
      vertex  -1.059178e-01  2.320545e-01  1.466511e-01
      vertex  -1.136450e-01  2.385293e-01  1.466511e-01
    endloop
  endfacet
  facet normal -0.000000e+00 -0.000000e+00  1.000000e+00
    outer loop
      vertex  -1.136450e-01  2.385293e-01  1.466511e-01
      vertex  -1.059178e-01  2.320545e-01  1.466511e-01
      vertex  -1.154301e-01  2.520882e-01  1.466511e-01
    endloop
  endfacet
  facet normal  0.000000e+00  0.000000e+00  1.000000e+00
    outer loop
      vertex  -1.059178e-01  2.320545e-01  1.466511e-01
      vertex  -1.080697e-01  2.540604e-01  1.466511e-01
      vertex  -1.154301e-01  2.520882e-01  1.466511e-01
    endloop
  endfacet
  facet normal  0.000000e+00 -0.000000e+00  1.000000e+00
    outer loop
      vertex  -1.154301e-01  2.520882e-01  1.466511e-01
      vertex  -1.080697e-01  2.540604e-01  1.466511e-01
      vertex  -1.206636e-01  2.647230e-01  1.466511e-01
    endloop
  endfacet
  facet normal  0.000000e+00  0.000000e+00  1.000000e+00
    outer loop
      vertex  -1.080697e-01  2.540604e-01  1.466511e-01
      vertex  -1.189466e-01  2.764585e-01  1.466511e-01
      vertex  -1.206636e-01  2.647230e-01  1.466511e-01
    endloop
  endfacet
  facet normal  0.000000e+00 -0.000000e+00  1.000000e+00
    outer loop
      vertex  -1.206636e-01  2.647230e-01  1.466511e-01
      vertex  -1.189466e-01  2.764585e-01  1.466511e-01
      vertex  -1.289890e-01  2.755728e-01  1.466511e-01
    endloop
  endfacet
  facet normal  0.000000e+00 -0.000000e+00  1.000000e+00
    outer loop
      vertex  -1.289890e-01  2.755728e-01  1.466511e-01
      vertex  -1.189466e-01  2.764585e-01  1.466511e-01
      vertex  -1.398388e-01  2.838982e-01  1.466511e-01
    endloop
  endfacet
  facet normal  0.000000e+00  0.000000e+00  1.000000e+00
    outer loop
      vertex  -1.189466e-01  2.764585e-01  1.466511e-01
      vertex  -1.360288e-01  2.904973e-01  1.466511e-01
      vertex  -1.398388e-01  2.838982e-01  1.466511e-01
    endloop
  endfacet
  facet normal  0.000000e+00 -0.000000e+00  1.000000e+00
    outer loop
      vertex  -1.398388e-01  2.838982e-01  1.466511e-01
      vertex  -1.360288e-01  2.904973e-01  1.466511e-01
      vertex  -1.524737e-01  2.891317e-01  1.466511e-01
    endloop
  endfacet
  facet normal  0.000000e+00  0.000000e+00  1.000000e+00
    outer loop
      vertex  -1.360288e-01  2.904973e-01  1.466511e-01
      vertex  -1.505015e-01  2.964921e-01  1.466511e-01
      vertex  -1.524737e-01  2.891317e-01  1.466511e-01
    endloop
  endfacet
  facet normal  0.000000e+00 -0.000000e+00  1.000000e+00
    outer loop
      vertex  -1.524737e-01  2.891317e-01  1.466511e-01
      vertex  -1.505015e-01  2.964921e-01  1.466511e-01
      vertex  -1.660325e-01  2.909168e-01  1.466511e-01
    endloop
  endfacet
  facet normal -9.316246e-16  2.595221e-15  1.000000e+00
    outer loop
      vertex  -1.505015e-01  2.964921e-01  1.466511e-01
      vertex  -1.753373e-01  2.982715e-01  1.466511e-01
      vertex  -1.660325e-01  2.909168e-01  1.466511e-01
    endloop
  endfacet
  facet normal -4.258957e-16  3.235039e-15  1.000000e+00
    outer loop
      vertex  -1.660325e-01  2.909168e-01  1.466511e-01
      vertex  -1.753373e-01  2.982715e-01  1.466511e-01
      vertex  -1.795914e-01  2.891317e-01  1.466511e-01
    endloop
  endfacet
  facet normal -1.558340e-15  3.762146e-15  1.000000e+00
    outer loop
      vertex  -1.795914e-01  2.891317e-01  1.466511e-01
      vertex  -1.753373e-01  2.982715e-01  1.466511e-01
      vertex  -1.922263e-01  2.838982e-01  1.466511e-01
    endloop
  endfacet
  facet normal  1.101961e-15  6.362165e-16  1.000000e+00
    outer loop
      vertex  -1.753373e-01  2.982715e-01  1.466511e-01
      vertex  -1.960363e-01  2.904973e-01  1.466511e-01
      vertex  -1.922263e-01  2.838982e-01  1.466511e-01
    endloop
  endfacet
  facet normal  0.000000e+00  0.000000e+00  1.000000e+00
    outer loop
      vertex  -1.922263e-01  2.838982e-01  1.466511e-01
      vertex  -1.960363e-01  2.904973e-01  1.466511e-01
      vertex  -2.030761e-01  2.755728e-01  1.466511e-01
    endloop
  endfacet
  facet normal  0.000000e+00  0.000000e+00  1.000000e+00
    outer loop
      vertex  -1.960363e-01  2.904973e-01  1.466511e-01
      vertex  -2.148561e-01  2.741939e-01  1.466511e-01
      vertex  -2.030761e-01  2.755728e-01  1.466511e-01
    endloop
  endfacet
  facet normal  0.000000e+00  0.000000e+00  1.000000e+00
    outer loop
      vertex  -2.030761e-01  2.755728e-01  1.466511e-01
      vertex  -2.148561e-01  2.741939e-01  1.466511e-01
      vertex  -2.114014e-01  2.647230e-01  1.466511e-01
    endloop
  endfacet
  facet normal  0.000000e+00  0.000000e+00  1.000000e+00
    outer loop
      vertex  -2.114014e-01  2.647230e-01  1.466511e-01
      vertex  -2.148561e-01  2.741939e-01  1.466511e-01
      vertex  -2.166350e-01  2.520882e-01  1.466511e-01
    endloop
  endfacet
  facet normal  0.000000e+00  0.000000e+00  1.000000e+00
    outer loop
      vertex  -2.148561e-01  2.741939e-01  1.466511e-01
      vertex  -2.239953e-01  2.540604e-01  1.466511e-01
      vertex  -2.166350e-01  2.520882e-01  1.466511e-01
    endloop
  endfacet
  facet normal  0.000000e+00  0.000000e+00  1.000000e+00
    outer loop
      vertex  -2.166350e-01  2.520882e-01  1.466511e-01
      vertex  -2.239953e-01  2.540604e-01  1.466511e-01
      vertex  -2.184200e-01  2.385293e-01  1.466511e-01
    endloop
  endfacet
  facet normal  0.000000e+00  0.000000e+00  1.000000e+00
    outer loop
      vertex  -2.239953e-01  2.540604e-01  1.466511e-01
      vertex  -2.260401e-01  2.385293e-01  1.466511e-01
      vertex  -2.184200e-01  2.385293e-01  1.466511e-01
    endloop
  endfacet
  facet normal  0.000000e+00  0.000000e+00  1.000000e+00
    outer loop
      vertex  -2.184200e-01  2.385293e-01  1.466511e-01
      vertex  -2.260401e-01  2.385293e-01  1.466511e-01
      vertex  -2.166350e-01  2.249704e-01  1.466511e-01
    endloop
  endfacet
  facet normal  0.000000e+00  0.000000e+00  1.000000e+00
    outer loop
      vertex  -2.260401e-01  2.385293e-01  1.466511e-01
      vertex  -2.239953e-01  2.229982e-01  1.466511e-01
      vertex  -2.166350e-01  2.249704e-01  1.466511e-01
    endloop
  endfacet
  facet normal  0.000000e+00  0.000000e+00  1.000000e+00
    outer loop
      vertex  -2.166350e-01  2.249704e-01  1.466511e-01
      vertex  -2.239953e-01  2.229982e-01  1.466511e-01
      vertex  -2.114014e-01  2.123355e-01  1.466511e-01
    endloop
  endfacet
  facet normal  0.000000e+00  0.000000e+00  1.000000e+00
    outer loop
      vertex  -2.239953e-01  2.229982e-01  1.466511e-01
      vertex  -2.131184e-01  2.006001e-01  1.466511e-01
      vertex  -2.114014e-01  2.123355e-01  1.466511e-01
    endloop
  endfacet
  facet normal  0.000000e+00  0.000000e+00  1.000000e+00
    outer loop
      vertex  -2.114014e-01  2.123355e-01  1.466511e-01
      vertex  -2.131184e-01  2.006001e-01  1.466511e-01
      vertex  -2.030761e-01  2.014857e-01  1.466511e-01
    endloop
  endfacet
  facet normal -3.465232e-02 -9.193746e-01  3.918538e-01
    outer loop
      vertex  -1.643976e-01  1.797929e-01  2.498314e-01
      vertex  -1.562346e-01  1.821382e-01  2.560560e-01
      vertex  -1.749448e-01  1.819910e-01  2.540559e-01
    endloop
  endfacet
  facet normal -4.598945e-01  8.405116e-01  2.864216e-01
    outer loop
      vertex  -1.643976e-01  1.797929e-01  2.498314e-01
      vertex  -1.536694e-01  1.797920e-01  2.670600e-01
      vertex  -1.562346e-01  1.821382e-01  2.560560e-01
    endloop
  endfacet
  facet normal -6.387985e-01 -7.692258e-01 -1.510060e-02
    outer loop
      vertex  -1.562346e-01  1.821382e-01  2.560560e-01
      vertex  -1.536694e-01  1.797920e-01  2.670600e-01
      vertex  -1.564381e-01  1.819704e-01  2.732131e-01
    endloop
  endfacet
  facet normal -3.366861e-01  8.297005e-01 -4.452409e-01
    outer loop
      vertex  -1.536694e-01  1.797920e-01  2.670600e-01
      vertex  -1.672608e-01  1.797923e-01  2.773383e-01
      vertex  -1.564381e-01  1.819704e-01  2.732131e-01
    endloop
  endfacet
  facet normal  1.005936e-03 -8.853921e-01 -4.648438e-01
    outer loop
      vertex  -1.564381e-01  1.819704e-01  2.732131e-01
      vertex  -1.672608e-01  1.797923e-01  2.773383e-01
      vertex  -1.754547e-01  1.820344e-01  2.730500e-01
    endloop
  endfacet
  facet normal  4.251731e-01  8.196937e-01 -3.838359e-01
    outer loop
      vertex  -1.672608e-01  1.797923e-01  2.773383e-01
      vertex  -1.787831e-01  1.797922e-01  2.645749e-01
      vertex  -1.754547e-01  1.820344e-01  2.730500e-01
    endloop
  endfacet
  facet normal  5.300028e-01 -8.478418e-01  1.616683e-02
    outer loop
      vertex  -1.754547e-01  1.820344e-01  2.730500e-01
      vertex  -1.787831e-01  1.797922e-01  2.645749e-01
      vertex  -1.749448e-01  1.819910e-01  2.540559e-01
    endloop
  endfacet
  facet normal  3.086661e-01  9.022158e-01  3.012175e-01
    outer loop
      vertex  -1.787831e-01  1.797922e-01  2.645749e-01
      vertex  -1.643976e-01  1.797929e-01  2.498314e-01
      vertex  -1.749448e-01  1.819910e-01  2.540559e-01
    endloop
  endfacet
  facet normal -5.339893e-05 -1.000000e+00 -2.125905e-05
    outer loop
      vertex  -1.536694e-01  1.797920e-01  2.670600e-01
      vertex  -1.643976e-01  1.797929e-01  2.498314e-01
      vertex  -1.379017e-01  1.797918e-01  2.355511e-01
    endloop
  endfacet
  facet normal -1.091654e-05 -1.000000e+00 -0.000000e+00
    outer loop
      vertex  -1.379017e-01  1.797918e-01  3.117511e-01
      vertex  -1.536694e-01  1.797920e-01  2.670600e-01
      vertex  -1.379017e-01  1.797918e-01  2.355511e-01
    endloop
  endfacet
  facet normal -7.860762e-04 -9.999987e-01 -1.380671e-03
    outer loop
      vertex  -1.379017e-01  1.797918e-01  2.355511e-01
      vertex  -1.643976e-01  1.797929e-01  2.498314e-01
      vertex  -1.954801e-01  1.798370e-01  2.355511e-01
    endloop
  endfacet
  facet normal -2.336135e-05 -1.000000e+00  4.390715e-06
    outer loop
      vertex  -1.672608e-01  1.797923e-01  2.773383e-01
      vertex  -1.536694e-01  1.797920e-01  2.670600e-01
      vertex  -1.379017e-01  1.797918e-01  3.117511e-01
    endloop
  endfacet
  facet normal -5.611528e-04 -9.999997e-01  5.178673e-04
    outer loop
      vertex  -1.787831e-01  1.797922e-01  2.645749e-01
      vertex  -1.672608e-01  1.797923e-01  2.773383e-01
      vertex  -1.953659e-01  1.798259e-01  3.117511e-01
    endloop
  endfacet
  facet normal -9.652482e-04 -9.999990e-01 -9.906882e-04
    outer loop
      vertex  -1.954801e-01  1.798370e-01  2.355511e-01
      vertex  -1.643976e-01  1.797929e-01  2.498314e-01
      vertex  -1.787831e-01  1.797922e-01  2.645749e-01
    endloop
  endfacet
  facet normal -2.439691e-03 -9.999970e-01 -1.424574e-04
    outer loop
      vertex  -1.954801e-01  1.798370e-01  2.355511e-01
      vertex  -1.787831e-01  1.797922e-01  2.645749e-01
      vertex  -1.953659e-01  1.798259e-01  3.117511e-01
    endloop
  endfacet
  facet normal -5.938872e-04 -9.999997e-01  4.911329e-04
    outer loop
      vertex  -1.953659e-01  1.798259e-01  3.117511e-01
      vertex  -1.672608e-01  1.797923e-01  2.773383e-01
      vertex  -1.379017e-01  1.797918e-01  3.117511e-01
    endloop
  endfacet
  facet normal  3.118278e-01 -9.501386e-01  0.000000e+00
    outer loop
      vertex  -1.379017e-01  1.797918e-01  3.117511e-01
      vertex  -1.379017e-01  1.797918e-01  2.355511e-01
      vertex  -1.362592e-01  1.803308e-01  2.355511e-01
    endloop
  endfacet
  facet normal  3.361417e-01 -9.418113e-01  5.830041e-04
    outer loop
      vertex  -1.379017e-01  1.797918e-01  3.117511e-01
      vertex  -1.362592e-01  1.803308e-01  2.355511e-01
      vertex  -1.362709e-01  1.803738e-01  3.117511e-01
    endloop
  endfacet
  facet normal  9.594799e-01 -2.817767e-01  3.062423e-04
    outer loop
      vertex  -1.362709e-01  1.803738e-01  3.117511e-01
      vertex  -1.362592e-01  1.803308e-01  2.355511e-01
      vertex  -1.340430e-01  1.879601e-01  3.117511e-01
    endloop
  endfacet
  facet normal  9.550738e-01 -2.963620e-01  1.894690e-03
    outer loop
      vertex  -1.362592e-01  1.803308e-01  2.355511e-01
      vertex  -1.338189e-01  1.881948e-01  2.355511e-01
      vertex  -1.340430e-01  1.879601e-01  3.117511e-01
    endloop
  endfacet
  facet normal  7.136766e-01 -7.004753e-01 -5.994682e-05
    outer loop
      vertex  -1.340430e-01  1.879601e-01  3.117511e-01
      vertex  -1.338189e-01  1.881948e-01  2.355511e-01
      vertex  -1.191622e-01  2.031278e-01  2.355511e-01
    endloop
  endfacet
  facet normal  7.138272e-01 -7.003219e-01  7.790453e-18
    outer loop
      vertex  -1.340430e-01  1.879601e-01  3.117511e-01
      vertex  -1.191622e-01  2.031278e-01  2.355511e-01
      vertex  -1.191622e-01  2.031278e-01  3.117511e-01
    endloop
  endfacet
  facet normal  8.695849e-01 -4.937835e-01  0.000000e+00
    outer loop
      vertex  -1.191622e-01  2.031278e-01  2.355511e-01
      vertex  -1.116165e-01  2.164163e-01  2.355511e-01
      vertex  -1.191622e-01  2.031278e-01  3.117511e-01
    endloop
  endfacet
  facet normal  8.695849e-01 -4.937835e-01  0.000000e+00
    outer loop
      vertex  -1.191622e-01  2.031278e-01  3.117511e-01
      vertex  -1.116165e-01  2.164163e-01  2.355511e-01
      vertex  -1.116165e-01  2.164163e-01  3.117511e-01
    endloop
  endfacet
  facet normal  9.675289e-01 -2.527604e-01  0.000000e+00
    outer loop
      vertex  -1.116165e-01  2.164163e-01  2.355511e-01
      vertex  -1.077539e-01  2.312015e-01  2.355511e-01
      vertex  -1.116165e-01  2.164163e-01  3.117511e-01
    endloop
  endfacet
  facet normal  9.675289e-01 -2.527604e-01  0.000000e+00
    outer loop
      vertex  -1.116165e-01  2.164163e-01  3.117511e-01
      vertex  -1.077539e-01  2.312015e-01  2.355511e-01
      vertex  -1.077539e-01  2.312015e-01  3.117511e-01
    endloop
  endfacet
  facet normal  9.999856e-01  5.372403e-03 -0.000000e+00
    outer loop
      vertex  -1.077539e-01  2.312015e-01  2.355511e-01
      vertex  -1.078360e-01  2.464827e-01  2.355511e-01
      vertex  -1.077539e-01  2.312015e-01  3.117511e-01
    endloop
  endfacet
  facet normal  9.999856e-01  5.372403e-03  0.000000e+00
    outer loop
      vertex  -1.077539e-01  2.312015e-01  3.117511e-01
      vertex  -1.078360e-01  2.464827e-01  2.355511e-01
      vertex  -1.078360e-01  2.464827e-01  3.117511e-01
    endloop
  endfacet
  facet normal  9.647575e-01  2.631405e-01 -0.000000e+00
    outer loop
      vertex  -1.078360e-01  2.464827e-01  2.355511e-01
      vertex  -1.118572e-01  2.612256e-01  2.355511e-01
      vertex  -1.078360e-01  2.464827e-01  3.117511e-01
    endloop
  endfacet
  facet normal  9.647575e-01  2.631405e-01  0.000000e+00
    outer loop
      vertex  -1.078360e-01  2.464827e-01  3.117511e-01
      vertex  -1.118572e-01  2.612256e-01  2.355511e-01
      vertex  -1.118572e-01  2.612256e-01  3.117511e-01
    endloop
  endfacet
  facet normal  8.642293e-01  5.030982e-01 -0.000000e+00
    outer loop
      vertex  -1.118572e-01  2.612256e-01  2.355511e-01
      vertex  -1.195452e-01  2.744323e-01  2.355511e-01
      vertex  -1.118572e-01  2.612256e-01  3.117511e-01
    endloop
  endfacet
  facet normal  8.642293e-01  5.030982e-01  0.000000e+00
    outer loop
      vertex  -1.118572e-01  2.612256e-01  3.117511e-01
      vertex  -1.195452e-01  2.744323e-01  2.355511e-01
      vertex  -1.195452e-01  2.744323e-01  3.117511e-01
    endloop
  endfacet
  facet normal  7.052042e-01  7.090042e-01 -0.000000e+00
    outer loop
      vertex  -1.195452e-01  2.744323e-01  2.355511e-01
      vertex  -1.303798e-01  2.852088e-01  2.355511e-01
      vertex  -1.195452e-01  2.744323e-01  3.117511e-01
    endloop
  endfacet
  facet normal  7.052042e-01  7.090042e-01  0.000000e+00
    outer loop
      vertex  -1.195452e-01  2.744323e-01  3.117511e-01
      vertex  -1.303798e-01  2.852088e-01  2.355511e-01
      vertex  -1.303798e-01  2.852088e-01  3.117511e-01
    endloop
  endfacet
  facet normal  4.984483e-01  8.669195e-01 -0.000000e+00
    outer loop
      vertex  -1.303798e-01  2.852088e-01  2.355511e-01
      vertex  -1.436276e-01  2.928258e-01  2.355511e-01
      vertex  -1.303798e-01  2.852088e-01  3.117511e-01
    endloop
  endfacet
  facet normal  4.984483e-01  8.669195e-01  0.000000e+00
    outer loop
      vertex  -1.303798e-01  2.852088e-01  3.117511e-01
      vertex  -1.436276e-01  2.928258e-01  2.355511e-01
      vertex  -1.436276e-01  2.928258e-01  3.117511e-01
    endloop
  endfacet
  facet normal  2.579553e-01  9.661568e-01 -0.000000e+00
    outer loop
      vertex  -1.436276e-01  2.928258e-01  2.355511e-01
      vertex  -1.583918e-01  2.967677e-01  2.355511e-01
      vertex  -1.436276e-01  2.928258e-01  3.117511e-01
    endloop
  endfacet
  facet normal  2.579553e-01  9.661568e-01  0.000000e+00
    outer loop
      vertex  -1.436276e-01  2.928258e-01  3.117511e-01
      vertex  -1.583918e-01  2.967677e-01  2.355511e-01
      vertex  -1.583918e-01  2.967677e-01  3.117511e-01
    endloop
  endfacet
  facet normal  0.000000e+00  1.000000e+00 -0.000000e+00
    outer loop
      vertex  -1.583918e-01  2.967677e-01  2.355511e-01
      vertex  -1.736733e-01  2.967677e-01  2.355511e-01
      vertex  -1.583918e-01  2.967677e-01  3.117511e-01
    endloop
  endfacet
  facet normal  0.000000e+00  1.000000e+00  0.000000e+00
    outer loop
      vertex  -1.583918e-01  2.967677e-01  3.117511e-01
      vertex  -1.736733e-01  2.967677e-01  2.355511e-01
      vertex  -1.736733e-01  2.967677e-01  3.117511e-01
    endloop
  endfacet
  facet normal -2.579553e-01  9.661568e-01  0.000000e+00
    outer loop
      vertex  -1.736733e-01  2.967677e-01  2.355511e-01
      vertex  -1.884375e-01  2.928258e-01  2.355511e-01
      vertex  -1.736733e-01  2.967677e-01  3.117511e-01
    endloop
  endfacet
  facet normal -2.579553e-01  9.661568e-01  0.000000e+00
    outer loop
      vertex  -1.736733e-01  2.967677e-01  3.117511e-01
      vertex  -1.884375e-01  2.928258e-01  2.355511e-01
      vertex  -1.884375e-01  2.928258e-01  3.117511e-01
    endloop
  endfacet
  facet normal -4.984483e-01  8.669195e-01  0.000000e+00
    outer loop
      vertex  -1.884375e-01  2.928258e-01  2.355511e-01
      vertex  -2.016853e-01  2.852088e-01  2.355511e-01
      vertex  -1.884375e-01  2.928258e-01  3.117511e-01
    endloop
  endfacet
  facet normal -4.984483e-01  8.669195e-01  0.000000e+00
    outer loop
      vertex  -1.884375e-01  2.928258e-01  3.117511e-01
      vertex  -2.016853e-01  2.852088e-01  2.355511e-01
      vertex  -2.016853e-01  2.852088e-01  3.117511e-01
    endloop
  endfacet
  facet normal -7.052042e-01  7.090042e-01  0.000000e+00
    outer loop
      vertex  -2.016853e-01  2.852088e-01  2.355511e-01
      vertex  -2.125199e-01  2.744323e-01  2.355511e-01
      vertex  -2.016853e-01  2.852088e-01  3.117511e-01
    endloop
  endfacet
  facet normal -7.052042e-01  7.090042e-01  0.000000e+00
    outer loop
      vertex  -2.016853e-01  2.852088e-01  3.117511e-01
      vertex  -2.125199e-01  2.744323e-01  2.355511e-01
      vertex  -2.125199e-01  2.744323e-01  3.117511e-01
    endloop
  endfacet
  facet normal -8.642293e-01  5.030982e-01  0.000000e+00
    outer loop
      vertex  -2.125199e-01  2.744323e-01  2.355511e-01
      vertex  -2.202079e-01  2.612256e-01  2.355511e-01
      vertex  -2.125199e-01  2.744323e-01  3.117511e-01
    endloop
  endfacet
  facet normal -8.642293e-01  5.030982e-01  0.000000e+00
    outer loop
      vertex  -2.125199e-01  2.744323e-01  3.117511e-01
      vertex  -2.202079e-01  2.612256e-01  2.355511e-01
      vertex  -2.202079e-01  2.612256e-01  3.117511e-01
    endloop
  endfacet
  facet normal -9.647574e-01  2.631409e-01  0.000000e+00
    outer loop
      vertex  -2.202079e-01  2.612256e-01  2.355511e-01
      vertex  -2.242291e-01  2.464827e-01  2.355511e-01
      vertex  -2.202079e-01  2.612256e-01  3.117511e-01
    endloop
  endfacet
  facet normal -9.647574e-01  2.631409e-01  0.000000e+00
    outer loop
      vertex  -2.202079e-01  2.612256e-01  3.117511e-01
      vertex  -2.242291e-01  2.464827e-01  2.355511e-01
      vertex  -2.242291e-01  2.464827e-01  3.117511e-01
    endloop
  endfacet
  facet normal -9.999856e-01  5.371915e-03  0.000000e+00
    outer loop
      vertex  -2.242291e-01  2.464827e-01  2.355511e-01
      vertex  -2.243112e-01  2.312015e-01  2.355511e-01
      vertex  -2.242291e-01  2.464827e-01  3.117511e-01
    endloop
  endfacet
  facet normal -9.999856e-01  5.371915e-03  0.000000e+00
    outer loop
      vertex  -2.242291e-01  2.464827e-01  3.117511e-01
      vertex  -2.243112e-01  2.312015e-01  2.355511e-01
      vertex  -2.243112e-01  2.312015e-01  3.117511e-01
    endloop
  endfacet
  facet normal -9.675290e-01 -2.527599e-01  0.000000e+00
    outer loop
      vertex  -2.243112e-01  2.312015e-01  2.355511e-01
      vertex  -2.204486e-01  2.164163e-01  2.355511e-01
      vertex  -2.243112e-01  2.312015e-01  3.117511e-01
    endloop
  endfacet
  facet normal -9.675290e-01 -2.527599e-01  0.000000e+00
    outer loop
      vertex  -2.243112e-01  2.312015e-01  3.117511e-01
      vertex  -2.204486e-01  2.164163e-01  2.355511e-01
      vertex  -2.204486e-01  2.164163e-01  3.117511e-01
    endloop
  endfacet
  facet normal -8.695847e-01 -4.937839e-01  0.000000e+00
    outer loop
      vertex  -2.204486e-01  2.164163e-01  2.355511e-01
      vertex  -2.129029e-01  2.031278e-01  2.355511e-01
      vertex  -2.204486e-01  2.164163e-01  3.117511e-01
    endloop
  endfacet
  facet normal -8.695847e-01 -4.937839e-01  0.000000e+00
    outer loop
      vertex  -2.204486e-01  2.164163e-01  3.117511e-01
      vertex  -2.129029e-01  2.031278e-01  2.355511e-01
      vertex  -2.129029e-01  2.031278e-01  3.117511e-01
    endloop
  endfacet
  facet normal -7.122310e-01 -7.019451e-01  0.000000e+00
    outer loop
      vertex  -2.129029e-01  2.031278e-01  2.355511e-01
      vertex  -1.988690e-01  1.888883e-01  2.355511e-01
      vertex  -2.129029e-01  2.031278e-01  3.117511e-01
    endloop
  endfacet
  facet normal -7.117735e-01 -7.024090e-01  1.709549e-04
    outer loop
      vertex  -2.129029e-01  2.031278e-01  3.117511e-01
      vertex  -1.988690e-01  1.888883e-01  2.355511e-01
      vertex  -1.990557e-01  1.890960e-01  3.117511e-01
    endloop
  endfacet
  facet normal -9.291062e-01 -3.698109e-01 -1.268089e-03
    outer loop
      vertex  -1.990557e-01  1.890960e-01  3.117511e-01
      vertex  -1.988690e-01  1.888883e-01  2.355511e-01
      vertex  -1.953659e-01  1.798259e-01  3.117511e-01
    endloop
  endfacet
  facet normal -9.365077e-01 -3.506444e-01  1.351632e-03
    outer loop
      vertex  -1.988690e-01  1.888883e-01  2.355511e-01
      vertex  -1.954801e-01  1.798370e-01  2.355511e-01
      vertex  -1.953659e-01  1.798259e-01  3.117511e-01
    endloop
  endfacet
  facet normal -0.000000e+00  0.000000e+00 -1.000000e+00
    outer loop
      vertex  -1.362592e-01  1.803308e-01  2.355511e-01
      vertex  -1.379017e-01  1.797918e-01  2.355511e-01
      vertex  -1.524737e-01  1.879268e-01  2.355511e-01
    endloop
  endfacet
  facet normal  0.000000e+00 -0.000000e+00 -1.000000e+00
    outer loop
      vertex  -1.922263e-01  1.931604e-01  2.355511e-01
      vertex  -1.795914e-01  1.879268e-01  2.355511e-01
      vertex  -1.954801e-01  1.798370e-01  2.355511e-01
    endloop
  endfacet
  facet normal -4.956875e-15  1.210554e-15 -1.000000e+00
    outer loop
      vertex  -1.954801e-01  1.798370e-01  2.355511e-01
      vertex  -1.988690e-01  1.888883e-01  2.355511e-01
      vertex  -1.922263e-01  1.931604e-01  2.355511e-01
    endloop
  endfacet
  facet normal -2.273145e-15 -2.962417e-15 -1.000000e+00
    outer loop
      vertex  -1.922263e-01  1.931604e-01  2.355511e-01
      vertex  -1.988690e-01  1.888883e-01  2.355511e-01
      vertex  -2.030761e-01  2.014857e-01  2.355511e-01
    endloop
  endfacet
  facet normal -5.084106e-15 -3.901174e-15 -1.000000e+00
    outer loop
      vertex  -2.030761e-01  2.014857e-01  2.355511e-01
      vertex  -1.988690e-01  1.888883e-01  2.355511e-01
      vertex  -2.114014e-01  2.123355e-01  2.355511e-01
    endloop
  endfacet
  facet normal  1.696976e-15 -2.767207e-16 -1.000000e+00
    outer loop
      vertex  -1.988690e-01  1.888883e-01  2.355511e-01
      vertex  -2.129029e-01  2.031278e-01  2.355511e-01
      vertex  -2.114014e-01  2.123355e-01  2.355511e-01
    endloop
  endfacet
  facet normal -0.000000e+00  0.000000e+00 -1.000000e+00
    outer loop
      vertex  -2.114014e-01  2.123355e-01  2.355511e-01
      vertex  -2.129029e-01  2.031278e-01  2.355511e-01
      vertex  -2.166350e-01  2.249704e-01  2.355511e-01
    endloop
  endfacet
  facet normal  0.000000e+00  0.000000e+00 -1.000000e+00
    outer loop
      vertex  -2.129029e-01  2.031278e-01  2.355511e-01
      vertex  -2.204486e-01  2.164163e-01  2.355511e-01
      vertex  -2.166350e-01  2.249704e-01  2.355511e-01
    endloop
  endfacet
  facet normal -0.000000e+00  0.000000e+00 -1.000000e+00
    outer loop
      vertex  -2.166350e-01  2.249704e-01  2.355511e-01
      vertex  -2.204486e-01  2.164163e-01  2.355511e-01
      vertex  -2.184200e-01  2.385293e-01  2.355511e-01
    endloop
  endfacet
  facet normal  0.000000e+00  0.000000e+00 -1.000000e+00
    outer loop
      vertex  -2.204486e-01  2.164163e-01  2.355511e-01
      vertex  -2.243112e-01  2.312015e-01  2.355511e-01
      vertex  -2.184200e-01  2.385293e-01  2.355511e-01
    endloop
  endfacet
  facet normal -0.000000e+00  0.000000e+00 -1.000000e+00
    outer loop
      vertex  -2.184200e-01  2.385293e-01  2.355511e-01
      vertex  -2.243112e-01  2.312015e-01  2.355511e-01
      vertex  -2.166350e-01  2.520882e-01  2.355511e-01
    endloop
  endfacet
  facet normal  0.000000e+00  0.000000e+00 -1.000000e+00
    outer loop
      vertex  -2.243112e-01  2.312015e-01  2.355511e-01
      vertex  -2.242291e-01  2.464827e-01  2.355511e-01
      vertex  -2.166350e-01  2.520882e-01  2.355511e-01
    endloop
  endfacet
  facet normal -0.000000e+00  0.000000e+00 -1.000000e+00
    outer loop
      vertex  -2.166350e-01  2.520882e-01  2.355511e-01
      vertex  -2.242291e-01  2.464827e-01  2.355511e-01
      vertex  -2.114014e-01  2.647230e-01  2.355511e-01
    endloop
  endfacet
  facet normal  0.000000e+00  0.000000e+00 -1.000000e+00
    outer loop
      vertex  -2.242291e-01  2.464827e-01  2.355511e-01
      vertex  -2.202079e-01  2.612256e-01  2.355511e-01
      vertex  -2.114014e-01  2.647230e-01  2.355511e-01
    endloop
  endfacet
  facet normal -0.000000e+00  0.000000e+00 -1.000000e+00
    outer loop
      vertex  -2.114014e-01  2.647230e-01  2.355511e-01
      vertex  -2.202079e-01  2.612256e-01  2.355511e-01
      vertex  -2.030761e-01  2.755728e-01  2.355511e-01
    endloop
  endfacet
  facet normal  0.000000e+00  0.000000e+00 -1.000000e+00
    outer loop
      vertex  -2.202079e-01  2.612256e-01  2.355511e-01
      vertex  -2.125199e-01  2.744323e-01  2.355511e-01
      vertex  -2.030761e-01  2.755728e-01  2.355511e-01
    endloop
  endfacet
  facet normal -0.000000e+00  0.000000e+00 -1.000000e+00
    outer loop
      vertex  -2.030761e-01  2.755728e-01  2.355511e-01
      vertex  -2.125199e-01  2.744323e-01  2.355511e-01
      vertex  -1.922263e-01  2.838982e-01  2.355511e-01
    endloop
  endfacet
  facet normal  0.000000e+00  0.000000e+00 -1.000000e+00
    outer loop
      vertex  -2.125199e-01  2.744323e-01  2.355511e-01
      vertex  -2.016853e-01  2.852088e-01  2.355511e-01
      vertex  -1.922263e-01  2.838982e-01  2.355511e-01
    endloop
  endfacet
  facet normal  0.000000e+00  0.000000e+00 -1.000000e+00
    outer loop
      vertex  -1.922263e-01  2.838982e-01  2.355511e-01
      vertex  -2.016853e-01  2.852088e-01  2.355511e-01
      vertex  -1.795914e-01  2.891317e-01  2.355511e-01
    endloop
  endfacet
  facet normal  0.000000e+00  0.000000e+00 -1.000000e+00
    outer loop
      vertex  -2.016853e-01  2.852088e-01  2.355511e-01
      vertex  -1.884375e-01  2.928258e-01  2.355511e-01
      vertex  -1.795914e-01  2.891317e-01  2.355511e-01
    endloop
  endfacet
  facet normal  0.000000e+00  0.000000e+00 -1.000000e+00
    outer loop
      vertex  -1.795914e-01  2.891317e-01  2.355511e-01
      vertex  -1.884375e-01  2.928258e-01  2.355511e-01
      vertex  -1.660325e-01  2.909168e-01  2.355511e-01
    endloop
  endfacet
  facet normal  0.000000e+00  0.000000e+00 -1.000000e+00
    outer loop
      vertex  -1.884375e-01  2.928258e-01  2.355511e-01
      vertex  -1.736733e-01  2.967677e-01  2.355511e-01
      vertex  -1.660325e-01  2.909168e-01  2.355511e-01
    endloop
  endfacet
  facet normal  0.000000e+00  0.000000e+00 -1.000000e+00
    outer loop
      vertex  -1.736733e-01  2.967677e-01  2.355511e-01
      vertex  -1.583918e-01  2.967677e-01  2.355511e-01
      vertex  -1.660325e-01  2.909168e-01  2.355511e-01
    endloop
  endfacet
  facet normal  0.000000e+00  0.000000e+00 -1.000000e+00
    outer loop
      vertex  -1.660325e-01  2.909168e-01  2.355511e-01
      vertex  -1.583918e-01  2.967677e-01  2.355511e-01
      vertex  -1.524737e-01  2.891317e-01  2.355511e-01
    endloop
  endfacet
  facet normal  0.000000e+00  0.000000e+00 -1.000000e+00
    outer loop
      vertex  -1.583918e-01  2.967677e-01  2.355511e-01
      vertex  -1.436276e-01  2.928258e-01  2.355511e-01
      vertex  -1.524737e-01  2.891317e-01  2.355511e-01
    endloop
  endfacet
  facet normal  0.000000e+00  0.000000e+00 -1.000000e+00
    outer loop
      vertex  -1.524737e-01  2.891317e-01  2.355511e-01
      vertex  -1.436276e-01  2.928258e-01  2.355511e-01
      vertex  -1.398388e-01  2.838982e-01  2.355511e-01
    endloop
  endfacet
  facet normal  0.000000e+00  0.000000e+00 -1.000000e+00
    outer loop
      vertex  -1.436276e-01  2.928258e-01  2.355511e-01
      vertex  -1.303798e-01  2.852088e-01  2.355511e-01
      vertex  -1.398388e-01  2.838982e-01  2.355511e-01
    endloop
  endfacet
  facet normal  0.000000e+00  0.000000e+00 -1.000000e+00
    outer loop
      vertex  -1.398388e-01  2.838982e-01  2.355511e-01
      vertex  -1.303798e-01  2.852088e-01  2.355511e-01
      vertex  -1.289890e-01  2.755728e-01  2.355511e-01
    endloop
  endfacet
  facet normal  0.000000e+00  0.000000e+00 -1.000000e+00
    outer loop
      vertex  -1.303798e-01  2.852088e-01  2.355511e-01
      vertex  -1.195452e-01  2.744323e-01  2.355511e-01
      vertex  -1.289890e-01  2.755728e-01  2.355511e-01
    endloop
  endfacet
  facet normal  0.000000e+00  0.000000e+00 -1.000000e+00
    outer loop
      vertex  -1.289890e-01  2.755728e-01  2.355511e-01
      vertex  -1.195452e-01  2.744323e-01  2.355511e-01
      vertex  -1.206636e-01  2.647230e-01  2.355511e-01
    endloop
  endfacet
  facet normal  0.000000e+00 -0.000000e+00 -1.000000e+00
    outer loop
      vertex  -1.195452e-01  2.744323e-01  2.355511e-01
      vertex  -1.118572e-01  2.612256e-01  2.355511e-01
      vertex  -1.206636e-01  2.647230e-01  2.355511e-01
    endloop
  endfacet
  facet normal  0.000000e+00  0.000000e+00 -1.000000e+00
    outer loop
      vertex  -1.206636e-01  2.647230e-01  2.355511e-01
      vertex  -1.118572e-01  2.612256e-01  2.355511e-01
      vertex  -1.154301e-01  2.520882e-01  2.355511e-01
    endloop
  endfacet
  facet normal  0.000000e+00 -0.000000e+00 -1.000000e+00
    outer loop
      vertex  -1.118572e-01  2.612256e-01  2.355511e-01
      vertex  -1.078360e-01  2.464827e-01  2.355511e-01
      vertex  -1.154301e-01  2.520882e-01  2.355511e-01
    endloop
  endfacet
  facet normal  0.000000e+00  0.000000e+00 -1.000000e+00
    outer loop
      vertex  -1.154301e-01  2.520882e-01  2.355511e-01
      vertex  -1.078360e-01  2.464827e-01  2.355511e-01
      vertex  -1.136450e-01  2.385293e-01  2.355511e-01
    endloop
  endfacet
  facet normal  0.000000e+00 -0.000000e+00 -1.000000e+00
    outer loop
      vertex  -1.078360e-01  2.464827e-01  2.355511e-01
      vertex  -1.077539e-01  2.312015e-01  2.355511e-01
      vertex  -1.136450e-01  2.385293e-01  2.355511e-01
    endloop
  endfacet
  facet normal  0.000000e+00 -0.000000e+00 -1.000000e+00
    outer loop
      vertex  -1.136450e-01  2.385293e-01  2.355511e-01
      vertex  -1.077539e-01  2.312015e-01  2.355511e-01
      vertex  -1.154301e-01  2.249704e-01  2.355511e-01
    endloop
  endfacet
  facet normal  0.000000e+00  0.000000e+00 -1.000000e+00
    outer loop
      vertex  -1.077539e-01  2.312015e-01  2.355511e-01
      vertex  -1.116165e-01  2.164163e-01  2.355511e-01
      vertex  -1.154301e-01  2.249704e-01  2.355511e-01
    endloop
  endfacet
  facet normal  0.000000e+00 -0.000000e+00 -1.000000e+00
    outer loop
      vertex  -1.154301e-01  2.249704e-01  2.355511e-01
      vertex  -1.116165e-01  2.164163e-01  2.355511e-01
      vertex  -1.206636e-01  2.123355e-01  2.355511e-01
    endloop
  endfacet
  facet normal  0.000000e+00  0.000000e+00 -1.000000e+00
    outer loop
      vertex  -1.116165e-01  2.164163e-01  2.355511e-01
      vertex  -1.191622e-01  2.031278e-01  2.355511e-01
      vertex  -1.206636e-01  2.123355e-01  2.355511e-01
    endloop
  endfacet
  facet normal  0.000000e+00 -0.000000e+00 -1.000000e+00
    outer loop
      vertex  -1.206636e-01  2.123355e-01  2.355511e-01
      vertex  -1.191622e-01  2.031278e-01  2.355511e-01
      vertex  -1.289890e-01  2.014857e-01  2.355511e-01
    endloop
  endfacet
  facet normal  0.000000e+00  0.000000e+00 -1.000000e+00
    outer loop
      vertex  -1.191622e-01  2.031278e-01  2.355511e-01
      vertex  -1.338189e-01  1.881948e-01  2.355511e-01
      vertex  -1.289890e-01  2.014857e-01  2.355511e-01
    endloop
  endfacet
  facet normal  0.000000e+00  0.000000e+00 -1.000000e+00
    outer loop
      vertex  -1.289890e-01  2.014857e-01  2.355511e-01
      vertex  -1.338189e-01  1.881948e-01  2.355511e-01
      vertex  -1.398388e-01  1.931604e-01  2.355511e-01
    endloop
  endfacet
  facet normal  0.000000e+00 -0.000000e+00 -1.000000e+00
    outer loop
      vertex  -1.524737e-01  1.879268e-01  2.355511e-01
      vertex  -1.379017e-01  1.797918e-01  2.355511e-01
      vertex  -1.660325e-01  1.861418e-01  2.355511e-01
    endloop
  endfacet
  facet normal  0.000000e+00  0.000000e+00 -1.000000e+00
    outer loop
      vertex  -1.379017e-01  1.797918e-01  2.355511e-01
      vertex  -1.954801e-01  1.798370e-01  2.355511e-01
      vertex  -1.660325e-01  1.861418e-01  2.355511e-01
    endloop
  endfacet
  facet normal -0.000000e+00  0.000000e+00 -1.000000e+00
    outer loop
      vertex  -1.660325e-01  1.861418e-01  2.355511e-01
      vertex  -1.954801e-01  1.798370e-01  2.355511e-01
      vertex  -1.795914e-01  1.879268e-01  2.355511e-01
    endloop
  endfacet
  facet normal  0.000000e+00 -0.000000e+00 -1.000000e+00
    outer loop
      vertex  -1.398388e-01  1.931604e-01  2.355511e-01
      vertex  -1.338189e-01  1.881948e-01  2.355511e-01
      vertex  -1.524737e-01  1.879268e-01  2.355511e-01
    endloop
  endfacet
  facet normal  0.000000e+00  0.000000e+00 -1.000000e+00
    outer loop
      vertex  -1.338189e-01  1.881948e-01  2.355511e-01
      vertex  -1.362592e-01  1.803308e-01  2.355511e-01
      vertex  -1.524737e-01  1.879268e-01  2.355511e-01
    endloop
  endfacet
  facet normal  1.305269e-01 -9.914448e-01  0.000000e+00
    outer loop
      vertex  -1.660325e-01  1.861418e-01  2.355511e-01
      vertex  -1.524737e-01  1.879268e-01  1.466511e-01
      vertex  -1.524737e-01  1.879268e-01  2.355511e-01
    endloop
  endfacet
  facet normal  3.826832e-01 -9.238796e-01  0.000000e+00
    outer loop
      vertex  -1.524737e-01  1.879268e-01  1.466511e-01
      vertex  -1.398388e-01  1.931604e-01  1.466511e-01
      vertex  -1.524737e-01  1.879268e-01  2.355511e-01
    endloop
  endfacet
  facet normal  3.826832e-01 -9.238796e-01  0.000000e+00
    outer loop
      vertex  -1.524737e-01  1.879268e-01  2.355511e-01
      vertex  -1.398388e-01  1.931604e-01  1.466511e-01
      vertex  -1.398388e-01  1.931604e-01  2.355511e-01
    endloop
  endfacet
  facet normal  6.087612e-01 -7.933536e-01  0.000000e+00
    outer loop
      vertex  -1.398388e-01  1.931604e-01  1.466511e-01
      vertex  -1.289890e-01  2.014857e-01  1.466511e-01
      vertex  -1.398388e-01  1.931604e-01  2.355511e-01
    endloop
  endfacet
  facet normal  6.087612e-01 -7.933536e-01  0.000000e+00
    outer loop
      vertex  -1.398388e-01  1.931604e-01  2.355511e-01
      vertex  -1.289890e-01  2.014857e-01  1.466511e-01
      vertex  -1.289890e-01  2.014857e-01  2.355511e-01
    endloop
  endfacet
  facet normal  7.933534e-01 -6.087614e-01  0.000000e+00
    outer loop
      vertex  -1.289890e-01  2.014857e-01  1.466511e-01
      vertex  -1.206636e-01  2.123355e-01  1.466511e-01
      vertex  -1.289890e-01  2.014857e-01  2.355511e-01
    endloop
  endfacet
  facet normal  7.933534e-01 -6.087614e-01  0.000000e+00
    outer loop
      vertex  -1.289890e-01  2.014857e-01  2.355511e-01
      vertex  -1.206636e-01  2.123355e-01  1.466511e-01
      vertex  -1.206636e-01  2.123355e-01  2.355511e-01
    endloop
  endfacet
  facet normal  9.238798e-01 -3.826828e-01  0.000000e+00
    outer loop
      vertex  -1.206636e-01  2.123355e-01  1.466511e-01
      vertex  -1.154301e-01  2.249704e-01  1.466511e-01
      vertex  -1.206636e-01  2.123355e-01  2.355511e-01
    endloop
  endfacet
  facet normal  9.238798e-01 -3.826828e-01  0.000000e+00
    outer loop
      vertex  -1.206636e-01  2.123355e-01  2.355511e-01
      vertex  -1.154301e-01  2.249704e-01  1.466511e-01
      vertex  -1.154301e-01  2.249704e-01  2.355511e-01
    endloop
  endfacet
  facet normal  9.914448e-01 -1.305263e-01  0.000000e+00
    outer loop
      vertex  -1.154301e-01  2.249704e-01  1.466511e-01
      vertex  -1.136450e-01  2.385293e-01  1.466511e-01
      vertex  -1.154301e-01  2.249704e-01  2.355511e-01
    endloop
  endfacet
  facet normal  9.914448e-01 -1.305263e-01  0.000000e+00
    outer loop
      vertex  -1.154301e-01  2.249704e-01  2.355511e-01
      vertex  -1.136450e-01  2.385293e-01  1.466511e-01
      vertex  -1.136450e-01  2.385293e-01  2.355511e-01
    endloop
  endfacet
  facet normal  9.914448e-01  1.305263e-01 -0.000000e+00
    outer loop
      vertex  -1.136450e-01  2.385293e-01  1.466511e-01
      vertex  -1.154301e-01  2.520882e-01  1.466511e-01
      vertex  -1.136450e-01  2.385293e-01  2.355511e-01
    endloop
  endfacet
  facet normal  9.914448e-01  1.305263e-01  0.000000e+00
    outer loop
      vertex  -1.136450e-01  2.385293e-01  2.355511e-01
      vertex  -1.154301e-01  2.520882e-01  1.466511e-01
      vertex  -1.154301e-01  2.520882e-01  2.355511e-01
    endloop
  endfacet
  facet normal  9.238798e-01  3.826828e-01 -0.000000e+00
    outer loop
      vertex  -1.154301e-01  2.520882e-01  1.466511e-01
      vertex  -1.206636e-01  2.647230e-01  1.466511e-01
      vertex  -1.154301e-01  2.520882e-01  2.355511e-01
    endloop
  endfacet
  facet normal  9.238798e-01  3.826828e-01  0.000000e+00
    outer loop
      vertex  -1.154301e-01  2.520882e-01  2.355511e-01
      vertex  -1.206636e-01  2.647230e-01  1.466511e-01
      vertex  -1.206636e-01  2.647230e-01  2.355511e-01
    endloop
  endfacet
  facet normal  7.933534e-01  6.087614e-01 -0.000000e+00
    outer loop
      vertex  -1.206636e-01  2.647230e-01  1.466511e-01
      vertex  -1.289890e-01  2.755728e-01  1.466511e-01
      vertex  -1.206636e-01  2.647230e-01  2.355511e-01
    endloop
  endfacet
  facet normal  7.933534e-01  6.087614e-01  0.000000e+00
    outer loop
      vertex  -1.206636e-01  2.647230e-01  2.355511e-01
      vertex  -1.289890e-01  2.755728e-01  1.466511e-01
      vertex  -1.289890e-01  2.755728e-01  2.355511e-01
    endloop
  endfacet
  facet normal  6.087605e-01  7.933540e-01 -0.000000e+00
    outer loop
      vertex  -1.289890e-01  2.755728e-01  1.466511e-01
      vertex  -1.398388e-01  2.838982e-01  1.466511e-01
      vertex  -1.289890e-01  2.755728e-01  2.355511e-01
    endloop
  endfacet
  facet normal  6.087605e-01  7.933540e-01  0.000000e+00
    outer loop
      vertex  -1.289890e-01  2.755728e-01  2.355511e-01
      vertex  -1.398388e-01  2.838982e-01  1.466511e-01
      vertex  -1.398388e-01  2.838982e-01  2.355511e-01
    endloop
  endfacet
  facet normal  3.826851e-01  9.238788e-01 -0.000000e+00
    outer loop
      vertex  -1.398388e-01  2.838982e-01  1.466511e-01
      vertex  -1.524737e-01  2.891317e-01  1.466511e-01
      vertex  -1.398388e-01  2.838982e-01  2.355511e-01
    endloop
  endfacet
  facet normal  3.826851e-01  9.238788e-01  0.000000e+00
    outer loop
      vertex  -1.398388e-01  2.838982e-01  2.355511e-01
      vertex  -1.524737e-01  2.891317e-01  1.466511e-01
      vertex  -1.524737e-01  2.891317e-01  2.355511e-01
    endloop
  endfacet
  facet normal  1.305247e-01  9.914451e-01 -0.000000e+00
    outer loop
      vertex  -1.524737e-01  2.891317e-01  1.466511e-01
      vertex  -1.660325e-01  2.909168e-01  1.466511e-01
      vertex  -1.524737e-01  2.891317e-01  2.355511e-01
    endloop
  endfacet
  facet normal  1.305247e-01  9.914451e-01  0.000000e+00
    outer loop
      vertex  -1.524737e-01  2.891317e-01  2.355511e-01
      vertex  -1.660325e-01  2.909168e-01  1.466511e-01
      vertex  -1.660325e-01  2.909168e-01  2.355511e-01
    endloop
  endfacet
  facet normal -1.305246e-01  9.914451e-01  0.000000e+00
    outer loop
      vertex  -1.660325e-01  2.909168e-01  1.466511e-01
      vertex  -1.795914e-01  2.891317e-01  1.466511e-01
      vertex  -1.660325e-01  2.909168e-01  2.355511e-01
    endloop
  endfacet
  facet normal -1.305246e-01  9.914451e-01  0.000000e+00
    outer loop
      vertex  -1.660325e-01  2.909168e-01  2.355511e-01
      vertex  -1.795914e-01  2.891317e-01  1.466511e-01
      vertex  -1.795914e-01  2.891317e-01  2.355511e-01
    endloop
  endfacet
  facet normal -3.826851e-01  9.238788e-01  0.000000e+00
    outer loop
      vertex  -1.795914e-01  2.891317e-01  1.466511e-01
      vertex  -1.922263e-01  2.838982e-01  1.466511e-01
      vertex  -1.795914e-01  2.891317e-01  2.355511e-01
    endloop
  endfacet
  facet normal -3.826851e-01  9.238788e-01  0.000000e+00
    outer loop
      vertex  -1.795914e-01  2.891317e-01  2.355511e-01
      vertex  -1.922263e-01  2.838982e-01  1.466511e-01
      vertex  -1.922263e-01  2.838982e-01  2.355511e-01
    endloop
  endfacet
  facet normal -6.087610e-01  7.933537e-01  0.000000e+00
    outer loop
      vertex  -1.922263e-01  2.838982e-01  1.466511e-01
      vertex  -2.030761e-01  2.755728e-01  1.466511e-01
      vertex  -1.922263e-01  2.838982e-01  2.355511e-01
    endloop
  endfacet
  facet normal -6.087610e-01  7.933537e-01  0.000000e+00
    outer loop
      vertex  -1.922263e-01  2.838982e-01  2.355511e-01
      vertex  -2.030761e-01  2.755728e-01  1.466511e-01
      vertex  -2.030761e-01  2.755728e-01  2.355511e-01
    endloop
  endfacet
  facet normal -7.933531e-01  6.087617e-01  0.000000e+00
    outer loop
      vertex  -2.030761e-01  2.755728e-01  1.466511e-01
      vertex  -2.114014e-01  2.647230e-01  1.466511e-01
      vertex  -2.030761e-01  2.755728e-01  2.355511e-01
    endloop
  endfacet
  facet normal -7.933531e-01  6.087617e-01  0.000000e+00
    outer loop
      vertex  -2.030761e-01  2.755728e-01  2.355511e-01
      vertex  -2.114014e-01  2.647230e-01  1.466511e-01
      vertex  -2.114014e-01  2.647230e-01  2.355511e-01
    endloop
  endfacet
  facet normal -9.238794e-01  3.826838e-01  0.000000e+00
    outer loop
      vertex  -2.114014e-01  2.647230e-01  1.466511e-01
      vertex  -2.166350e-01  2.520882e-01  1.466511e-01
      vertex  -2.114014e-01  2.647230e-01  2.355511e-01
    endloop
  endfacet
  facet normal -9.238794e-01  3.826838e-01  0.000000e+00
    outer loop
      vertex  -2.114014e-01  2.647230e-01  2.355511e-01
      vertex  -2.166350e-01  2.520882e-01  1.466511e-01
      vertex  -2.166350e-01  2.520882e-01  2.355511e-01
    endloop
  endfacet
  facet normal -9.914449e-01  1.305258e-01  0.000000e+00
    outer loop
      vertex  -2.166350e-01  2.520882e-01  1.466511e-01
      vertex  -2.184200e-01  2.385293e-01  1.466511e-01
      vertex  -2.166350e-01  2.520882e-01  2.355511e-01
    endloop
  endfacet
  facet normal -9.914449e-01  1.305258e-01  0.000000e+00
    outer loop
      vertex  -2.166350e-01  2.520882e-01  2.355511e-01
      vertex  -2.184200e-01  2.385293e-01  1.466511e-01
      vertex  -2.184200e-01  2.385293e-01  2.355511e-01
    endloop
  endfacet
  facet normal -9.914449e-01 -1.305258e-01  0.000000e+00
    outer loop
      vertex  -2.184200e-01  2.385293e-01  1.466511e-01
      vertex  -2.166350e-01  2.249704e-01  1.466511e-01
      vertex  -2.184200e-01  2.385293e-01  2.355511e-01
    endloop
  endfacet
  facet normal -9.914449e-01 -1.305258e-01  0.000000e+00
    outer loop
      vertex  -2.184200e-01  2.385293e-01  2.355511e-01
      vertex  -2.166350e-01  2.249704e-01  1.466511e-01
      vertex  -2.166350e-01  2.249704e-01  2.355511e-01
    endloop
  endfacet
  facet normal -9.238794e-01 -3.826838e-01  0.000000e+00
    outer loop
      vertex  -2.166350e-01  2.249704e-01  1.466511e-01
      vertex  -2.114014e-01  2.123355e-01  1.466511e-01
      vertex  -2.166350e-01  2.249704e-01  2.355511e-01
    endloop
  endfacet
  facet normal -9.238794e-01 -3.826838e-01  0.000000e+00
    outer loop
      vertex  -2.166350e-01  2.249704e-01  2.355511e-01
      vertex  -2.114014e-01  2.123355e-01  1.466511e-01
      vertex  -2.114014e-01  2.123355e-01  2.355511e-01
    endloop
  endfacet
  facet normal -7.933531e-01 -6.087617e-01  0.000000e+00
    outer loop
      vertex  -2.114014e-01  2.123355e-01  1.466511e-01
      vertex  -2.030761e-01  2.014857e-01  1.466511e-01
      vertex  -2.114014e-01  2.123355e-01  2.355511e-01
    endloop
  endfacet
  facet normal -7.933531e-01 -6.087617e-01  0.000000e+00
    outer loop
      vertex  -2.114014e-01  2.123355e-01  2.355511e-01
      vertex  -2.030761e-01  2.014857e-01  1.466511e-01
      vertex  -2.030761e-01  2.014857e-01  2.355511e-01
    endloop
  endfacet
  facet normal -6.087617e-01 -7.933531e-01  0.000000e+00
    outer loop
      vertex  -2.030761e-01  2.014857e-01  1.466511e-01
      vertex  -1.922263e-01  1.931604e-01  1.466511e-01
      vertex  -2.030761e-01  2.014857e-01  2.355511e-01
    endloop
  endfacet
  facet normal -6.087617e-01 -7.933531e-01  0.000000e+00
    outer loop
      vertex  -2.030761e-01  2.014857e-01  2.355511e-01
      vertex  -1.922263e-01  1.931604e-01  1.466511e-01
      vertex  -1.922263e-01  1.931604e-01  2.355511e-01
    endloop
  endfacet
  facet normal -3.826832e-01 -9.238796e-01  0.000000e+00
    outer loop
      vertex  -1.922263e-01  1.931604e-01  1.466511e-01
      vertex  -1.795914e-01  1.879268e-01  1.466511e-01
      vertex  -1.922263e-01  1.931604e-01  2.355511e-01
    endloop
  endfacet
  facet normal -3.826832e-01 -9.238796e-01  0.000000e+00
    outer loop
      vertex  -1.922263e-01  1.931604e-01  2.355511e-01
      vertex  -1.795914e-01  1.879268e-01  1.466511e-01
      vertex  -1.795914e-01  1.879268e-01  2.355511e-01
    endloop
  endfacet
  facet normal -1.305267e-01 -9.914448e-01  0.000000e+00
    outer loop
      vertex  -1.795914e-01  1.879268e-01  1.466511e-01
      vertex  -1.660325e-01  1.861418e-01  1.466511e-01
      vertex  -1.795914e-01  1.879268e-01  2.355511e-01
    endloop
  endfacet
  facet normal -1.305267e-01 -9.914448e-01  0.000000e+00
    outer loop
      vertex  -1.795914e-01  1.879268e-01  2.355511e-01
      vertex  -1.660325e-01  1.861418e-01  1.466511e-01
      vertex  -1.660325e-01  1.861418e-01  2.355511e-01
    endloop
  endfacet
  facet normal  1.305269e-01 -9.914448e-01  0.000000e+00
    outer loop
      vertex  -1.660325e-01  1.861418e-01  1.466511e-01
      vertex  -1.524737e-01  1.879268e-01  1.466511e-01
      vertex  -1.660325e-01  1.861418e-01  2.355511e-01
    endloop
  endfacet
  facet normal -7.233158e-01 -4.468199e-01  5.264658e-01
    outer loop
      vertex  -1.211221e-01  2.516526e-01  3.117538e-01
      vertex  -1.344699e-01  2.728602e-01  3.114143e-01
      vertex  -1.203288e-01  2.436812e-01  3.060782e-01
    endloop
  endfacet
  facet normal -6.994507e-02 -8.941942e-01 -4.421813e-01
    outer loop
      vertex  -1.793712e-01  2.832325e-01  3.117138e-01
      vertex  -1.655896e-01  2.848309e-01  3.063014e-01
      vertex  -1.462019e-01  2.809407e-01  3.111016e-01
    endloop
  endfacet
  facet normal  5.430366e-01 -8.359987e-01 -7.885137e-02
    outer loop
      vertex  -1.983829e-01  2.708796e-01  3.117511e-01
      vertex  -1.966168e-01  2.724077e-01  3.077127e-01
      vertex  -1.793712e-01  2.832325e-01  3.117138e-01
    endloop
  endfacet
  facet normal  8.173548e-01 -5.645551e-01 -1.149290e-01
    outer loop
      vertex  -2.086764e-01  2.559808e-01  3.117316e-01
      vertex  -2.092908e-01  2.558946e-01  3.077855e-01
      vertex  -1.983829e-01  2.708796e-01  3.117511e-01
    endloop
  endfacet
  facet normal  7.881761e-01 -6.044226e-01  1.159820e-01
    outer loop
      vertex  -2.092908e-01  2.558946e-01  3.077855e-01
      vertex  -1.966168e-01  2.724077e-01  3.077127e-01
      vertex  -1.983829e-01  2.708796e-01  3.117511e-01
    endloop
  endfacet
  facet normal  9.186599e-01 -2.717004e-02  3.941140e-01
    outer loop
      vertex  -2.096302e-01  2.347578e-01  3.071195e-01
      vertex  -2.092908e-01  2.558946e-01  3.077855e-01
      vertex  -2.117049e-01  2.317876e-01  3.117507e-01
    endloop
  endfacet
  facet normal  9.810064e-01 -1.229199e-01 -1.500570e-01
    outer loop
      vertex  -2.117049e-01  2.317876e-01  3.117507e-01
      vertex  -2.092908e-01  2.558946e-01  3.077855e-01
      vertex  -2.086764e-01  2.559808e-01  3.117316e-01
    endloop
  endfacet
  facet normal  8.830447e-01  9.859248e-02  4.588154e-01
    outer loop
      vertex  -2.085335e-01  2.218193e-01  3.077890e-01
      vertex  -2.096302e-01  2.347578e-01  3.071195e-01
      vertex  -2.117049e-01  2.317876e-01  3.117507e-01
    endloop
  endfacet
  facet normal  9.278855e-01  3.482015e-01 -1.333577e-01
    outer loop
      vertex  -2.056403e-01  2.156174e-01  3.117261e-01
      vertex  -2.085335e-01  2.218193e-01  3.077890e-01
      vertex  -2.117049e-01  2.317876e-01  3.117507e-01
    endloop
  endfacet
  facet normal  7.598957e-01  6.487796e-01 -4.053998e-02
    outer loop
      vertex  -1.937666e-01  2.017114e-01  3.117478e-01
      vertex  -1.943587e-01  2.021511e-01  3.076858e-01
      vertex  -2.056403e-01  2.156174e-01  3.117261e-01
    endloop
  endfacet
  facet normal  3.685257e-01  9.218209e-01  1.201454e-01
    outer loop
      vertex  -1.710735e-01  1.926384e-01  3.117532e-01
      vertex  -1.701729e-01  1.928536e-01  3.073397e-01
      vertex  -1.937666e-01  2.017114e-01  3.117478e-01
    endloop
  endfacet
  facet normal  3.589998e-01  9.320737e-01  4.855799e-02
    outer loop
      vertex  -1.701729e-01  1.928536e-01  3.073397e-01
      vertex  -1.943587e-01  2.021511e-01  3.076858e-01
      vertex  -1.937666e-01  2.017114e-01  3.117478e-01
    endloop
  endfacet
  facet normal -9.959067e-02  9.894360e-01  1.053470e-01
    outer loop
      vertex  -1.541915e-01  1.943379e-01  3.117511e-01
      vertex  -1.612293e-01  1.943771e-01  3.047298e-01
      vertex  -1.710735e-01  1.926384e-01  3.117532e-01
    endloop
  endfacet
  facet normal -1.637333e-01  9.863952e-01  1.469065e-02
    outer loop
      vertex  -1.710735e-01  1.926384e-01  3.117532e-01
      vertex  -1.612293e-01  1.943771e-01  3.047298e-01
      vertex  -1.701729e-01  1.928536e-01  3.073397e-01
    endloop
  endfacet
  facet normal -2.654436e-01  9.251876e-01  2.712335e-01
    outer loop
      vertex  -1.612293e-01  1.943771e-01  3.047298e-01
      vertex  -1.541915e-01  1.943379e-01  3.117511e-01
      vertex  -1.432535e-01  1.987672e-01  3.073472e-01
    endloop
  endfacet
  facet normal -3.825970e-01  9.236706e-01 -2.126618e-02
    outer loop
      vertex  -1.541915e-01  1.943379e-01  3.117511e-01
      vertex  -1.431574e-01  1.989084e-01  3.117511e-01
      vertex  -1.432535e-01  1.987672e-01  3.073472e-01
    endloop
  endfacet
  facet normal -6.463197e-01  7.601503e-01 -6.665111e-02
    outer loop
      vertex  -1.294470e-01  2.105656e-01  3.117498e-01
      vertex  -1.291927e-01  2.103703e-01  3.070559e-01
      vertex  -1.431574e-01  1.989084e-01  3.117511e-01
    endloop
  endfacet
  facet normal -6.365725e-01  7.711408e-01 -1.083031e-02
    outer loop
      vertex  -1.291927e-01  2.103703e-01  3.070559e-01
      vertex  -1.432535e-01  1.987672e-01  3.073472e-01
      vertex  -1.431574e-01  1.989084e-01  3.117511e-01
    endloop
  endfacet
  facet normal -9.051077e-01  4.199472e-01 -6.651590e-02
    outer loop
      vertex  -1.294470e-01  2.105656e-01  3.117498e-01
      vertex  -1.208950e-01  2.289417e-01  3.113964e-01
      vertex  -1.291927e-01  2.103703e-01  3.070559e-01
    endloop
  endfacet
  facet normal -9.918063e-01 -7.912009e-03 -1.275054e-01
    outer loop
      vertex  -1.203288e-01  2.436812e-01  3.060782e-01
      vertex  -1.208950e-01  2.289417e-01  3.113964e-01
      vertex  -1.211221e-01  2.516526e-01  3.117538e-01
    endloop
  endfacet
  facet normal -3.452810e-03  4.545705e-04 -9.999939e-01
    outer loop
      vertex  -1.168200e-01  2.385293e-01  2.355511e-01
      vertex  -1.184969e-01  2.257922e-01  2.355511e-01
      vertex  -1.204187e-01  2.319056e-01  2.355605e-01
    endloop
  endfacet
  facet normal -1.406319e-03  1.097908e-03 -9.999984e-01
    outer loop
      vertex  -1.204187e-01  2.319056e-01  2.355605e-01
      vertex  -1.184969e-01  2.257922e-01  2.355511e-01
      vertex  -1.264116e-01  2.156541e-01  2.355511e-01
    endloop
  endfacet
  facet normal  0.000000e+00  0.000000e+00 -1.000000e+00
    outer loop
      vertex  -1.184969e-01  2.257922e-01  2.355511e-01
      vertex  -1.234133e-01  2.139230e-01  2.355511e-01
      vertex  -1.264116e-01  2.156541e-01  2.355511e-01
    endloop
  endfacet
  facet normal -3.997897e-04 -6.924585e-04 -9.999997e-01
    outer loop
      vertex  -1.264116e-01  2.156541e-01  2.355511e-01
      vertex  -1.234133e-01  2.139230e-01  2.355511e-01
      vertex  -1.383716e-01  2.016420e-01  2.355655e-01
    endloop
  endfacet
  facet normal -2.616941e-03  2.008047e-03 -9.999946e-01
    outer loop
      vertex  -1.234133e-01  2.139230e-01  2.355511e-01
      vertex  -1.312340e-01  2.037308e-01  2.355511e-01
      vertex  -1.383716e-01  2.016420e-01  2.355655e-01
    endloop
  endfacet
  facet normal -3.280337e-03  4.275018e-03 -9.999855e-01
    outer loop
      vertex  -1.312340e-01  2.037308e-01  2.355511e-01
      vertex  -1.414263e-01  1.959100e-01  2.355511e-01
      vertex  -1.383716e-01  2.016420e-01  2.355655e-01
    endloop
  endfacet
  facet normal -6.682364e-04  2.883005e-03 -9.999956e-01
    outer loop
      vertex  -1.383716e-01  2.016420e-01  2.355655e-01
      vertex  -1.414263e-01  1.959100e-01  2.355511e-01
      vertex  -1.601592e-01  1.927965e-01  2.355546e-01
    endloop
  endfacet
  facet normal -3.157683e-04  7.623313e-04 -9.999996e-01
    outer loop
      vertex  -1.414263e-01  1.959100e-01  2.355511e-01
      vertex  -1.532954e-01  1.909937e-01  2.355511e-01
      vertex  -1.601592e-01  1.927965e-01  2.355546e-01
    endloop
  endfacet
  facet normal -1.722821e-04  1.308614e-03 -9.999991e-01
    outer loop
      vertex  -1.532954e-01  1.909937e-01  2.355511e-01
      vertex  -1.660325e-01  1.893168e-01  2.355511e-01
      vertex  -1.601592e-01  1.927965e-01  2.355546e-01
    endloop
  endfacet
  facet normal  2.515544e-04  5.932277e-04 -9.999998e-01
    outer loop
      vertex  -1.601592e-01  1.927965e-01  2.355546e-01
      vertex  -1.660325e-01  1.893168e-01  2.355511e-01
      vertex  -1.778736e-01  1.943379e-01  2.355511e-01
    endloop
  endfacet
  facet normal  0.000000e+00  0.000000e+00 -1.000000e+00
    outer loop
      vertex  -1.660325e-01  1.893168e-01  2.355511e-01
      vertex  -1.787697e-01  1.909937e-01  2.355511e-01
      vertex  -1.778736e-01  1.943379e-01  2.355511e-01
    endloop
  endfacet
  facet normal -0.000000e+00  0.000000e+00 -1.000000e+00
    outer loop
      vertex  -1.778736e-01  1.943379e-01  2.355511e-01
      vertex  -1.787697e-01  1.909937e-01  2.355511e-01
      vertex  -1.889077e-01  1.989084e-01  2.355511e-01
    endloop
  endfacet
  facet normal  0.000000e+00  0.000000e+00 -1.000000e+00
    outer loop
      vertex  -1.787697e-01  1.909937e-01  2.355511e-01
      vertex  -1.906388e-01  1.959100e-01  2.355511e-01
      vertex  -1.889077e-01  1.989084e-01  2.355511e-01
    endloop
  endfacet
  facet normal -0.000000e+00  0.000000e+00 -1.000000e+00
    outer loop
      vertex  -1.889077e-01  1.989084e-01  2.355511e-01
      vertex  -1.906388e-01  1.959100e-01  2.355511e-01
      vertex  -1.983829e-01  2.061789e-01  2.355511e-01
    endloop
  endfacet
  facet normal  0.000000e+00  0.000000e+00 -1.000000e+00
    outer loop
      vertex  -1.906388e-01  1.959100e-01  2.355511e-01
      vertex  -2.008310e-01  2.037308e-01  2.355511e-01
      vertex  -1.983829e-01  2.061789e-01  2.355511e-01
    endloop
  endfacet
  facet normal -0.000000e+00  0.000000e+00 -1.000000e+00
    outer loop
      vertex  -1.983829e-01  2.061789e-01  2.355511e-01
      vertex  -2.008310e-01  2.037308e-01  2.355511e-01
      vertex  -2.056535e-01  2.156541e-01  2.355511e-01
    endloop
  endfacet
  facet normal  0.000000e+00  0.000000e+00 -1.000000e+00
    outer loop
      vertex  -2.008310e-01  2.037308e-01  2.355511e-01
      vertex  -2.086518e-01  2.139230e-01  2.355511e-01
      vertex  -2.056535e-01  2.156541e-01  2.355511e-01
    endloop
  endfacet
  facet normal  1.362121e-06 -2.359277e-06 -1.000000e+00
    outer loop
      vertex  -2.056535e-01  2.156541e-01  2.355511e-01
      vertex  -2.086518e-01  2.139230e-01  2.355511e-01
      vertex  -2.117593e-01  2.325770e-01  2.355510e-01
    endloop
  endfacet
  facet normal -1.044382e-05 -4.325962e-06 -1.000000e+00
    outer loop
      vertex  -2.086518e-01  2.139230e-01  2.355511e-01
      vertex  -2.135682e-01  2.257922e-01  2.355511e-01
      vertex  -2.117593e-01  2.325770e-01  2.355510e-01
    endloop
  endfacet
  facet normal -1.785360e-05 -2.350468e-06 -1.000000e+00
    outer loop
      vertex  -2.135682e-01  2.257922e-01  2.355511e-01
      vertex  -2.152450e-01  2.385293e-01  2.355511e-01
      vertex  -2.117593e-01  2.325770e-01  2.355510e-01
    endloop
  endfacet
  facet normal -8.027357e-06  3.403943e-06 -1.000000e+00
    outer loop
      vertex  -2.117593e-01  2.325770e-01  2.355510e-01
      vertex  -2.152450e-01  2.385293e-01  2.355511e-01
      vertex  -2.102239e-01  2.503703e-01  2.355511e-01
    endloop
  endfacet
  facet normal  0.000000e+00  0.000000e+00 -1.000000e+00
    outer loop
      vertex  -2.152450e-01  2.385293e-01  2.355511e-01
      vertex  -2.135682e-01  2.512664e-01  2.355511e-01
      vertex  -2.102239e-01  2.503703e-01  2.355511e-01
    endloop
  endfacet
  facet normal  0.000000e+00  0.000000e+00 -1.000000e+00
    outer loop
      vertex  -2.102239e-01  2.503703e-01  2.355511e-01
      vertex  -2.135682e-01  2.512664e-01  2.355511e-01
      vertex  -2.056535e-01  2.614044e-01  2.355511e-01
    endloop
  endfacet
  facet normal  0.000000e+00  0.000000e+00 -1.000000e+00
    outer loop
      vertex  -2.135682e-01  2.512664e-01  2.355511e-01
      vertex  -2.086518e-01  2.631355e-01  2.355511e-01
      vertex  -2.056535e-01  2.614044e-01  2.355511e-01
    endloop
  endfacet
  facet normal -3.366639e-04 -5.831224e-04 -9.999998e-01
    outer loop
      vertex  -2.056535e-01  2.614044e-01  2.355511e-01
      vertex  -2.086518e-01  2.631355e-01  2.355511e-01
      vertex  -1.939358e-01  2.753967e-01  2.355390e-01
    endloop
  endfacet
  facet normal -2.280488e-03  1.749880e-03 -9.999959e-01
    outer loop
      vertex  -2.086518e-01  2.631355e-01  2.355511e-01
      vertex  -2.008310e-01  2.733278e-01  2.355511e-01
      vertex  -1.939358e-01  2.753967e-01  2.355390e-01
    endloop
  endfacet
  facet normal -2.882650e-03  3.756743e-03 -9.999888e-01
    outer loop
      vertex  -2.008310e-01  2.733278e-01  2.355511e-01
      vertex  -1.906388e-01  2.811486e-01  2.355511e-01
      vertex  -1.939358e-01  2.753967e-01  2.355390e-01
    endloop
  endfacet
  facet normal -2.788540e-04  2.264247e-03 -9.999974e-01
    outer loop
      vertex  -1.939358e-01  2.753967e-01  2.355390e-01
      vertex  -1.906388e-01  2.811486e-01  2.355511e-01
      vertex  -1.778736e-01  2.827207e-01  2.355511e-01
    endloop
  endfacet
  facet normal  0.000000e+00  0.000000e+00 -1.000000e+00
    outer loop
      vertex  -1.906388e-01  2.811486e-01  2.355511e-01
      vertex  -1.787697e-01  2.860649e-01  2.355511e-01
      vertex  -1.778736e-01  2.827207e-01  2.355511e-01
    endloop
  endfacet
  facet normal  7.424675e-04  1.989426e-04 -9.999997e-01
    outer loop
      vertex  -1.778736e-01  2.827207e-01  2.355511e-01
      vertex  -1.787697e-01  2.860649e-01  2.355511e-01
      vertex  -1.597021e-01  2.841996e-01  2.355648e-01
    endloop
  endfacet
  facet normal  4.147867e-04 -3.150597e-03 -9.999949e-01
    outer loop
      vertex  -1.787697e-01  2.860649e-01  2.355511e-01
      vertex  -1.660325e-01  2.877418e-01  2.355511e-01
      vertex  -1.597021e-01  2.841996e-01  2.355648e-01
    endloop
  endfacet
  facet normal -6.700175e-04 -5.089249e-03 -9.999868e-01
    outer loop
      vertex  -1.660325e-01  2.877418e-01  2.355511e-01
      vertex  -1.532954e-01  2.860649e-01  2.355511e-01
      vertex  -1.597021e-01  2.841996e-01  2.355648e-01
    endloop
  endfacet
  facet normal -1.567282e-03 -2.007546e-03 -9.999968e-01
    outer loop
      vertex  -1.597021e-01  2.841996e-01  2.355648e-01
      vertex  -1.532954e-01  2.860649e-01  2.355511e-01
      vertex  -1.431574e-01  2.781502e-01  2.355511e-01
    endloop
  endfacet
  facet normal  0.000000e+00  0.000000e+00 -1.000000e+00
    outer loop
      vertex  -1.532954e-01  2.860649e-01  2.355511e-01
      vertex  -1.414263e-01  2.811486e-01  2.355511e-01
      vertex  -1.431574e-01  2.781502e-01  2.355511e-01
    endloop
  endfacet
  facet normal  0.000000e+00  0.000000e+00 -1.000000e+00
    outer loop
      vertex  -1.431574e-01  2.781502e-01  2.355511e-01
      vertex  -1.414263e-01  2.811486e-01  2.355511e-01
      vertex  -1.336822e-01  2.708796e-01  2.355511e-01
    endloop
  endfacet
  facet normal  0.000000e+00  0.000000e+00 -1.000000e+00
    outer loop
      vertex  -1.414263e-01  2.811486e-01  2.355511e-01
      vertex  -1.312340e-01  2.733278e-01  2.355511e-01
      vertex  -1.336822e-01  2.708796e-01  2.355511e-01
    endloop
  endfacet
  facet normal  0.000000e+00  0.000000e+00 -1.000000e+00
    outer loop
      vertex  -1.336822e-01  2.708796e-01  2.355511e-01
      vertex  -1.312340e-01  2.733278e-01  2.355511e-01
      vertex  -1.264116e-01  2.614044e-01  2.355511e-01
    endloop
  endfacet
  facet normal  0.000000e+00  0.000000e+00 -1.000000e+00
    outer loop
      vertex  -1.312340e-01  2.733278e-01  2.355511e-01
      vertex  -1.234133e-01  2.631355e-01  2.355511e-01
      vertex  -1.264116e-01  2.614044e-01  2.355511e-01
    endloop
  endfacet
  facet normal  0.000000e+00  0.000000e+00 -1.000000e+00
    outer loop
      vertex  -1.264116e-01  2.614044e-01  2.355511e-01
      vertex  -1.234133e-01  2.631355e-01  2.355511e-01
      vertex  -1.218412e-01  2.503703e-01  2.355511e-01
    endloop
  endfacet
  facet normal  0.000000e+00  0.000000e+00 -1.000000e+00
    outer loop
      vertex  -1.234133e-01  2.631355e-01  2.355511e-01
      vertex  -1.184969e-01  2.512664e-01  2.355511e-01
      vertex  -1.218412e-01  2.503703e-01  2.355511e-01
    endloop
  endfacet
  facet normal  1.338598e-04 -4.995668e-04 -9.999999e-01
    outer loop
      vertex  -1.218412e-01  2.503703e-01  2.355511e-01
      vertex  -1.184969e-01  2.512664e-01  2.355511e-01
      vertex  -1.204187e-01  2.319056e-01  2.355605e-01
    endloop
  endfacet
  facet normal -2.105868e-03 -2.772422e-04 -9.999977e-01
    outer loop
      vertex  -1.184969e-01  2.512664e-01  2.355511e-01
      vertex  -1.168200e-01  2.385293e-01  2.355511e-01
      vertex  -1.204187e-01  2.319056e-01  2.355605e-01
    endloop
  endfacet
  facet normal  9.447060e-01 -3.270973e-01  2.319652e-02
    outer loop
      vertex  -1.059178e-01  2.320545e-01  1.466511e-01
      vertex  -1.140645e-01  2.085255e-01  1.466511e-01
      vertex  -1.061097e-01  2.297979e-01  1.226459e-01
    endloop
  endfacet
  facet normal  9.175435e-01 -3.949713e-01 -4.595161e-02
    outer loop
      vertex  -1.061097e-01  2.297979e-01  1.226459e-01
      vertex  -1.140645e-01  2.085255e-01  1.466511e-01
      vertex  -1.185035e-01  2.010063e-01  1.226459e-01
    endloop
  endfacet
  facet normal  7.925870e-01 -6.081737e-01  4.393744e-02
    outer loop
      vertex  -1.140645e-01  2.085255e-01  1.466511e-01
      vertex  -1.236008e-01  1.960976e-01  1.466511e-01
      vertex  -1.185035e-01  2.010063e-01  1.226459e-01
    endloop
  endfacet
  facet normal  6.084309e-01 -7.929227e-01 -3.294498e-02
    outer loop
      vertex  -1.236008e-01  1.960976e-01  1.466511e-01
      vertex  -1.360288e-01  1.865613e-01  1.466511e-01
      vertex  -1.185035e-01  2.010063e-01  1.226459e-01
    endloop
  endfacet
  facet normal  6.415507e-01 -7.670505e-01  6.802897e-03
    outer loop
      vertex  -1.185035e-01  2.010063e-01  1.226459e-01
      vertex  -1.360288e-01  1.865613e-01  1.466511e-01
      vertex  -1.356308e-01  1.866805e-01  1.225564e-01
    endloop
  endfacet
  facet normal  3.516001e-01 -9.361496e-01  1.176231e-03
    outer loop
      vertex  -1.360288e-01  1.865613e-01  1.466511e-01
      vertex  -1.567278e-01  1.787871e-01  1.466511e-01
      vertex  -1.356308e-01  1.866805e-01  1.225564e-01
    endloop
  endfacet
  facet normal  3.348528e-01 -9.421437e-01 -1.545124e-02
    outer loop
      vertex  -1.356308e-01  1.866805e-01  1.225564e-01
      vertex  -1.567278e-01  1.787871e-01  1.466511e-01
      vertex  -1.589573e-01  1.783884e-01  1.226459e-01
    endloop
  endfacet
  facet normal -7.144409e-02 -9.971749e-01  2.319659e-02
    outer loop
      vertex  -1.567278e-01  1.787871e-01  1.466511e-01
      vertex  -1.815636e-01  1.805665e-01  1.466511e-01
      vertex  -1.589573e-01  1.783884e-01  1.226459e-01
    endloop
  endfacet
  facet normal -8.874201e-02 -9.960314e-01  6.802893e-03
    outer loop
      vertex  -1.589573e-01  1.783884e-01  1.226459e-01
      vertex  -1.815636e-01  1.805665e-01  1.466511e-01
      vertex  -1.811979e-01  1.803693e-01  1.225564e-01
    endloop
  endfacet
  facet normal -3.826825e-01 -9.238783e-01  1.750426e-03
    outer loop
      vertex  -1.815636e-01  1.805665e-01  1.466511e-01
      vertex  -1.960363e-01  1.865613e-01  1.466511e-01
      vertex  -1.811979e-01  1.803693e-01  1.225564e-01
    endloop
  endfacet
  facet normal -3.764522e-01 -9.264150e-01  6.239200e-03
    outer loop
      vertex  -1.811979e-01  1.803693e-01  1.225564e-01
      vertex  -1.960363e-01  1.865613e-01  1.466511e-01
      vertex  -1.957340e-01  1.862762e-01  1.225564e-01
    endloop
  endfacet
  facet normal -6.349292e-01 -7.725695e-01  1.176183e-03
    outer loop
      vertex  -1.960363e-01  1.865613e-01  1.466511e-01
      vertex  -2.131184e-01  2.006001e-01  1.466511e-01
      vertex  -1.957340e-01  1.862762e-01  1.225564e-01
    endloop
  endfacet
  facet normal -6.484939e-01 -7.610630e-01 -1.545131e-02
    outer loop
      vertex  -1.957340e-01  1.862762e-01  1.225564e-01
      vertex  -2.131184e-01  2.006001e-01  1.466511e-01
      vertex  -2.145784e-01  2.023315e-01  1.226459e-01
    endloop
  endfacet
  facet normal -8.993008e-01 -4.367152e-01  2.319653e-02
    outer loop
      vertex  -2.131184e-01  2.006001e-01  1.466511e-01
      vertex  -2.239953e-01  2.229982e-01  1.466511e-01
      vertex  -2.145784e-01  2.023315e-01  1.226459e-01
    endloop
  endfacet
  facet normal -9.069595e-01 -4.211630e-01  6.802833e-03
    outer loop
      vertex  -2.145784e-01  2.023315e-01  1.226459e-01
      vertex  -2.239953e-01  2.229982e-01  1.466511e-01
      vertex  -2.239832e-01  2.225829e-01  1.225564e-01
    endloop
  endfacet
  facet normal -9.914433e-01 -1.305261e-01  1.750347e-03
    outer loop
      vertex  -2.239953e-01  2.229982e-01  1.466511e-01
      vertex  -2.260401e-01  2.385293e-01  1.466511e-01
      vertex  -2.239832e-01  2.225829e-01  1.225564e-01
    endloop
  endfacet
  facet normal -9.905251e-01 -1.371902e-01  6.239176e-03
    outer loop
      vertex  -2.239832e-01  2.225829e-01  1.225564e-01
      vertex  -2.260401e-01  2.385293e-01  1.466511e-01
      vertex  -2.261358e-01  2.381250e-01  1.225564e-01
    endloop
  endfacet
  facet normal -9.914433e-01  1.305261e-01  1.750393e-03
    outer loop
      vertex  -2.260401e-01  2.385293e-01  1.466511e-01
      vertex  -2.239953e-01  2.540604e-01  1.466511e-01
      vertex  -2.261358e-01  2.381250e-01  1.225564e-01
    endloop
  endfacet
  facet normal -9.922811e-01  1.238515e-01  6.239199e-03
    outer loop
      vertex  -2.261358e-01  2.381250e-01  1.225564e-01
      vertex  -2.239953e-01  2.540604e-01  1.466511e-01
      vertex  -2.241925e-01  2.536946e-01  1.225564e-01
    endloop
  endfacet
  facet normal -9.105765e-01  4.133389e-01  1.176205e-03
    outer loop
      vertex  -2.239953e-01  2.540604e-01  1.466511e-01
      vertex  -2.148561e-01  2.741939e-01  1.466511e-01
      vertex  -2.241925e-01  2.536946e-01  1.225564e-01
    endloop
  endfacet
  facet normal -9.029729e-01  4.294195e-01 -1.545122e-02
    outer loop
      vertex  -2.241925e-01  2.536946e-01  1.225564e-01
      vertex  -2.148561e-01  2.741939e-01  1.466511e-01
      vertex  -2.135616e-01  2.760523e-01  1.226459e-01
    endloop
  endfacet
  facet normal -6.545912e-01  7.556270e-01  2.319648e-02
    outer loop
      vertex  -2.148561e-01  2.741939e-01  1.466511e-01
      vertex  -1.960363e-01  2.904973e-01  1.466511e-01
      vertex  -2.135616e-01  2.760523e-01  1.226459e-01
    endloop
  endfacet
  facet normal -6.415511e-01  7.670501e-01  6.802599e-03
    outer loop
      vertex  -2.135616e-01  2.760523e-01  1.226459e-01
      vertex  -1.960363e-01  2.904973e-01  1.466511e-01
      vertex  -1.964343e-01  2.903781e-01  1.225564e-01
    endloop
  endfacet
  facet normal -3.516000e-01  9.361496e-01  1.176118e-03
    outer loop
      vertex  -1.960363e-01  2.904973e-01  1.466511e-01
      vertex  -1.753373e-01  2.982715e-01  1.466511e-01
      vertex  -1.964343e-01  2.903781e-01  1.225564e-01
    endloop
  endfacet
  facet normal -3.379827e-01  9.410712e-01 -1.235947e-02
    outer loop
      vertex  -1.964343e-01  2.903781e-01  1.225564e-01
      vertex  -1.753373e-01  2.982715e-01  1.466511e-01
      vertex  -1.735178e-01  2.986083e-01  1.225459e-01
    endloop
  endfacet
  facet normal  7.144995e-02  9.972569e-01  1.932946e-02
    outer loop
      vertex  -1.753373e-01  2.982715e-01  1.466511e-01
      vertex  -1.505015e-01  2.964921e-01  1.466511e-01
      vertex  -1.735178e-01  2.986083e-01  1.225459e-01
    endloop
  endfacet
  facet normal  6.811069e-02  9.974233e-01  2.253250e-02
    outer loop
      vertex  -1.735178e-01  2.986083e-01  1.225459e-01
      vertex  -1.505015e-01  2.964921e-01  1.466511e-01
      vertex  -1.514041e-01  2.970962e-01  1.226391e-01
    endloop
  endfacet
  facet normal  3.826681e-01  9.238434e-01  8.856550e-03
    outer loop
      vertex  -1.505015e-01  2.964921e-01  1.466511e-01
      vertex  -1.360288e-01  2.904973e-01  1.466511e-01
      vertex  -1.514041e-01  2.970962e-01  1.226391e-01
    endloop
  endfacet
  facet normal  3.863731e-01  9.223226e-01  6.066184e-03
    outer loop
      vertex  -1.514041e-01  2.970962e-01  1.226391e-01
      vertex  -1.360288e-01  2.904973e-01  1.466511e-01
      vertex  -1.363311e-01  2.907824e-01  1.225564e-01
    endloop
  endfacet
  facet normal  6.349295e-01  7.725692e-01  1.176185e-03
    outer loop
      vertex  -1.360288e-01  2.904973e-01  1.466511e-01
      vertex  -1.189466e-01  2.764585e-01  1.466511e-01
      vertex  -1.363311e-01  2.907824e-01  1.225564e-01
    endloop
  endfacet
  facet normal  6.484942e-01  7.610627e-01 -1.545130e-02
    outer loop
      vertex  -1.363311e-01  2.907824e-01  1.225564e-01
      vertex  -1.189466e-01  2.764585e-01  1.466511e-01
      vertex  -1.174867e-01  2.747271e-01  1.226459e-01
    endloop
  endfacet
  facet normal  8.993008e-01  4.367151e-01  2.319649e-02
    outer loop
      vertex  -1.189466e-01  2.764585e-01  1.466511e-01
      vertex  -1.080697e-01  2.540604e-01  1.466511e-01
      vertex  -1.174867e-01  2.747271e-01  1.226459e-01
    endloop
  endfacet
  facet normal  9.069594e-01  4.211631e-01  6.802930e-03
    outer loop
      vertex  -1.174867e-01  2.747271e-01  1.226459e-01
      vertex  -1.080697e-01  2.540604e-01  1.466511e-01
      vertex  -1.080819e-01  2.544757e-01  1.225564e-01
    endloop
  endfacet
  facet normal  9.952518e-01  9.732632e-02  1.176231e-03
    outer loop
      vertex  -1.080697e-01  2.540604e-01  1.466511e-01
      vertex  -1.059178e-01  2.320545e-01  1.466511e-01
      vertex  -1.080819e-01  2.544757e-01  1.225564e-01
    endloop
  endfacet
  facet normal  9.967073e-01  7.959830e-02 -1.545123e-02
    outer loop
      vertex  -1.080819e-01  2.544757e-01  1.225564e-01
      vertex  -1.059178e-01  2.320545e-01  1.466511e-01
      vertex  -1.061097e-01  2.297979e-01  1.226459e-01
    endloop
  endfacet
  facet normal  9.962012e-01 -8.596059e-02  1.392938e-02
    outer loop
      vertex  -2.102239e-01  2.503703e-01  2.355511e-01
      vertex  -2.111959e-01  2.480013e-01  2.904443e-01
      vertex  -2.117593e-01  2.325770e-01  2.355510e-01
    endloop
  endfacet
  facet normal  9.238797e-01 -3.826831e-01 -1.570268e-04
    outer loop
      vertex  -2.102239e-01  2.503703e-01  2.355511e-01
      vertex  -2.056535e-01  2.614044e-01  2.355511e-01
      vertex  -2.111959e-01  2.480013e-01  2.904443e-01
    endloop
  endfacet
  facet normal  7.666705e-01 -6.420360e-01  2.473429e-03
    outer loop
      vertex  -1.939358e-01  2.753967e-01  2.355390e-01
      vertex  -2.047911e-01  2.626415e-01  2.893606e-01
      vertex  -2.056535e-01  2.614044e-01  2.355511e-01
    endloop
  endfacet
  facet normal  9.160020e-01 -4.011366e-01 -5.458171e-03
    outer loop
      vertex  -2.056535e-01  2.614044e-01  2.355511e-01
      vertex  -2.047911e-01  2.626415e-01  2.893606e-01
      vertex  -2.111959e-01  2.480013e-01  2.904443e-01
    endloop
  endfacet
  facet normal  7.561500e-01 -6.543933e-01 -2.576987e-03
    outer loop
      vertex  -1.939358e-01  2.753967e-01  2.355390e-01
      vertex  -1.946226e-01  2.743928e-01  2.889634e-01
      vertex  -2.047911e-01  2.626415e-01  2.893606e-01
    endloop
  endfacet
  facet normal  4.315346e-01 -9.020243e-01 -1.140376e-02
    outer loop
      vertex  -1.783849e-01  2.824932e-01  2.626819e-01
      vertex  -1.946226e-01  2.743928e-01  2.889634e-01
      vertex  -1.939358e-01  2.753967e-01  2.355390e-01
    endloop
  endfacet
  facet normal  8.112156e-02 -9.966525e-01 -1.015625e-02
    outer loop
      vertex  -1.597021e-01  2.841996e-01  2.355648e-01
      vertex  -1.563100e-01  2.841907e-01  2.635343e-01
      vertex  -1.778736e-01  2.827207e-01  2.355511e-01
    endloop
  endfacet
  facet normal  7.693042e-02 -9.970126e-01 -6.907693e-03
    outer loop
      vertex  -1.563100e-01  2.841907e-01  2.635343e-01
      vertex  -1.783849e-01  2.824932e-01  2.626819e-01
      vertex  -1.778736e-01  2.827207e-01  2.355511e-01
    endloop
  endfacet
  facet normal  4.148785e-01 -9.098768e-01  1.919654e-04
    outer loop
      vertex  -1.778736e-01  2.827207e-01  2.355511e-01
      vertex  -1.783849e-01  2.824932e-01  2.626819e-01
      vertex  -1.939358e-01  2.753967e-01  2.355390e-01
    endloop
  endfacet
  facet normal -3.430783e-01 -9.383980e-01  4.130949e-02
    outer loop
      vertex  -1.431574e-01  2.781502e-01  2.355511e-01
      vertex  -1.563100e-01  2.841907e-01  2.635343e-01
      vertex  -1.597021e-01  2.841996e-01  2.355648e-01
    endloop
  endfacet
  facet normal -6.600978e-01 -7.511107e-01 -1.017677e-02
    outer loop
      vertex  -1.336822e-01  2.708796e-01  2.355511e-01
      vertex  -1.314416e-01  2.685387e-01  2.629882e-01
      vertex  -1.403514e-01  2.763727e-01  2.627076e-01
    endloop
  endfacet
  facet normal -6.087246e-01 -7.933057e-01  1.097462e-02
    outer loop
      vertex  -1.336822e-01  2.708796e-01  2.355511e-01
      vertex  -1.403514e-01  2.763727e-01  2.627076e-01
      vertex  -1.431574e-01  2.781502e-01  2.355511e-01
    endloop
  endfacet
  facet normal -4.404474e-01 -8.976807e-01 -1.324476e-02
    outer loop
      vertex  -1.431574e-01  2.781502e-01  2.355511e-01
      vertex  -1.403514e-01  2.763727e-01  2.627076e-01
      vertex  -1.563100e-01  2.841907e-01  2.635343e-01
    endloop
  endfacet
  facet normal -8.655462e-01 -5.008291e-01 -5.549749e-05
    outer loop
      vertex  -1.261728e-01  2.609885e-01  2.632644e-01
      vertex  -1.266237e-01  2.617679e-01  2.632691e-01
      vertex  -1.264116e-01  2.614044e-01  2.355511e-01
    endloop
  endfacet
  facet normal -7.933520e-01 -6.087602e-01  1.912061e-03
    outer loop
      vertex  -1.264116e-01  2.614044e-01  2.355511e-01
      vertex  -1.266237e-01  2.617679e-01  2.632691e-01
      vertex  -1.336822e-01  2.708796e-01  2.355511e-01
    endloop
  endfacet
  facet normal -8.150001e-01 -5.792073e-01  1.713974e-02
    outer loop
      vertex  -1.266237e-01  2.617679e-01  2.632691e-01
      vertex  -1.314416e-01  2.685387e-01  2.629882e-01
      vertex  -1.336822e-01  2.708796e-01  2.355511e-01
    endloop
  endfacet
  facet normal -9.238793e-01 -3.826829e-01 -8.458656e-04
    outer loop
      vertex  -1.218412e-01  2.503703e-01  2.355511e-01
      vertex  -1.214011e-01  2.492478e-01  2.627499e-01
      vertex  -1.264116e-01  2.614044e-01  2.355511e-01
    endloop
  endfacet
  facet normal -9.376609e-01 -3.471058e-01  1.759432e-02
    outer loop
      vertex  -1.214011e-01  2.492478e-01  2.627499e-01
      vertex  -1.246292e-01  2.579933e-01  2.632492e-01
      vertex  -1.264116e-01  2.614044e-01  2.355511e-01
    endloop
  endfacet
  facet normal -8.888993e-01 -4.581020e-01  7.869738e-04
    outer loop
      vertex  -1.264116e-01  2.614044e-01  2.355511e-01
      vertex  -1.246292e-01  2.579933e-01  2.632492e-01
      vertex  -1.261728e-01  2.609885e-01  2.632644e-01
    endloop
  endfacet
  facet normal -9.969472e-01 -7.679239e-02  1.411781e-02
    outer loop
      vertex  -1.204187e-01  2.319056e-01  2.355605e-01
      vertex  -1.201753e-01  2.337730e-01  2.629114e-01
      vertex  -1.218412e-01  2.503703e-01  2.355511e-01
    endloop
  endfacet
  facet normal -9.968051e-01 -7.882775e-02  1.287446e-02
    outer loop
      vertex  -1.201753e-01  2.337730e-01  2.629114e-01
      vertex  -1.214011e-01  2.492478e-01  2.627499e-01
      vertex  -1.218412e-01  2.503703e-01  2.355511e-01
    endloop
  endfacet
  facet normal -9.381955e-01  3.459626e-01  9.950013e-03
    outer loop
      vertex  -1.264116e-01  2.156541e-01  2.355511e-01
      vertex  -1.260352e-01  2.158785e-01  2.632409e-01
      vertex  -1.204187e-01  2.319056e-01  2.355605e-01
    endloop
  endfacet
  facet normal -9.503326e-01  3.109738e-01 -1.277139e-02
    outer loop
      vertex  -1.260352e-01  2.158785e-01  2.632409e-01
      vertex  -1.201753e-01  2.337730e-01  2.629114e-01
      vertex  -1.204187e-01  2.319056e-01  2.355605e-01
    endloop
  endfacet
  facet normal -7.604238e-01  6.490778e-01  2.129965e-02
    outer loop
      vertex  -1.383716e-01  2.016420e-01  2.355655e-01
      vertex  -1.356759e-01  2.038846e-01  2.634655e-01
      vertex  -1.264116e-01  2.156541e-01  2.355511e-01
    endloop
  endfacet
  facet normal -7.793596e-01  6.265526e-01  5.517924e-03
    outer loop
      vertex  -1.356759e-01  2.038846e-01  2.634655e-01
      vertex  -1.260352e-01  2.158785e-01  2.632409e-01
      vertex  -1.264116e-01  2.156541e-01  2.355511e-01
    endloop
  endfacet
  facet normal -3.758379e-01  9.256784e-01  4.319024e-02
    outer loop
      vertex  -1.601592e-01  1.927965e-01  2.355546e-01
      vertex  -1.503809e-01  1.954702e-01  2.633408e-01
      vertex  -1.383716e-01  2.016420e-01  2.355655e-01
    endloop
  endfacet
  facet normal -4.963966e-01  8.678223e-01 -2.179245e-02
    outer loop
      vertex  -1.383716e-01  2.016420e-01  2.355655e-01
      vertex  -1.503809e-01  1.954702e-01  2.633408e-01
      vertex  -1.356759e-01  2.038846e-01  2.634655e-01
    endloop
  endfacet
  facet normal -1.534039e-01  9.873119e-01 -4.101743e-02
    outer loop
      vertex  -1.601592e-01  1.927965e-01  2.355546e-01
      vertex  -1.685002e-01  1.926144e-01  2.623671e-01
      vertex  -1.503809e-01  1.954702e-01  2.633408e-01
    endloop
  endfacet
  facet normal  1.844522e-01  9.828406e-01 -1.305485e-03
    outer loop
      vertex  -1.791860e-01  1.946534e-01  2.876420e-01
      vertex  -1.685002e-01  1.926144e-01  2.623671e-01
      vertex  -1.778736e-01  1.943379e-01  2.355511e-01
    endloop
  endfacet
  facet normal  8.663160e-02  9.956699e-01  3.371159e-02
    outer loop
      vertex  -1.778736e-01  1.943379e-01  2.355511e-01
      vertex  -1.685002e-01  1.926144e-01  2.623671e-01
      vertex  -1.601592e-01  1.927965e-01  2.355546e-01
    endloop
  endfacet
  facet normal  3.826804e-01  9.238719e-01  4.045913e-03
    outer loop
      vertex  -1.889077e-01  1.989084e-01  2.355511e-01
      vertex  -1.791860e-01  1.946534e-01  2.876420e-01
      vertex  -1.778736e-01  1.943379e-01  2.355511e-01
    endloop
  endfacet
  facet normal  6.087412e-01  7.933273e-01  8.127594e-03
    outer loop
      vertex  -1.983829e-01  2.061789e-01  2.355511e-01
      vertex  -1.950885e-01  2.031108e-01  2.882823e-01
      vertex  -1.889077e-01  1.989084e-01  2.355511e-01
    endloop
  endfacet
  facet normal  4.690166e-01  8.830551e-01 -1.540099e-02
    outer loop
      vertex  -1.889077e-01  1.989084e-01  2.355511e-01
      vertex  -1.950885e-01  2.031108e-01  2.882823e-01
      vertex  -1.791860e-01  1.946534e-01  2.876420e-01
    endloop
  endfacet
  facet normal  7.933528e-01  6.087617e-01 -7.126851e-04
    outer loop
      vertex  -2.056535e-01  2.156541e-01  2.355511e-01
      vertex  -2.048724e-01  2.146976e-01  2.879565e-01
      vertex  -1.983829e-01  2.061789e-01  2.355511e-01
    endloop
  endfacet
  facet normal  7.641464e-01  6.449620e-01 -1.021381e-02
    outer loop
      vertex  -2.048724e-01  2.146976e-01  2.879565e-01
      vertex  -1.950885e-01  2.031108e-01  2.882823e-01
      vertex  -1.983829e-01  2.061789e-01  2.355511e-01
    endloop
  endfacet
  facet normal  9.405869e-01  3.393669e-01  1.124743e-02
    outer loop
      vertex  -2.117593e-01  2.325770e-01  2.355510e-01
      vertex  -2.103991e-01  2.269907e-01  2.903588e-01
      vertex  -2.056535e-01  2.156541e-01  2.355511e-01
    endloop
  endfacet
  facet normal  9.116030e-01  4.110266e-01 -6.084500e-03
    outer loop
      vertex  -2.103991e-01  2.269907e-01  2.903588e-01
      vertex  -2.048724e-01  2.146976e-01  2.879565e-01
      vertex  -2.056535e-01  2.156541e-01  2.355511e-01
    endloop
  endfacet
  facet normal  9.990597e-01  3.797205e-02 -2.092334e-02
    outer loop
      vertex  -2.111959e-01  2.480013e-01  2.904443e-01
      vertex  -2.103991e-01  2.269907e-01  2.903588e-01
      vertex  -2.117593e-01  2.325770e-01  2.355510e-01
    endloop
  endfacet
  facet normal -9.998541e-01 -1.623867e-02 -5.299161e-03
    outer loop
      vertex  -1.257817e-01  2.356373e-01  3.007372e-01
      vertex  -1.258539e-01  2.409157e-01  2.981897e-01
      vertex  -1.255566e-01  2.321986e-01  2.688014e-01
    endloop
  endfacet
  facet normal -9.915848e-01 -1.265061e-01  2.749190e-02
    outer loop
      vertex  -1.258539e-01  2.409157e-01  2.981897e-01
      vertex  -1.282283e-01  2.534686e-01  2.703124e-01
      vertex  -1.255566e-01  2.321986e-01  2.688014e-01
    endloop
  endfacet
  facet normal -7.317366e-01 -4.359534e-02 -6.801919e-01
    outer loop
      vertex  -1.255566e-01  2.321986e-01  2.688014e-01
      vertex  -1.282283e-01  2.534686e-01  2.703124e-01
      vertex  -1.201753e-01  2.337730e-01  2.629114e-01
    endloop
  endfacet
  facet normal -7.588895e-01 -6.687821e-02 -6.477762e-01
    outer loop
      vertex  -1.282283e-01  2.534686e-01  2.703124e-01
      vertex  -1.214011e-01  2.492478e-01  2.627499e-01
      vertex  -1.201753e-01  2.337730e-01  2.629114e-01
    endloop
  endfacet
  facet normal  9.733250e-01  1.629906e-01 -1.614698e-01
    outer loop
      vertex  -2.052190e-01  2.395779e-01  2.691288e-01
      vertex  -2.026131e-01  2.498094e-01  2.951649e-01
      vertex  -2.027929e-01  2.285494e-01  2.726208e-01
    endloop
  endfacet
  facet normal  9.924884e-01 -9.285732e-02  7.965140e-02
    outer loop
      vertex  -2.027929e-01  2.285494e-01  2.726208e-01
      vertex  -2.026131e-01  2.498094e-01  2.951649e-01
      vertex  -2.041043e-01  2.362937e-01  2.979902e-01
    endloop
  endfacet
  facet normal  9.870165e-01 -7.976063e-02  1.394156e-01
    outer loop
      vertex  -2.026131e-01  2.498094e-01  2.951649e-01
      vertex  -2.041634e-01  2.412471e-01  3.012421e-01
      vertex  -2.041043e-01  2.362937e-01  2.979902e-01
    endloop
  endfacet
  facet normal  7.451158e-01 -6.629301e-01 -7.298095e-02
    outer loop
      vertex  -1.835596e-01  2.737352e-01  2.987317e-01
      vertex  -1.936479e-01  2.651756e-01  2.734852e-01
      vertex  -1.910436e-01  2.685798e-01  2.691523e-01
    endloop
  endfacet
  facet normal  7.804286e-01 -4.137161e-01 -4.687966e-01
    outer loop
      vertex  -1.936479e-01  2.651756e-01  2.734852e-01
      vertex  -2.000174e-01  2.566935e-01  2.703670e-01
      vertex  -1.972115e-01  2.711379e-01  2.622909e-01
    endloop
  endfacet
  facet normal -5.723370e-01 -8.197798e-01  1.978713e-02
    outer loop
      vertex  -1.479375e-01  2.744798e-01  2.997802e-01
      vertex  -1.504870e-01  2.755388e-01  2.699091e-01
      vertex  -1.378635e-01  2.668213e-01  2.738749e-01
    endloop
  endfacet
  facet normal  2.317517e-01 -7.757524e-01  5.869407e-01
    outer loop
      vertex  -1.655896e-01  2.848309e-01  3.063014e-01
      vertex  -1.835596e-01  2.737352e-01  2.987317e-01
      vertex  -1.679600e-01  2.817577e-01  3.031755e-01
    endloop
  endfacet
  facet normal  2.326156e-01 -7.766122e-01  5.854601e-01
    outer loop
      vertex  -1.667912e-01  2.776210e-01  2.972237e-01
      vertex  -1.679600e-01  2.817577e-01  3.031755e-01
      vertex  -1.835596e-01  2.737352e-01  2.987317e-01
    endloop
  endfacet
  facet normal  6.102039e-01  3.820967e-01  6.940125e-01
    outer loop
      vertex  -2.041634e-01  2.412471e-01  3.012421e-01
      vertex  -2.026131e-01  2.498094e-01  2.951649e-01
      vertex  -2.079499e-01  2.420628e-01  3.041222e-01
    endloop
  endfacet
  facet normal  8.996553e-01 -2.817500e-02  4.356909e-01
    outer loop
      vertex  -2.092908e-01  2.558946e-01  3.077855e-01
      vertex  -2.096302e-01  2.347578e-01  3.071195e-01
      vertex  -2.079499e-01  2.420628e-01  3.041222e-01
    endloop
  endfacet
  facet normal -4.512101e-01 -8.923913e-01  6.874772e-03
    outer loop
      vertex  -1.504870e-01  2.755388e-01  2.699091e-01
      vertex  -1.479375e-01  2.744798e-01  2.997802e-01
      vertex  -1.614121e-01  2.812507e-01  2.943056e-01
    endloop
  endfacet
  facet normal -3.533356e-01 -9.024476e-01 -2.464597e-01
    outer loop
      vertex  -1.479375e-01  2.744798e-01  2.997802e-01
      vertex  -1.613880e-01  2.791556e-01  3.019424e-01
      vertex  -1.614121e-01  2.812507e-01  2.943056e-01
    endloop
  endfacet
  facet normal  6.587939e-01 -7.522789e-01 -8.194692e-03
    outer loop
      vertex  -1.835596e-01  2.737352e-01  2.987317e-01
      vertex  -1.983195e-01  2.607800e-01  3.014437e-01
      vertex  -1.936479e-01  2.651756e-01  2.734852e-01
    endloop
  endfacet
  facet normal -6.086479e-01 -7.934377e-01 -2.120996e-03
    outer loop
      vertex  -1.347019e-01  2.643267e-01  2.998039e-01
      vertex  -1.479375e-01  2.744798e-01  2.997802e-01
      vertex  -1.378635e-01  2.668213e-01  2.738749e-01
    endloop
  endfacet
  facet normal  5.885421e-01 -4.487487e-01  6.724900e-01
    outer loop
      vertex  -2.092908e-01  2.558946e-01  3.077855e-01
      vertex  -1.983195e-01  2.607800e-01  3.014437e-01
      vertex  -1.966168e-01  2.724077e-01  3.077127e-01
    endloop
  endfacet
  facet normal  5.343707e-01 -4.604177e-01  7.088466e-01
    outer loop
      vertex  -1.966168e-01  2.724077e-01  3.077127e-01
      vertex  -1.983195e-01  2.607800e-01  3.014437e-01
      vertex  -1.835596e-01  2.737352e-01  2.987317e-01
    endloop
  endfacet
  facet normal  7.925685e-01 -6.086754e-01  3.673442e-02
    outer loop
      vertex  -1.983195e-01  2.607800e-01  3.014437e-01
      vertex  -2.000174e-01  2.566935e-01  2.703670e-01
      vertex  -1.936479e-01  2.651756e-01  2.734852e-01
    endloop
  endfacet
  facet normal -8.216008e-01 -4.597999e-01  3.369809e-01
    outer loop
      vertex  -1.203288e-01  2.436812e-01  3.060782e-01
      vertex  -1.344699e-01  2.728602e-01  3.114143e-01
      vertex  -1.282855e-01  2.535287e-01  3.001154e-01
    endloop
  endfacet
  facet normal -8.063561e-01 -4.687516e-01  3.606408e-01
    outer loop
      vertex  -1.344699e-01  2.728602e-01  3.114143e-01
      vertex  -1.347019e-01  2.643267e-01  2.998039e-01
      vertex  -1.282855e-01  2.535287e-01  3.001154e-01
    endloop
  endfacet
  facet normal -8.049821e-01 -5.918661e-01  4.121142e-02
    outer loop
      vertex  -1.347019e-01  2.643267e-01  2.998039e-01
      vertex  -1.378635e-01  2.668213e-01  2.738749e-01
      vertex  -1.282283e-01  2.534686e-01  2.703124e-01
    endloop
  endfacet
  facet normal -7.760127e-01 -4.391916e-01 -4.526753e-01
    outer loop
      vertex  -1.282283e-01  2.534686e-01  2.703124e-01
      vertex  -1.378635e-01  2.668213e-01  2.738749e-01
      vertex  -1.338133e-01  2.654758e-01  2.682371e-01
    endloop
  endfacet
  facet normal -2.477430e-01 -3.145841e-01 -9.163297e-01
    outer loop
      vertex  -1.353706e-01  2.689854e-01  2.638971e-01
      vertex  -1.403514e-01  2.763727e-01  2.627076e-01
      vertex  -1.314416e-01  2.685387e-01  2.629882e-01
    endloop
  endfacet
  facet normal -8.596681e-01 -5.108526e-01 -6.198349e-04
    outer loop
      vertex  -1.282855e-01  2.535287e-01  3.001154e-01
      vertex  -1.347019e-01  2.643267e-01  2.998039e-01
      vertex  -1.282283e-01  2.534686e-01  2.703124e-01
    endloop
  endfacet
  facet normal -7.404197e-01 -3.785079e-01 -5.554372e-01
    outer loop
      vertex  -1.338133e-01  2.654758e-01  2.682371e-01
      vertex  -1.314416e-01  2.685387e-01  2.629882e-01
      vertex  -1.214011e-01  2.492478e-01  2.627499e-01
    endloop
  endfacet
  facet normal  2.799751e-01  1.574208e-01 -9.470125e-01
    outer loop
      vertex  -1.214011e-01  2.492478e-01  2.627499e-01
      vertex  -1.314416e-01  2.685387e-01  2.629882e-01
      vertex  -1.246292e-01  2.579933e-01  2.632492e-01
    endloop
  endfacet
  facet normal  2.450783e-01  1.345527e-01 -9.601209e-01
    outer loop
      vertex  -1.314416e-01  2.685387e-01  2.629882e-01
      vertex  -1.266237e-01  2.617679e-01  2.632691e-01
      vertex  -1.246292e-01  2.579933e-01  2.632492e-01
    endloop
  endfacet
  facet normal -1.496629e-02 -2.650566e-03 -9.998845e-01
    outer loop
      vertex  -1.246292e-01  2.579933e-01  2.632492e-01
      vertex  -1.266237e-01  2.617679e-01  2.632691e-01
      vertex  -1.261728e-01  2.609885e-01  2.632644e-01
    endloop
  endfacet
  facet normal -7.540613e-01 -2.387873e-01  6.118596e-01
    outer loop
      vertex  -1.203288e-01  2.436812e-01  3.060782e-01
      vertex  -1.282855e-01  2.535287e-01  3.001154e-01
      vertex  -1.258539e-01  2.409157e-01  2.981897e-01
    endloop
  endfacet
  facet normal -9.819610e-01 -1.890777e-01 -1.503100e-03
    outer loop
      vertex  -1.282855e-01  2.535287e-01  3.001154e-01
      vertex  -1.282283e-01  2.534686e-01  2.703124e-01
      vertex  -1.258539e-01  2.409157e-01  2.981897e-01
    endloop
  endfacet
  facet normal -7.749787e-01 -4.390413e-01 -4.545886e-01
    outer loop
      vertex  -1.338133e-01  2.654758e-01  2.682371e-01
      vertex  -1.214011e-01  2.492478e-01  2.627499e-01
      vertex  -1.282283e-01  2.534686e-01  2.703124e-01
    endloop
  endfacet
  facet normal -2.209458e-01 -7.955964e-01 -5.641004e-01
    outer loop
      vertex  -1.353706e-01  2.689854e-01  2.638971e-01
      vertex  -1.314416e-01  2.685387e-01  2.629882e-01
      vertex  -1.338133e-01  2.654758e-01  2.682371e-01
    endloop
  endfacet
  facet normal -4.933693e-01 -6.961393e-01  5.215139e-01
    outer loop
      vertex  -1.344699e-01  2.728602e-01  3.114143e-01
      vertex  -1.462019e-01  2.809407e-01  3.111016e-01
      vertex  -1.347019e-01  2.643267e-01  2.998039e-01
    endloop
  endfacet
  facet normal -5.347670e-01 -6.960015e-01  4.791724e-01
    outer loop
      vertex  -1.462019e-01  2.809407e-01  3.111016e-01
      vertex  -1.479375e-01  2.744798e-01  2.997802e-01
      vertex  -1.347019e-01  2.643267e-01  2.998039e-01
    endloop
  endfacet
  facet normal -4.770734e-01 -8.266236e-01 -2.984867e-01
    outer loop
      vertex  -1.378635e-01  2.668213e-01  2.738749e-01
      vertex  -1.504870e-01  2.755388e-01  2.699091e-01
      vertex  -1.353706e-01  2.689854e-01  2.638971e-01
    endloop
  endfacet
  facet normal -4.918227e-01 -4.514821e-01 -7.444960e-01
    outer loop
      vertex  -1.353706e-01  2.689854e-01  2.638971e-01
      vertex  -1.504870e-01  2.755388e-01  2.699091e-01
      vertex  -1.403514e-01  2.763727e-01  2.627076e-01
    endloop
  endfacet
  facet normal -2.885704e-01 -8.118633e-01  5.075482e-01
    outer loop
      vertex  -1.655896e-01  2.848309e-01  3.063014e-01
      vertex  -1.479375e-01  2.744798e-01  2.997802e-01
      vertex  -1.462019e-01  2.809407e-01  3.111016e-01
    endloop
  endfacet
  facet normal -1.991915e-01 -9.012830e-01 -3.847230e-01
    outer loop
      vertex  -1.504870e-01  2.755388e-01  2.699091e-01
      vertex  -1.611590e-01  2.793821e-01  2.664307e-01
      vertex  -1.403514e-01  2.763727e-01  2.627076e-01
    endloop
  endfacet
  facet normal -1.071002e-01 -6.542789e-01  7.486312e-01
    outer loop
      vertex  -1.655896e-01  2.848309e-01  3.063014e-01
      vertex  -1.613880e-01  2.791556e-01  3.019424e-01
      vertex  -1.479375e-01  2.744798e-01  2.997802e-01
    endloop
  endfacet
  facet normal -2.128901e-01 -3.376107e-01 -9.168952e-01
    outer loop
      vertex  -1.611590e-01  2.793821e-01  2.664307e-01
      vertex  -1.563100e-01  2.841907e-01  2.635343e-01
      vertex  -1.403514e-01  2.763727e-01  2.627076e-01
    endloop
  endfacet
  facet normal  6.538684e-01 -6.173917e-01  4.373599e-01
    outer loop
      vertex  -1.614121e-01  2.812507e-01  2.943056e-01
      vertex  -1.667912e-01  2.776210e-01  2.972237e-01
      vertex  -1.504870e-01  2.755388e-01  2.699091e-01
    endloop
  endfacet
  facet normal -3.048885e-01 -9.460289e-01 -1.098735e-01
    outer loop
      vertex  -1.504870e-01  2.755388e-01  2.699091e-01
      vertex  -1.667912e-01  2.776210e-01  2.972237e-01
      vertex  -1.611590e-01  2.793821e-01  2.664307e-01
    endloop
  endfacet
  facet normal  7.538152e-02 -5.691873e-01 -8.187450e-01
    outer loop
      vertex  -1.611590e-01  2.793821e-01  2.664307e-01
      vertex  -1.783849e-01  2.824932e-01  2.626819e-01
      vertex  -1.563100e-01  2.841907e-01  2.635343e-01
    endloop
  endfacet
  facet normal  8.137389e-01 -1.276753e-01 -5.670345e-01
    outer loop
      vertex  -2.109444e-01  2.329134e-01  2.624130e-01
      vertex  -2.075455e-01  2.553492e-01  2.622389e-01
      vertex  -2.052190e-01  2.395779e-01  2.691288e-01
    endloop
  endfacet
  facet normal  7.365246e-01 -1.765990e-01 -6.529504e-01
    outer loop
      vertex  -2.075455e-01  2.553492e-01  2.622389e-01
      vertex  -2.000174e-01  2.566935e-01  2.703670e-01
      vertex  -2.052190e-01  2.395779e-01  2.691288e-01
    endloop
  endfacet
  facet normal  9.562335e-01 -2.919850e-01  1.903217e-02
    outer loop
      vertex  -2.052190e-01  2.395779e-01  2.691288e-01
      vertex  -2.000174e-01  2.566935e-01  2.703670e-01
      vertex  -2.026131e-01  2.498094e-01  2.951649e-01
    endloop
  endfacet
  facet normal  8.874872e-01 -4.347727e-01  1.527716e-01
    outer loop
      vertex  -2.026131e-01  2.498094e-01  2.951649e-01
      vertex  -1.983195e-01  2.607800e-01  3.014437e-01
      vertex  -2.079499e-01  2.420628e-01  3.041222e-01
    endloop
  endfacet
  facet normal  5.474475e-01 -1.642499e-01  8.205627e-01
    outer loop
      vertex  -2.079499e-01  2.420628e-01  3.041222e-01
      vertex  -1.983195e-01  2.607800e-01  3.014437e-01
      vertex  -2.092908e-01  2.558946e-01  3.077855e-01
    endloop
  endfacet
  facet normal  6.909521e-01 -4.503802e-01 -5.654581e-01
    outer loop
      vertex  -2.075455e-01  2.553492e-01  2.622389e-01
      vertex  -1.972115e-01  2.711379e-01  2.622909e-01
      vertex  -2.000174e-01  2.566935e-01  2.703670e-01
    endloop
  endfacet
  facet normal  9.318366e-01 -3.628641e-01 -3.198333e-03
    outer loop
      vertex  -2.000174e-01  2.566935e-01  2.703670e-01
      vertex  -1.983195e-01  2.607800e-01  3.014437e-01
      vertex  -2.026131e-01  2.498094e-01  2.951649e-01
    endloop
  endfacet
  facet normal  3.206963e-01 -7.327613e-01  6.001789e-01
    outer loop
      vertex  -1.793712e-01  2.832325e-01  3.117138e-01
      vertex  -1.966168e-01  2.724077e-01  3.077127e-01
      vertex  -1.655896e-01  2.848309e-01  3.063014e-01
    endloop
  endfacet
  facet normal  3.570433e-01 -8.469725e-01  3.939005e-01
    outer loop
      vertex  -1.655896e-01  2.848309e-01  3.063014e-01
      vertex  -1.966168e-01  2.724077e-01  3.077127e-01
      vertex  -1.835596e-01  2.737352e-01  2.987317e-01
    endloop
  endfacet
  facet normal  4.982690e-01 -8.666625e-01  2.498266e-02
    outer loop
      vertex  -1.835596e-01  2.737352e-01  2.987317e-01
      vertex  -1.910436e-01  2.685798e-01  2.691523e-01
      vertex  -1.784049e-01  2.758572e-01  2.695348e-01
    endloop
  endfacet
  facet normal  4.066938e-01 -6.738876e-01 -6.168271e-01
    outer loop
      vertex  -1.910436e-01  2.685798e-01  2.691523e-01
      vertex  -1.972115e-01  2.711379e-01  2.622909e-01
      vertex  -1.784049e-01  2.758572e-01  2.695348e-01
    endloop
  endfacet
  facet normal  4.089404e-01 -6.561620e-01 -6.342075e-01
    outer loop
      vertex  -1.784049e-01  2.758572e-01  2.695348e-01
      vertex  -1.972115e-01  2.711379e-01  2.622909e-01
      vertex  -1.783849e-01  2.824932e-01  2.626819e-01
    endloop
  endfacet
  facet normal  2.229532e-01 -9.743217e-01 -3.144945e-02
    outer loop
      vertex  -1.835596e-01  2.737352e-01  2.987317e-01
      vertex  -1.784049e-01  2.758572e-01  2.695348e-01
      vertex  -1.667912e-01  2.776210e-01  2.972237e-01
    endloop
  endfacet
  facet normal  1.967428e-01 -9.802495e-01 -2.007838e-02
    outer loop
      vertex  -1.667912e-01  2.776210e-01  2.972237e-01
      vertex  -1.784049e-01  2.758572e-01  2.695348e-01
      vertex  -1.611590e-01  2.793821e-01  2.664307e-01
    endloop
  endfacet
  facet normal  2.162954e-02 -7.182456e-01 -6.954534e-01
    outer loop
      vertex  -1.611590e-01  2.793821e-01  2.664307e-01
      vertex  -1.784049e-01  2.758572e-01  2.695348e-01
      vertex  -1.783849e-01  2.824932e-01  2.626819e-01
    endloop
  endfacet
  facet normal -8.749948e-01  3.026240e-01  3.778926e-01
    outer loop
      vertex  -1.291927e-01  2.103703e-01  3.070559e-01
      vertex  -1.208950e-01  2.289417e-01  3.113964e-01
      vertex  -1.222874e-01  2.335293e-01  3.044985e-01
    endloop
  endfacet
  facet normal  3.632807e-01  7.906243e-01 -4.928899e-01
    outer loop
      vertex  -1.912337e-01  2.086489e-01  2.705383e-01
      vertex  -1.806738e-01  2.007371e-01  2.656305e-01
      vertex  -1.977453e-01  2.067088e-01  2.626270e-01
    endloop
  endfacet
  facet normal -7.443509e-01  6.675583e-01 -1.754026e-02
    outer loop
      vertex  -1.274208e-01  2.210343e-01  2.649411e-01
      vertex  -1.354333e-01  2.122423e-01  2.703535e-01
      vertex  -1.358989e-01  2.123989e-01  2.960701e-01
    endloop
  endfacet
  facet normal -6.493683e-01  7.602975e-01 -1.638482e-02
    outer loop
      vertex  -1.354333e-01  2.122423e-01  2.703535e-01
      vertex  -1.387443e-01  2.094543e-01  2.722062e-01
      vertex  -1.358989e-01  2.123989e-01  2.960701e-01
    endloop
  endfacet
  facet normal -7.877210e-01  4.807647e-01 -3.851766e-01
    outer loop
      vertex  -1.345704e-01  2.080326e-01  2.633343e-01
      vertex  -1.354333e-01  2.122423e-01  2.703535e-01
      vertex  -1.274208e-01  2.210343e-01  2.649411e-01
    endloop
  endfacet
  facet normal -4.839200e-01  7.995200e-01 -3.557940e-01
    outer loop
      vertex  -1.387443e-01  2.094543e-01  2.722062e-01
      vertex  -1.345704e-01  2.080326e-01  2.633343e-01
      vertex  -1.482800e-01  2.005685e-01  2.652079e-01
    endloop
  endfacet
  facet normal -6.458077e-01  7.589048e-01 -8.364165e-02
    outer loop
      vertex  -1.481647e-01  2.039071e-01  2.946105e-01
      vertex  -1.387443e-01  2.094543e-01  2.722062e-01
      vertex  -1.482800e-01  2.005685e-01  2.652079e-01
    endloop
  endfacet
  facet normal  7.728682e-01  5.553920e-01  3.069437e-01
    outer loop
      vertex  -2.085335e-01  2.218193e-01  3.077890e-01
      vertex  -2.056403e-01  2.156174e-01  3.117261e-01
      vertex  -1.943587e-01  2.021511e-01  3.076858e-01
    endloop
  endfacet
  facet normal -9.487529e-01  1.388672e-01  2.838730e-01
    outer loop
      vertex  -1.203288e-01  2.436812e-01  3.060782e-01
      vertex  -1.222874e-01  2.335293e-01  3.044985e-01
      vertex  -1.208950e-01  2.289417e-01  3.113964e-01
    endloop
  endfacet
  facet normal -6.968638e-01  1.095408e-01  7.087888e-01
    outer loop
      vertex  -1.222874e-01  2.335293e-01  3.044985e-01
      vertex  -1.257817e-01  2.356373e-01  3.007372e-01
      vertex  -1.294327e-01  2.206505e-01  2.994638e-01
    endloop
  endfacet
  facet normal  7.205189e-01  9.660796e-02  6.866727e-01
    outer loop
      vertex  -2.085335e-01  2.218193e-01  3.077890e-01
      vertex  -2.018566e-01  2.218076e-01  3.007847e-01
      vertex  -2.096302e-01  2.347578e-01  3.071195e-01
    endloop
  endfacet
  facet normal -7.586219e-01  3.754977e-01  5.324418e-01
    outer loop
      vertex  -1.291927e-01  2.103703e-01  3.070559e-01
      vertex  -1.294327e-01  2.206505e-01  2.994638e-01
      vertex  -1.358989e-01  2.123989e-01  2.960701e-01
    endloop
  endfacet
  facet normal -5.501917e-01  6.789402e-01  4.861371e-01
    outer loop
      vertex  -1.432535e-01  1.987672e-01  3.073472e-01
      vertex  -1.291927e-01  2.103703e-01  3.070559e-01
      vertex  -1.481647e-01  2.039071e-01  2.946105e-01
    endloop
  endfacet
  facet normal -5.416582e-01  7.032309e-01  4.605136e-01
    outer loop
      vertex  -1.291927e-01  2.103703e-01  3.070559e-01
      vertex  -1.358989e-01  2.123989e-01  2.960701e-01
      vertex  -1.481647e-01  2.039071e-01  2.946105e-01
    endloop
  endfacet
  facet normal -5.661339e-01  8.236068e-01 -3.412085e-02
    outer loop
      vertex  -1.358989e-01  2.123989e-01  2.960701e-01
      vertex  -1.387443e-01  2.094543e-01  2.722062e-01
      vertex  -1.481647e-01  2.039071e-01  2.946105e-01
    endloop
  endfacet
  facet normal  7.235473e-01  6.902672e-01  3.243433e-03
    outer loop
      vertex  -1.943652e-01  2.119231e-01  2.722745e-01
      vertex  -1.949869e-01  2.124476e-01  2.993376e-01
      vertex  -1.912337e-01  2.086489e-01  2.705383e-01
    endloop
  endfacet
  facet normal  6.478721e-01  7.615805e-01 -1.602531e-02
    outer loop
      vertex  -1.912337e-01  2.086489e-01  2.705383e-01
      vertex  -1.949869e-01  2.124476e-01  2.993376e-01
      vertex  -1.838761e-01  2.030322e-01  3.010707e-01
    endloop
  endfacet
  facet normal  3.932959e-01  5.933901e-01  7.022867e-01
    outer loop
      vertex  -1.838761e-01  2.030322e-01  3.010707e-01
      vertex  -1.949869e-01  2.124476e-01  2.993376e-01
      vertex  -1.943587e-01  2.021511e-01  3.076858e-01
    endloop
  endfacet
  facet normal  7.297104e-01  4.569293e-01  5.086633e-01
    outer loop
      vertex  -1.949869e-01  2.124476e-01  2.993376e-01
      vertex  -2.018566e-01  2.218076e-01  3.007847e-01
      vertex  -1.943587e-01  2.021511e-01  3.076858e-01
    endloop
  endfacet
  facet normal  6.430055e-01  4.601980e-01  6.121778e-01
    outer loop
      vertex  -2.018566e-01  2.218076e-01  3.007847e-01
      vertex  -2.085335e-01  2.218193e-01  3.077890e-01
      vertex  -1.943587e-01  2.021511e-01  3.076858e-01
    endloop
  endfacet
  facet normal -9.704274e-01  2.391825e-01 -3.259424e-02
    outer loop
      vertex  -1.294327e-01  2.206505e-01  2.994638e-01
      vertex  -1.257817e-01  2.356373e-01  3.007372e-01
      vertex  -1.255566e-01  2.321986e-01  2.688014e-01
    endloop
  endfacet
  facet normal -8.488438e-01  3.010805e-01  4.345281e-01
    outer loop
      vertex  -1.291927e-01  2.103703e-01  3.070559e-01
      vertex  -1.222874e-01  2.335293e-01  3.044985e-01
      vertex  -1.294327e-01  2.206505e-01  2.994638e-01
    endloop
  endfacet
  facet normal -8.045557e-01  5.821301e-01  1.175353e-01
    outer loop
      vertex  -1.294327e-01  2.206505e-01  2.994638e-01
      vertex  -1.255566e-01  2.321986e-01  2.688014e-01
      vertex  -1.358989e-01  2.123989e-01  2.960701e-01
    endloop
  endfacet
  facet normal -9.537558e-01  2.272763e-01 -1.967113e-01
    outer loop
      vertex  -1.358989e-01  2.123989e-01  2.960701e-01
      vertex  -1.255566e-01  2.321986e-01  2.688014e-01
      vertex  -1.274208e-01  2.210343e-01  2.649411e-01
    endloop
  endfacet
  facet normal -2.698523e-01  7.319266e-01  6.256703e-01
    outer loop
      vertex  -1.612293e-01  1.943771e-01  3.047298e-01
      vertex  -1.432535e-01  1.987672e-01  3.073472e-01
      vertex  -1.604820e-01  1.989687e-01  2.996808e-01
    endloop
  endfacet
  facet normal -1.796024e-01  8.862785e-01  4.269114e-01
    outer loop
      vertex  -1.432535e-01  1.987672e-01  3.073472e-01
      vertex  -1.481647e-01  2.039071e-01  2.946105e-01
      vertex  -1.604820e-01  1.989687e-01  2.996808e-01
    endloop
  endfacet
  facet normal -1.727438e-01  9.787535e-01 -1.104585e-01
    outer loop
      vertex  -1.481647e-01  2.039071e-01  2.946105e-01
      vertex  -1.482800e-01  2.005685e-01  2.652079e-01
      vertex  -1.606021e-01  1.989368e-01  2.700209e-01
    endloop
  endfacet
  facet normal  2.018509e-01  9.794145e-01 -1.868367e-03
    outer loop
      vertex  -1.634503e-01  1.995662e-01  2.922367e-01
      vertex  -1.604820e-01  1.989687e-01  2.996808e-01
      vertex  -1.606021e-01  1.989368e-01  2.700209e-01
    endloop
  endfacet
  facet normal -3.719557e-01  9.282504e-01  5.105311e-04
    outer loop
      vertex  -1.604820e-01  1.989687e-01  2.996808e-01
      vertex  -1.481647e-01  2.039071e-01  2.946105e-01
      vertex  -1.606021e-01  1.989368e-01  2.700209e-01
    endloop
  endfacet
  facet normal -2.794937e-01  8.617387e-01 -4.234260e-01
    outer loop
      vertex  -1.606021e-01  1.989368e-01  2.700209e-01
      vertex  -1.482800e-01  2.005685e-01  2.652079e-01
      vertex  -1.685002e-01  1.926144e-01  2.623671e-01
    endloop
  endfacet
  facet normal -3.992551e-03  3.453273e-01 -9.384738e-01
    outer loop
      vertex  -1.482800e-01  2.005685e-01  2.652079e-01
      vertex  -1.503809e-01  1.954702e-01  2.633408e-01
      vertex  -1.685002e-01  1.926144e-01  2.623671e-01
    endloop
  endfacet
  facet normal -4.440733e-02  9.963722e-01  7.259718e-02
    outer loop
      vertex  -1.693713e-01  1.987545e-01  2.997555e-01
      vertex  -1.634503e-01  1.995662e-01  2.922367e-01
      vertex  -1.806738e-01  2.007371e-01  2.656305e-01
    endloop
  endfacet
  facet normal  9.285855e-02  9.955459e-01 -1.629842e-02
    outer loop
      vertex  -1.634503e-01  1.995662e-01  2.922367e-01
      vertex  -1.606021e-01  1.989368e-01  2.700209e-01
      vertex  -1.806738e-01  2.007371e-01  2.656305e-01
    endloop
  endfacet
  facet normal  2.195604e-01  6.287610e-01 -7.459577e-01
    outer loop
      vertex  -1.806738e-01  2.007371e-01  2.656305e-01
      vertex  -1.606021e-01  1.989368e-01  2.700209e-01
      vertex  -1.685002e-01  1.926144e-01  2.623671e-01
    endloop
  endfacet
  facet normal -4.987574e-01  1.476010e-01 -8.540814e-01
    outer loop
      vertex  -1.201753e-01  2.337730e-01  2.629114e-01
      vertex  -1.260352e-01  2.158785e-01  2.632409e-01
      vertex  -1.274208e-01  2.210343e-01  2.649411e-01
    endloop
  endfacet
  facet normal -2.366924e-01  2.463062e-01 -9.398457e-01
    outer loop
      vertex  -1.274208e-01  2.210343e-01  2.649411e-01
      vertex  -1.260352e-01  2.158785e-01  2.632409e-01
      vertex  -1.345704e-01  2.080326e-01  2.633343e-01
    endloop
  endfacet
  facet normal  2.400882e-02 -3.800149e-02 -9.989892e-01
    outer loop
      vertex  -1.260352e-01  2.158785e-01  2.632409e-01
      vertex  -1.356759e-01  2.038846e-01  2.634655e-01
      vertex  -1.345704e-01  2.080326e-01  2.633343e-01
    endloop
  endfacet
  facet normal  3.132420e-02 -3.994241e-02 -9.987109e-01
    outer loop
      vertex  -1.345704e-01  2.080326e-01  2.633343e-01
      vertex  -1.356759e-01  2.038846e-01  2.634655e-01
      vertex  -1.503809e-01  1.954702e-01  2.633408e-01
    endloop
  endfacet
  facet normal  3.002487e-01  7.595731e-01  5.769744e-01
    outer loop
      vertex  -1.943587e-01  2.021511e-01  3.076858e-01
      vertex  -1.701729e-01  1.928536e-01  3.073397e-01
      vertex  -1.838761e-01  2.030322e-01  3.010707e-01
    endloop
  endfacet
  facet normal  2.747568e-01  7.445846e-01  6.083605e-01
    outer loop
      vertex  -1.701729e-01  1.928536e-01  3.073397e-01
      vertex  -1.693713e-01  1.987545e-01  2.997555e-01
      vertex  -1.838761e-01  2.030322e-01  3.010707e-01
    endloop
  endfacet
  facet normal  2.900622e-01  9.512209e-01  1.050846e-01
    outer loop
      vertex  -1.838761e-01  2.030322e-01  3.010707e-01
      vertex  -1.693713e-01  1.987545e-01  2.997555e-01
      vertex  -1.912337e-01  2.086489e-01  2.705383e-01
    endloop
  endfacet
  facet normal  5.530093e-01  8.220997e-01 -1.353988e-01
    outer loop
      vertex  -1.693713e-01  1.987545e-01  2.997555e-01
      vertex  -1.806738e-01  2.007371e-01  2.656305e-01
      vertex  -1.912337e-01  2.086489e-01  2.705383e-01
    endloop
  endfacet
  facet normal  1.262142e-01  5.268590e-01 -8.405293e-01
    outer loop
      vertex  -1.806738e-01  2.007371e-01  2.656305e-01
      vertex  -1.685002e-01  1.926144e-01  2.623671e-01
      vertex  -1.908074e-01  2.004133e-01  2.639059e-01
    endloop
  endfacet
  facet normal  1.682200e-01 -1.484910e-02 -9.856376e-01
    outer loop
      vertex  -1.977453e-01  2.067088e-01  2.626270e-01
      vertex  -1.806738e-01  2.007371e-01  2.656305e-01
      vertex  -1.908074e-01  2.004133e-01  2.639059e-01
    endloop
  endfacet
  facet normal  8.092907e-01  5.767932e-01  1.111672e-01
    outer loop
      vertex  -2.018566e-01  2.218076e-01  3.007847e-01
      vertex  -1.949869e-01  2.124476e-01  2.993376e-01
      vertex  -2.027929e-01  2.285494e-01  2.726208e-01
    endloop
  endfacet
  facet normal  8.919916e-01  4.518998e-01  1.173271e-02
    outer loop
      vertex  -1.949869e-01  2.124476e-01  2.993376e-01
      vertex  -1.943652e-01  2.119231e-01  2.722745e-01
      vertex  -2.027929e-01  2.285494e-01  2.726208e-01
    endloop
  endfacet
  facet normal  8.643366e-01  4.430813e-01 -2.379099e-01
    outer loop
      vertex  -1.943652e-01  2.119231e-01  2.722745e-01
      vertex  -1.954128e-01  2.113893e-01  2.674743e-01
      vertex  -2.027929e-01  2.285494e-01  2.726208e-01
    endloop
  endfacet
  facet normal  7.787207e-01  4.621529e-01 -4.242743e-01
    outer loop
      vertex  -2.027929e-01  2.285494e-01  2.726208e-01
      vertex  -1.954128e-01  2.113893e-01  2.674743e-01
      vertex  -2.109444e-01  2.329134e-01  2.624130e-01
    endloop
  endfacet
  facet normal  6.792407e-01  3.368038e-01 -6.520700e-01
    outer loop
      vertex  -1.954128e-01  2.113893e-01  2.674743e-01
      vertex  -1.977453e-01  2.067088e-01  2.626270e-01
      vertex  -2.109444e-01  2.329134e-01  2.624130e-01
    endloop
  endfacet
  facet normal  8.151810e-01  2.291068e-01  5.319681e-01
    outer loop
      vertex  -2.096302e-01  2.347578e-01  3.071195e-01
      vertex  -2.018566e-01  2.218076e-01  3.007847e-01
      vertex  -2.041043e-01  2.362937e-01  2.979902e-01
    endloop
  endfacet
  facet normal  9.880490e-01  1.540876e-01  4.039332e-03
    outer loop
      vertex  -2.018566e-01  2.218076e-01  3.007847e-01
      vertex  -2.027929e-01  2.285494e-01  2.726208e-01
      vertex  -2.041043e-01  2.362937e-01  2.979902e-01
    endloop
  endfacet
  facet normal  7.749014e-01 -2.945465e-02 -6.313955e-01
    outer loop
      vertex  -2.052190e-01  2.395779e-01  2.691288e-01
      vertex  -2.027929e-01  2.285494e-01  2.726208e-01
      vertex  -2.109444e-01  2.329134e-01  2.624130e-01
    endloop
  endfacet
  facet normal -7.395884e-01  3.269257e-01 -5.883269e-01
    outer loop
      vertex  -1.255566e-01  2.321986e-01  2.688014e-01
      vertex  -1.201753e-01  2.337730e-01  2.629114e-01
      vertex  -1.274208e-01  2.210343e-01  2.649411e-01
    endloop
  endfacet
  facet normal -3.555953e-01  4.471101e-01 -8.207585e-01
    outer loop
      vertex  -1.345704e-01  2.080326e-01  2.633343e-01
      vertex  -1.503809e-01  1.954702e-01  2.633408e-01
      vertex  -1.482800e-01  2.005685e-01  2.652079e-01
    endloop
  endfacet
  facet normal  9.778659e-01 -2.008000e-01  5.880175e-02
    outer loop
      vertex  -2.096302e-01  2.347578e-01  3.071195e-01
      vertex  -2.089827e-01  2.362424e-01  3.014208e-01
      vertex  -2.079499e-01  2.420628e-01  3.041222e-01
    endloop
  endfacet
  facet normal -9.844377e-02  9.686544e-01  2.280735e-01
    outer loop
      vertex  -1.701729e-01  1.928536e-01  3.073397e-01
      vertex  -1.612293e-01  1.943771e-01  3.047298e-01
      vertex  -1.675788e-01  1.946143e-01  3.009819e-01
    endloop
  endfacet
  facet normal -9.694901e-01  2.073763e-01 -1.307057e-01
    outer loop
      vertex  -1.203288e-01  2.436812e-01  3.060782e-01
      vertex  -1.213345e-01  2.348694e-01  2.995570e-01
      vertex  -1.222874e-01  2.335293e-01  3.044985e-01
    endloop
  endfacet
  facet normal  4.821399e-01 -7.792103e-01  4.004652e-01
    outer loop
      vertex  -1.655896e-01  2.848309e-01  3.063014e-01
      vertex  -1.679600e-01  2.817577e-01  3.031755e-01
      vertex  -1.614121e-01  2.812507e-01  2.943056e-01
    endloop
  endfacet
  facet normal -7.587969e-01  6.373896e-01  1.340213e-01
    outer loop
      vertex  -1.823080e-01  2.485468e-01  2.792560e-01
      vertex  -1.784569e-01  2.535278e-01  2.773716e-01
      vertex  -1.822799e-01  2.506192e-01  2.695593e-01
    endloop
  endfacet
  facet normal  5.816999e-01  8.049081e-01  1.172524e-01
    outer loop
      vertex  -1.575553e-01  2.567835e-01  2.792865e-01
      vertex  -1.500703e-01  2.516798e-01  2.771887e-01
      vertex  -1.529780e-01  2.550707e-01  2.683367e-01
    endloop
  endfacet
  facet normal  8.326409e-01 -5.327342e-01  1.513390e-01
    outer loop
      vertex  -1.469211e-01  2.306549e-01  2.793152e-01
      vertex  -1.508536e-01  2.237317e-01  2.765808e-01
      vertex  -1.481479e-01  2.262710e-01  2.706334e-01
    endloop
  endfacet
  facet normal -6.460299e-01 -5.058466e-01  5.716332e-01
    outer loop
      vertex  -1.844317e-01  2.338762e-01  2.792708e-01
      vertex  -1.805743e-01  2.251803e-01  2.759351e-01
      vertex  -1.782531e-01  2.238283e-01  2.773620e-01
    endloop
  endfacet
  facet normal -4.091698e-01  8.924696e-01  1.899423e-01
    outer loop
      vertex  -1.784569e-01  2.535278e-01  2.773716e-01
      vertex  -1.676385e-01  2.580845e-01  2.792656e-01
      vertex  -1.770700e-01  2.558219e-01  2.695797e-01
    endloop
  endfacet
  facet normal -1.891304e-01  9.809213e-01 -4.497886e-02
    outer loop
      vertex  -1.770700e-01  2.558219e-01  2.695797e-01
      vertex  -1.676385e-01  2.580845e-01  2.792656e-01
      vertex  -1.614547e-01  2.588241e-01  2.693907e-01
    endloop
  endfacet
  facet normal  1.261572e-01  9.802325e-01  1.524090e-01
    outer loop
      vertex  -1.676385e-01  2.580845e-01  2.792656e-01
      vertex  -1.575553e-01  2.567835e-01  2.792865e-01
      vertex  -1.614547e-01  2.588241e-01  2.693907e-01
    endloop
  endfacet
  facet normal  4.075871e-01  9.127492e-01  2.759974e-02
    outer loop
      vertex  -1.575553e-01  2.567835e-01  2.792865e-01
      vertex  -1.529780e-01  2.550707e-01  2.683367e-01
      vertex  -1.614547e-01  2.588241e-01  2.693907e-01
    endloop
  endfacet
  facet normal -9.086403e-01 -4.161777e-01  3.418973e-02
    outer loop
      vertex  -1.805743e-01  2.251803e-01  2.759351e-01
      vertex  -1.844317e-01  2.338762e-01  2.792708e-01
      vertex  -1.853809e-01  2.351525e-01  2.695797e-01
    endloop
  endfacet
  facet normal -9.830964e-01  1.424271e-01  1.150477e-01
    outer loop
      vertex  -1.844317e-01  2.338762e-01  2.792708e-01
      vertex  -1.823080e-01  2.485468e-01  2.792560e-01
      vertex  -1.853809e-01  2.351525e-01  2.695797e-01
    endloop
  endfacet
  facet normal -9.797252e-01  1.964834e-01  3.915046e-02
    outer loop
      vertex  -1.853809e-01  2.351525e-01  2.695797e-01
      vertex  -1.823080e-01  2.485468e-01  2.792560e-01
      vertex  -1.822799e-01  2.506192e-01  2.695593e-01
    endloop
  endfacet
  facet normal  4.474088e-01 -8.921844e-01 -6.190580e-02
    outer loop
      vertex  -1.523385e-01  2.239533e-01  2.626542e-01
      vertex  -1.508536e-01  2.237317e-01  2.765808e-01
      vertex  -1.641123e-01  2.175672e-01  2.695992e-01
    endloop
  endfacet
  facet normal  4.572823e-01 -8.850612e-01 -8.694584e-02
    outer loop
      vertex  -1.508536e-01  2.237317e-01  2.765808e-01
      vertex  -1.558754e-01  2.208804e-01  2.791932e-01
      vertex  -1.641123e-01  2.175672e-01  2.695992e-01
    endloop
  endfacet
  facet normal  1.594936e-01 -9.673179e-01  1.971241e-01
    outer loop
      vertex  -1.558754e-01  2.208804e-01  2.791932e-01
      vertex  -1.675766e-01  2.189659e-01  2.792656e-01
      vertex  -1.641123e-01  2.175672e-01  2.695992e-01
    endloop
  endfacet
  facet normal -4.120792e-01 -9.110098e-01 -1.586965e-02
    outer loop
      vertex  -1.675766e-01  2.189659e-01  2.792656e-01
      vertex  -1.782531e-01  2.238283e-01  2.773620e-01
      vertex  -1.641123e-01  2.175672e-01  2.695992e-01
    endloop
  endfacet
  facet normal -4.180056e-01 -9.079779e-01 -2.911053e-02
    outer loop
      vertex  -1.641123e-01  2.175672e-01  2.695992e-01
      vertex  -1.782531e-01  2.238283e-01  2.773620e-01
      vertex  -1.782055e-01  2.242971e-01  2.620590e-01
    endloop
  endfacet
  facet normal  9.106110e-01  4.087041e-01  6.122654e-02
    outer loop
      vertex  -1.500703e-01  2.516798e-01  2.771887e-01
      vertex  -1.454773e-01  2.411352e-01  2.792656e-01
      vertex  -1.440704e-01  2.394486e-01  2.696005e-01
    endloop
  endfacet
  facet normal  9.770755e-01 -1.338201e-01  1.655765e-01
    outer loop
      vertex  -1.454773e-01  2.411352e-01  2.792656e-01
      vertex  -1.469211e-01  2.306549e-01  2.793152e-01
      vertex  -1.440704e-01  2.394486e-01  2.696005e-01
    endloop
  endfacet
  facet normal  9.555253e-01 -2.945895e-01  1.372458e-02
    outer loop
      vertex  -1.440704e-01  2.394486e-01  2.696005e-01
      vertex  -1.469211e-01  2.306549e-01  2.793152e-01
      vertex  -1.481479e-01  2.262710e-01  2.706334e-01
    endloop
  endfacet
  facet normal -8.414413e-01  3.368406e-01 -4.225102e-01
    outer loop
      vertex  -2.109734e-01  2.445204e-01  2.872262e-01
      vertex  -2.111959e-01  2.480013e-01  2.904443e-01
      vertex  -2.047911e-01  2.626415e-01  2.893606e-01
    endloop
  endfacet
  facet normal -6.680217e-01 -7.433152e-01 -3.506408e-02
    outer loop
      vertex  -1.977453e-01  2.067088e-01  2.626270e-01
      vertex  -1.908074e-01  2.004133e-01  2.639059e-01
      vertex  -1.950885e-01  2.031108e-01  2.882823e-01
    endloop
  endfacet
  facet normal -4.690185e-01 -8.830549e-01  1.534944e-02
    outer loop
      vertex  -1.950885e-01  2.031108e-01  2.882823e-01
      vertex  -1.908074e-01  2.004133e-01  2.639059e-01
      vertex  -1.791860e-01  1.946534e-01  2.876420e-01
    endloop
  endfacet
  facet normal -3.333229e-01 -9.405664e-01 -6.504451e-02
    outer loop
      vertex  -1.791860e-01  1.946534e-01  2.876420e-01
      vertex  -1.908074e-01  2.004133e-01  2.639059e-01
      vertex  -1.685002e-01  1.926144e-01  2.623671e-01
    endloop
  endfacet
  facet normal -9.148427e-01 -3.982869e-01 -6.656048e-02
    outer loop
      vertex  -2.048724e-01  2.146976e-01  2.879565e-01
      vertex  -2.103991e-01  2.269907e-01  2.903588e-01
      vertex  -2.109444e-01  2.329134e-01  2.624130e-01
    endloop
  endfacet
  facet normal -7.638371e-01 -6.453084e-01 -1.139715e-02
    outer loop
      vertex  -2.048724e-01  2.146976e-01  2.879565e-01
      vertex  -1.977453e-01  2.067088e-01  2.626270e-01
      vertex  -1.950885e-01  2.031108e-01  2.882823e-01
    endloop
  endfacet
  facet normal -9.994522e-01 -3.041147e-02  1.305610e-02
    outer loop
      vertex  -2.109734e-01  2.445204e-01  2.872262e-01
      vertex  -2.109444e-01  2.329134e-01  2.624130e-01
      vertex  -2.103991e-01  2.269907e-01  2.903588e-01
    endloop
  endfacet
  facet normal -9.467366e-01  3.218655e-01  9.607632e-03
    outer loop
      vertex  -2.047911e-01  2.626415e-01  2.893606e-01
      vertex  -2.075455e-01  2.553492e-01  2.622389e-01
      vertex  -2.109734e-01  2.445204e-01  2.872262e-01
    endloop
  endfacet
  facet normal -9.863191e-01  1.488722e-01 -7.079293e-02
    outer loop
      vertex  -2.109734e-01  2.445204e-01  2.872262e-01
      vertex  -2.075455e-01  2.553492e-01  2.622389e-01
      vertex  -2.109444e-01  2.329134e-01  2.624130e-01
    endloop
  endfacet
  facet normal -7.562875e-01  6.542079e-01 -6.424859e-03
    outer loop
      vertex  -1.946226e-01  2.743928e-01  2.889634e-01
      vertex  -1.972115e-01  2.711379e-01  2.622909e-01
      vertex  -2.047911e-01  2.626415e-01  2.893606e-01
    endloop
  endfacet
  facet normal -8.349987e-01  5.467252e-01 -6.219962e-02
    outer loop
      vertex  -1.972115e-01  2.711379e-01  2.622909e-01
      vertex  -2.075455e-01  2.553492e-01  2.622389e-01
      vertex  -2.047911e-01  2.626415e-01  2.893606e-01
    endloop
  endfacet
  facet normal -5.148853e-01  8.555298e-01 -5.442370e-02
    outer loop
      vertex  -1.783849e-01  2.824932e-01  2.626819e-01
      vertex  -1.972115e-01  2.711379e-01  2.622909e-01
      vertex  -1.946226e-01  2.743928e-01  2.889634e-01
    endloop
  endfacet
  facet normal -8.874805e-01 -4.479033e-01 -1.084478e-01
    outer loop
      vertex  -1.977453e-01  2.067088e-01  2.626270e-01
      vertex  -2.048724e-01  2.146976e-01  2.879565e-01
      vertex  -2.109444e-01  2.329134e-01  2.624130e-01
    endloop
  endfacet
  facet normal -8.637180e-01 -4.903895e-01 -1.162296e-01
    outer loop
      vertex  -1.782055e-01  2.242971e-01  2.620590e-01
      vertex  -1.805743e-01  2.251803e-01  2.759351e-01
      vertex  -1.853809e-01  2.351525e-01  2.695797e-01
    endloop
  endfacet
  facet normal -5.375135e-01 -5.425118e-01 -6.455696e-01
    outer loop
      vertex  -1.662199e-01  2.243421e-01  2.520417e-01
      vertex  -1.782055e-01  2.242971e-01  2.620590e-01
      vertex  -1.792303e-01  2.383302e-01  2.511194e-01
    endloop
  endfacet
  facet normal  6.653732e-01  4.518680e-01 -5.942169e-01
    outer loop
      vertex  -1.610391e-01  2.515431e-01  2.517914e-01
      vertex  -1.515084e-01  2.513237e-01  2.622967e-01
      vertex  -1.489408e-01  2.387110e-01  2.555805e-01
    endloop
  endfacet
  facet normal  8.689844e-01  4.855322e-01 -9.552294e-02
    outer loop
      vertex  -1.500703e-01  2.516798e-01  2.771887e-01
      vertex  -1.440704e-01  2.394486e-01  2.696005e-01
      vertex  -1.515084e-01  2.513237e-01  2.622967e-01
    endloop
  endfacet
  facet normal -8.669676e-01  3.364838e-01 -3.676220e-01
    outer loop
      vertex  -1.822799e-01  2.506192e-01  2.695593e-01
      vertex  -1.781966e-01  2.528783e-01  2.619973e-01
      vertex  -1.792303e-01  2.383302e-01  2.511194e-01
    endloop
  endfacet
  facet normal  2.379715e-01 -6.269661e-01 -7.418106e-01
    outer loop
      vertex  -1.570354e-01  2.359690e-01  2.451612e-01
      vertex  -1.662199e-01  2.243421e-01  2.520417e-01
      vertex  -1.671526e-01  2.392867e-01  2.391116e-01
    endloop
  endfacet
  facet normal  5.626709e-01  4.420450e-01 -6.985683e-01
    outer loop
      vertex  -1.610391e-01  2.515431e-01  2.517914e-01
      vertex  -1.570354e-01  2.359690e-01  2.451612e-01
      vertex  -1.671526e-01  2.392867e-01  2.391116e-01
    endloop
  endfacet
  facet normal  7.690216e-01 -4.115142e-01 -4.891441e-01
    outer loop
      vertex  -1.489408e-01  2.387110e-01  2.555805e-01
      vertex  -1.523385e-01  2.239533e-01  2.626542e-01
      vertex  -1.570354e-01  2.359690e-01  2.451612e-01
    endloop
  endfacet
  facet normal  4.294108e-01 -6.864730e-01 -5.868230e-01
    outer loop
      vertex  -1.523385e-01  2.239533e-01  2.626542e-01
      vertex  -1.662199e-01  2.243421e-01  2.520417e-01
      vertex  -1.570354e-01  2.359690e-01  2.451612e-01
    endloop
  endfacet
  facet normal -5.606022e-01 -5.615488e-01 -6.085951e-01
    outer loop
      vertex  -1.662199e-01  2.243421e-01  2.520417e-01
      vertex  -1.792303e-01  2.383302e-01  2.511194e-01
      vertex  -1.671526e-01  2.392867e-01  2.391116e-01
    endloop
  endfacet
  facet normal -6.331467e-01  4.918695e-01 -5.976534e-01
    outer loop
      vertex  -1.792303e-01  2.383302e-01  2.511194e-01
      vertex  -1.781966e-01  2.528783e-01  2.619973e-01
      vertex  -1.671526e-01  2.392867e-01  2.391116e-01
    endloop
  endfacet
  facet normal -2.913706e-01  7.541693e-01 -5.884996e-01
    outer loop
      vertex  -1.671526e-01  2.392867e-01  2.391116e-01
      vertex  -1.781966e-01  2.528783e-01  2.619973e-01
      vertex  -1.610391e-01  2.515431e-01  2.517914e-01
    endloop
  endfacet
  facet normal  6.533281e-01  4.324905e-01 -6.213810e-01
    outer loop
      vertex  -1.610391e-01  2.515431e-01  2.517914e-01
      vertex  -1.489408e-01  2.387110e-01  2.555805e-01
      vertex  -1.570354e-01  2.359690e-01  2.451612e-01
    endloop
  endfacet
  facet normal -1.819482e-01  9.254734e-01 -3.322556e-01
    outer loop
      vertex  -1.770700e-01  2.558219e-01  2.695797e-01
      vertex  -1.614547e-01  2.588241e-01  2.693907e-01
      vertex  -1.781966e-01  2.528783e-01  2.619973e-01
    endloop
  endfacet
  facet normal -1.555602e-01  9.114922e-01 -3.807663e-01
    outer loop
      vertex  -1.781966e-01  2.528783e-01  2.619973e-01
      vertex  -1.614547e-01  2.588241e-01  2.693907e-01
      vertex  -1.610391e-01  2.515431e-01  2.517914e-01
    endloop
  endfacet
  facet normal  3.419355e-01  8.711704e-01 -3.523383e-01
    outer loop
      vertex  -1.614547e-01  2.588241e-01  2.693907e-01
      vertex  -1.529780e-01  2.550707e-01  2.683367e-01
      vertex  -1.610391e-01  2.515431e-01  2.517914e-01
    endloop
  endfacet
  facet normal  4.482910e-01  8.043652e-01 -3.899126e-01
    outer loop
      vertex  -1.610391e-01  2.515431e-01  2.517914e-01
      vertex  -1.529780e-01  2.550707e-01  2.683367e-01
      vertex  -1.515084e-01  2.513237e-01  2.622967e-01
    endloop
  endfacet
  facet normal -8.746449e-01 -3.361557e-01 -3.492786e-01
    outer loop
      vertex  -1.782055e-01  2.242971e-01  2.620590e-01
      vertex  -1.853809e-01  2.351525e-01  2.695797e-01
      vertex  -1.792303e-01  2.383302e-01  2.511194e-01
    endloop
  endfacet
  facet normal -9.410195e-01  1.883007e-01 -2.811142e-01
    outer loop
      vertex  -1.853809e-01  2.351525e-01  2.695797e-01
      vertex  -1.822799e-01  2.506192e-01  2.695593e-01
      vertex  -1.792303e-01  2.383302e-01  2.511194e-01
    endloop
  endfacet
  facet normal  2.615018e-01 -8.895312e-01 -3.746345e-01
    outer loop
      vertex  -1.523385e-01  2.239533e-01  2.626542e-01
      vertex  -1.641123e-01  2.175672e-01  2.695992e-01
      vertex  -1.662199e-01  2.243421e-01  2.520417e-01
    endloop
  endfacet
  facet normal -2.636527e-01 -9.101508e-01 -3.195511e-01
    outer loop
      vertex  -1.641123e-01  2.175672e-01  2.695992e-01
      vertex  -1.782055e-01  2.242971e-01  2.620590e-01
      vertex  -1.662199e-01  2.243421e-01  2.520417e-01
    endloop
  endfacet
  facet normal  8.785692e-01  3.512079e-01 -3.236806e-01
    outer loop
      vertex  -1.515084e-01  2.513237e-01  2.622967e-01
      vertex  -1.440704e-01  2.394486e-01  2.696005e-01
      vertex  -1.489408e-01  2.387110e-01  2.555805e-01
    endloop
  endfacet
  facet normal  9.049330e-01 -3.034004e-01 -2.984030e-01
    outer loop
      vertex  -1.440704e-01  2.394486e-01  2.696005e-01
      vertex  -1.481479e-01  2.262710e-01  2.706334e-01
      vertex  -1.489408e-01  2.387110e-01  2.555805e-01
    endloop
  endfacet
  facet normal  8.635975e-01 -3.653629e-01 -3.474325e-01
    outer loop
      vertex  -1.489408e-01  2.387110e-01  2.555805e-01
      vertex  -1.481479e-01  2.262710e-01  2.706334e-01
      vertex  -1.523385e-01  2.239533e-01  2.626542e-01
    endloop
  endfacet
  facet normal  6.339263e-01  5.639864e-01  5.292038e-01
    outer loop
      vertex  -1.508536e-01  2.237317e-01  2.765808e-01
      vertex  -1.354333e-01  2.122423e-01  2.703535e-01
      vertex  -1.481479e-01  2.262710e-01  2.706334e-01
    endloop
  endfacet
  facet normal  6.350899e-01  5.856500e-01 -5.036615e-01
    outer loop
      vertex  -1.481479e-01  2.262710e-01  2.706334e-01
      vertex  -1.354333e-01  2.122423e-01  2.703535e-01
      vertex  -1.523385e-01  2.239533e-01  2.626542e-01
    endloop
  endfacet
  facet normal  6.351163e-01  6.943610e-01 -3.383639e-01
    outer loop
      vertex  -1.354333e-01  2.122423e-01  2.703535e-01
      vertex  -1.345704e-01  2.080326e-01  2.633343e-01
      vertex  -1.523385e-01  2.239533e-01  2.626542e-01
    endloop
  endfacet
  facet normal -7.501824e-01 -6.575659e-01  6.952221e-02
    outer loop
      vertex  -1.523385e-01  2.239533e-01  2.626542e-01
      vertex  -1.387443e-01  2.094543e-01  2.722062e-01
      vertex  -1.508536e-01  2.237317e-01  2.765808e-01
    endloop
  endfacet
  facet normal -6.513311e-01 -7.349681e-01 -1.886522e-01
    outer loop
      vertex  -1.387443e-01  2.094543e-01  2.722062e-01
      vertex  -1.523385e-01  2.239533e-01  2.626542e-01
      vertex  -1.345704e-01  2.080326e-01  2.633343e-01
    endloop
  endfacet
  facet normal  6.098964e-01 -5.656527e-01  5.550347e-01
    outer loop
      vertex  -1.508536e-01  2.237317e-01  2.765808e-01
      vertex  -1.469211e-01  2.306549e-01  2.793152e-01
      vertex  -1.558754e-01  2.208804e-01  2.791932e-01
    endloop
  endfacet
  facet normal  4.288033e-01  8.820403e-02  8.990816e-01
    outer loop
      vertex  -1.508536e-01  2.237317e-01  2.765808e-01
      vertex  -1.387443e-01  2.094543e-01  2.722062e-01
      vertex  -1.354333e-01  2.122423e-01  2.703535e-01
    endloop
  endfacet
  facet normal -5.045385e-01  4.383102e-02  8.622759e-01
    outer loop
      vertex  -1.805743e-01  2.251803e-01  2.759351e-01
      vertex  -1.912337e-01  2.086489e-01  2.705383e-01
      vertex  -1.782531e-01  2.238283e-01  2.773620e-01
    endloop
  endfacet
  facet normal  7.637398e-01 -6.452899e-01 -1.739394e-02
    outer loop
      vertex  -1.912337e-01  2.086489e-01  2.705383e-01
      vertex  -1.782055e-01  2.242971e-01  2.620590e-01
      vertex  -1.782531e-01  2.238283e-01  2.773620e-01
    endloop
  endfacet
  facet normal  6.235195e-01 -7.037001e-01 -3.406312e-01
    outer loop
      vertex  -1.912337e-01  2.086489e-01  2.705383e-01
      vertex  -1.977453e-01  2.067088e-01  2.626270e-01
      vertex  -1.782055e-01  2.242971e-01  2.620590e-01
    endloop
  endfacet
  facet normal -7.012749e-01  7.090197e-01  7.419268e-02
    outer loop
      vertex  -1.954128e-01  2.113893e-01  2.674743e-01
      vertex  -1.943652e-01  2.119231e-01  2.722745e-01
      vertex  -1.805743e-01  2.251803e-01  2.759351e-01
    endloop
  endfacet
  facet normal -6.235926e-01  7.661842e-01 -1.552228e-01
    outer loop
      vertex  -1.805743e-01  2.251803e-01  2.759351e-01
      vertex  -1.782055e-01  2.242971e-01  2.620590e-01
      vertex  -1.954128e-01  2.113893e-01  2.674743e-01
    endloop
  endfacet
  facet normal -5.995538e-01 -6.084538e-01  5.199224e-01
    outer loop
      vertex  -1.784569e-01  2.535278e-01  2.773716e-01
      vertex  -1.936479e-01  2.651756e-01  2.734852e-01
      vertex  -1.822799e-01  2.506192e-01  2.695593e-01
    endloop
  endfacet
  facet normal -7.951133e-01 -6.026518e-01 -6.786505e-02
    outer loop
      vertex  -1.936479e-01  2.651756e-01  2.734852e-01
      vertex  -1.972115e-01  2.711379e-01  2.622909e-01
      vertex  -1.822799e-01  2.506192e-01  2.695593e-01
    endloop
  endfacet
  facet normal -6.004419e-01 -6.171037e-01 -5.085789e-01
    outer loop
      vertex  -1.822799e-01  2.506192e-01  2.695593e-01
      vertex  -1.972115e-01  2.711379e-01  2.622909e-01
      vertex  -1.781966e-01  2.528783e-01  2.619973e-01
    endloop
  endfacet
  facet normal  4.679986e-01  5.361304e-01  7.025251e-01
    outer loop
      vertex  -1.910436e-01  2.685798e-01  2.691523e-01
      vertex  -1.936479e-01  2.651756e-01  2.734852e-01
      vertex  -1.770700e-01  2.558219e-01  2.695797e-01
    endloop
  endfacet
  facet normal  6.350897e-01  6.835570e-01 -3.597373e-01
    outer loop
      vertex  -1.910436e-01  2.685798e-01  2.691523e-01
      vertex  -1.770700e-01  2.558219e-01  2.695797e-01
      vertex  -1.781966e-01  2.528783e-01  2.619973e-01
    endloop
  endfacet
  facet normal -6.174131e-01  7.864698e-01  1.632071e-02
    outer loop
      vertex  -1.353706e-01  2.689854e-01  2.638971e-01
      vertex  -1.529780e-01  2.550707e-01  2.683367e-01
      vertex  -1.378635e-01  2.668213e-01  2.738749e-01
    endloop
  endfacet
  facet normal -6.451671e-01  6.183410e-01  4.487916e-01
    outer loop
      vertex  -1.378635e-01  2.668213e-01  2.738749e-01
      vertex  -1.529780e-01  2.550707e-01  2.683367e-01
      vertex  -1.500703e-01  2.516798e-01  2.771887e-01
    endloop
  endfacet
  facet normal -6.063462e-01  6.011913e-01 -5.204933e-01
    outer loop
      vertex  -1.529780e-01  2.550707e-01  2.683367e-01
      vertex  -1.353706e-01  2.689854e-01  2.638971e-01
      vertex  -1.515084e-01  2.513237e-01  2.622967e-01
    endloop
  endfacet
  facet normal  6.852500e-01 -4.226161e-01  5.931509e-01
    outer loop
      vertex  -1.338133e-01  2.654758e-01  2.682371e-01
      vertex  -1.378635e-01  2.668213e-01  2.738749e-01
      vertex  -1.500703e-01  2.516798e-01  2.771887e-01
    endloop
  endfacet
  facet normal  6.327055e-01 -7.732192e-01 -4.261197e-02
    outer loop
      vertex  -1.500703e-01  2.516798e-01  2.771887e-01
      vertex  -1.515084e-01  2.513237e-01  2.622967e-01
      vertex  -1.338133e-01  2.654758e-01  2.682371e-01
    endloop
  endfacet
  facet normal  6.063187e-01 -4.978111e-01 -6.201304e-01
    outer loop
      vertex  -1.338133e-01  2.654758e-01  2.682371e-01
      vertex  -1.515084e-01  2.513237e-01  2.622967e-01
      vertex  -1.353706e-01  2.689854e-01  2.638971e-01
    endloop
  endfacet
  facet normal  8.278464e-04 -3.100651e-03  9.999949e-01
    outer loop
      vertex  -1.736733e-01  2.967677e-01  3.117511e-01
      vertex  -1.884375e-01  2.928258e-01  3.117511e-01
      vertex  -1.793712e-01  2.832325e-01  3.117138e-01
    endloop
  endfacet
  facet normal  1.446567e-03 -2.515923e-03  9.999958e-01
    outer loop
      vertex  -1.884375e-01  2.928258e-01  3.117511e-01
      vertex  -2.016853e-01  2.852088e-01  3.117511e-01
      vertex  -1.793712e-01  2.832325e-01  3.117138e-01
    endloop
  endfacet
  facet normal  1.704187e-03  3.927565e-04  9.999985e-01
    outer loop
      vertex  -1.793712e-01  2.832325e-01  3.117138e-01
      vertex  -2.016853e-01  2.852088e-01  3.117511e-01
      vertex  -1.983829e-01  2.708796e-01  3.117511e-01
    endloop
  endfacet
  facet normal  0.000000e+00  0.000000e+00  1.000000e+00
    outer loop
      vertex  -2.016853e-01  2.852088e-01  3.117511e-01
      vertex  -2.125199e-01  2.744323e-01  3.117511e-01
      vertex  -1.983829e-01  2.708796e-01  3.117511e-01
    endloop
  endfacet
  facet normal -2.793436e-04 -1.111586e-03  9.999993e-01
    outer loop
      vertex  -1.983829e-01  2.708796e-01  3.117511e-01
      vertex  -2.125199e-01  2.744323e-01  3.117511e-01
      vertex  -2.086764e-01  2.559808e-01  3.117316e-01
    endloop
  endfacet
  facet normal  1.332681e-03 -7.758001e-04  9.999988e-01
    outer loop
      vertex  -2.125199e-01  2.744323e-01  3.117511e-01
      vertex  -2.202079e-01  2.612256e-01  3.117511e-01
      vertex  -2.086764e-01  2.559808e-01  3.117316e-01
    endloop
  endfacet
  facet normal  1.499512e-03 -4.089971e-04  9.999988e-01
    outer loop
      vertex  -2.202079e-01  2.612256e-01  3.117511e-01
      vertex  -2.242291e-01  2.464827e-01  3.117511e-01
      vertex  -2.086764e-01  2.559808e-01  3.117316e-01
    endloop
  endfacet
  facet normal  8.331641e-04  6.821241e-04  9.999994e-01
    outer loop
      vertex  -2.086764e-01  2.559808e-01  3.117316e-01
      vertex  -2.242291e-01  2.464827e-01  3.117511e-01
      vertex  -2.117049e-01  2.317876e-01  3.117507e-01
    endloop
  endfacet
  facet normal  3.259696e-05 -1.751106e-07  1.000000e+00
    outer loop
      vertex  -2.242291e-01  2.464827e-01  3.117511e-01
      vertex  -2.243112e-01  2.312015e-01  3.117511e-01
      vertex  -2.117049e-01  2.317876e-01  3.117507e-01
    endloop
  endfacet
  facet normal  3.219775e-05  8.411429e-06  1.000000e+00
    outer loop
      vertex  -2.243112e-01  2.312015e-01  3.117511e-01
      vertex  -2.204486e-01  2.164163e-01  3.117511e-01
      vertex  -2.117049e-01  2.317876e-01  3.117507e-01
    endloop
  endfacet
  facet normal  1.640573e-03 -9.064911e-04  9.999983e-01
    outer loop
      vertex  -2.117049e-01  2.317876e-01  3.117507e-01
      vertex  -2.204486e-01  2.164163e-01  3.117511e-01
      vertex  -2.056403e-01  2.156174e-01  3.117261e-01
    endloop
  endfacet
  facet normal  1.742879e-03  9.896746e-04  9.999980e-01
    outer loop
      vertex  -2.204486e-01  2.164163e-01  3.117511e-01
      vertex  -2.129029e-01  2.031278e-01  3.117511e-01
      vertex  -2.056403e-01  2.156174e-01  3.117261e-01
    endloop
  endfacet
  facet normal  3.047640e-04  1.825934e-03  9.999983e-01
    outer loop
      vertex  -2.056403e-01  2.156174e-01  3.117261e-01
      vertex  -2.129029e-01  2.031278e-01  3.117511e-01
      vertex  -1.937666e-01  2.017114e-01  3.117478e-01
    endloop
  endfacet
  facet normal  1.829776e-04  1.805702e-04  9.999999e-01
    outer loop
      vertex  -2.129029e-01  2.031278e-01  3.117511e-01
      vertex  -1.990557e-01  1.890960e-01  3.117511e-01
      vertex  -1.937666e-01  2.017114e-01  3.117478e-01
    endloop
  endfacet
  facet normal  5.577976e-05  4.643662e-05  1.000000e+00
    outer loop
      vertex  -1.431574e-01  1.989084e-01  3.117511e-01
      vertex  -1.340430e-01  1.879601e-01  3.117511e-01
      vertex  -1.294470e-01  2.105656e-01  3.117498e-01
    endloop
  endfacet
  facet normal -7.428609e-05  7.288063e-05  1.000000e+00
    outer loop
      vertex  -1.340430e-01  1.879601e-01  3.117511e-01
      vertex  -1.191622e-01  2.031278e-01  3.117511e-01
      vertex  -1.294470e-01  2.105656e-01  3.117498e-01
    endloop
  endfacet
  facet normal  1.030669e-02  1.442749e-02  9.998428e-01
    outer loop
      vertex  -1.294470e-01  2.105656e-01  3.117498e-01
      vertex  -1.191622e-01  2.031278e-01  3.117511e-01
      vertex  -1.208950e-01  2.289417e-01  3.113964e-01
    endloop
  endfacet
  facet normal -2.162886e-02  1.228169e-02  9.996907e-01
    outer loop
      vertex  -1.191622e-01  2.031278e-01  3.117511e-01
      vertex  -1.116165e-01  2.164163e-01  3.117511e-01
      vertex  -1.208950e-01  2.289417e-01  3.113964e-01
    endloop
  endfacet
  facet normal -6.015789e-02 -1.630598e-02  9.980557e-01
    outer loop
      vertex  -1.208950e-01  2.289417e-01  3.113964e-01
      vertex  -1.116165e-01  2.164163e-01  3.117511e-01
      vertex  -1.211221e-01  2.516526e-01  3.117538e-01
    endloop
  endfacet
  facet normal  1.458827e-04 -3.811087e-05  1.000000e+00
    outer loop
      vertex  -1.116165e-01  2.164163e-01  3.117511e-01
      vertex  -1.077539e-01  2.312015e-01  3.117511e-01
      vertex  -1.211221e-01  2.516526e-01  3.117538e-01
    endloop
  endfacet
  facet normal  2.058782e-04  1.106076e-06  1.000000e+00
    outer loop
      vertex  -1.077539e-01  2.312015e-01  3.117511e-01
      vertex  -1.078360e-01  2.464827e-01  3.117511e-01
      vertex  -1.211221e-01  2.516526e-01  3.117538e-01
    endloop
  endfacet
  facet normal  2.298417e-04  6.268999e-05  1.000000e+00
    outer loop
      vertex  -1.078360e-01  2.464827e-01  3.117511e-01
      vertex  -1.118572e-01  2.612256e-01  3.117511e-01
      vertex  -1.211221e-01  2.516526e-01  3.117538e-01
    endloop
  endfacet
  facet normal -9.843543e-03  9.811829e-03  9.999034e-01
    outer loop
      vertex  -1.211221e-01  2.516526e-01  3.117538e-01
      vertex  -1.118572e-01  2.612256e-01  3.117511e-01
      vertex  -1.344699e-01  2.728602e-01  3.114143e-01
    endloop
  endfacet
  facet normal -2.125507e-02 -1.237332e-02  9.996975e-01
    outer loop
      vertex  -1.118572e-01  2.612256e-01  3.117511e-01
      vertex  -1.195452e-01  2.744323e-01  3.117511e-01
      vertex  -1.344699e-01  2.728602e-01  3.114143e-01
    endloop
  endfacet
  facet normal -2.039585e-02 -2.050575e-02  9.995817e-01
    outer loop
      vertex  -1.195452e-01  2.744323e-01  3.117511e-01
      vertex  -1.303798e-01  2.852088e-01  3.117511e-01
      vertex  -1.344699e-01  2.728602e-01  3.114143e-01
    endloop
  endfacet
  facet normal -3.696539e-02 -1.500727e-02  9.992039e-01
    outer loop
      vertex  -1.344699e-01  2.728602e-01  3.114143e-01
      vertex  -1.303798e-01  2.852088e-01  3.117511e-01
      vertex  -1.462019e-01  2.809407e-01  3.111016e-01
    endloop
  endfacet
  facet normal -2.789465e-02 -4.851540e-02  9.984328e-01
    outer loop
      vertex  -1.303798e-01  2.852088e-01  3.117511e-01
      vertex  -1.436276e-01  2.928258e-01  3.117511e-01
      vertex  -1.462019e-01  2.809407e-01  3.111016e-01
    endloop
  endfacet
  facet normal  1.443882e-02 -5.767369e-02  9.982311e-01
    outer loop
      vertex  -1.462019e-01  2.809407e-01  3.111016e-01
      vertex  -1.436276e-01  2.928258e-01  3.117511e-01
      vertex  -1.793712e-01  2.832325e-01  3.117138e-01
    endloop
  endfacet
  facet normal -5.197240e-04 -1.946597e-03  9.999980e-01
    outer loop
      vertex  -1.436276e-01  2.928258e-01  3.117511e-01
      vertex  -1.583918e-01  2.967677e-01  3.117511e-01
      vertex  -1.793712e-01  2.832325e-01  3.117138e-01
    endloop
  endfacet
  facet normal  7.481846e-21 -2.752155e-03  9.999962e-01
    outer loop
      vertex  -1.793712e-01  2.832325e-01  3.117138e-01
      vertex  -1.583918e-01  2.967677e-01  3.117511e-01
      vertex  -1.736733e-01  2.967677e-01  3.117511e-01
    endloop
  endfacet
  facet normal  6.497512e-15  5.409176e-15  1.000000e+00
    outer loop
      vertex  -1.340430e-01  1.879601e-01  3.117511e-01
      vertex  -1.431574e-01  1.989084e-01  3.117511e-01
      vertex  -1.362709e-01  1.803738e-01  3.117511e-01
    endloop
  endfacet
  facet normal -1.075113e-15  2.595551e-15  1.000000e+00
    outer loop
      vertex  -1.431574e-01  1.989084e-01  3.117511e-01
      vertex  -1.541915e-01  1.943379e-01  3.117511e-01
      vertex  -1.362709e-01  1.803738e-01  3.117511e-01
    endloop
  endfacet
  facet normal  3.148039e-04  1.253010e-04  9.999999e-01
    outer loop
      vertex  -1.990557e-01  1.890960e-01  3.117511e-01
      vertex  -1.953659e-01  1.798259e-01  3.117511e-01
      vertex  -1.937666e-01  2.017114e-01  3.117478e-01
    endloop
  endfacet
  facet normal -1.751176e-04  1.611033e-04  1.000000e+00
    outer loop
      vertex  -1.937666e-01  2.017114e-01  3.117478e-01
      vertex  -1.953659e-01  1.798259e-01  3.117511e-01
      vertex  -1.710735e-01  1.926384e-01  3.117532e-01
    endloop
  endfacet
  facet normal -1.013921e-07 -1.707261e-04  1.000000e+00
    outer loop
      vertex  -1.953659e-01  1.798259e-01  3.117511e-01
      vertex  -1.379017e-01  1.797918e-01  3.117511e-01
      vertex  -1.710735e-01  1.926384e-01  3.117532e-01
    endloop
  endfacet
  facet normal  1.165757e-04  1.305500e-04  1.000000e+00
    outer loop
      vertex  -1.710735e-01  1.926384e-01  3.117532e-01
      vertex  -1.379017e-01  1.797918e-01  3.117511e-01
      vertex  -1.541915e-01  1.943379e-01  3.117511e-01
    endloop
  endfacet
  facet normal -2.431875e-14 -2.723392e-14  1.000000e+00
    outer loop
      vertex  -1.379017e-01  1.797918e-01  3.117511e-01
      vertex  -1.362709e-01  1.803738e-01  3.117511e-01
      vertex  -1.541915e-01  1.943379e-01  3.117511e-01
    endloop
  endfacet
  facet normal  1.170106e-01 -3.755808e-01  9.193735e-01
    outer loop
      vertex  -1.943652e-01  2.119231e-01  2.722745e-01
      vertex  -1.912337e-01  2.086489e-01  2.705383e-01
      vertex  -1.805743e-01  2.251803e-01  2.759351e-01
    endloop
  endfacet
  facet normal  5.216439e-01  7.887968e-01  3.250957e-01
    outer loop
      vertex  -1.936479e-01  2.651756e-01  2.734852e-01
      vertex  -1.784569e-01  2.535278e-01  2.773716e-01
      vertex  -1.770700e-01  2.558219e-01  2.695797e-01
    endloop
  endfacet
  facet normal -6.296329e-01  6.878295e-01 -3.611827e-01
    outer loop
      vertex  -1.954128e-01  2.113893e-01  2.674743e-01
      vertex  -1.782055e-01  2.242971e-01  2.620590e-01
      vertex  -1.977453e-01  2.067088e-01  2.626270e-01
    endloop
  endfacet
  facet normal  6.510537e-01  6.832978e-01 -3.305047e-01
    outer loop
      vertex  -1.781966e-01  2.528783e-01  2.619973e-01
      vertex  -1.972115e-01  2.711379e-01  2.622909e-01
      vertex  -1.910436e-01  2.685798e-01  2.691523e-01
    endloop
  endfacet
  facet normal -8.440572e-01 -5.178206e-01 -1.393889e-01
    outer loop
      vertex  -1.614121e-01  2.812507e-01  2.943056e-01
      vertex  -1.613880e-01  2.791556e-01  3.019424e-01
      vertex  -1.655896e-01  2.848309e-01  3.063014e-01
    endloop
  endfacet
  facet normal -7.470780e-01 -3.382305e-01  5.722540e-01
    outer loop
      vertex  -1.213345e-01  2.348694e-01  2.995570e-01
      vertex  -1.203288e-01  2.436812e-01  3.060782e-01
      vertex  -1.225053e-01  2.408034e-01  3.015358e-01
    endloop
  endfacet
  facet normal -6.248842e-01 -4.885693e-01  6.089497e-01
    outer loop
      vertex  -1.225053e-01  2.408034e-01  3.015358e-01
      vertex  -1.203288e-01  2.436812e-01  3.060782e-01
      vertex  -1.258539e-01  2.409157e-01  2.981897e-01
    endloop
  endfacet
  facet normal  2.384332e-01  9.247103e-01  2.967498e-01
    outer loop
      vertex  -1.257817e-01  2.356373e-01  3.007372e-01
      vertex  -1.222874e-01  2.335293e-01  3.044985e-01
      vertex  -1.213345e-01  2.348694e-01  2.995570e-01
    endloop
  endfacet
  facet normal -7.811407e-01  5.151083e-01  3.528208e-01
    outer loop
      vertex  -1.612293e-01  1.943771e-01  3.047298e-01
      vertex  -1.604820e-01  1.989687e-01  2.996808e-01
      vertex  -1.634503e-01  1.995662e-01  2.922367e-01
    endloop
  endfacet
  facet normal  6.717134e-01  4.622752e-01  5.788807e-01
    outer loop
      vertex  -1.675788e-01  1.946143e-01  3.009819e-01
      vertex  -1.634503e-01  1.995662e-01  2.922367e-01
      vertex  -1.693713e-01  1.987545e-01  2.997555e-01
    endloop
  endfacet
  facet normal  7.681758e-01  4.634187e-01  4.417567e-01
    outer loop
      vertex  -1.675788e-01  1.946143e-01  3.009819e-01
      vertex  -1.693713e-01  1.987545e-01  2.997555e-01
      vertex  -1.701729e-01  1.928536e-01  3.073397e-01
    endloop
  endfacet
  facet normal  1.777878e-01  9.471656e-01  2.669621e-01
    outer loop
      vertex  -2.089827e-01  2.362424e-01  3.014208e-01
      vertex  -2.096302e-01  2.347578e-01  3.071195e-01
      vertex  -2.041043e-01  2.362937e-01  2.979902e-01
    endloop
  endfacet
  facet normal  5.265748e-01  4.456191e-01 -7.239769e-01
    outer loop
      vertex  -1.838978e-01  2.319971e-01  3.269789e-01
      vertex  -1.824462e-01  2.324722e-01  3.283271e-01
      vertex  -1.815587e-01  2.290284e-01  3.268529e-01
    endloop
  endfacet
  facet normal  5.365001e-01 -4.681661e-01 -7.021311e-01
    outer loop
      vertex  -1.642182e-01  2.580895e-01  3.122129e-01
      vertex  -1.667912e-01  2.776210e-01  2.972237e-01
      vertex  -1.626731e-01  2.769663e-01  3.008069e-01
    endloop
  endfacet
  facet normal  9.876486e-01 -1.319209e-01 -8.454064e-02
    outer loop
      vertex  -1.627757e-01  2.595445e-01  3.267944e-01
      vertex  -1.642182e-01  2.580895e-01  3.122129e-01
      vertex  -1.626731e-01  2.769663e-01  3.008069e-01
    endloop
  endfacet
  facet normal -6.104499e-01  5.400476e-01  5.793958e-01
    outer loop
      vertex  -1.627757e-01  2.595445e-01  3.267944e-01
      vertex  -1.655079e-01  2.808205e-01  3.040847e-01
      vertex  -1.689133e-01  2.586905e-01  3.211239e-01
    endloop
  endfacet
  facet normal -9.988886e-01 -3.776570e-02 -2.820044e-02
    outer loop
      vertex  -2.111959e-01  2.480013e-01  2.904443e-01
      vertex  -2.109734e-01  2.445204e-01  2.872262e-01
      vertex  -2.103991e-01  2.269907e-01  2.903588e-01
    endloop
  endfacet
  facet normal -9.734728e-01  2.133811e-01  8.257841e-02
    outer loop
      vertex  -1.667912e-01  2.776210e-01  2.972237e-01
      vertex  -1.689133e-01  2.586905e-01  3.211239e-01
      vertex  -1.655079e-01  2.808205e-01  3.040847e-01
    endloop
  endfacet
  facet normal -8.158495e-01 -4.158508e-01 -4.018180e-01
    outer loop
      vertex  -1.642182e-01  2.580895e-01  3.122129e-01
      vertex  -1.689133e-01  2.586905e-01  3.211239e-01
      vertex  -1.667912e-01  2.776210e-01  2.972237e-01
    endloop
  endfacet
  facet normal  8.711709e-01  4.062204e-01  2.757647e-01
    outer loop
      vertex  -1.626731e-01  2.769663e-01  3.008069e-01
      vertex  -1.655079e-01  2.808205e-01  3.040847e-01
      vertex  -1.627757e-01  2.595445e-01  3.267944e-01
    endloop
  endfacet
  facet normal  7.919894e-01  6.635538e-02  6.069183e-01
    outer loop
      vertex  -1.638409e-01  2.802477e-01  3.019720e-01
      vertex  -1.655079e-01  2.808205e-01  3.040847e-01
      vertex  -1.626731e-01  2.769663e-01  3.008069e-01
    endloop
  endfacet
  facet normal -4.588546e-01 -7.692842e-01  4.445833e-01
    outer loop
      vertex  -1.655079e-01  2.808205e-01  3.040847e-01
      vertex  -1.679600e-01  2.817577e-01  3.031755e-01
      vertex  -1.667912e-01  2.776210e-01  2.972237e-01
    endloop
  endfacet
  facet normal  2.920491e-01 -8.236421e-01 -4.861286e-01
    outer loop
      vertex  -1.667912e-01  2.776210e-01  2.972237e-01
      vertex  -1.614121e-01  2.812507e-01  2.943056e-01
      vertex  -1.626731e-01  2.769663e-01  3.008069e-01
    endloop
  endfacet
  facet normal  9.226618e-01  2.145973e-01  3.203798e-01
    outer loop
      vertex  -1.614121e-01  2.812507e-01  2.943056e-01
      vertex  -1.638409e-01  2.802477e-01  3.019720e-01
      vertex  -1.626731e-01  2.769663e-01  3.008069e-01
    endloop
  endfacet
  facet normal  3.497858e-01  9.365703e-01  2.204202e-02
    outer loop
      vertex  -1.655079e-01  2.808205e-01  3.040847e-01
      vertex  -1.638409e-01  2.802477e-01  3.019720e-01
      vertex  -1.679600e-01  2.817577e-01  3.031755e-01
    endloop
  endfacet
  facet normal  3.953876e-01  8.862767e-01  2.412099e-01
    outer loop
      vertex  -1.679600e-01  2.817577e-01  3.031755e-01
      vertex  -1.638409e-01  2.802477e-01  3.019720e-01
      vertex  -1.614121e-01  2.812507e-01  2.943056e-01
    endloop
  endfacet
  facet normal  5.360290e-01  4.677485e-01 -7.027690e-01
    outer loop
      vertex  -1.846281e-01  2.369223e-01  3.132639e-01
      vertex  -2.041043e-01  2.362937e-01  2.979902e-01
      vertex  -2.041634e-01  2.412471e-01  3.012421e-01
    endloop
  endfacet
  facet normal  4.065330e-01  8.404649e-01 -3.582592e-01
    outer loop
      vertex  -1.846851e-01  2.415764e-01  3.241174e-01
      vertex  -1.846281e-01  2.369223e-01  3.132639e-01
      vertex  -2.041634e-01  2.412471e-01  3.012421e-01
    endloop
  endfacet
  facet normal  1.846026e-02 -9.996746e-01  1.760711e-02
    outer loop
      vertex  -2.041043e-01  2.362937e-01  2.979902e-01
      vertex  -1.846281e-01  2.369223e-01  3.132639e-01
      vertex  -1.856592e-01  2.371190e-01  3.255111e-01
    endloop
  endfacet
  facet normal -2.563813e-01 -9.456173e-01  2.001913e-01
    outer loop
      vertex  -1.856592e-01  2.371190e-01  3.255111e-01
      vertex  -2.078732e-01  2.385744e-01  3.039365e-01
      vertex  -2.041043e-01  2.362937e-01  2.979902e-01
    endloop
  endfacet
  facet normal -3.291811e-01  8.568765e-01  3.967398e-01
    outer loop
      vertex  -2.041634e-01  2.412471e-01  3.012421e-01
      vertex  -2.078732e-01  2.385744e-01  3.039365e-01
      vertex  -1.856592e-01  2.371190e-01  3.255111e-01
    endloop
  endfacet
  facet normal -7.168202e-01  3.459358e-01  6.053901e-01
    outer loop
      vertex  -2.041634e-01  2.412471e-01  3.012421e-01
      vertex  -1.856592e-01  2.371190e-01  3.255111e-01
      vertex  -1.846851e-01  2.415764e-01  3.241174e-01
    endloop
  endfacet
  facet normal  3.820410e-01 -7.556757e-01  5.319765e-01
    outer loop
      vertex  -2.089827e-01  2.362424e-01  3.014208e-01
      vertex  -2.041043e-01  2.362937e-01  2.979902e-01
      vertex  -2.078732e-01  2.385744e-01  3.039365e-01
    endloop
  endfacet
  facet normal  6.011387e-01 -2.928478e-02  7.986080e-01
    outer loop
      vertex  -2.078732e-01  2.385744e-01  3.039365e-01
      vertex  -2.041634e-01  2.412471e-01  3.012421e-01
      vertex  -2.079499e-01  2.420628e-01  3.041222e-01
    endloop
  endfacet
  facet normal  9.163831e-01  1.666561e-01 -3.639613e-01
    outer loop
      vertex  -1.647469e-01  2.190220e-01  3.119639e-01
      vertex  -1.612774e-01  2.184990e-01  3.204598e-01
      vertex  -1.667558e-01  2.004226e-01  2.983893e-01
    endloop
  endfacet
  facet normal  1.231830e-01 -6.257182e-01  7.702615e-01
    outer loop
      vertex  -1.612774e-01  2.184990e-01  3.204598e-01
      vertex  -1.686821e-01  2.183758e-01  3.215440e-01
      vertex  -1.656560e-01  1.961645e-01  3.030168e-01
    endloop
  endfacet
  facet normal  5.776346e-02 -7.231944e-01  6.882247e-01
    outer loop
      vertex  -1.257817e-01  2.356373e-01  3.007372e-01
      vertex  -1.213345e-01  2.348694e-01  2.995570e-01
      vertex  -1.220122e-01  2.383920e-01  3.033155e-01
    endloop
  endfacet
  facet normal  2.901874e-01 -9.405704e-01 -1.764046e-01
    outer loop
      vertex  -1.612774e-01  2.184990e-01  3.204598e-01
      vertex  -1.647469e-01  2.190220e-01  3.119639e-01
      vertex  -1.522263e-01  2.228531e-01  3.121331e-01
    endloop
  endfacet
  facet normal  9.792116e-01 -1.495971e-01 -1.369866e-01
    outer loop
      vertex  -1.453576e-01  2.396646e-01  3.127691e-01
      vertex  -1.452124e-01  2.348399e-01  3.190763e-01
      vertex  -1.469112e-01  2.300541e-01  3.121587e-01
    endloop
  endfacet
  facet normal  4.420002e-01 -8.969421e-01  1.142762e-02
    outer loop
      vertex  -1.515465e-01  2.234309e-01  3.311902e-01
      vertex  -1.612774e-01  2.184990e-01  3.204598e-01
      vertex  -1.522263e-01  2.228531e-01  3.121331e-01
    endloop
  endfacet
  facet normal -2.226002e-01 -9.622931e-01 -1.563364e-01
    outer loop
      vertex  -1.758517e-01  2.213275e-01  3.135841e-01
      vertex  -1.647469e-01  2.190220e-01  3.119639e-01
      vertex  -1.686821e-01  2.183758e-01  3.215440e-01
    endloop
  endfacet
  facet normal -9.695877e-01 -2.320137e-01 -7.790605e-02
    outer loop
      vertex  -1.830086e-01  2.305359e-01  3.121281e-01
      vertex  -1.856592e-01  2.371190e-01  3.255111e-01
      vertex  -1.846281e-01  2.369223e-01  3.132639e-01
    endloop
  endfacet
  facet normal -2.748922e-01  9.386736e-01 -2.081493e-01
    outer loop
      vertex  -1.689133e-01  2.586905e-01  3.211239e-01
      vertex  -1.642182e-01  2.580895e-01  3.122129e-01
      vertex  -1.783416e-01  2.539302e-01  3.121082e-01
    endloop
  endfacet
  facet normal -9.898092e-01  1.289176e-01 -6.048210e-02
    outer loop
      vertex  -1.836190e-01  2.452279e-01  3.144529e-01
      vertex  -1.846281e-01  2.369223e-01  3.132639e-01
      vertex  -1.846851e-01  2.415764e-01  3.241174e-01
    endloop
  endfacet
  facet normal -4.298614e-01  9.024916e-01 -2.698169e-02
    outer loop
      vertex  -1.783416e-01  2.539302e-01  3.121082e-01
      vertex  -1.765267e-01  2.553211e-01  3.297159e-01
      vertex  -1.689133e-01  2.586905e-01  3.211239e-01
    endloop
  endfacet
  facet normal -9.894179e-01  1.432029e-01 -2.334850e-02
    outer loop
      vertex  -1.844317e-01  2.338762e-01  2.792708e-01
      vertex  -1.836190e-01  2.452279e-01  3.144529e-01
      vertex  -1.823080e-01  2.485468e-01  2.792560e-01
    endloop
  endfacet
  facet normal -8.528374e-01  5.218849e-01  1.744679e-02
    outer loop
      vertex  -1.836190e-01  2.452279e-01  3.144529e-01
      vertex  -1.783416e-01  2.539302e-01  3.121082e-01
      vertex  -1.823080e-01  2.485468e-01  2.792560e-01
    endloop
  endfacet
  facet normal -7.919176e-01  6.106118e-01 -4.447717e-03
    outer loop
      vertex  -1.823080e-01  2.485468e-01  2.792560e-01
      vertex  -1.783416e-01  2.539302e-01  3.121082e-01
      vertex  -1.784569e-01  2.535278e-01  2.773716e-01
    endloop
  endfacet
  facet normal -3.867644e-01  9.221306e-01 -9.401263e-03
    outer loop
      vertex  -1.784569e-01  2.535278e-01  2.773716e-01
      vertex  -1.783416e-01  2.539302e-01  3.121082e-01
      vertex  -1.676385e-01  2.580845e-01  2.792656e-01
    endloop
  endfacet
  facet normal -2.825788e-01  9.587998e-01  2.919009e-02
    outer loop
      vertex  -1.783416e-01  2.539302e-01  3.121082e-01
      vertex  -1.642182e-01  2.580895e-01  3.122129e-01
      vertex  -1.676385e-01  2.580845e-01  2.792656e-01
    endloop
  endfacet
  facet normal  2.019760e-01  9.791628e-01 -2.111591e-02
    outer loop
      vertex  -1.642182e-01  2.580895e-01  3.122129e-01
      vertex  -1.568386e-01  2.565659e-01  3.121462e-01
      vertex  -1.676385e-01  2.580845e-01  2.792656e-01
    endloop
  endfacet
  facet normal  1.279549e-01  9.917728e-01  3.779378e-03
    outer loop
      vertex  -1.676385e-01  2.580845e-01  2.792656e-01
      vertex  -1.568386e-01  2.565659e-01  3.121462e-01
      vertex  -1.575553e-01  2.567835e-01  2.792865e-01
    endloop
  endfacet
  facet normal  6.408930e-01  7.675787e-01 -8.893461e-03
    outer loop
      vertex  -1.568386e-01  2.565659e-01  3.121462e-01
      vertex  -1.482957e-01  2.494326e-01  3.121235e-01
      vertex  -1.575553e-01  2.567835e-01  2.792865e-01
    endloop
  endfacet
  facet normal  5.677984e-01  8.228152e-01  2.408364e-02
    outer loop
      vertex  -1.575553e-01  2.567835e-01  2.792865e-01
      vertex  -1.482957e-01  2.494326e-01  3.121235e-01
      vertex  -1.500703e-01  2.516798e-01  2.771887e-01
    endloop
  endfacet
  facet normal  9.181172e-01  3.957424e-01 -2.118284e-02
    outer loop
      vertex  -1.500703e-01  2.516798e-01  2.771887e-01
      vertex  -1.482957e-01  2.494326e-01  3.121235e-01
      vertex  -1.454773e-01  2.411352e-01  2.792656e-01
    endloop
  endfacet
  facet normal  9.574106e-01  2.885816e-01  9.248231e-03
    outer loop
      vertex  -1.482957e-01  2.494326e-01  3.121235e-01
      vertex  -1.453576e-01  2.396646e-01  3.127691e-01
      vertex  -1.454773e-01  2.411352e-01  2.792656e-01
    endloop
  endfacet
  facet normal  9.872342e-01 -1.589285e-01 -1.050214e-02
    outer loop
      vertex  -1.453576e-01  2.396646e-01  3.127691e-01
      vertex  -1.469112e-01  2.300541e-01  3.121587e-01
      vertex  -1.454773e-01  2.411352e-01  2.792656e-01
    endloop
  endfacet
  facet normal  9.906381e-01 -1.364853e-01 -2.793031e-03
    outer loop
      vertex  -1.454773e-01  2.411352e-01  2.792656e-01
      vertex  -1.469112e-01  2.300541e-01  3.121587e-01
      vertex  -1.469211e-01  2.306549e-01  2.793152e-01
    endloop
  endfacet
  facet normal  8.045400e-01 -5.937947e-01 -1.110161e-02
    outer loop
      vertex  -1.469112e-01  2.300541e-01  3.121587e-01
      vertex  -1.522263e-01  2.228531e-01  3.121331e-01
      vertex  -1.469211e-01  2.306549e-01  2.793152e-01
    endloop
  endfacet
  facet normal  7.369912e-01 -6.746429e-01 -4.124130e-02
    outer loop
      vertex  -1.469211e-01  2.306549e-01  2.793152e-01
      vertex  -1.522263e-01  2.228531e-01  3.121331e-01
      vertex  -1.558754e-01  2.208804e-01  2.791932e-01
    endloop
  endfacet
  facet normal  2.921982e-01 -9.560340e-01  2.488432e-02
    outer loop
      vertex  -1.522263e-01  2.228531e-01  3.121331e-01
      vertex  -1.647469e-01  2.190220e-01  3.119639e-01
      vertex  -1.558754e-01  2.208804e-01  2.791932e-01
    endloop
  endfacet
  facet normal  1.613884e-01 -9.868146e-01 -1.227345e-02
    outer loop
      vertex  -1.558754e-01  2.208804e-01  2.791932e-01
      vertex  -1.647469e-01  2.190220e-01  3.119639e-01
      vertex  -1.675766e-01  2.189659e-01  2.792656e-01
    endloop
  endfacet
  facet normal -2.005833e-01 -9.794917e-01  1.903928e-02
    outer loop
      vertex  -1.647469e-01  2.190220e-01  3.119639e-01
      vertex  -1.758517e-01  2.213275e-01  3.135841e-01
      vertex  -1.675766e-01  2.189659e-01  2.792656e-01
    endloop
  endfacet
  facet normal -4.089094e-01 -9.118707e-01 -3.584676e-02
    outer loop
      vertex  -1.675766e-01  2.189659e-01  2.792656e-01
      vertex  -1.758517e-01  2.213275e-01  3.135841e-01
      vertex  -1.782531e-01  2.238283e-01  2.773620e-01
    endloop
  endfacet
  facet normal -7.300805e-01 -6.833600e-01  1.222076e-03
    outer loop
      vertex  -1.758517e-01  2.213275e-01  3.135841e-01
      vertex  -1.796916e-01  2.254274e-01  3.121303e-01
      vertex  -1.782531e-01  2.238283e-01  2.773620e-01
    endloop
  endfacet
  facet normal -8.386714e-01 -5.445522e-01 -9.655342e-03
    outer loop
      vertex  -1.796916e-01  2.254274e-01  3.121303e-01
      vertex  -1.830086e-01  2.305359e-01  3.121281e-01
      vertex  -1.782531e-01  2.238283e-01  2.773620e-01
    endloop
  endfacet
  facet normal -8.530846e-01 -5.215251e-01 -1.606965e-02
    outer loop
      vertex  -1.782531e-01  2.238283e-01  2.773620e-01
      vertex  -1.830086e-01  2.305359e-01  3.121281e-01
      vertex  -1.844317e-01  2.338762e-01  2.792708e-01
    endloop
  endfacet
  facet normal -9.684746e-01 -2.485535e-01  1.667847e-02
    outer loop
      vertex  -1.830086e-01  2.305359e-01  3.121281e-01
      vertex  -1.846281e-01  2.369223e-01  3.132639e-01
      vertex  -1.844317e-01  2.338762e-01  2.792708e-01
    endloop
  endfacet
  facet normal -9.922708e-01  1.229561e-01 -1.674987e-02
    outer loop
      vertex  -1.846281e-01  2.369223e-01  3.132639e-01
      vertex  -1.836190e-01  2.452279e-01  3.144529e-01
      vertex  -1.844317e-01  2.338762e-01  2.792708e-01
    endloop
  endfacet
  facet normal  9.696713e-01 -2.306863e-01  8.075538e-02
    outer loop
      vertex  -1.462384e-01  2.332926e-01  3.269766e-01
      vertex  -1.452124e-01  2.348399e-01  3.190763e-01
      vertex  -1.447380e-01  2.397214e-01  3.273253e-01
    endloop
  endfacet
  facet normal  8.892865e-01 -4.535619e-01  5.874655e-02
    outer loop
      vertex  -1.515465e-01  2.234309e-01  3.311902e-01
      vertex  -1.469112e-01  2.300541e-01  3.121587e-01
      vertex  -1.462384e-01  2.332926e-01  3.269766e-01
    endloop
  endfacet
  facet normal  9.201386e-01 -3.891940e-01  4.327814e-02
    outer loop
      vertex  -1.469112e-01  2.300541e-01  3.121587e-01
      vertex  -1.452124e-01  2.348399e-01  3.190763e-01
      vertex  -1.462384e-01  2.332926e-01  3.269766e-01
    endloop
  endfacet
  facet normal  8.045428e-01 -5.937982e-01 -1.069731e-02
    outer loop
      vertex  -1.515465e-01  2.234309e-01  3.311902e-01
      vertex  -1.522263e-01  2.228531e-01  3.121331e-01
      vertex  -1.469112e-01  2.300541e-01  3.121587e-01
    endloop
  endfacet
  facet normal -7.402970e-01 -6.686612e-01  6.966102e-02
    outer loop
      vertex  -1.758517e-01  2.213275e-01  3.135841e-01
      vertex  -1.815587e-01  2.290284e-01  3.268529e-01
      vertex  -1.796916e-01  2.254274e-01  3.121303e-01
    endloop
  endfacet
  facet normal -8.384159e-01 -5.443707e-01  2.681828e-02
    outer loop
      vertex  -1.796916e-01  2.254274e-01  3.121303e-01
      vertex  -1.815587e-01  2.290284e-01  3.268529e-01
      vertex  -1.830086e-01  2.305359e-01  3.121281e-01
    endloop
  endfacet
  facet normal -3.555036e-01 -9.327154e-01 -6.049141e-02
    outer loop
      vertex  -1.815587e-01  2.290284e-01  3.268529e-01
      vertex  -1.828770e-01  2.294712e-01  3.277718e-01
      vertex  -1.830086e-01  2.305359e-01  3.121281e-01
    endloop
  endfacet
  facet normal -9.250141e-01 -3.795039e-01 -1.804692e-02
    outer loop
      vertex  -1.828770e-01  2.294712e-01  3.277718e-01
      vertex  -1.838978e-01  2.319971e-01  3.269789e-01
      vertex  -1.830086e-01  2.305359e-01  3.121281e-01
    endloop
  endfacet
  facet normal -9.432501e-01 -3.312228e-01 -2.388904e-02
    outer loop
      vertex  -1.830086e-01  2.305359e-01  3.121281e-01
      vertex  -1.838978e-01  2.319971e-01  3.269789e-01
      vertex  -1.856592e-01  2.371190e-01  3.255111e-01
    endloop
  endfacet
  facet normal -4.830426e-01  3.557221e-01  8.000823e-01
    outer loop
      vertex  -1.846851e-01  2.415764e-01  3.241174e-01
      vertex  -1.856592e-01  2.371190e-01  3.255111e-01
      vertex  -1.839334e-01  2.361764e-01  3.269721e-01
    endloop
  endfacet
  facet normal -8.565937e-01  5.158137e-01 -1.354112e-02
    outer loop
      vertex  -1.836190e-01  2.452279e-01  3.144529e-01
      vertex  -1.824597e-01  2.474970e-01  3.275554e-01
      vertex  -1.783416e-01  2.539302e-01  3.121082e-01
    endloop
  endfacet
  facet normal -8.009943e-01  5.976272e-01  3.535400e-02
    outer loop
      vertex  -1.824597e-01  2.474970e-01  3.275554e-01
      vertex  -1.765267e-01  2.553211e-01  3.297159e-01
      vertex  -1.783416e-01  2.539302e-01  3.121082e-01
    endloop
  endfacet
  facet normal  5.326951e-01  8.451602e-01  4.404822e-02
    outer loop
      vertex  -1.498351e-01  2.509299e-01  3.355877e-01
      vertex  -1.568386e-01  2.565659e-01  3.121462e-01
      vertex  -1.627757e-01  2.595445e-01  3.267944e-01
    endloop
  endfacet
  facet normal  6.409060e-01  7.675881e-01 -6.932151e-03
    outer loop
      vertex  -1.498351e-01  2.509299e-01  3.355877e-01
      vertex  -1.482957e-01  2.494326e-01  3.121235e-01
      vertex  -1.568386e-01  2.565659e-01  3.121462e-01
    endloop
  endfacet
  facet normal  9.806453e-01  1.956819e-01 -6.590479e-03
    outer loop
      vertex  -1.225053e-01  2.408034e-01  3.015358e-01
      vertex  -1.220122e-01  2.383920e-01  3.033155e-01
      vertex  -1.213345e-01  2.348694e-01  2.995570e-01
    endloop
  endfacet
  facet normal -4.712376e-01 -4.279033e-01  7.712548e-01
    outer loop
      vertex  -1.675788e-01  1.946143e-01  3.009819e-01
      vertex  -1.612293e-01  1.943771e-01  3.047298e-01
      vertex  -1.656560e-01  1.961645e-01  3.030168e-01
    endloop
  endfacet
  facet normal  1.998049e-01  9.728447e-01 -1.168386e-01
    outer loop
      vertex  -1.642182e-01  2.580895e-01  3.122129e-01
      vertex  -1.627757e-01  2.595445e-01  3.267944e-01
      vertex  -1.568386e-01  2.565659e-01  3.121462e-01
    endloop
  endfacet
  facet normal  9.575404e-01  2.852419e-01 -4.187378e-02
    outer loop
      vertex  -1.447380e-01  2.397214e-01  3.273253e-01
      vertex  -1.453576e-01  2.396646e-01  3.127691e-01
      vertex  -1.482957e-01  2.494326e-01  3.121235e-01
    endloop
  endfacet
  facet normal  8.936014e-01  4.478545e-01  3.004780e-02
    outer loop
      vertex  -1.498351e-01  2.509299e-01  3.355877e-01
      vertex  -1.451058e-01  2.418489e-01  3.302923e-01
      vertex  -1.482957e-01  2.494326e-01  3.121235e-01
    endloop
  endfacet
  facet normal  9.649422e-01  2.547717e-01 -6.307095e-02
    outer loop
      vertex  -1.482957e-01  2.494326e-01  3.121235e-01
      vertex  -1.451058e-01  2.418489e-01  3.302923e-01
      vertex  -1.447380e-01  2.397214e-01  3.273253e-01
    endloop
  endfacet
  facet normal  5.689164e-01 -4.937290e-01  6.576974e-01
    outer loop
      vertex  -1.699908e-01  2.565964e-01  3.268653e-01
      vertex  -1.717749e-01  2.567108e-01  3.284945e-01
      vertex  -1.827545e-01  2.422987e-01  3.271729e-01
    endloop
  endfacet
  facet normal -6.226035e-01  7.522662e-01  2.155468e-01
    outer loop
      vertex  -1.836190e-01  2.452279e-01  3.144529e-01
      vertex  -1.846851e-01  2.415764e-01  3.241174e-01
      vertex  -1.827545e-01  2.422987e-01  3.271729e-01
    endloop
  endfacet
  facet normal -2.769759e-01 -5.486960e-02  9.593090e-01
    outer loop
      vertex  -1.765267e-01  2.553211e-01  3.297159e-01
      vertex  -1.824597e-01  2.474970e-01  3.275554e-01
      vertex  -1.827545e-01  2.422987e-01  3.271729e-01
    endloop
  endfacet
  facet normal  7.795720e-01 -6.077735e-01  1.512581e-01
    outer loop
      vertex  -1.717749e-01  2.567108e-01  3.284945e-01
      vertex  -1.792696e-01  2.485239e-01  3.342259e-01
      vertex  -1.827545e-01  2.422987e-01  3.271729e-01
    endloop
  endfacet
  facet normal -9.052405e-01  4.175398e-01  7.874101e-02
    outer loop
      vertex  -1.827545e-01  2.422987e-01  3.271729e-01
      vertex  -1.792696e-01  2.485239e-01  3.342259e-01
      vertex  -1.765267e-01  2.553211e-01  3.297159e-01
    endloop
  endfacet
  facet normal -3.286451e-01  4.299260e-02 -9.434744e-01
    outer loop
      vertex  -2.079499e-01  2.420628e-01  3.041222e-01
      vertex  -2.009644e-01  2.385293e-01  3.015279e-01
      vertex  -2.078732e-01  2.385744e-01  3.039365e-01
    endloop
  endfacet
  facet normal -2.089647e-01  7.614306e-01 -6.136426e-01
    outer loop
      vertex  -2.078732e-01  2.385744e-01  3.039365e-01
      vertex  -2.009644e-01  2.385293e-01  3.015279e-01
      vertex  -2.089827e-01  2.362424e-01  3.014208e-01
    endloop
  endfacet
  facet normal  1.120212e-01 -4.346310e-01  8.936146e-01
    outer loop
      vertex  -2.079499e-01  2.420628e-01  3.041222e-01
      vertex  -2.089827e-01  2.362424e-01  3.014208e-01
      vertex  -2.009644e-01  2.385293e-01  3.015279e-01
    endloop
  endfacet
  facet normal -1.163013e-01 -2.671467e-02  9.928547e-01
    outer loop
      vertex  -1.462384e-01  2.332926e-01  3.269766e-01
      vertex  -1.447380e-01  2.397214e-01  3.273253e-01
      vertex  -1.485503e-01  2.433373e-01  3.269761e-01
    endloop
  endfacet
  facet normal -6.531804e-01 -6.513654e-01  3.861068e-01
    outer loop
      vertex  -1.447380e-01  2.397214e-01  3.273253e-01
      vertex  -1.451058e-01  2.418489e-01  3.302923e-01
      vertex  -1.485503e-01  2.433373e-01  3.269761e-01
    endloop
  endfacet
  facet normal -6.539304e-01  3.581051e-01  6.664351e-01
    outer loop
      vertex  -1.258539e-01  2.409157e-01  2.981897e-01
      vertex  -1.220122e-01  2.383920e-01  3.033155e-01
      vertex  -1.225053e-01  2.408034e-01  3.015358e-01
    endloop
  endfacet
  facet normal -6.375577e-01 -3.419129e-01 -6.903736e-01
    outer loop
      vertex  -1.258539e-01  2.409157e-01  2.981897e-01
      vertex  -1.257817e-01  2.356373e-01  3.007372e-01
      vertex  -1.452124e-01  2.348399e-01  3.190763e-01
    endloop
  endfacet
  facet normal  3.577127e-01 -8.504686e-01  3.856744e-01
    outer loop
      vertex  -1.220122e-01  2.383920e-01  3.033155e-01
      vertex  -1.447380e-01  2.397214e-01  3.273253e-01
      vertex  -1.257817e-01  2.356373e-01  3.007372e-01
    endloop
  endfacet
  facet normal  4.446268e-01 -7.818269e-01  4.370970e-01
    outer loop
      vertex  -1.447380e-01  2.397214e-01  3.273253e-01
      vertex  -1.452124e-01  2.348399e-01  3.190763e-01
      vertex  -1.257817e-01  2.356373e-01  3.007372e-01
    endloop
  endfacet
  facet normal -6.486733e-02  9.978933e-01 -1.139259e-03
    outer loop
      vertex  -1.453576e-01  2.396646e-01  3.127691e-01
      vertex  -1.447380e-01  2.397214e-01  3.273253e-01
      vertex  -1.258539e-01  2.409157e-01  2.981897e-01
    endloop
  endfacet
  facet normal  2.989603e-01  9.257057e-01  2.317148e-01
    outer loop
      vertex  -1.447380e-01  2.397214e-01  3.273253e-01
      vertex  -1.220122e-01  2.383920e-01  3.033155e-01
      vertex  -1.258539e-01  2.409157e-01  2.981897e-01
    endloop
  endfacet
  facet normal -3.702648e-01 -7.419091e-01 -5.589945e-01
    outer loop
      vertex  -1.453576e-01  2.396646e-01  3.127691e-01
      vertex  -1.258539e-01  2.409157e-01  2.981897e-01
      vertex  -1.452124e-01  2.348399e-01  3.190763e-01
    endloop
  endfacet
  facet normal -7.988793e-01  3.359130e-01  4.989532e-01
    outer loop
      vertex  -1.667558e-01  2.004226e-01  2.983893e-01
      vertex  -1.675788e-01  1.946143e-01  3.009819e-01
      vertex  -1.656560e-01  1.961645e-01  3.030168e-01
    endloop
  endfacet
  facet normal -8.826690e-01 -8.152252e-02 -4.628710e-01
    outer loop
      vertex  -1.634503e-01  1.995662e-01  2.922367e-01
      vertex  -1.675788e-01  1.946143e-01  3.009819e-01
      vertex  -1.667558e-01  2.004226e-01  2.983893e-01
    endloop
  endfacet
  facet normal -9.153266e-02  5.614808e-01  8.224118e-01
    outer loop
      vertex  -1.656560e-01  1.961645e-01  3.030168e-01
      vertex  -1.612293e-01  1.943771e-01  3.047298e-01
      vertex  -1.623245e-01  1.994146e-01  3.011687e-01
    endloop
  endfacet
  facet normal  9.842798e-01  1.278120e-01 -1.218908e-01
    outer loop
      vertex  -1.623245e-01  1.994146e-01  3.011687e-01
      vertex  -1.612293e-01  1.943771e-01  3.047298e-01
      vertex  -1.634503e-01  1.995662e-01  2.922367e-01
    endloop
  endfacet
  facet normal  2.291469e-01  9.733134e-01 -1.236101e-02
    outer loop
      vertex  -1.623245e-01  1.994146e-01  3.011687e-01
      vertex  -1.634503e-01  1.995662e-01  2.922367e-01
      vertex  -1.667558e-01  2.004226e-01  2.983893e-01
    endloop
  endfacet
  facet normal -8.774161e-01  3.410209e-01 -3.374103e-01
    outer loop
      vertex  -1.667558e-01  2.004226e-01  2.983893e-01
      vertex  -1.686821e-01  2.183758e-01  3.215440e-01
      vertex  -1.647469e-01  2.190220e-01  3.119639e-01
    endloop
  endfacet
  facet normal -9.806534e-01 -1.855730e-01  6.230245e-02
    outer loop
      vertex  -1.656560e-01  1.961645e-01  3.030168e-01
      vertex  -1.686821e-01  2.183758e-01  3.215440e-01
      vertex  -1.667558e-01  2.004226e-01  2.983893e-01
    endloop
  endfacet
  facet normal  7.384143e-01 -4.990075e-01  4.535812e-01
    outer loop
      vertex  -1.612774e-01  2.184990e-01  3.204598e-01
      vertex  -1.656560e-01  1.961645e-01  3.030168e-01
      vertex  -1.623245e-01  1.994146e-01  3.011687e-01
    endloop
  endfacet
  facet normal  5.203690e-01  5.927837e-01 -6.146736e-01
    outer loop
      vertex  -1.612774e-01  2.184990e-01  3.204598e-01
      vertex  -1.623245e-01  1.994146e-01  3.011687e-01
      vertex  -1.667558e-01  2.004226e-01  2.983893e-01
    endloop
  endfacet
  facet normal -3.307577e-01 -1.277217e-03  9.437149e-01
    outer loop
      vertex  -1.843985e-01  2.350311e-01  3.268075e-01
      vertex  -1.838978e-01  2.319971e-01  3.269789e-01
      vertex  -1.839334e-01  2.361764e-01  3.269721e-01
    endloop
  endfacet
  facet normal  5.647473e-02  2.115512e-03  9.984018e-01
    outer loop
      vertex  -1.838978e-01  2.319971e-01  3.269789e-01
      vertex  -1.815587e-01  2.290284e-01  3.268529e-01
      vertex  -1.839334e-01  2.361764e-01  3.269721e-01
    endloop
  endfacet
  facet normal  2.156958e-02 -9.502484e-03  9.997222e-01
    outer loop
      vertex  -1.815587e-01  2.290284e-01  3.268529e-01
      vertex  -1.699908e-01  2.565964e-01  3.268653e-01
      vertex  -1.839334e-01  2.361764e-01  3.269721e-01
    endloop
  endfacet
  facet normal  7.726918e-02 -4.755406e-02  9.958755e-01
    outer loop
      vertex  -1.839334e-01  2.361764e-01  3.269721e-01
      vertex  -1.699908e-01  2.565964e-01  3.268653e-01
      vertex  -1.827545e-01  2.422987e-01  3.271729e-01
    endloop
  endfacet
  facet normal -5.361710e-03 -1.180595e-03  9.999849e-01
    outer loop
      vertex  -1.485503e-01  2.433373e-01  3.269761e-01
      vertex  -1.568166e-01  2.217703e-01  3.269063e-01
      vertex  -1.462384e-01  2.332926e-01  3.269766e-01
    endloop
  endfacet
  facet normal -4.210918e-04 -1.060980e-03  9.999993e-01
    outer loop
      vertex  -1.575601e-01  2.566231e-01  3.269430e-01
      vertex  -1.647862e-01  2.488815e-01  3.269317e-01
      vertex  -1.568166e-01  2.217703e-01  3.269063e-01
    endloop
  endfacet
  facet normal -5.396896e-03 -1.167109e-03  9.999847e-01
    outer loop
      vertex  -1.485503e-01  2.433373e-01  3.269761e-01
      vertex  -1.575601e-01  2.566231e-01  3.269430e-01
      vertex  -1.568166e-01  2.217703e-01  3.269063e-01
    endloop
  endfacet
  facet normal  1.221319e-03 -5.781772e-04  9.999991e-01
    outer loop
      vertex  -1.568166e-01  2.217703e-01  3.269063e-01
      vertex  -1.647862e-01  2.488815e-01  3.269317e-01
      vertex  -1.705691e-01  2.218753e-01  3.269232e-01
    endloop
  endfacet
  facet normal -5.252829e-03  1.752480e-03  9.999847e-01
    outer loop
      vertex  -1.815587e-01  2.290284e-01  3.268529e-01
      vertex  -1.705691e-01  2.218753e-01  3.269232e-01
      vertex  -1.699908e-01  2.565964e-01  3.268653e-01
    endloop
  endfacet
  facet normal -1.003446e-02  1.832066e-03  9.999480e-01
    outer loop
      vertex  -1.705691e-01  2.218753e-01  3.269232e-01
      vertex  -1.647862e-01  2.488815e-01  3.269317e-01
      vertex  -1.699908e-01  2.565964e-01  3.268653e-01
    endloop
  endfacet
  facet normal -7.859354e-01 -9.519960e-02  6.109358e-01
    outer loop
      vertex  -1.838978e-01  2.319971e-01  3.269789e-01
      vertex  -1.843985e-01  2.350311e-01  3.268075e-01
      vertex  -1.856592e-01  2.371190e-01  3.255111e-01
    endloop
  endfacet
  facet normal  1.024181e-02 -9.748868e-01  2.224652e-01
    outer loop
      vertex  -1.668667e-01  2.224251e-01  3.270700e-01
      vertex  -1.629760e-01  2.226650e-01  3.279421e-01
      vertex  -1.680454e-01  2.232625e-01  3.307935e-01
    endloop
  endfacet
  facet normal -2.017954e-01  6.677026e-01  7.165555e-01
    outer loop
      vertex  -1.629760e-01  2.226650e-01  3.279421e-01
      vertex  -1.668667e-01  2.224251e-01  3.270700e-01
      vertex  -1.639897e-01  2.185471e-01  3.314938e-01
    endloop
  endfacet
  facet normal  7.485349e-01  6.570682e-01  8.920170e-02
    outer loop
      vertex  -1.639897e-01  2.185471e-01  3.314938e-01
      vertex  -1.668667e-01  2.224251e-01  3.270700e-01
      vertex  -1.680454e-01  2.232625e-01  3.307935e-01
    endloop
  endfacet
  facet normal  4.739663e-01 -8.798429e-01  3.510543e-02
    outer loop
      vertex  -1.636576e-01  2.262555e-01  3.465663e-01
      vertex  -1.707656e-01  2.222159e-01  3.412887e-01
      vertex  -1.680454e-01  2.232625e-01  3.307935e-01
    endloop
  endfacet
  facet normal  3.760760e-01 -9.238880e-01  7.069495e-02
    outer loop
      vertex  -1.680454e-01  2.232625e-01  3.307935e-01
      vertex  -1.627160e-01  2.254284e-01  3.307489e-01
      vertex  -1.636576e-01  2.262555e-01  3.465663e-01
    endloop
  endfacet
  facet normal -9.823331e-01  1.745038e-01 -6.760185e-02
    outer loop
      vertex  -1.627160e-01  2.254284e-01  3.307489e-01
      vertex  -1.639897e-01  2.185471e-01  3.314938e-01
      vertex  -1.636576e-01  2.262555e-01  3.465663e-01
    endloop
  endfacet
  facet normal  6.957480e-03  9.575263e-01 -2.882621e-01
    outer loop
      vertex  -1.568166e-01  2.217703e-01  3.269063e-01
      vertex  -1.705691e-01  2.218753e-01  3.269232e-01
      vertex  -1.650535e-01  2.276390e-01  3.462015e-01
    endloop
  endfacet
  facet normal -5.948827e-01 -7.995523e-01  8.264814e-02
    outer loop
      vertex  -1.683557e-01  2.568034e-01  3.311343e-01
      vertex  -1.635661e-01  2.529376e-01  3.282104e-01
      vertex  -1.616103e-01  2.530140e-01  3.430270e-01
    endloop
  endfacet
  facet normal -1.477870e-01  9.889142e-01  1.441035e-02
    outer loop
      vertex  -1.692907e-01  2.518294e-01  3.455537e-01
      vertex  -1.616103e-01  2.530140e-01  3.430270e-01
      vertex  -1.635661e-01  2.529376e-01  3.282104e-01
    endloop
  endfacet
  facet normal  6.996288e-01  6.602457e-01  2.731210e-01
    outer loop
      vertex  -1.683557e-01  2.568034e-01  3.311343e-01
      vertex  -1.692907e-01  2.518294e-01  3.455537e-01
      vertex  -1.635661e-01  2.529376e-01  3.282104e-01
    endloop
  endfacet
  facet normal -8.245707e-01 -5.571132e-01 -9.852890e-02
    outer loop
      vertex  -1.647862e-01  2.488815e-01  3.269317e-01
      vertex  -1.687412e-01  2.520705e-01  3.419985e-01
      vertex  -1.699908e-01  2.565964e-01  3.268653e-01
    endloop
  endfacet
  facet normal -5.748769e-01 -8.179381e-01  2.222038e-02
    outer loop
      vertex  -1.647862e-01  2.488815e-01  3.269317e-01
      vertex  -1.649739e-01  2.494753e-01  3.439332e-01
      vertex  -1.687412e-01  2.520705e-01  3.419985e-01
    endloop
  endfacet
  facet normal  5.771929e-01 -8.158633e-01  3.486405e-02
    outer loop
      vertex  -1.647862e-01  2.488815e-01  3.269317e-01
      vertex  -1.596150e-01  2.531128e-01  3.403364e-01
      vertex  -1.649739e-01  2.494753e-01  3.439332e-01
    endloop
  endfacet
  facet normal  7.294537e-01 -6.807888e-01 -6.651155e-02
    outer loop
      vertex  -1.575601e-01  2.566231e-01  3.269430e-01
      vertex  -1.596150e-01  2.531128e-01  3.403364e-01
      vertex  -1.647862e-01  2.488815e-01  3.269317e-01
    endloop
  endfacet
  facet normal  9.978074e-01 -5.373515e-02 -3.863685e-02
    outer loop
      vertex  -1.827545e-01  2.422987e-01  3.271729e-01
      vertex  -1.824597e-01  2.474970e-01  3.275554e-01
      vertex  -1.825228e-01  2.422311e-01  3.332503e-01
    endloop
  endfacet
  facet normal  8.535523e-01 -3.872139e-01 -3.485884e-01
    outer loop
      vertex  -1.824597e-01  2.474970e-01  3.275554e-01
      vertex  -1.792696e-01  2.485239e-01  3.342259e-01
      vertex  -1.825228e-01  2.422311e-01  3.332503e-01
    endloop
  endfacet
  facet normal -8.105651e-01  4.139356e-01  4.142964e-01
    outer loop
      vertex  -1.827545e-01  2.422987e-01  3.271729e-01
      vertex  -1.846851e-01  2.415764e-01  3.241174e-01
      vertex  -1.813664e-01  2.384538e-01  3.337303e-01
    endloop
  endfacet
  facet normal  9.363515e-01  2.561630e-01 -2.400548e-01
    outer loop
      vertex  -1.846851e-01  2.415764e-01  3.241174e-01
      vertex  -1.825228e-01  2.422311e-01  3.332503e-01
      vertex  -1.813664e-01  2.384538e-01  3.337303e-01
    endloop
  endfacet
  facet normal  9.292284e-01 -2.556145e-01 -2.668254e-01
    outer loop
      vertex  -1.833577e-01  2.341886e-01  3.308812e-01
      vertex  -1.839334e-01  2.361764e-01  3.269721e-01
      vertex  -1.813664e-01  2.384538e-01  3.337303e-01
    endloop
  endfacet
  facet normal  8.059974e-01  5.827210e-01 -1.039441e-01
    outer loop
      vertex  -1.769414e-01  2.266082e-01  3.381378e-01
      vertex  -1.824462e-01  2.324722e-01  3.283271e-01
      vertex  -1.833577e-01  2.341886e-01  3.308812e-01
    endloop
  endfacet
  facet normal -5.187883e-01  5.259733e-01 -6.739516e-01
    outer loop
      vertex  -1.554858e-01  2.237927e-01  3.358349e-01
      vertex  -1.650535e-01  2.276390e-01  3.462015e-01
      vertex  -1.637006e-01  2.373049e-01  3.527036e-01
    endloop
  endfacet
  facet normal -6.894192e-01  6.350609e-01 -3.484235e-01
    outer loop
      vertex  -1.462384e-01  2.332926e-01  3.269766e-01
      vertex  -1.568166e-01  2.217703e-01  3.269063e-01
      vertex  -1.516927e-01  2.360080e-01  3.427183e-01
    endloop
  endfacet
  facet normal -5.041049e-01  5.374768e-01 -6.760155e-01
    outer loop
      vertex  -1.637006e-01  2.373049e-01  3.527036e-01
      vertex  -1.516927e-01  2.360080e-01  3.427183e-01
      vertex  -1.554858e-01  2.237927e-01  3.358349e-01
    endloop
  endfacet
  facet normal -6.419615e-01 -5.647271e-02 -7.646544e-01
    outer loop
      vertex  -1.508963e-01  2.462110e-01  3.412961e-01
      vertex  -1.516927e-01  2.360080e-01  3.427183e-01
      vertex  -1.637006e-01  2.373049e-01  3.527036e-01
    endloop
  endfacet
  facet normal  9.250163e-01 -2.297679e-01 -3.025747e-01
    outer loop
      vertex  -1.813664e-01  2.384538e-01  3.337303e-01
      vertex  -1.782775e-01  2.382931e-01  3.432955e-01
      vertex  -1.833577e-01  2.341886e-01  3.308812e-01
    endloop
  endfacet
  facet normal  5.147016e-01 -7.686764e-01 -3.797615e-01
    outer loop
      vertex  -1.687412e-01  2.520705e-01  3.419985e-01
      vertex  -1.756424e-01  2.470391e-01  3.428292e-01
      vertex  -1.717749e-01  2.567108e-01  3.284945e-01
    endloop
  endfacet
  facet normal  5.479395e-01 -7.545028e-01 -3.612311e-01
    outer loop
      vertex  -1.756424e-01  2.470391e-01  3.428292e-01
      vertex  -1.792696e-01  2.485239e-01  3.342259e-01
      vertex  -1.717749e-01  2.567108e-01  3.284945e-01
    endloop
  endfacet
  facet normal  4.763388e-01  4.438915e-01 -7.589873e-01
    outer loop
      vertex  -1.650535e-01  2.276390e-01  3.462015e-01
      vertex  -1.769414e-01  2.266082e-01  3.381378e-01
      vertex  -1.637006e-01  2.373049e-01  3.527036e-01
    endloop
  endfacet
  facet normal -2.779798e-01 -5.805750e-01 -7.652841e-01
    outer loop
      vertex  -1.649739e-01  2.494753e-01  3.439332e-01
      vertex  -1.508963e-01  2.462110e-01  3.412961e-01
      vertex  -1.637006e-01  2.373049e-01  3.527036e-01
    endloop
  endfacet
  facet normal  2.103268e-01 -5.569890e-01 -8.034463e-01
    outer loop
      vertex  -1.637006e-01  2.373049e-01  3.527036e-01
      vertex  -1.756424e-01  2.470391e-01  3.428292e-01
      vertex  -1.649739e-01  2.494753e-01  3.439332e-01
    endloop
  endfacet
  facet normal  1.844440e-01 -4.011307e-01 -8.972595e-01
    outer loop
      vertex  -1.756424e-01  2.470391e-01  3.428292e-01
      vertex  -1.687412e-01  2.520705e-01  3.419985e-01
      vertex  -1.649739e-01  2.494753e-01  3.439332e-01
    endloop
  endfacet
  facet normal  5.215020e-01 -2.013278e-01 -8.291579e-01
    outer loop
      vertex  -1.756424e-01  2.470391e-01  3.428292e-01
      vertex  -1.637006e-01  2.373049e-01  3.527036e-01
      vertex  -1.782775e-01  2.382931e-01  3.432955e-01
    endloop
  endfacet
  facet normal -2.644615e-01 -4.525121e-01 -8.516413e-01
    outer loop
      vertex  -1.649739e-01  2.494753e-01  3.439332e-01
      vertex  -1.596150e-01  2.531128e-01  3.403364e-01
      vertex  -1.508963e-01  2.462110e-01  3.412961e-01
    endloop
  endfacet
  facet normal  8.471988e-01  2.926006e-01 -4.434401e-01
    outer loop
      vertex  -1.833577e-01  2.341886e-01  3.308812e-01
      vertex  -1.782775e-01  2.382931e-01  3.432955e-01
      vertex  -1.769414e-01  2.266082e-01  3.381378e-01
    endloop
  endfacet
  facet normal  5.170418e-01  3.944309e-01 -7.596657e-01
    outer loop
      vertex  -1.782775e-01  2.382931e-01  3.432955e-01
      vertex  -1.637006e-01  2.373049e-01  3.527036e-01
      vertex  -1.769414e-01  2.266082e-01  3.381378e-01
    endloop
  endfacet
  facet normal  8.330507e-01 -3.664042e-01 -4.144569e-01
    outer loop
      vertex  -1.792696e-01  2.485239e-01  3.342259e-01
      vertex  -1.756424e-01  2.470391e-01  3.428292e-01
      vertex  -1.825228e-01  2.422311e-01  3.332503e-01
    endloop
  endfacet
  facet normal  8.408418e-01 -2.780961e-01 -4.643787e-01
    outer loop
      vertex  -1.825228e-01  2.422311e-01  3.332503e-01
      vertex  -1.756424e-01  2.470391e-01  3.428292e-01
      vertex  -1.782775e-01  2.382931e-01  3.432955e-01
    endloop
  endfacet
  facet normal  5.451905e-01  8.371813e-01 -4.352933e-02
    outer loop
      vertex  -1.705691e-01  2.218753e-01  3.269232e-01
      vertex  -1.815587e-01  2.290284e-01  3.268529e-01
      vertex  -1.769414e-01  2.266082e-01  3.381378e-01
    endloop
  endfacet
  facet normal -9.642290e-01  2.503850e-01  8.700407e-02
    outer loop
      vertex  -1.516927e-01  2.360080e-01  3.427183e-01
      vertex  -1.568166e-01  2.217703e-01  3.269063e-01
      vertex  -1.554858e-01  2.237927e-01  3.358349e-01
    endloop
  endfacet
  facet normal -5.744622e-01 -7.658649e-01 -2.888668e-01
    outer loop
      vertex  -1.596150e-01  2.531128e-01  3.403364e-01
      vertex  -1.575601e-01  2.566231e-01  3.269430e-01
      vertex  -1.508963e-01  2.462110e-01  3.412961e-01
    endloop
  endfacet
  facet normal -8.273911e-01 -5.611575e-01 -2.293834e-02
    outer loop
      vertex  -1.508963e-01  2.462110e-01  3.412961e-01
      vertex  -1.575601e-01  2.566231e-01  3.269430e-01
      vertex  -1.485503e-01  2.433373e-01  3.269761e-01
    endloop
  endfacet
  facet normal  4.889033e-01 -1.232264e-01  8.635907e-01
    outer loop
      vertex  -1.552114e-01  2.296098e-01  3.461098e-01
      vertex  -1.566740e-01  2.439865e-01  3.489893e-01
      vertex  -1.663818e-01  2.387912e-01  3.537439e-01
    endloop
  endfacet
  facet normal -8.896130e-01 -4.383443e-01 -1.282301e-01
    outer loop
      vertex  -1.820707e-01  2.285484e-01  3.320459e-01
      vertex  -1.815587e-01  2.290284e-01  3.268529e-01
      vertex  -1.758517e-01  2.213275e-01  3.135841e-01
    endloop
  endfacet
  facet normal -9.582497e-01 -1.713978e-01  2.288671e-01
    outer loop
      vertex  -1.820707e-01  2.285484e-01  3.320459e-01
      vertex  -1.833577e-01  2.341886e-01  3.308812e-01
      vertex  -1.838978e-01  2.319971e-01  3.269789e-01
    endloop
  endfacet
  facet normal -9.330195e-01 -3.452263e-01  1.014567e-01
    outer loop
      vertex  -1.820707e-01  2.285484e-01  3.320459e-01
      vertex  -1.838978e-01  2.319971e-01  3.269789e-01
      vertex  -1.828770e-01  2.294712e-01  3.277718e-01
    endloop
  endfacet
  facet normal -9.571273e-01 -1.699660e-01  2.345611e-01
    outer loop
      vertex  -1.806917e-01  2.357549e-01  3.428952e-01
      vertex  -1.833577e-01  2.341886e-01  3.308812e-01
      vertex  -1.820707e-01  2.285484e-01  3.320459e-01
    endloop
  endfacet
  facet normal  8.989891e-01 -3.224672e-01 -2.963672e-01
    outer loop
      vertex  -1.843985e-01  2.350311e-01  3.268075e-01
      vertex  -1.839334e-01  2.361764e-01  3.269721e-01
      vertex  -1.833577e-01  2.341886e-01  3.308812e-01
    endloop
  endfacet
  facet normal -8.827428e-01 -4.508493e-01  1.322884e-01
    outer loop
      vertex  -1.843985e-01  2.350311e-01  3.268075e-01
      vertex  -1.833577e-01  2.341886e-01  3.308812e-01
      vertex  -1.856592e-01  2.371190e-01  3.255111e-01
    endloop
  endfacet
  facet normal -9.354728e-01 -1.402308e-01  3.243856e-01
    outer loop
      vertex  -1.856592e-01  2.371190e-01  3.255111e-01
      vertex  -1.833577e-01  2.341886e-01  3.308812e-01
      vertex  -1.826346e-01  2.452610e-01  3.377532e-01
    endloop
  endfacet
  facet normal -9.712306e-01 -7.652920e-02  2.255091e-01
    outer loop
      vertex  -1.826346e-01  2.452610e-01  3.377532e-01
      vertex  -1.833577e-01  2.341886e-01  3.308812e-01
      vertex  -1.806917e-01  2.357549e-01  3.428952e-01
    endloop
  endfacet
  facet normal -9.790244e-01 -2.972363e-02  2.015635e-01
    outer loop
      vertex  -1.832319e-01  2.465405e-01  3.319076e-01
      vertex  -1.846851e-01  2.415764e-01  3.241174e-01
      vertex  -1.839334e-01  2.361764e-01  3.269721e-01
    endloop
  endfacet
  facet normal -9.942876e-01  1.712745e-02  1.053509e-01
    outer loop
      vertex  -1.832319e-01  2.465405e-01  3.319076e-01
      vertex  -1.839334e-01  2.361764e-01  3.269721e-01
      vertex  -1.826346e-01  2.452610e-01  3.377532e-01
    endloop
  endfacet
  facet normal -8.279552e-01  5.602899e-01 -2.377734e-02
    outer loop
      vertex  -1.832319e-01  2.465405e-01  3.319076e-01
      vertex  -1.824597e-01  2.474970e-01  3.275554e-01
      vertex  -1.836190e-01  2.452279e-01  3.144529e-01
    endloop
  endfacet
  facet normal -3.077566e-01  9.317288e-01  1.927883e-01
    outer loop
      vertex  -1.689133e-01  2.586905e-01  3.211239e-01
      vertex  -1.683557e-01  2.568034e-01  3.311343e-01
      vertex  -1.627757e-01  2.595445e-01  3.267944e-01
    endloop
  endfacet
  facet normal -2.073958e-01  9.591565e-01  1.923690e-01
    outer loop
      vertex  -1.765267e-01  2.553211e-01  3.297159e-01
      vertex  -1.683557e-01  2.568034e-01  3.311343e-01
      vertex  -1.689133e-01  2.586905e-01  3.211239e-01
    endloop
  endfacet
  facet normal -2.210187e-01  9.262864e-01  3.051954e-01
    outer loop
      vertex  -1.683557e-01  2.568034e-01  3.311343e-01
      vertex  -1.765267e-01  2.553211e-01  3.297159e-01
      vertex  -1.692907e-01  2.518294e-01  3.455537e-01
    endloop
  endfacet
  facet normal  1.633254e-01  6.043354e-01  7.798100e-01
    outer loop
      vertex  -1.566740e-01  2.439865e-01  3.489893e-01
      vertex  -1.616103e-01  2.530140e-01  3.430270e-01
      vertex  -1.692907e-01  2.518294e-01  3.455537e-01
    endloop
  endfacet
  facet normal -2.901570e-01 -9.446528e-01  1.531015e-01
    outer loop
      vertex  -1.686821e-01  2.183758e-01  3.215440e-01
      vertex  -1.639897e-01  2.185471e-01  3.314938e-01
      vertex  -1.707656e-01  2.222159e-01  3.412887e-01
    endloop
  endfacet
  facet normal  1.790589e-02 -9.998012e-01  8.766527e-03
    outer loop
      vertex  -1.612774e-01  2.184990e-01  3.204598e-01
      vertex  -1.639897e-01  2.185471e-01  3.314938e-01
      vertex  -1.686821e-01  2.183758e-01  3.215440e-01
    endloop
  endfacet
  facet normal -4.864310e-01 -8.658413e-01  1.170628e-01
    outer loop
      vertex  -1.686821e-01  2.183758e-01  3.215440e-01
      vertex  -1.707656e-01  2.222159e-01  3.412887e-01
      vertex  -1.758517e-01  2.213275e-01  3.135841e-01
    endloop
  endfacet
  facet normal -5.630887e-01 -8.161799e-01  1.295434e-01
    outer loop
      vertex  -1.707656e-01  2.222159e-01  3.412887e-01
      vertex  -1.820707e-01  2.285484e-01  3.320459e-01
      vertex  -1.758517e-01  2.213275e-01  3.135841e-01
    endloop
  endfacet
  facet normal  8.696080e-01 -4.716229e-01  1.461296e-01
    outer loop
      vertex  -1.455186e-01  2.363262e-01  3.324840e-01
      vertex  -1.468443e-01  2.357108e-01  3.383870e-01
      vertex  -1.462384e-01  2.332926e-01  3.269766e-01
    endloop
  endfacet
  facet normal  8.955031e-01 -4.233553e-01  1.372750e-01
    outer loop
      vertex  -1.462384e-01  2.332926e-01  3.269766e-01
      vertex  -1.468443e-01  2.357108e-01  3.383870e-01
      vertex  -1.515465e-01  2.234309e-01  3.311902e-01
    endloop
  endfacet
  facet normal  3.657239e-01 -9.259703e-01  9.394190e-02
    outer loop
      vertex  -1.515465e-01  2.234309e-01  3.311902e-01
      vertex  -1.639897e-01  2.185471e-01  3.314938e-01
      vertex  -1.612774e-01  2.184990e-01  3.204598e-01
    endloop
  endfacet
  facet normal -7.499548e-01  6.260312e-01  2.136649e-01
    outer loop
      vertex  -1.832319e-01  2.465405e-01  3.319076e-01
      vertex  -1.826346e-01  2.452610e-01  3.377532e-01
      vertex  -1.765267e-01  2.553211e-01  3.297159e-01
    endloop
  endfacet
  facet normal  3.604958e-01  8.740309e-01  3.257495e-01
    outer loop
      vertex  -1.616103e-01  2.530140e-01  3.430270e-01
      vertex  -1.498351e-01  2.509299e-01  3.355877e-01
      vertex  -1.627757e-01  2.595445e-01  3.267944e-01
    endloop
  endfacet
  facet normal  8.930233e-01  2.449275e-01  3.775183e-01
    outer loop
      vertex  -1.498351e-01  2.509299e-01  3.355877e-01
      vertex  -1.468443e-01  2.357108e-01  3.383870e-01
      vertex  -1.451058e-01  2.418489e-01  3.302923e-01
    endloop
  endfacet
  facet normal  9.752674e-01  1.462178e-02  2.205441e-01
    outer loop
      vertex  -1.451058e-01  2.418489e-01  3.302923e-01
      vertex  -1.468443e-01  2.357108e-01  3.383870e-01
      vertex  -1.455186e-01  2.363262e-01  3.324840e-01
    endloop
  endfacet
  facet normal  7.518617e-01 -5.231048e-01  4.013295e-01
    outer loop
      vertex  -1.468443e-01  2.357108e-01  3.383870e-01
      vertex  -1.552114e-01  2.296098e-01  3.461098e-01
      vertex  -1.515465e-01  2.234309e-01  3.311902e-01
    endloop
  endfacet
  facet normal  3.531218e-01 -8.305407e-01  4.307054e-01
    outer loop
      vertex  -1.552114e-01  2.296098e-01  3.461098e-01
      vertex  -1.636576e-01  2.262555e-01  3.465663e-01
      vertex  -1.515465e-01  2.234309e-01  3.311902e-01
    endloop
  endfacet
  facet normal  3.400984e-01 -8.402686e-01  4.222343e-01
    outer loop
      vertex  -1.515465e-01  2.234309e-01  3.311902e-01
      vertex  -1.636576e-01  2.262555e-01  3.465663e-01
      vertex  -1.639897e-01  2.185471e-01  3.314938e-01
    endloop
  endfacet
  facet normal -6.893863e-01 -5.599483e-01  4.595699e-01
    outer loop
      vertex  -1.707656e-01  2.222159e-01  3.412887e-01
      vertex  -1.806917e-01  2.357549e-01  3.428952e-01
      vertex  -1.820707e-01  2.285484e-01  3.320459e-01
    endloop
  endfacet
  facet normal -5.865595e-01  6.921403e-01  4.205826e-01
    outer loop
      vertex  -1.826346e-01  2.452610e-01  3.377532e-01
      vertex  -1.692907e-01  2.518294e-01  3.455537e-01
      vertex  -1.765267e-01  2.553211e-01  3.297159e-01
    endloop
  endfacet
  facet normal  4.844585e-01  6.509202e-01  5.844679e-01
    outer loop
      vertex  -1.616103e-01  2.530140e-01  3.430270e-01
      vertex  -1.566740e-01  2.439865e-01  3.489893e-01
      vertex  -1.498351e-01  2.509299e-01  3.355877e-01
    endloop
  endfacet
  facet normal  8.004352e-01  2.569072e-01  5.415738e-01
    outer loop
      vertex  -1.498351e-01  2.509299e-01  3.355877e-01
      vertex  -1.566740e-01  2.439865e-01  3.489893e-01
      vertex  -1.468443e-01  2.357108e-01  3.383870e-01
    endloop
  endfacet
  facet normal  7.036802e-01 -7.002553e-02  7.070578e-01
    outer loop
      vertex  -1.566740e-01  2.439865e-01  3.489893e-01
      vertex  -1.552114e-01  2.296098e-01  3.461098e-01
      vertex  -1.468443e-01  2.357108e-01  3.383870e-01
    endloop
  endfacet
  facet normal -5.853419e-01  2.899297e-01  7.571762e-01
    outer loop
      vertex  -1.806917e-01  2.357549e-01  3.428952e-01
      vertex  -1.692907e-01  2.518294e-01  3.455537e-01
      vertex  -1.826346e-01  2.452610e-01  3.377532e-01
    endloop
  endfacet
  facet normal -6.148049e-01  3.165866e-01  7.223489e-01
    outer loop
      vertex  -1.806917e-01  2.357549e-01  3.428952e-01
      vertex  -1.663818e-01  2.387912e-01  3.537439e-01
      vertex  -1.692907e-01  2.518294e-01  3.455537e-01
    endloop
  endfacet
  facet normal  1.138362e-01  5.465548e-01  8.296500e-01
    outer loop
      vertex  -1.692907e-01  2.518294e-01  3.455537e-01
      vertex  -1.663818e-01  2.387912e-01  3.537439e-01
      vertex  -1.566740e-01  2.439865e-01  3.489893e-01
    endloop
  endfacet
  facet normal  2.243414e-01 -4.470440e-01  8.659230e-01
    outer loop
      vertex  -1.552114e-01  2.296098e-01  3.461098e-01
      vertex  -1.663818e-01  2.387912e-01  3.537439e-01
      vertex  -1.636576e-01  2.262555e-01  3.465663e-01
    endloop
  endfacet
  facet normal -2.968006e-01 -5.222510e-01  7.994769e-01
    outer loop
      vertex  -1.636576e-01  2.262555e-01  3.465663e-01
      vertex  -1.663818e-01  2.387912e-01  3.537439e-01
      vertex  -1.707656e-01  2.222159e-01  3.412887e-01
    endloop
  endfacet
  facet normal -4.804367e-01 -4.421017e-01  7.574475e-01
    outer loop
      vertex  -1.707656e-01  2.222159e-01  3.412887e-01
      vertex  -1.663818e-01  2.387912e-01  3.537439e-01
      vertex  -1.806917e-01  2.357549e-01  3.428952e-01
    endloop
  endfacet
  facet normal  1.297796e-01  9.627024e-01 -2.374054e-01
    outer loop
      vertex  -1.568166e-01  2.217703e-01  3.269063e-01
      vertex  -1.650535e-01  2.276390e-01  3.462015e-01
      vertex  -1.554858e-01  2.237927e-01  3.358349e-01
    endloop
  endfacet
  facet normal  7.152825e-01  6.524154e-01  2.504498e-01
    outer loop
      vertex  -1.639897e-01  2.185471e-01  3.314938e-01
      vertex  -1.680454e-01  2.232625e-01  3.307935e-01
      vertex  -1.707656e-01  2.222159e-01  3.412887e-01
    endloop
  endfacet
  facet normal -1.541726e-01  9.127615e-01  3.782820e-01
    outer loop
      vertex  -1.627757e-01  2.595445e-01  3.267944e-01
      vertex  -1.683557e-01  2.568034e-01  3.311343e-01
      vertex  -1.616103e-01  2.530140e-01  3.430270e-01
    endloop
  endfacet
  facet normal -2.895244e-01 -9.233379e-01 -2.522353e-01
    outer loop
      vertex  -1.687412e-01  2.520705e-01  3.419985e-01
      vertex  -1.717749e-01  2.567108e-01  3.284945e-01
      vertex  -1.699908e-01  2.565964e-01  3.268653e-01
    endloop
  endfacet
  facet normal  1.351164e-01  9.380389e-01 -3.191029e-01
    outer loop
      vertex  -1.769414e-01  2.266082e-01  3.381378e-01
      vertex  -1.650535e-01  2.276390e-01  3.462015e-01
      vertex  -1.705691e-01  2.218753e-01  3.269232e-01
    endloop
  endfacet
  facet normal -9.816921e-01  1.730990e-01 -7.948188e-02
    outer loop
      vertex  -1.639897e-01  2.185471e-01  3.314938e-01
      vertex  -1.627160e-01  2.254284e-01  3.307489e-01
      vertex  -1.629760e-01  2.226650e-01  3.279421e-01
    endloop
  endfacet
  facet normal  2.882077e-01 -6.955649e-01  6.581229e-01
    outer loop
      vertex  -1.629760e-01  2.226650e-01  3.279421e-01
      vertex  -1.627160e-01  2.254284e-01  3.307489e-01
      vertex  -1.680454e-01  2.232625e-01  3.307935e-01
    endloop
  endfacet
  facet normal  6.083775e-02 -3.721141e-01 -9.261910e-01
    outer loop
      vertex  -1.455186e-01  2.363262e-01  3.324840e-01
      vertex  -1.509546e-01  2.362796e-01  3.321457e-01
      vertex  -1.451058e-01  2.418489e-01  3.302923e-01
    endloop
  endfacet
  facet normal  3.822508e-01 -6.272485e-01 -6.785600e-01
    outer loop
      vertex  -1.509546e-01  2.362796e-01  3.321457e-01
      vertex  -1.485503e-01  2.433373e-01  3.269761e-01
      vertex  -1.451058e-01  2.418489e-01  3.302923e-01
    endloop
  endfacet
  facet normal  2.267707e-02  8.744326e-01 -4.846167e-01
    outer loop
      vertex  -1.509546e-01  2.362796e-01  3.321457e-01
      vertex  -1.455186e-01  2.363262e-01  3.324840e-01
      vertex  -1.462384e-01  2.332926e-01  3.269766e-01
    endloop
  endfacet
  facet normal  9.237074e-01  2.454154e-01 -2.941698e-01
    outer loop
      vertex  -1.813664e-01  2.384538e-01  3.337303e-01
      vertex  -1.825228e-01  2.422311e-01  3.332503e-01
      vertex  -1.782775e-01  2.382931e-01  3.432955e-01
    endloop
  endfacet
  facet normal -9.716181e-01 -2.247089e-01  7.392021e-02
    outer loop
      vertex  -1.813664e-01  2.384538e-01  3.337303e-01
      vertex  -1.826346e-01  2.452610e-01  3.377532e-01
      vertex  -1.827545e-01  2.422987e-01  3.271729e-01
    endloop
  endfacet
  facet normal  9.808278e-01 -1.902614e-01  4.215985e-02
    outer loop
      vertex  -1.826346e-01  2.452610e-01  3.377532e-01
      vertex  -1.839334e-01  2.361764e-01  3.269721e-01
      vertex  -1.827545e-01  2.422987e-01  3.271729e-01
    endloop
  endfacet
  facet normal  6.909592e-01  5.638011e-01 -4.524420e-01
    outer loop
      vertex  -1.839334e-01  2.361764e-01  3.269721e-01
      vertex  -1.856592e-01  2.371190e-01  3.255111e-01
      vertex  -1.813664e-01  2.384538e-01  3.337303e-01
    endloop
  endfacet
  facet normal  7.730493e-01  4.232561e-01 -4.724924e-01
    outer loop
      vertex  -1.826346e-01  2.452610e-01  3.377532e-01
      vertex  -1.813664e-01  2.384538e-01  3.337303e-01
      vertex  -1.856592e-01  2.371190e-01  3.255111e-01
    endloop
  endfacet
  facet normal -9.631451e-01  1.853016e-01 -1.949741e-01
    outer loop
      vertex  -1.508963e-01  2.462110e-01  3.412961e-01
      vertex  -1.485503e-01  2.433373e-01  3.269761e-01
      vertex  -1.509546e-01  2.362796e-01  3.321457e-01
    endloop
  endfacet
  facet normal -5.812319e-01 -8.114164e-01 -6.142361e-02
    outer loop
      vertex  -1.516927e-01  2.360080e-01  3.427183e-01
      vertex  -1.509546e-01  2.362796e-01  3.321457e-01
      vertex  -1.462384e-01  2.332926e-01  3.269766e-01
    endloop
  endfacet
  facet normal -9.953656e-01  6.825767e-02 -6.773590e-02
    outer loop
      vertex  -1.516927e-01  2.360080e-01  3.427183e-01
      vertex  -1.508963e-01  2.462110e-01  3.412961e-01
      vertex  -1.509546e-01  2.362796e-01  3.321457e-01
    endloop
  endfacet
  facet normal -4.925723e-01  8.642117e-01  1.025218e-01
    outer loop
      vertex  -1.824597e-01  2.474970e-01  3.275554e-01
      vertex  -1.832319e-01  2.465405e-01  3.319076e-01
      vertex  -1.792696e-01  2.485239e-01  3.342259e-01
    endloop
  endfacet
  facet normal  6.064537e-01 -5.948197e-01 -5.276395e-01
    outer loop
      vertex  -1.832319e-01  2.465405e-01  3.319076e-01
      vertex  -1.765267e-01  2.553211e-01  3.297159e-01
      vertex  -1.792696e-01  2.485239e-01  3.342259e-01
    endloop
  endfacet
  facet normal -9.878255e-01 -1.513501e-01  3.597324e-02
    outer loop
      vertex  -1.825228e-01  2.422311e-01  3.332503e-01
      vertex  -1.832319e-01  2.465405e-01  3.319076e-01
      vertex  -1.827545e-01  2.422987e-01  3.271729e-01
    endloop
  endfacet
  facet normal -9.884107e-01 -1.481609e-01  3.305703e-02
    outer loop
      vertex  -1.832319e-01  2.465405e-01  3.319076e-01
      vertex  -1.836190e-01  2.452279e-01  3.144529e-01
      vertex  -1.827545e-01  2.422987e-01  3.271729e-01
    endloop
  endfacet
  facet normal  9.680955e-01  8.597539e-02 -2.353703e-01
    outer loop
      vertex  -1.846851e-01  2.415764e-01  3.241174e-01
      vertex  -1.832319e-01  2.465405e-01  3.319076e-01
      vertex  -1.825228e-01  2.422311e-01  3.332503e-01
    endloop
  endfacet
  facet normal  5.045968e-01 -2.266050e-01  8.330860e-01
    outer loop
      vertex  -1.828770e-01  2.294712e-01  3.277718e-01
      vertex  -1.815587e-01  2.290284e-01  3.268529e-01
      vertex  -1.824462e-01  2.324722e-01  3.283271e-01
    endloop
  endfacet
  facet normal  9.733474e-01 -1.016859e-01 -2.055600e-01
    outer loop
      vertex  -1.828770e-01  2.294712e-01  3.277718e-01
      vertex  -1.824462e-01  2.324722e-01  3.283271e-01
      vertex  -1.820707e-01  2.285484e-01  3.320459e-01
    endloop
  endfacet
  facet normal  5.453172e-01 -5.485275e-01 -6.338349e-01
    outer loop
      vertex  -1.824462e-01  2.324722e-01  3.283271e-01
      vertex  -1.769414e-01  2.266082e-01  3.381378e-01
      vertex  -1.820707e-01  2.285484e-01  3.320459e-01
    endloop
  endfacet
  facet normal  2.321930e-01  9.661769e-01  1.121992e-01
    outer loop
      vertex  -1.815587e-01  2.290284e-01  3.268529e-01
      vertex  -1.820707e-01  2.285484e-01  3.320459e-01
      vertex  -1.769414e-01  2.266082e-01  3.381378e-01
    endloop
  endfacet
  facet normal  1.884009e-01  8.449366e-01 -5.005869e-01
    outer loop
      vertex  -1.833577e-01  2.341886e-01  3.308812e-01
      vertex  -1.824462e-01  2.324722e-01  3.283271e-01
      vertex  -1.838978e-01  2.319971e-01  3.269789e-01
    endloop
  endfacet
endsolid vcg
