solid STL generated by MeshLab
  facet normal -8.201862e-01  1.993846e-01 -5.362279e-01
    outer loop
      vertex   4.086027e-02  1.574918e-01  3.869851e-01
      vertex   4.499000e-02  1.574918e-01  3.806685e-01
      vertex   4.310568e-02  1.479668e-01  3.800090e-01
    endloop
  endfacet
  facet normal -8.925873e-01 -4.497055e-01 -3.244881e-02
    outer loop
      vertex   2.907926e-02  1.574918e-01  3.942875e-01
      vertex   3.389215e-02  1.479668e-01  3.939029e-01
      vertex   2.911056e-02  1.571707e-01  3.978759e-01
    endloop
  endfacet
  facet normal -6.680741e-01 -4.876626e-01  5.620161e-01
    outer loop
      vertex   3.361531e-02  1.574918e-01  4.159437e-01
      vertex   3.531038e-02  1.479668e-01  4.096939e-01
      vertex   4.273859e-02  1.479668e-01  4.185238e-01
    endloop
  endfacet
  facet normal  8.481159e-01  1.452031e-01  5.095248e-01
    outer loop
      vertex   5.745037e-02  1.574918e-01  4.150914e-01
      vertex   5.327882e-02  1.574918e-01  4.220350e-01
      vertex   5.519507e-02  1.479668e-01  4.215598e-01
    endloop
  endfacet
  facet normal -3.925646e-09 -1.000000e+00 -4.960437e-09
    outer loop
      vertex   6.362894e-02  1.479668e-01  4.148853e-01
      vertex   5.519507e-02  1.479668e-01  4.215598e-01
      vertex   5.256242e-02  1.479668e-01  4.039555e-01
    endloop
  endfacet
  facet normal -6.157376e-09 -1.000000e+00  1.657877e-09
    outer loop
      vertex   6.668156e-02  1.479668e-01  3.974877e-01
      vertex   6.929078e-02  1.479668e-01  4.071784e-01
      vertex   5.256242e-02  1.479668e-01  4.039555e-01
    endloop
  endfacet
  facet normal -5.114148e-09 -1.000000e+00 -3.757067e-09
    outer loop
      vertex   6.929078e-02  1.479668e-01  4.071784e-01
      vertex   6.362894e-02  1.479668e-01  4.148853e-01
      vertex   5.256242e-02  1.479668e-01  4.039555e-01
    endloop
  endfacet
  facet normal -1.797054e-08 -1.000000e+00  6.455489e-09
    outer loop
      vertex   5.206079e-02  1.479668e-01  3.976339e-01
      vertex   6.272256e-02  1.479668e-01  3.864667e-01
      vertex   6.668156e-02  1.479668e-01  3.974877e-01
    endloop
  endfacet
  facet normal -7.045373e-09 -1.000000e+00  1.688626e-08
    outer loop
      vertex   5.327617e-02  1.479668e-01  3.825255e-01
      vertex   6.272256e-02  1.479668e-01  3.864667e-01
      vertex   5.206079e-02  1.479668e-01  3.976339e-01
    endloop
  endfacet
  facet normal  9.518275e-08 -1.000000e+00 -8.007231e-08
    outer loop
      vertex   4.273859e-02  1.479668e-01  4.185238e-01
      vertex   3.531038e-02  1.479668e-01  4.096939e-01
      vertex   4.562423e-02  1.479668e-01  3.984288e-01
    endloop
  endfacet
  facet normal -1.639950e-07 -1.000000e+00 -1.172901e-07
    outer loop
      vertex   4.562423e-02  1.479668e-01  3.984288e-01
      vertex   5.256242e-02  1.479668e-01  4.039555e-01
      vertex   4.273859e-02  1.479668e-01  4.185238e-01
    endloop
  endfacet
  facet normal  1.403213e-09 -1.000000e+00 -5.757345e-09
    outer loop
      vertex   4.273859e-02  1.479668e-01  4.185238e-01
      vertex   5.256242e-02  1.479668e-01  4.039555e-01
      vertex   5.519507e-02  1.479668e-01  4.215598e-01
    endloop
  endfacet
  facet normal -1.828322e-08 -1.000000e+00 -2.481252e-08
    outer loop
      vertex   5.206079e-02  1.479668e-01  3.976339e-01
      vertex   6.668156e-02  1.479668e-01  3.974877e-01
      vertex   5.256242e-02  1.479668e-01  4.039555e-01
    endloop
  endfacet
  facet normal -8.979188e-01 -3.529608e-01 -2.629840e-01
    outer loop
      vertex   3.389215e-02  1.479668e-01  3.939029e-01
      vertex   3.139266e-02  1.479668e-01  4.024370e-01
      vertex   2.911056e-02  1.571707e-01  3.978759e-01
    endloop
  endfacet
  facet normal  1.442618e-07 -1.000000e+00  4.225166e-08
    outer loop
      vertex   4.562423e-02  1.479668e-01  3.984288e-01
      vertex   3.139266e-02  1.479668e-01  4.024370e-01
      vertex   3.389215e-02  1.479668e-01  3.939029e-01
    endloop
  endfacet
  facet normal  2.520325e-03 -9.999755e-01 -6.532744e-03
    outer loop
      vertex   4.562423e-02  1.479668e-01  3.984288e-01
      vertex   3.389215e-02  1.479668e-01  3.939029e-01
      vertex   3.395530e-02  1.480127e-01  3.868955e-01
    endloop
  endfacet
  facet normal -2.520405e-07 -1.000000e+00 -2.822060e-09
    outer loop
      vertex   5.206079e-02  1.479668e-01  3.976339e-01
      vertex   4.562423e-02  1.479668e-01  3.984288e-01
      vertex   5.327617e-02  1.479668e-01  3.825255e-01
    endloop
  endfacet
  facet normal -4.551790e-03 -9.999894e-01  6.224693e-04
    outer loop
      vertex   3.395530e-02  1.480127e-01  3.868955e-01
      vertex   4.310568e-02  1.479668e-01  3.800090e-01
      vertex   4.562423e-02  1.479668e-01  3.984288e-01
    endloop
  endfacet
  facet normal -2.618982e-08 -1.000000e+00  1.058469e-07
    outer loop
      vertex   4.562423e-02  1.479668e-01  3.984288e-01
      vertex   4.310568e-02  1.479668e-01  3.800090e-01
      vertex   5.327617e-02  1.479668e-01  3.825255e-01
    endloop
  endfacet
  facet normal  1.148928e-07 -1.000000e+00 -6.202654e-08
    outer loop
      vertex   3.531038e-02  1.479668e-01  4.096939e-01
      vertex   3.139266e-02  1.479668e-01  4.024370e-01
      vertex   4.562423e-02  1.479668e-01  3.984288e-01
    endloop
  endfacet
  facet normal -3.435437e-05  1.000000e+00 -1.293575e-05
    outer loop
      vertex   5.236661e-02  1.574913e-01  4.029681e-01
      vertex   6.382553e-02  1.574918e-01  4.098803e-01
      vertex   6.695236e-02  1.574918e-01  4.015761e-01
    endloop
  endfacet
  facet normal -3.100329e-04  9.999994e-01  1.036470e-03
    outer loop
      vertex   4.605207e-02  1.574930e-01  3.981389e-01
      vertex   2.907926e-02  1.574918e-01  3.942875e-01
      vertex   4.583246e-02  1.574918e-01  3.992938e-01
    endloop
  endfacet
  facet normal -6.231109e-05  1.000000e+00 -5.524777e-05
    outer loop
      vertex   3.414972e-02  1.574918e-01  3.885688e-01
      vertex   2.907926e-02  1.574918e-01  3.942875e-01
      vertex   4.605207e-02  1.574930e-01  3.981389e-01
    endloop
  endfacet
  facet normal  2.491729e-02  9.996843e-01  3.222662e-03
    outer loop
      vertex   6.369298e-02  1.572371e-01  3.855147e-01
      vertex   5.401801e-02  1.574918e-01  3.813103e-01
      vertex   5.187842e-02  1.574925e-01  3.976425e-01
    endloop
  endfacet
  facet normal -2.950726e-06  1.000000e+00  8.845042e-06
    outer loop
      vertex   4.583246e-02  1.574918e-01  3.992938e-01
      vertex   2.907926e-02  1.574918e-01  3.942875e-01
      vertex   4.535070e-02  1.574918e-01  4.010982e-01
    endloop
  endfacet
  facet normal -3.740643e-02  9.952959e-01  8.936959e-02
    outer loop
      vertex   2.907926e-02  1.574918e-01  3.942875e-01
      vertex   2.911056e-02  1.571707e-01  3.978759e-01
      vertex   4.535070e-02  1.574918e-01  4.010982e-01
    endloop
  endfacet
  facet normal -2.112833e-04  1.000000e+00 -6.930906e-05
    outer loop
      vertex   5.187842e-02  1.574925e-01  3.976425e-01
      vertex   5.401801e-02  1.574918e-01  3.813103e-01
      vertex   4.875349e-02  1.574918e-01  3.972814e-01
    endloop
  endfacet
  facet normal  2.522992e-02  9.996696e-01 -4.914735e-03
    outer loop
      vertex   5.334005e-02  1.578325e-01  4.010088e-01
      vertex   6.695236e-02  1.574918e-01  4.015761e-01
      vertex   6.523912e-02  1.574918e-01  3.927811e-01
    endloop
  endfacet
  facet normal  5.353435e-04  9.999999e-01  7.945437e-05
    outer loop
      vertex   4.657223e-02  1.574930e-01  4.044260e-01
      vertex   4.646362e-02  1.574918e-01  4.199390e-01
      vertex   4.872305e-02  1.574918e-01  4.047767e-01
    endloop
  endfacet
  facet normal -9.275256e-05  1.000000e+00  7.505710e-05
    outer loop
      vertex   4.657223e-02  1.574930e-01  4.044260e-01
      vertex   4.187571e-02  1.574918e-01  4.142694e-01
      vertex   4.646362e-02  1.574918e-01  4.199390e-01
    endloop
  endfacet
  facet normal -6.548322e-04  9.999996e-01 -6.346855e-04
    outer loop
      vertex   3.361531e-02  1.574918e-01  4.159437e-01
      vertex   4.657223e-02  1.574930e-01  4.044260e-01
      vertex   4.615476e-02  1.574921e-01  4.034632e-01
    endloop
  endfacet
  facet normal  3.535032e-04  9.999999e-01  5.235705e-05
    outer loop
      vertex   4.872305e-02  1.574918e-01  4.047767e-01
      vertex   4.646362e-02  1.574918e-01  4.199390e-01
      vertex   5.142673e-02  1.574908e-01  4.040446e-01
    endloop
  endfacet
  facet normal -1.178335e-02  9.994015e-01 -3.252406e-02
    outer loop
      vertex   5.187842e-02  1.574925e-01  3.976425e-01
      vertex   6.523912e-02  1.574918e-01  3.927811e-01
      vertex   6.369298e-02  1.572371e-01  3.855147e-01
    endloop
  endfacet
  facet normal  3.180286e-01  3.674231e-01  8.739898e-01
    outer loop
      vertex   5.187842e-02  1.574925e-01  3.976425e-01
      vertex   5.124526e-02  1.529991e-01  3.997619e-01
      vertex   6.523912e-02  1.574918e-01  3.927811e-01
    endloop
  endfacet
  facet normal -5.093235e-01  4.151917e-01 -7.537940e-01
    outer loop
      vertex   5.124526e-02  1.529991e-01  3.997619e-01
      vertex   5.334005e-02  1.578325e-01  4.010088e-01
      vertex   6.523912e-02  1.574918e-01  3.927811e-01
    endloop
  endfacet
  facet normal  1.712764e-02  9.835528e-01  1.798071e-01
    outer loop
      vertex   5.236661e-02  1.574913e-01  4.029681e-01
      vertex   6.695236e-02  1.574918e-01  4.015761e-01
      vertex   5.334005e-02  1.578325e-01  4.010088e-01
    endloop
  endfacet
  facet normal -4.720534e-05  1.000000e+00 -5.774961e-05
    outer loop
      vertex   6.382553e-02  1.574918e-01  4.098803e-01
      vertex   5.142673e-02  1.574908e-01  4.040446e-01
      vertex   5.745037e-02  1.574918e-01  4.150914e-01
    endloop
  endfacet
  facet normal -7.284969e-05  1.000000e+00 -4.376610e-05
    outer loop
      vertex   5.142673e-02  1.574908e-01  4.040446e-01
      vertex   5.327882e-02  1.574918e-01  4.220350e-01
      vertex   5.745037e-02  1.574918e-01  4.150914e-01
    endloop
  endfacet
  facet normal  2.677332e-05  1.000000e+00  1.320856e-04
    outer loop
      vertex   3.361531e-02  1.574918e-01  4.159437e-01
      vertex   4.187571e-02  1.574918e-01  4.142694e-01
      vertex   4.657223e-02  1.574930e-01  4.044260e-01
    endloop
  endfacet
  facet normal -1.268286e-02  9.992845e-01 -3.563187e-02
    outer loop
      vertex   2.911056e-02  1.571707e-01  3.978759e-01
      vertex   2.963909e-02  1.574918e-01  4.066910e-01
      vertex   4.535070e-02  1.574918e-01  4.010982e-01
    endloop
  endfacet
  facet normal -2.421947e-05  1.000000e+00 -1.026229e-04
    outer loop
      vertex   4.605207e-02  1.574930e-01  3.981389e-01
      vertex   4.086027e-02  1.574918e-01  3.869851e-01
      vertex   3.414972e-02  1.574918e-01  3.885688e-01
    endloop
  endfacet
  facet normal -2.332997e-08  1.000000e+00  3.281574e-07
    outer loop
      vertex   5.401801e-02  1.574918e-01  3.813103e-01
      vertex   4.499000e-02  1.574918e-01  3.806685e-01
      vertex   4.875349e-02  1.574918e-01  3.972814e-01
    endloop
  endfacet
  facet normal  1.628270e-05  1.000000e+00 -5.294220e-05
    outer loop
      vertex   4.646362e-02  1.574918e-01  4.199390e-01
      vertex   5.327882e-02  1.574918e-01  4.220350e-01
      vertex   5.142673e-02  1.574908e-01  4.040446e-01
    endloop
  endfacet
  facet normal  3.799595e-04  9.999999e-01 -2.907589e-04
    outer loop
      vertex   4.605207e-02  1.574930e-01  3.981389e-01
      vertex   4.875349e-02  1.574918e-01  3.972814e-01
      vertex   4.086027e-02  1.574918e-01  3.869851e-01
    endloop
  endfacet
  facet normal  3.667634e-07  1.000000e+00  2.397855e-07
    outer loop
      vertex   4.875349e-02  1.574918e-01  3.972814e-01
      vertex   4.499000e-02  1.574918e-01  3.806685e-01
      vertex   4.086027e-02  1.574918e-01  3.869851e-01
    endloop
  endfacet
  facet normal -1.620039e-05  1.000000e+00  6.961850e-06
    outer loop
      vertex   4.615476e-02  1.574921e-01  4.034632e-01
      vertex   2.963909e-02  1.574918e-01  4.066910e-01
      vertex   3.361531e-02  1.574918e-01  4.159437e-01
    endloop
  endfacet
  facet normal -3.988823e-05  1.000000e+00 -1.142436e-04
    outer loop
      vertex   4.615476e-02  1.574921e-01  4.034632e-01
      vertex   4.535070e-02  1.574918e-01  4.010982e-01
      vertex   2.963909e-02  1.574918e-01  4.066910e-01
    endloop
  endfacet
  facet normal -9.756467e-01 -2.091467e-01  6.611410e-02
    outer loop
      vertex   2.963909e-02  1.574918e-01  4.066910e-01
      vertex   2.911056e-02  1.571707e-01  3.978759e-01
      vertex   3.139266e-02  1.479668e-01  4.024370e-01
    endloop
  endfacet
  facet normal -2.923037e-01 -1.062240e-01  9.504078e-01
    outer loop
      vertex   5.327882e-02  1.574918e-01  4.220350e-01
      vertex   4.646362e-02  1.574918e-01  4.199390e-01
      vertex   5.519507e-02  1.479668e-01  4.215598e-01
    endloop
  endfacet
  facet normal -2.364774e-01 -5.167012e-02  9.702622e-01
    outer loop
      vertex   5.519507e-02  1.479668e-01  4.215598e-01
      vertex   4.646362e-02  1.574918e-01  4.199390e-01
      vertex   4.273859e-02  1.479668e-01  4.185238e-01
    endloop
  endfacet
  facet normal -7.606824e-01  2.060346e-01  6.155583e-01
    outer loop
      vertex   4.273859e-02  1.479668e-01  4.185238e-01
      vertex   4.646362e-02  1.574918e-01  4.199390e-01
      vertex   4.187571e-02  1.574918e-01  4.142694e-01
    endloop
  endfacet
  facet normal  1.807681e-01  4.147147e-01  8.918154e-01
    outer loop
      vertex   3.361531e-02  1.574918e-01  4.159437e-01
      vertex   4.273859e-02  1.479668e-01  4.185238e-01
      vertex   4.187571e-02  1.574918e-01  4.142694e-01
    endloop
  endfacet
  facet normal -8.241527e-01 -3.504413e-01  4.449306e-01
    outer loop
      vertex   2.963909e-02  1.574918e-01  4.066910e-01
      vertex   3.139266e-02  1.479668e-01  4.024370e-01
      vertex   3.531038e-02  1.479668e-01  4.096939e-01
    endloop
  endfacet
  facet normal -8.463005e-01 -3.892424e-01  3.636837e-01
    outer loop
      vertex   3.361531e-02  1.574918e-01  4.159437e-01
      vertex   2.963909e-02  1.574918e-01  4.066910e-01
      vertex   3.531038e-02  1.479668e-01  4.096939e-01
    endloop
  endfacet
  facet normal -2.261972e-01  1.738361e-01 -9.584445e-01
    outer loop
      vertex   3.395530e-02  1.480127e-01  3.868955e-01
      vertex   3.414972e-02  1.574918e-01  3.885688e-01
      vertex   4.086027e-02  1.574918e-01  3.869851e-01
    endloop
  endfacet
  facet normal -5.481702e-01  4.062258e-01 -7.310882e-01
    outer loop
      vertex   3.395530e-02  1.480127e-01  3.868955e-01
      vertex   4.086027e-02  1.574918e-01  3.869851e-01
      vertex   4.310568e-02  1.479668e-01  3.800090e-01
    endloop
  endfacet
  facet normal -7.059514e-01 -3.314318e-01 -6.259277e-01
    outer loop
      vertex   2.907926e-02  1.574918e-01  3.942875e-01
      vertex   3.414972e-02  1.574918e-01  3.885688e-01
      vertex   3.389215e-02  1.479668e-01  3.939029e-01
    endloop
  endfacet
  facet normal -9.997171e-01  2.206934e-02 -8.864650e-03
    outer loop
      vertex   3.389215e-02  1.479668e-01  3.939029e-01
      vertex   3.414972e-02  1.574918e-01  3.885688e-01
      vertex   3.395530e-02  1.480127e-01  3.868955e-01
    endloop
  endfacet
  facet normal  2.401413e-01  1.969343e-02 -9.705381e-01
    outer loop
      vertex   4.310568e-02  1.479668e-01  3.800090e-01
      vertex   4.499000e-02  1.574918e-01  3.806685e-01
      vertex   5.327617e-02  1.479668e-01  3.825255e-01
    endloop
  endfacet
  facet normal  7.029790e-02 -1.316214e-01 -9.888043e-01
    outer loop
      vertex   4.499000e-02  1.574918e-01  3.806685e-01
      vertex   5.401801e-02  1.574918e-01  3.813103e-01
      vertex   5.327617e-02  1.479668e-01  3.825255e-01
    endloop
  endfacet
  facet normal  3.910183e-01 -1.463771e-01 -9.086685e-01
    outer loop
      vertex   5.401801e-02  1.574918e-01  3.813103e-01
      vertex   6.369298e-02  1.572371e-01  3.855147e-01
      vertex   5.327617e-02  1.479668e-01  3.825255e-01
    endloop
  endfacet
  facet normal  3.815885e-01 -1.338728e-01 -9.145864e-01
    outer loop
      vertex   5.327617e-02  1.479668e-01  3.825255e-01
      vertex   6.369298e-02  1.572371e-01  3.855147e-01
      vertex   6.272256e-02  1.479668e-01  3.864667e-01
    endloop
  endfacet
  facet normal  9.716021e-01 -1.224986e-01 -2.024436e-01
    outer loop
      vertex   6.369298e-02  1.572371e-01  3.855147e-01
      vertex   6.523912e-02  1.574918e-01  3.927811e-01
      vertex   6.272256e-02  1.479668e-01  3.864667e-01
    endloop
  endfacet
  facet normal  9.408363e-01 -2.452459e-02 -3.379730e-01
    outer loop
      vertex   6.272256e-02  1.479668e-01  3.864667e-01
      vertex   6.523912e-02  1.574918e-01  3.927811e-01
      vertex   6.668156e-02  1.479668e-01  3.974877e-01
    endloop
  endfacet
  facet normal  9.801137e-01  5.408483e-02 -1.909240e-01
    outer loop
      vertex   6.668156e-02  1.479668e-01  3.974877e-01
      vertex   6.523912e-02  1.574918e-01  3.927811e-01
      vertex   6.695236e-02  1.574918e-01  4.015761e-01
    endloop
  endfacet
  facet normal  9.622108e-01  8.384655e-02 -2.590757e-01
    outer loop
      vertex   6.695236e-02  1.574918e-01  4.015761e-01
      vertex   6.929078e-02  1.479668e-01  4.071784e-01
      vertex   6.668156e-02  1.479668e-01  3.974877e-01
    endloop
  endfacet
  facet normal  5.888704e-01  3.663961e-01  7.204065e-01
    outer loop
      vertex   6.362894e-02  1.479668e-01  4.148853e-01
      vertex   6.382553e-02  1.574918e-01  4.098803e-01
      vertex   5.745037e-02  1.574918e-01  4.150914e-01
    endloop
  endfacet
  facet normal  5.790189e-01  3.597625e-01  7.316475e-01
    outer loop
      vertex   6.362894e-02  1.479668e-01  4.148853e-01
      vertex   5.745037e-02  1.574918e-01  4.150914e-01
      vertex   5.519507e-02  1.479668e-01  4.215598e-01
    endloop
  endfacet
  facet normal  8.575422e-01  4.004478e-01  3.228979e-01
    outer loop
      vertex   6.929078e-02  1.479668e-01  4.071784e-01
      vertex   6.695236e-02  1.574918e-01  4.015761e-01
      vertex   6.382553e-02  1.574918e-01  4.098803e-01
    endloop
  endfacet
  facet normal  7.730808e-01  2.824769e-01  5.679374e-01
    outer loop
      vertex   6.929078e-02  1.479668e-01  4.071784e-01
      vertex   6.382553e-02  1.574918e-01  4.098803e-01
      vertex   6.362894e-02  1.479668e-01  4.148853e-01
    endloop
  endfacet
  facet normal  4.251005e-01  5.914243e-02 -9.032119e-01
    outer loop
      vertex   6.382553e-02  1.574918e-01  4.098803e-01
      vertex   5.256242e-02  1.479668e-01  4.039555e-01
      vertex   5.142673e-02  1.574908e-01  4.040446e-01
    endloop
  endfacet
  facet normal -7.831038e-02 -9.711014e-06 -9.969290e-01
    outer loop
      vertex   5.142673e-02  1.574908e-01  4.040446e-01
      vertex   5.256242e-02  1.479668e-01  4.039555e-01
      vertex   4.657223e-02  1.574930e-01  4.044260e-01
    endloop
  endfacet
  facet normal  5.722958e-01  3.953488e-01 -7.184544e-01
    outer loop
      vertex   5.256242e-02  1.479668e-01  4.039555e-01
      vertex   4.562423e-02  1.479668e-01  3.984288e-01
      vertex   4.657223e-02  1.574930e-01  4.044260e-01
    endloop
  endfacet
  facet normal  9.059868e-01  1.572591e-01 -3.930108e-01
    outer loop
      vertex   4.657223e-02  1.574930e-01  4.044260e-01
      vertex   4.562423e-02  1.479668e-01  3.984288e-01
      vertex   4.615476e-02  1.574921e-01  4.034632e-01
    endloop
  endfacet
  facet normal  9.969165e-01 -1.479540e-02 -7.706223e-02
    outer loop
      vertex   4.615476e-02  1.574921e-01  4.034632e-01
      vertex   4.562423e-02  1.479668e-01  3.984288e-01
      vertex   4.583246e-02  1.574918e-01  3.992938e-01
    endloop
  endfacet
  facet normal  9.816819e-01 -3.840932e-02  1.866153e-01
    outer loop
      vertex   4.583246e-02  1.574918e-01  3.992938e-01
      vertex   4.562423e-02  1.479668e-01  3.984288e-01
      vertex   4.605207e-02  1.574930e-01  3.981389e-01
    endloop
  endfacet
  facet normal  8.485290e-02  2.650594e-02  9.960409e-01
    outer loop
      vertex   4.605207e-02  1.574930e-01  3.981389e-01
      vertex   4.562423e-02  1.479668e-01  3.984288e-01
      vertex   5.187842e-02  1.574925e-01  3.976425e-01
    endloop
  endfacet
  facet normal  1.225690e-01  1.447315e-03  9.924589e-01
    outer loop
      vertex   4.562423e-02  1.479668e-01  3.984288e-01
      vertex   5.206079e-02  1.479668e-01  3.976339e-01
      vertex   5.187842e-02  1.574925e-01  3.976425e-01
    endloop
  endfacet
  facet normal -9.469996e-01 -1.783991e-02 -3.207389e-01
    outer loop
      vertex   5.187842e-02  1.574925e-01  3.976425e-01
      vertex   5.206079e-02  1.479668e-01  3.976339e-01
      vertex   5.124526e-02  1.529991e-01  3.997619e-01
    endloop
  endfacet
  facet normal -9.784372e-01 -1.913965e-01  7.763985e-02
    outer loop
      vertex   5.206079e-02  1.479668e-01  3.976339e-01
      vertex   5.256242e-02  1.479668e-01  4.039555e-01
      vertex   5.124526e-02  1.529991e-01  3.997619e-01
    endloop
  endfacet
  facet normal -9.493962e-01  1.301500e-02  3.138113e-01
    outer loop
      vertex   5.124526e-02  1.529991e-01  3.997619e-01
      vertex   5.256242e-02  1.479668e-01  4.039555e-01
      vertex   5.236661e-02  1.574913e-01  4.029681e-01
    endloop
  endfacet
  facet normal -5.149485e-01  7.791529e-02  8.536728e-01
    outer loop
      vertex   5.236661e-02  1.574913e-01  4.029681e-01
      vertex   5.256242e-02  1.479668e-01  4.039555e-01
      vertex   6.382553e-02  1.574918e-01  4.098803e-01
    endloop
  endfacet
  facet normal -6.522985e-01  6.247470e-01  4.291829e-01
    outer loop
      vertex   5.610303e-02  1.853012e-01  3.754242e-01
      vertex   6.045065e-02  1.846455e-01  3.829864e-01
      vertex   6.077213e-02  1.876943e-01  3.790371e-01
    endloop
  endfacet
  facet normal  3.284782e-01  5.527229e-01  7.658978e-01
    outer loop
      vertex   3.607259e-02  1.846278e-01  3.831643e-01
      vertex   4.291645e-02  1.846418e-01  3.802190e-01
      vertex   3.915532e-02  1.885131e-01  3.790382e-01
    endloop
  endfacet
  facet normal  6.401568e-01  4.271837e-01 -6.385244e-01
    outer loop
      vertex   4.291645e-02  1.846418e-01  3.802190e-01
      vertex   3.734477e-02  1.846388e-01  3.746311e-01
      vertex   3.915532e-02  1.885131e-01  3.790382e-01
    endloop
  endfacet
  facet normal -8.372828e-01  5.324913e-01 -1.241395e-01
    outer loop
      vertex   3.734477e-02  1.846388e-01  3.746311e-01
      vertex   3.607259e-02  1.846278e-01  3.831643e-01
      vertex   3.915532e-02  1.885131e-01  3.790382e-01
    endloop
  endfacet
  facet normal  4.327874e-01  6.797191e-01 -5.921800e-01
    outer loop
      vertex   6.344025e-02  1.846373e-01  4.422169e-01
      vertex   5.923306e-02  1.847279e-01  4.392461e-01
      vertex   5.924838e-02  1.883878e-01  4.434583e-01
    endloop
  endfacet
  facet normal -9.842512e-01  1.351968e-01 -1.138920e-01
    outer loop
      vertex   5.923306e-02  1.847279e-01  4.392461e-01
      vertex   5.823931e-02  1.846347e-01  4.477234e-01
      vertex   5.924838e-02  1.883878e-01  4.434583e-01
    endloop
  endfacet
  facet normal -6.651082e-01  5.985975e-01  4.464439e-01
    outer loop
      vertex   3.461530e-02  1.846199e-01  4.414947e-01
      vertex   3.858333e-02  1.846397e-01  4.473796e-01
      vertex   3.915532e-02  1.885131e-01  4.430383e-01
    endloop
  endfacet
  facet normal  5.277078e-01  5.981006e-01  6.031584e-01
    outer loop
      vertex   3.858333e-02  1.846397e-01  4.473796e-01
      vertex   4.333610e-02  1.846418e-01  4.432193e-01
      vertex   3.915532e-02  1.885131e-01  4.430383e-01
    endloop
  endfacet
  facet normal  1.910819e-01  1.610643e-01 -9.682696e-01
    outer loop
      vertex   4.333610e-02  1.846418e-01  4.432193e-01
      vertex   3.461530e-02  1.846199e-01  4.414947e-01
      vertex   3.915532e-02  1.885131e-01  4.430383e-01
    endloop
  endfacet
  facet normal -4.734785e-03  6.559973e-01  7.547483e-01
    outer loop
      vertex   3.693367e-02  1.823605e-01  3.795405e-01
      vertex   3.875150e-02  1.804319e-01  3.812281e-01
      vertex   4.147721e-02  1.825330e-01  3.794191e-01
    endloop
  endfacet
  facet normal -2.453141e-01 -6.611645e-01  7.090011e-01
    outer loop
      vertex   4.147721e-02  1.825330e-01  3.794191e-01
      vertex   3.772277e-02  1.812597e-01  3.769327e-01
      vertex   3.948349e-02  1.804000e-01  3.767402e-01
    endloop
  endfacet
  facet normal  1.621303e-01  9.811821e-01  1.048590e-01
    outer loop
      vertex   3.714240e-02  1.892594e-01  3.307496e-01
      vertex   3.231101e-02  1.898312e-01  3.328698e-01
      vertex   3.851440e-02  1.880391e-01  3.400467e-01
    endloop
  endfacet
  facet normal -8.009948e-02  9.867164e-01  1.413320e-01
    outer loop
      vertex   3.714240e-02  1.892594e-01  3.307496e-01
      vertex   3.851440e-02  1.880391e-01  3.400467e-01
      vertex   4.558945e-02  1.896789e-01  3.326086e-01
    endloop
  endfacet
  facet normal  1.087043e-01  9.646949e-01 -2.398898e-01
    outer loop
      vertex   4.135654e-02  1.895599e-01  3.474502e-01
      vertex   3.851440e-02  1.880391e-01  3.400467e-01
      vertex   3.075055e-02  1.898035e-01  3.436240e-01
    endloop
  endfacet
  facet normal -1.851090e-01  9.818879e-01  4.038434e-02
    outer loop
      vertex   4.558945e-02  1.896789e-01  3.326086e-01
      vertex   3.851440e-02  1.880391e-01  3.400467e-01
      vertex   4.706413e-02  1.895796e-01  3.417811e-01
    endloop
  endfacet
  facet normal -1.469809e-01  9.785168e-01 -1.445734e-01
    outer loop
      vertex   4.706413e-02  1.895796e-01  3.417811e-01
      vertex   3.851440e-02  1.880391e-01  3.400467e-01
      vertex   4.135654e-02  1.895599e-01  3.474502e-01
    endloop
  endfacet
  facet normal  2.376264e-01  9.706526e-01  3.697487e-02
    outer loop
      vertex   3.851440e-02  1.880391e-01  3.400467e-01
      vertex   3.231101e-02  1.898312e-01  3.328698e-01
      vertex   3.075055e-02  1.898035e-01  3.436240e-01
    endloop
  endfacet
  facet normal -6.420088e-01 -7.399057e-01  2.009085e-01
    outer loop
      vertex   2.452472e-02  1.629934e-01  3.385406e-01
      vertex   2.955356e-02  1.582152e-01  3.370134e-01
      vertex   2.786403e-02  1.616173e-01  3.441435e-01
    endloop
  endfacet
  facet normal  4.081931e-01  8.934429e-01  1.874517e-01
    outer loop
      vertex   4.232780e-02  1.615533e-01  3.540376e-01
      vertex   3.426324e-02  1.651727e-01  3.543482e-01
      vertex   4.175724e-02  1.616441e-01  3.548474e-01
    endloop
  endfacet
  facet normal -3.591548e-01 -6.710330e-01  6.486313e-01
    outer loop
      vertex   4.175724e-02  1.616441e-01  3.548474e-01
      vertex   3.426324e-02  1.651727e-01  3.543482e-01
      vertex   3.548963e-02  1.620473e-01  3.517940e-01
    endloop
  endfacet
  facet normal -8.801972e-01  4.103904e-02 -4.728304e-01
    outer loop
      vertex   3.548963e-02  1.620473e-01  3.517940e-01
      vertex   3.426324e-02  1.651727e-01  3.543482e-01
      vertex   3.736208e-02  1.612463e-01  3.482388e-01
    endloop
  endfacet
  facet normal -6.498258e-01  4.454406e-01 -6.158808e-01
    outer loop
      vertex   3.426324e-02  1.651727e-01  3.543482e-01
      vertex   3.952016e-02  1.651727e-01  3.488016e-01
      vertex   3.736208e-02  1.612463e-01  3.482388e-01
    endloop
  endfacet
  facet normal  4.822916e-01 -1.411661e-01 -8.645617e-01
    outer loop
      vertex   3.736208e-02  1.612463e-01  3.482388e-01
      vertex   3.952016e-02  1.651727e-01  3.488016e-01
      vertex   4.184072e-02  1.585177e-01  3.511827e-01
    endloop
  endfacet
  facet normal  9.453171e-01  2.584440e-01 -1.989529e-01
    outer loop
      vertex   3.952016e-02  1.651727e-01  3.488016e-01
      vertex   4.175724e-02  1.616441e-01  3.548474e-01
      vertex   4.184072e-02  1.585177e-01  3.511827e-01
    endloop
  endfacet
  facet normal  5.140709e-01  1.957525e-02  8.575243e-01
    outer loop
      vertex   2.937648e-02  1.651751e-01  3.431557e-01
      vertex   2.373292e-02  1.616646e-01  3.466190e-01
      vertex   2.786403e-02  1.616173e-01  3.441435e-01
    endloop
  endfacet
  facet normal  3.778494e-01  6.180284e-01 -6.893988e-01
    outer loop
      vertex   2.452472e-02  1.629934e-01  3.385406e-01
      vertex   2.937648e-02  1.651751e-01  3.431557e-01
      vertex   2.955356e-02  1.582152e-01  3.370134e-01
    endloop
  endfacet
  facet normal -2.165710e-01 -6.490838e-01  7.292374e-01
    outer loop
      vertex   2.955356e-02  1.582152e-01  3.370134e-01
      vertex   2.937648e-02  1.651751e-01  3.431557e-01
      vertex   2.425999e-02  1.611681e-01  3.380696e-01
    endloop
  endfacet
  facet normal  7.815189e-01 -4.517211e-01 -4.303210e-01
    outer loop
      vertex   2.425999e-02  1.611681e-01  3.380696e-01
      vertex   2.937648e-02  1.651751e-01  3.431557e-01
      vertex   2.786403e-02  1.616173e-01  3.441435e-01
    endloop
  endfacet
  facet normal -5.359577e-02 -9.930061e-01  1.051969e-01
    outer loop
      vertex   6.145966e-02  1.791096e-01  3.832665e-01
      vertex   6.350645e-02  1.798412e-01  3.912156e-01
      vertex   4.909239e-02  1.797414e-01  3.829297e-01
    endloop
  endfacet
  facet normal  1.682003e-01 -4.881805e-01 -8.563811e-01
    outer loop
      vertex   5.124526e-02  1.529991e-01  3.997619e-01
      vertex   4.826421e-02  1.491287e-01  4.013827e-01
      vertex   4.621089e-02  1.535852e-01  3.984390e-01
    endloop
  endfacet
  facet normal -7.397630e-01  9.880073e-02  6.655743e-01
    outer loop
      vertex   4.826421e-02  1.491287e-01  4.013827e-01
      vertex   5.103540e-02  1.527063e-01  4.039317e-01
      vertex   4.621089e-02  1.535852e-01  3.984390e-01
    endloop
  endfacet
  facet normal -5.486903e-01 -7.759855e-01 -3.111037e-01
    outer loop
      vertex   9.856271e-02  1.393483e-01  4.179924e-01
      vertex   1.049917e-01  1.388918e-01  4.077925e-01
      vertex   1.050680e-01  1.369422e-01  4.125207e-01
    endloop
  endfacet
  facet normal  6.893289e-01 -6.657556e-01 -2.856485e-01
    outer loop
      vertex   1.049917e-01  1.388918e-01  4.077925e-01
      vertex   1.092994e-01  1.388918e-01  4.181878e-01
      vertex   1.050680e-01  1.369422e-01  4.125207e-01
    endloop
  endfacet
  facet normal  3.003435e-01  6.857508e-01  6.629778e-01
    outer loop
      vertex   4.644470e-02  1.579377e-01  4.040237e-01
      vertex   4.657223e-02  1.574930e-01  4.044260e-01
      vertex   5.334005e-02  1.578325e-01  4.010088e-01
    endloop
  endfacet
  facet normal -9.263489e-01  2.066542e-01  3.149154e-01
    outer loop
      vertex   4.615476e-02  1.574921e-01  4.034632e-01
      vertex   4.644470e-02  1.579377e-01  4.040237e-01
      vertex   4.535070e-02  1.574918e-01  4.010982e-01
    endloop
  endfacet
  facet normal -4.364986e-01  8.993253e-01  2.613537e-02
    outer loop
      vertex   4.644470e-02  1.579377e-01  4.040237e-01
      vertex   4.610984e-02  1.579335e-01  3.985766e-01
      vertex   4.535070e-02  1.574918e-01  4.010982e-01
    endloop
  endfacet
  facet normal -9.495423e-01  1.846530e-01 -2.535206e-01
    outer loop
      vertex   4.535070e-02  1.574918e-01  4.010982e-01
      vertex   4.610984e-02  1.579335e-01  3.985766e-01
      vertex   4.583246e-02  1.574918e-01  3.992938e-01
    endloop
  endfacet
  facet normal -2.047887e-02  9.976091e-01 -6.600589e-02
    outer loop
      vertex   4.875349e-02  1.574918e-01  3.972814e-01
      vertex   4.605207e-02  1.574930e-01  3.981389e-01
      vertex   5.334005e-02  1.578325e-01  4.010088e-01
    endloop
  endfacet
  facet normal  2.459162e-01  6.669152e-01 -7.033842e-01
    outer loop
      vertex   5.334005e-02  1.578325e-01  4.010088e-01
      vertex   4.605207e-02  1.574930e-01  3.981389e-01
      vertex   4.610984e-02  1.579335e-01  3.985766e-01
    endloop
  endfacet
  facet normal  5.460774e-01 -8.234742e-01 -1.539143e-01
    outer loop
      vertex   4.621089e-02  1.535852e-01  3.984390e-01
      vertex   5.187842e-02  1.574925e-01  3.976425e-01
      vertex   5.334005e-02  1.578325e-01  4.010088e-01
    endloop
  endfacet
  facet normal  1.199118e-02  9.943299e-01 -1.056612e-01
    outer loop
      vertex   5.334005e-02  1.578325e-01  4.010088e-01
      vertex   5.187842e-02  1.574925e-01  3.976425e-01
      vertex   4.875349e-02  1.574918e-01  3.972814e-01
    endloop
  endfacet
  facet normal  2.661929e-01  1.309834e-01 -9.549789e-01
    outer loop
      vertex   4.621089e-02  1.535852e-01  3.984390e-01
      vertex   5.334005e-02  1.578325e-01  4.010088e-01
      vertex   5.124526e-02  1.529991e-01  3.997619e-01
    endloop
  endfacet
  facet normal -1.180077e-02  9.970599e-01  7.571167e-02
    outer loop
      vertex   4.657223e-02  1.574930e-01  4.044260e-01
      vertex   4.872305e-02  1.574918e-01  4.047767e-01
      vertex   5.334005e-02  1.578325e-01  4.010088e-01
    endloop
  endfacet
  facet normal  3.679201e-02  9.902121e-01  1.346341e-01
    outer loop
      vertex   4.872305e-02  1.574918e-01  4.047767e-01
      vertex   5.142673e-02  1.574908e-01  4.040446e-01
      vertex   5.334005e-02  1.578325e-01  4.010088e-01
    endloop
  endfacet
  facet normal  3.936730e-01  8.524399e-01  3.440461e-01
    outer loop
      vertex   5.142673e-02  1.574908e-01  4.040446e-01
      vertex   5.236661e-02  1.574913e-01  4.029681e-01
      vertex   5.334005e-02  1.578325e-01  4.010088e-01
    endloop
  endfacet
  facet normal  2.472440e-01 -9.575169e-01  1.484312e-01
    outer loop
      vertex   3.892374e-02  1.404261e-01  3.420580e-01
      vertex   3.398033e-02  1.389369e-01  3.406853e-01
      vertex   3.863361e-02  1.390999e-01  3.339857e-01
    endloop
  endfacet
  facet normal  7.510869e-01 -7.690442e-02  6.557089e-01
    outer loop
      vertex   5.236661e-02  1.574913e-01  4.029681e-01
      vertex   5.142673e-02  1.574908e-01  4.040446e-01
      vertex   5.103540e-02  1.527063e-01  4.039317e-01
    endloop
  endfacet
  facet normal -9.869871e-01 -2.795010e-02  1.583519e-01
    outer loop
      vertex   4.621089e-02  1.535852e-01  3.984390e-01
      vertex   4.610984e-02  1.579335e-01  3.985766e-01
      vertex   4.605207e-02  1.574930e-01  3.981389e-01
    endloop
  endfacet
  facet normal -5.482139e-01 -4.929467e-01  6.756220e-01
    outer loop
      vertex   5.103540e-02  1.527063e-01  4.039317e-01
      vertex   4.644470e-02  1.579377e-01  4.040237e-01
      vertex   4.615476e-02  1.574921e-01  4.034632e-01
    endloop
  endfacet
  facet normal -6.417766e-01 -6.088588e-01  4.662765e-01
    outer loop
      vertex   5.103540e-02  1.527063e-01  4.039317e-01
      vertex   4.615476e-02  1.574921e-01  4.034632e-01
      vertex   4.621089e-02  1.535852e-01  3.984390e-01
    endloop
  endfacet
  facet normal  7.916263e-01 -6.109979e-01 -3.060955e-03
    outer loop
      vertex   4.826421e-02  1.491287e-01  4.013827e-01
      vertex   5.124526e-02  1.529991e-01  3.997619e-01
      vertex   5.103540e-02  1.527063e-01  4.039317e-01
    endloop
  endfacet
  facet normal  9.645241e-01 -2.622702e-01  3.012627e-02
    outer loop
      vertex   5.103540e-02  1.527063e-01  4.039317e-01
      vertex   5.124526e-02  1.529991e-01  3.997619e-01
      vertex   5.236661e-02  1.574913e-01  4.029681e-01
    endloop
  endfacet
  facet normal -6.276401e-03 -2.307704e-02  9.997140e-01
    outer loop
      vertex   5.103540e-02  1.527063e-01  4.039317e-01
      vertex   5.142673e-02  1.574908e-01  4.040446e-01
      vertex   4.644470e-02  1.579377e-01  4.040237e-01
    endloop
  endfacet
  facet normal -9.996999e-01 -2.345593e-02  7.070279e-03
    outer loop
      vertex   4.621089e-02  1.535852e-01  3.984390e-01
      vertex   4.615476e-02  1.574921e-01  4.034632e-01
      vertex   4.610984e-02  1.579335e-01  3.985766e-01
    endloop
  endfacet
  facet normal -1.470933e-01  6.993285e-02 -9.866474e-01
    outer loop
      vertex   3.133783e-02  1.581684e-01  3.436729e-01
      vertex   3.523897e-02  1.799074e-01  3.446321e-01
      vertex   4.500645e-02  1.579977e-01  3.416230e-01
    endloop
  endfacet
  facet normal -2.646722e-01  1.443652e-02 -9.642304e-01
    outer loop
      vertex   3.523897e-02  1.799074e-01  3.446321e-01
      vertex   4.425614e-02  1.805449e-01  3.421665e-01
      vertex   4.500645e-02  1.579977e-01  3.416230e-01
    endloop
  endfacet
  facet normal -9.805416e-01 -3.727635e-02  1.927399e-01
    outer loop
      vertex   4.425614e-02  1.805449e-01  3.421665e-01
      vertex   4.246861e-02  1.801720e-01  3.330006e-01
      vertex   4.500645e-02  1.579977e-01  3.416230e-01
    endloop
  endfacet
  facet normal -7.533722e-01  1.616359e-01  6.374199e-01
    outer loop
      vertex   4.500645e-02  1.579977e-01  3.416230e-01
      vertex   4.246861e-02  1.801720e-01  3.330006e-01
      vertex   3.364896e-02  1.581811e-01  3.281530e-01
    endloop
  endfacet
  facet normal  1.735617e-01 -2.778795e-01  9.448065e-01
    outer loop
      vertex   4.246861e-02  1.801720e-01  3.330006e-01
      vertex   3.164272e-02  1.810051e-01  3.352343e-01
      vertex   3.364896e-02  1.581811e-01  3.281530e-01
    endloop
  endfacet
  facet normal  9.064994e-01 -5.037649e-02  4.191910e-01
    outer loop
      vertex   3.364896e-02  1.581811e-01  3.281530e-01
      vertex   3.164272e-02  1.810051e-01  3.352343e-01
      vertex   2.955356e-02  1.582152e-01  3.370134e-01
    endloop
  endfacet
  facet normal  9.600749e-01 -1.081498e-01 -2.579918e-01
    outer loop
      vertex   2.955356e-02  1.582152e-01  3.370134e-01
      vertex   3.164272e-02  1.810051e-01  3.352343e-01
      vertex   3.133783e-02  1.581684e-01  3.436729e-01
    endloop
  endfacet
  facet normal  9.176978e-01 -1.484231e-01 -3.685123e-01
    outer loop
      vertex   3.164272e-02  1.810051e-01  3.352343e-01
      vertex   3.523897e-02  1.799074e-01  3.446321e-01
      vertex   3.133783e-02  1.581684e-01  3.436729e-01
    endloop
  endfacet
  facet normal -3.832688e-01 -8.176904e-01  4.295200e-01
    outer loop
      vertex   3.743400e-02  1.788541e-01  3.829879e-01
      vertex   4.030686e-02  1.800194e-01  3.877699e-01
      vertex   3.466712e-02  1.801526e-01  3.829911e-01
    endloop
  endfacet
  facet normal -4.029764e-02 -9.888232e-01  1.435437e-01
    outer loop
      vertex   6.173551e-02  1.800765e-01  4.413794e-01
      vertex   5.735534e-02  1.802455e-01  4.413143e-01
      vertex   6.012103e-02  1.789301e-01  4.330291e-01
    endloop
  endfacet
  facet normal -1.143505e-01 -9.784105e-01 -1.721537e-01
    outer loop
      vertex   2.786403e-02  1.616173e-01  3.441435e-01
      vertex   2.373292e-02  1.616646e-01  3.466190e-01
      vertex   2.452472e-02  1.629934e-01  3.385406e-01
    endloop
  endfacet
  facet normal  5.397707e-01 -4.262822e-01  7.259002e-01
    outer loop
      vertex   8.323715e-02  1.388918e-01  4.111377e-01
      vertex   7.730104e-02  1.388918e-01  4.155518e-01
      vertex   7.923461e-02  1.350204e-01  4.118406e-01
    endloop
  endfacet
  facet normal -8.855247e-01 -4.640377e-01  2.269407e-02
    outer loop
      vertex   7.730104e-02  1.388918e-01  4.155518e-01
      vertex   7.712065e-02  1.388918e-01  4.085132e-01
      vertex   7.923461e-02  1.350204e-01  4.118406e-01
    endloop
  endfacet
  facet normal  3.419154e-01 -4.981609e-01 -7.968247e-01
    outer loop
      vertex   7.712065e-02  1.388918e-01  4.085132e-01
      vertex   8.323715e-02  1.388918e-01  4.111377e-01
      vertex   7.923461e-02  1.350204e-01  4.118406e-01
    endloop
  endfacet
  facet normal -1.833306e-02 -9.998071e-01 -7.043385e-03
    outer loop
      vertex   5.334005e-02  1.578325e-01  4.010088e-01
      vertex   4.036446e-02  1.578649e-01  4.301826e-01
      vertex   4.644470e-02  1.579377e-01  4.040237e-01
    endloop
  endfacet
  facet normal  1.330919e-02 -9.998867e-01  7.030165e-03
    outer loop
      vertex   5.334005e-02  1.578325e-01  4.010088e-01
      vertex   5.828984e-02  1.580742e-01  4.260078e-01
      vertex   4.036446e-02  1.578649e-01  4.301826e-01
    endloop
  endfacet
  facet normal -9.630480e-03 -9.999410e-01 -5.020973e-03
    outer loop
      vertex   4.036446e-02  1.578649e-01  4.301826e-01
      vertex   3.801349e-02  1.580626e-01  3.953235e-01
      vertex   4.644470e-02  1.579377e-01  4.040237e-01
    endloop
  endfacet
  facet normal -1.666970e-02 -9.998595e-01  1.801778e-03
    outer loop
      vertex   4.644470e-02  1.579377e-01  4.040237e-01
      vertex   3.801349e-02  1.580626e-01  3.953235e-01
      vertex   4.610984e-02  1.579335e-01  3.985766e-01
    endloop
  endfacet
  facet normal -9.402602e-03 -9.998232e-01 -1.628274e-02
    outer loop
      vertex   3.801349e-02  1.580626e-01  3.953235e-01
      vertex   5.912539e-02  1.579097e-01  3.925210e-01
      vertex   4.610984e-02  1.579335e-01  3.985766e-01
    endloop
  endfacet
  facet normal -8.870055e-03 -9.998460e-01 -1.513804e-02
    outer loop
      vertex   4.610984e-02  1.579335e-01  3.985766e-01
      vertex   5.912539e-02  1.579097e-01  3.925210e-01
      vertex   5.334005e-02  1.578325e-01  4.010088e-01
    endloop
  endfacet
  facet normal  2.132249e-02 -9.997578e-01  5.442290e-03
    outer loop
      vertex   5.334005e-02  1.578325e-01  4.010088e-01
      vertex   5.912539e-02  1.579097e-01  3.925210e-01
      vertex   5.828984e-02  1.580742e-01  4.260078e-01
    endloop
  endfacet
  facet normal -1.000000e+00  0.000000e+00  0.000000e+00
    outer loop
      vertex   7.523461e-02  1.753793e-01  4.054905e-01
      vertex   7.523461e-02  1.436543e-01  4.054905e-01
      vertex   7.523461e-02  1.753793e-01  4.181905e-01
    endloop
  endfacet
  facet normal -1.000000e+00  0.000000e+00  0.000000e+00
    outer loop
      vertex   7.523461e-02  1.436543e-01  4.054905e-01
      vertex   7.523461e-02  1.436543e-01  4.181905e-01
      vertex   7.523461e-02  1.753793e-01  4.181905e-01
    endloop
  endfacet
  facet normal -0.000000e+00  1.000000e+00  0.000000e+00
    outer loop
      vertex   1.088921e-01  1.849043e-01  4.181905e-01
      vertex   2.221096e-01  1.849043e-01  4.181905e-01
      vertex   1.088921e-01  1.849043e-01  4.054905e-01
    endloop
  endfacet
  facet normal  0.000000e+00  1.000000e+00  0.000000e+00
    outer loop
      vertex   2.221096e-01  1.849043e-01  4.181905e-01
      vertex   2.221096e-01  1.849043e-01  4.054905e-01
      vertex   1.088921e-01  1.849043e-01  4.054905e-01
    endloop
  endfacet
  facet normal -7.237786e-01 -6.790186e-01  1.227934e-01
    outer loop
      vertex   2.191667e-01  1.754697e-01  4.054905e-01
      vertex   2.196018e-01  1.773027e-01  4.181905e-01
      vertex   2.143364e-01  1.806185e-01  4.054905e-01
    endloop
  endfacet
  facet normal -4.677575e-01 -8.830973e-01 -3.663487e-02
    outer loop
      vertex   2.196018e-01  1.773027e-01  4.181905e-01
      vertex   2.142196e-01  1.801535e-01  4.181905e-01
      vertex   2.143364e-01  1.806185e-01  4.054905e-01
    endloop
  endfacet
  facet normal  9.403681e-01 -3.401373e-01 -3.806048e-03
    outer loop
      vertex   2.142196e-01  1.801535e-01  4.181905e-01
      vertex   2.123821e-01  1.750734e-01  4.181905e-01
      vertex   2.143364e-01  1.806185e-01  4.054905e-01
    endloop
  endfacet
  facet normal  9.603918e-01 -2.773732e-01  2.667929e-02
    outer loop
      vertex   2.143364e-01  1.806185e-01  4.054905e-01
      vertex   2.123821e-01  1.750734e-01  4.181905e-01
      vertex   2.127468e-01  1.751147e-01  4.054905e-01
    endloop
  endfacet
  facet normal -5.521826e-02  9.984729e-01  1.656939e-03
    outer loop
      vertex   2.127468e-01  1.751147e-01  4.054905e-01
      vertex   2.123821e-01  1.750734e-01  4.181905e-01
      vertex   2.191667e-01  1.754697e-01  4.054905e-01
    endloop
  endfacet
  facet normal -2.926508e-01  9.477793e-01 -1.267674e-01
    outer loop
      vertex   2.123821e-01  1.750734e-01  4.181905e-01
      vertex   2.196018e-01  1.773027e-01  4.181905e-01
      vertex   2.191667e-01  1.754697e-01  4.054905e-01
    endloop
  endfacet
  facet normal -9.717661e-01 -1.917052e-01  1.375488e-01
    outer loop
      vertex   1.671148e-01  1.738343e-01  4.054905e-01
      vertex   1.680627e-01  1.781417e-01  4.181905e-01
      vertex   1.658233e-01  1.803811e-01  4.054905e-01
    endloop
  endfacet
  facet normal -4.374551e-01 -8.956041e-01 -8.078580e-02
    outer loop
      vertex   1.680627e-01  1.781417e-01  4.181905e-01
      vertex   1.632418e-01  1.804965e-01  4.181905e-01
      vertex   1.658233e-01  1.803811e-01  4.054905e-01
    endloop
  endfacet
  facet normal  4.366232e-01 -8.944132e-01  9.687692e-02
    outer loop
      vertex   1.658233e-01  1.803811e-01  4.054905e-01
      vertex   1.632418e-01  1.804965e-01  4.181905e-01
      vertex   1.613709e-01  1.782076e-01  4.054905e-01
    endloop
  endfacet
  facet normal  9.822335e-01  9.502521e-02 -1.618255e-01
    outer loop
      vertex   1.632418e-01  1.804965e-01  4.181905e-01
      vertex   1.639451e-01  1.732267e-01  4.181905e-01
      vertex   1.613709e-01  1.782076e-01  4.054905e-01
    endloop
  endfacet
  facet normal  5.952083e-01  7.817593e-01  1.859556e-01
    outer loop
      vertex   1.613709e-01  1.782076e-01  4.054905e-01
      vertex   1.639451e-01  1.732267e-01  4.181905e-01
      vertex   1.671148e-01  1.738343e-01  4.054905e-01
    endloop
  endfacet
  facet normal -7.568496e-01  6.340629e-01 -1.585651e-01
    outer loop
      vertex   1.639451e-01  1.732267e-01  4.181905e-01
      vertex   1.680627e-01  1.781417e-01  4.181905e-01
      vertex   1.671148e-01  1.738343e-01  4.054905e-01
    endloop
  endfacet
  facet normal -9.921288e-01  4.428113e-02 -1.171310e-01
    outer loop
      vertex   1.160642e-01  1.739005e-01  4.181905e-01
      vertex   1.163200e-01  1.796325e-01  4.181905e-01
      vertex   1.177446e-01  1.779574e-01  4.054905e-01
    endloop
  endfacet
  facet normal -2.289454e-01 -9.680806e-01  1.019993e-01
    outer loop
      vertex   1.177446e-01  1.779574e-01  4.054905e-01
      vertex   1.163200e-01  1.796325e-01  4.181905e-01
      vertex   1.111617e-01  1.795143e-01  4.054905e-01
    endloop
  endfacet
  facet normal  3.271134e-01 -9.367949e-01 -1.241454e-01
    outer loop
      vertex   1.163200e-01  1.796325e-01  4.181905e-01
      vertex   1.099341e-01  1.779253e-01  4.142464e-01
      vertex   1.111617e-01  1.795143e-01  4.054905e-01
    endloop
  endfacet
  facet normal  6.615995e-01  6.613593e-01 -3.533978e-01
    outer loop
      vertex   1.099341e-01  1.779253e-01  4.142464e-01
      vertex   1.160642e-01  1.739005e-01  4.181905e-01
      vertex   1.096759e-01  1.735114e-01  4.055028e-01
    endloop
  endfacet
  facet normal -4.714743e-01  8.562327e-01  2.111341e-01
    outer loop
      vertex   1.096759e-01  1.735114e-01  4.055028e-01
      vertex   1.160642e-01  1.739005e-01  4.181905e-01
      vertex   1.177446e-01  1.779574e-01  4.054905e-01
    endloop
  endfacet
  facet normal -9.886416e-01  1.343128e-01  6.743746e-02
    outer loop
      vertex   4.036446e-02  1.578649e-01  4.301826e-01
      vertex   3.986768e-02  1.638083e-01  4.110626e-01
      vertex   3.801349e-02  1.580626e-01  3.953235e-01
    endloop
  endfacet
  facet normal -9.209123e-01 -3.184506e-01  2.247438e-01
    outer loop
      vertex   3.986768e-02  1.638083e-01  4.110626e-01
      vertex   3.507406e-02  1.642828e-01  3.920926e-01
      vertex   3.801349e-02  1.580626e-01  3.953235e-01
    endloop
  endfacet
  facet normal  4.781663e-01 -2.161922e-01 -8.512449e-01
    outer loop
      vertex   3.507406e-02  1.642828e-01  3.920926e-01
      vertex   3.871085e-02  1.637531e-01  3.942700e-01
      vertex   3.801349e-02  1.580626e-01  3.953235e-01
    endloop
  endfacet
  facet normal -2.093178e-01 -1.531468e-01 -9.657806e-01
    outer loop
      vertex   3.871085e-02  1.637531e-01  3.942700e-01
      vertex   5.715812e-02  1.636065e-01  3.902951e-01
      vertex   3.801349e-02  1.580626e-01  3.953235e-01
    endloop
  endfacet
  facet normal -1.235579e-01 -3.978727e-01 -9.090824e-01
    outer loop
      vertex   3.801349e-02  1.580626e-01  3.953235e-01
      vertex   5.715812e-02  1.636065e-01  3.902951e-01
      vertex   5.912539e-02  1.579097e-01  3.925210e-01
    endloop
  endfacet
  facet normal  9.996402e-01  9.989011e-03  2.489352e-02
    outer loop
      vertex   5.828984e-02  1.580742e-01  4.260078e-01
      vertex   5.912539e-02  1.579097e-01  3.925210e-01
      vertex   5.860442e-02  1.638019e-01  4.110771e-01
    endloop
  endfacet
  facet normal  9.509851e-01  3.014365e-01 -6.901705e-02
    outer loop
      vertex   5.860442e-02  1.638019e-01  4.110771e-01
      vertex   5.912539e-02  1.579097e-01  3.925210e-01
      vertex   5.715812e-02  1.636065e-01  3.902951e-01
    endloop
  endfacet
  facet normal  7.571775e-02 -9.970933e-01 -8.472269e-03
    outer loop
      vertex   6.173551e-02  1.800765e-01  4.413794e-01
      vertex   6.357584e-02  1.803067e-01  4.307318e-01
      vertex   6.333177e-02  1.801606e-01  4.457398e-01
    endloop
  endfacet
  facet normal  3.976142e-01 -9.162481e-01  4.891235e-02
    outer loop
      vertex   6.012103e-02  1.789301e-01  4.330291e-01
      vertex   6.357584e-02  1.803067e-01  4.307318e-01
      vertex   6.173551e-02  1.800765e-01  4.413794e-01
    endloop
  endfacet
  facet normal -3.752897e-02  9.991227e-01 -1.858458e-02
    outer loop
      vertex   4.336618e-02  1.449712e-01  3.427899e-01
      vertex   5.209022e-02  1.452418e-01  3.397198e-01
      vertex   4.422607e-02  1.448642e-01  3.353004e-01
    endloop
  endfacet
  facet normal -7.725160e-02  9.956338e-01  5.239836e-02
    outer loop
      vertex   5.209022e-02  1.452418e-01  3.397198e-01
      vertex   4.284495e-02  1.452418e-01  3.260894e-01
      vertex   4.422607e-02  1.448642e-01  3.353004e-01
    endloop
  endfacet
  facet normal -4.608820e-03  9.991217e-01  4.164920e-02
    outer loop
      vertex   4.422607e-02  1.448642e-01  3.353004e-01
      vertex   4.284495e-02  1.452418e-01  3.260894e-01
      vertex   3.317062e-02  1.449163e-01  3.328261e-01
    endloop
  endfacet
  facet normal -1.247689e-01  9.834109e-01 -1.316654e-01
    outer loop
      vertex   4.284495e-02  1.452418e-01  3.260894e-01
      vertex   3.160818e-02  1.437528e-01  3.256160e-01
      vertex   3.317062e-02  1.449163e-01  3.328261e-01
    endloop
  endfacet
  facet normal -9.265161e-02  9.859439e-01 -1.390340e-01
    outer loop
      vertex   3.160818e-02  1.437528e-01  3.256160e-01
      vertex   2.457114e-02  1.452418e-01  3.408647e-01
      vertex   3.317062e-02  1.449163e-01  3.328261e-01
    endloop
  endfacet
  facet normal  3.253704e-02  9.994545e-01 -5.657137e-03
    outer loop
      vertex   3.317062e-02  1.449163e-01  3.328261e-01
      vertex   2.457114e-02  1.452418e-01  3.408647e-01
      vertex   3.519815e-02  1.449178e-01  3.447407e-01
    endloop
  endfacet
  facet normal  5.689137e-02  9.957268e-01 -7.274248e-02
    outer loop
      vertex   2.457114e-02  1.452418e-01  3.408647e-01
      vertex   3.879976e-02  1.452418e-01  3.519928e-01
      vertex   3.519815e-02  1.449178e-01  3.447407e-01
    endloop
  endfacet
  facet normal -1.537562e-02  9.991967e-01 -3.700769e-02
    outer loop
      vertex   3.519815e-02  1.449178e-01  3.447407e-01
      vertex   3.879976e-02  1.452418e-01  3.519928e-01
      vertex   4.336618e-02  1.449712e-01  3.427899e-01
    endloop
  endfacet
  facet normal -4.997740e-02  9.972829e-01 -5.412054e-02
    outer loop
      vertex   3.879976e-02  1.452418e-01  3.519928e-01
      vertex   5.209022e-02  1.452418e-01  3.397198e-01
      vertex   4.336618e-02  1.449712e-01  3.427899e-01
    endloop
  endfacet
  facet normal -6.433500e-01 -7.655715e-01 -9.934201e-04
    outer loop
      vertex   3.493547e-02  1.801446e-01  4.444897e-01
      vertex   3.473220e-02  1.803336e-01  4.304660e-01
      vertex   3.658390e-02  1.787652e-01  4.399589e-01
    endloop
  endfacet
  facet normal  8.946306e-02 -9.797152e-01 -1.793168e-01
    outer loop
      vertex   3.658390e-02  1.787652e-01  4.399589e-01
      vertex   3.473220e-02  1.803336e-01  4.304660e-01
      vertex   4.569221e-02  1.800288e-01  4.375995e-01
    endloop
  endfacet
  facet normal -2.853114e-01  8.862927e-01  3.648050e-01
    outer loop
      vertex   2.457114e-02  1.452418e-01  3.408647e-01
      vertex   2.831590e-02  1.436543e-01  3.476503e-01
      vertex   3.879976e-02  1.452418e-01  3.519928e-01
    endloop
  endfacet
  facet normal -3.141992e-01 -3.447119e-01  8.845634e-01
    outer loop
      vertex   2.831590e-02  1.436543e-01  3.476503e-01
      vertex   3.825532e-02  1.436543e-01  3.511808e-01
      vertex   3.879976e-02  1.452418e-01  3.519928e-01
    endloop
  endfacet
  facet normal  2.879003e-01 -5.125347e-01  8.089632e-01
    outer loop
      vertex   3.825532e-02  1.436543e-01  3.511808e-01
      vertex   4.891419e-02  1.436543e-01  3.473874e-01
      vertex   3.879976e-02  1.452418e-01  3.519928e-01
    endloop
  endfacet
  facet normal  2.816722e-01  9.097372e-01  3.050229e-01
    outer loop
      vertex   3.879976e-02  1.452418e-01  3.519928e-01
      vertex   4.891419e-02  1.436543e-01  3.473874e-01
      vertex   5.209022e-02  1.452418e-01  3.397198e-01
    endloop
  endfacet
  facet normal  4.963642e-01 -8.677265e-01  2.594775e-02
    outer loop
      vertex   4.891419e-02  1.436543e-01  3.473874e-01
      vertex   4.969893e-02  1.436543e-01  3.323757e-01
      vertex   5.209022e-02  1.452418e-01  3.397198e-01
    endloop
  endfacet
  facet normal  4.925444e-01  8.036093e-01 -3.340840e-01
    outer loop
      vertex   5.209022e-02  1.452418e-01  3.397198e-01
      vertex   4.969893e-02  1.436543e-01  3.323757e-01
      vertex   4.284495e-02  1.452418e-01  3.260894e-01
    endloop
  endfacet
  facet normal  1.372182e-01 -9.145217e-01 -3.805539e-01
    outer loop
      vertex   4.969893e-02  1.436543e-01  3.323757e-01
      vertex   3.160818e-02  1.437528e-01  3.256160e-01
      vertex   4.284495e-02  1.452418e-01  3.260894e-01
    endloop
  endfacet
  facet normal -3.106039e-01 -9.491889e-01 -5.065120e-02
    outer loop
      vertex   3.160818e-02  1.437528e-01  3.256160e-01
      vertex   2.831590e-02  1.436543e-01  3.476503e-01
      vertex   2.457114e-02  1.452418e-01  3.408647e-01
    endloop
  endfacet
  facet normal  2.319906e-02 -9.777602e-01  2.084389e-01
    outer loop
      vertex   5.241163e-02  1.790410e-01  4.417029e-01
      vertex   6.333177e-02  1.801606e-01  4.457398e-01
      vertex   3.935825e-02  1.800632e-01  4.479510e-01
    endloop
  endfacet
  facet normal  6.901457e-01 -1.920360e-01  6.977256e-01
    outer loop
      vertex   3.364896e-02  1.581811e-01  3.281530e-01
      vertex   3.303482e-02  1.651727e-01  3.306848e-01
      vertex   3.231895e-02  1.611938e-01  3.302977e-01
    endloop
  endfacet
  facet normal -6.896557e-01  5.383942e-02  7.221332e-01
    outer loop
      vertex   3.231895e-02  1.611938e-01  3.302977e-01
      vertex   3.303482e-02  1.651727e-01  3.306848e-01
      vertex   2.893758e-02  1.615739e-01  3.270401e-01
    endloop
  endfacet
  facet normal -2.015990e-01 -5.741429e-01  7.935476e-01
    outer loop
      vertex   3.303482e-02  1.651727e-01  3.306848e-01
      vertex   2.607569e-02  1.651729e-01  3.289170e-01
      vertex   2.893758e-02  1.615739e-01  3.270401e-01
    endloop
  endfacet
  facet normal -5.860488e-01 -6.886702e-01  4.269429e-01
    outer loop
      vertex   2.607569e-02  1.651729e-01  3.289170e-01
      vertex   2.599366e-02  1.619269e-01  3.235685e-01
      vertex   2.893758e-02  1.615739e-01  3.270401e-01
    endloop
  endfacet
  facet normal -5.918970e-01 -6.799653e-01  4.327875e-01
    outer loop
      vertex   2.893758e-02  1.615739e-01  3.270401e-01
      vertex   2.599366e-02  1.619269e-01  3.235685e-01
      vertex   3.364896e-02  1.581811e-01  3.281530e-01
    endloop
  endfacet
  facet normal  5.969379e-01  3.190024e-01 -7.361404e-01
    outer loop
      vertex   2.599366e-02  1.619269e-01  3.235685e-01
      vertex   3.303482e-02  1.651727e-01  3.306848e-01
      vertex   3.364896e-02  1.581811e-01  3.281530e-01
    endloop
  endfacet
  facet normal -9.588745e-01  2.630222e-01  1.066729e-01
    outer loop
      vertex   3.986768e-02  1.638083e-01  4.110626e-01
      vertex   4.036446e-02  1.578649e-01  4.301826e-01
      vertex   4.241727e-02  1.640003e-01  4.335073e-01
    endloop
  endfacet
  facet normal -4.484583e-02 -4.643167e-01  8.845332e-01
    outer loop
      vertex   4.241727e-02  1.640003e-01  4.335073e-01
      vertex   4.036446e-02  1.578649e-01  4.301826e-01
      vertex   5.549663e-02  1.640102e-01  4.341756e-01
    endloop
  endfacet
  facet normal  1.521695e-01 -7.740395e-01  6.145790e-01
    outer loop
      vertex   4.036446e-02  1.578649e-01  4.301826e-01
      vertex   5.828984e-02  1.580742e-01  4.260078e-01
      vertex   5.549663e-02  1.640102e-01  4.341756e-01
    endloop
  endfacet
  facet normal  9.530582e-01  2.754418e-01  1.257452e-01
    outer loop
      vertex   5.549663e-02  1.640102e-01  4.341756e-01
      vertex   5.828984e-02  1.580742e-01  4.260078e-01
      vertex   5.860442e-02  1.638019e-01  4.110771e-01
    endloop
  endfacet
  facet normal -9.999591e-01 -4.824577e-03  7.651113e-03
    outer loop
      vertex   3.466615e-02  1.846316e-01  3.856885e-01
      vertex   3.466712e-02  1.801526e-01  3.829911e-01
      vertex   3.473237e-02  1.803386e-01  3.916357e-01
    endloop
  endfacet
  facet normal -9.876440e-01  1.558522e-01  1.641654e-02
    outer loop
      vertex   3.473220e-02  1.803336e-01  4.304660e-01
      vertex   3.493547e-02  1.801446e-01  4.444897e-01
      vertex   3.466615e-02  1.846316e-01  3.856885e-01
    endloop
  endfacet
  facet normal -9.974059e-01 -7.197639e-02 -9.240237e-04
    outer loop
      vertex   3.466615e-02  1.846316e-01  3.856885e-01
      vertex   3.493547e-02  1.801446e-01  4.444897e-01
      vertex   3.461530e-02  1.846199e-01  4.414947e-01
    endloop
  endfacet
  facet normal -9.998809e-01 -1.543114e-02 -6.222695e-06
    outer loop
      vertex   3.466615e-02  1.846316e-01  3.856885e-01
      vertex   3.473237e-02  1.803386e-01  3.916357e-01
      vertex   3.473220e-02  1.803336e-01  4.304660e-01
    endloop
  endfacet
  facet normal -9.997736e-01 -2.127728e-02 -6.973829e-06
    outer loop
      vertex   3.473237e-02  1.803386e-01  3.916357e-01
      vertex   3.507406e-02  1.642828e-01  3.920926e-01
      vertex   3.473220e-02  1.803336e-01  4.304660e-01
    endloop
  endfacet
  facet normal -9.997734e-01 -2.128650e-02 -3.117014e-06
    outer loop
      vertex   3.473220e-02  1.803336e-01  4.304660e-01
      vertex   3.507406e-02  1.642828e-01  3.920926e-01
      vertex   3.507141e-02  1.644021e-01  4.301361e-01
    endloop
  endfacet
  facet normal -4.207847e-02 -9.988762e-01  2.181076e-02
    outer loop
      vertex   4.030686e-02  1.800194e-01  3.877699e-01
      vertex   3.473237e-02  1.803386e-01  3.916357e-01
      vertex   3.466712e-02  1.801526e-01  3.829911e-01
    endloop
  endfacet
  facet normal  9.997630e-01 -2.133862e-02  4.314535e-03
    outer loop
      vertex   6.350645e-02  1.798412e-01  3.912156e-01
      vertex   6.355558e-02  1.801414e-01  3.813160e-01
      vertex   6.363617e-02  1.846320e-01  3.848521e-01
    endloop
  endfacet
  facet normal  9.997622e-01 -2.153772e-02  3.416504e-03
    outer loop
      vertex   6.344025e-02  1.846373e-01  4.422169e-01
      vertex   6.333177e-02  1.801606e-01  4.457398e-01
      vertex   6.363617e-02  1.846320e-01  3.848521e-01
    endloop
  endfacet
  facet normal  9.845716e-01  1.740843e-01  1.770624e-02
    outer loop
      vertex   6.333177e-02  1.801606e-01  4.457398e-01
      vertex   6.357584e-02  1.803067e-01  4.307318e-01
      vertex   6.363617e-02  1.846320e-01  3.848521e-01
    endloop
  endfacet
  facet normal  9.998139e-01 -1.925684e-02 -1.199288e-03
    outer loop
      vertex   6.320757e-02  1.642746e-01  3.919918e-01
      vertex   6.350645e-02  1.798412e-01  3.912156e-01
      vertex   6.325478e-02  1.643747e-01  4.297505e-01
    endloop
  endfacet
  facet normal  9.997978e-01 -2.005417e-02 -1.519411e-03
    outer loop
      vertex   6.325478e-02  1.643747e-01  4.297505e-01
      vertex   6.350645e-02  1.798412e-01  3.912156e-01
      vertex   6.357584e-02  1.803067e-01  4.307318e-01
    endloop
  endfacet
  facet normal  9.995801e-01 -2.894318e-02 -1.414320e-03
    outer loop
      vertex   6.350645e-02  1.798412e-01  3.912156e-01
      vertex   6.363617e-02  1.846320e-01  3.848521e-01
      vertex   6.357584e-02  1.803067e-01  4.307318e-01
    endloop
  endfacet
  facet normal -6.163648e-01 -6.052547e-03  7.874374e-01
    outer loop
      vertex   3.935825e-02  1.800632e-01  4.479510e-01
      vertex   3.858333e-02  1.846397e-01  4.473796e-01
      vertex   3.493547e-02  1.801446e-01  4.444897e-01
    endloop
  endfacet
  facet normal -7.914487e-01  2.998395e-01  5.326399e-01
    outer loop
      vertex   3.858333e-02  1.846397e-01  4.473796e-01
      vertex   3.461530e-02  1.846199e-01  4.414947e-01
      vertex   3.493547e-02  1.801446e-01  4.444897e-01
    endloop
  endfacet
  facet normal -1.733032e-02  1.209821e-01  9.925034e-01
    outer loop
      vertex   5.823931e-02  1.846347e-01  4.477234e-01
      vertex   3.858333e-02  1.846397e-01  4.473796e-01
      vertex   3.935825e-02  1.800632e-01  4.479510e-01
    endloop
  endfacet
  facet normal  8.836094e-02 -3.179544e-01  9.439796e-01
    outer loop
      vertex   3.935825e-02  1.800632e-01  4.479510e-01
      vertex   6.333177e-02  1.801606e-01  4.457398e-01
      vertex   5.823931e-02  1.846347e-01  4.477234e-01
    endloop
  endfacet
  facet normal  6.441399e-01  4.633281e-01  6.086138e-01
    outer loop
      vertex   5.823931e-02  1.846347e-01  4.477234e-01
      vertex   6.333177e-02  1.801606e-01  4.457398e-01
      vertex   6.344025e-02  1.846373e-01  4.422169e-01
    endloop
  endfacet
  facet normal  9.150586e-01  2.392571e-01 -3.246903e-01
    outer loop
      vertex   6.363617e-02  1.846320e-01  3.848521e-01
      vertex   6.355558e-02  1.801414e-01  3.813160e-01
      vertex   6.077213e-02  1.876943e-01  3.790371e-01
    endloop
  endfacet
  facet normal  8.935297e-01  2.094582e-01 -3.971549e-01
    outer loop
      vertex   6.355558e-02  1.801414e-01  3.813160e-01
      vertex   6.064716e-02  1.801544e-01  3.747794e-01
      vertex   6.077213e-02  1.876943e-01  3.790371e-01
    endloop
  endfacet
  facet normal  3.925882e-01  4.472884e-01 -8.036215e-01
    outer loop
      vertex   6.077213e-02  1.876943e-01  3.790371e-01
      vertex   6.064716e-02  1.801544e-01  3.747794e-01
      vertex   5.610303e-02  1.853012e-01  3.754242e-01
    endloop
  endfacet
  facet normal  3.623850e-02  1.556590e-01 -9.871459e-01
    outer loop
      vertex   5.610303e-02  1.853012e-01  3.754242e-01
      vertex   6.064716e-02  1.801544e-01  3.747794e-01
      vertex   3.734477e-02  1.846388e-01  3.746311e-01
    endloop
  endfacet
  facet normal  8.018002e-03  8.593622e-03 -9.999309e-01
    outer loop
      vertex   6.064716e-02  1.801544e-01  3.747794e-01
      vertex   4.658167e-02  1.801665e-01  3.746667e-01
      vertex   3.734477e-02  1.846388e-01  3.746311e-01
    endloop
  endfacet
  facet normal -1.008301e-01 -2.159883e-01 -9.711758e-01
    outer loop
      vertex   4.658167e-02  1.801665e-01  3.746667e-01
      vertex   3.573026e-02  1.801654e-01  3.757936e-01
      vertex   3.734477e-02  1.846388e-01  3.746311e-01
    endloop
  endfacet
  facet normal -9.335605e-01  2.782122e-01 -2.259708e-01
    outer loop
      vertex   3.734477e-02  1.846388e-01  3.746311e-01
      vertex   3.573026e-02  1.801654e-01  3.757936e-01
      vertex   3.466615e-02  1.846316e-01  3.856885e-01
    endloop
  endfacet
  facet normal -9.855066e-01  8.735956e-02 -1.454133e-01
    outer loop
      vertex   3.573026e-02  1.801654e-01  3.757936e-01
      vertex   3.466712e-02  1.801526e-01  3.829911e-01
      vertex   3.466615e-02  1.846316e-01  3.856885e-01
    endloop
  endfacet
  facet normal  9.865654e-01 -9.478785e-02  1.330564e-01
    outer loop
      vertex   9.306147e-02  1.388918e-01  3.558098e-01
      vertex   9.492879e-02  1.431442e-01  3.449936e-01
      vertex   9.316669e-02  1.436543e-01  3.584223e-01
    endloop
  endfacet
  facet normal  3.428162e-01 -2.582768e-02 -9.390474e-01
    outer loop
      vertex   9.316669e-02  1.436543e-01  3.584223e-01
      vertex   2.220974e-01  1.436543e-01  4.054908e-01
      vertex   9.850919e-02  1.388918e-01  3.605037e-01
    endloop
  endfacet
  facet normal  3.421273e-01 -2.251291e-03 -9.396509e-01
    outer loop
      vertex   2.220974e-01  1.436543e-01  4.054908e-01
      vertex   2.219453e-01  1.388918e-01  4.054468e-01
      vertex   9.850919e-02  1.388918e-01  3.605037e-01
    endloop
  endfacet
  facet normal -5.458324e-01 -2.896076e-02  8.373938e-01
    outer loop
      vertex   3.507141e-02  1.644021e-01  4.301361e-01
      vertex   4.569221e-02  1.800288e-01  4.375995e-01
      vertex   3.473220e-02  1.803336e-01  4.304660e-01
    endloop
  endfacet
  facet normal  9.992170e-01 -3.404947e-02  2.015108e-02
    outer loop
      vertex   8.964927e-02  1.436543e-01  4.415286e-01
      vertex   8.947495e-02  1.388918e-01  4.421249e-01
      vertex   8.993182e-02  1.415891e-01  4.240281e-01
    endloop
  endfacet
  facet normal  6.318634e-01 -6.668599e-01  3.950273e-01
    outer loop
      vertex   2.178104e-02  1.614910e-01  3.295709e-01
      vertex   2.599366e-02  1.619269e-01  3.235685e-01
      vertex   2.607569e-02  1.651729e-01  3.289170e-01
    endloop
  endfacet
  facet normal -1.736902e-01  7.306734e-01 -6.602636e-01
    outer loop
      vertex   3.706705e-02  1.613169e-01  3.253571e-01
      vertex   2.178104e-02  1.614910e-01  3.295709e-01
      vertex   3.303482e-02  1.651727e-01  3.306848e-01
    endloop
  endfacet
  facet normal  2.237190e-01 -4.173954e-01 -8.807558e-01
    outer loop
      vertex   3.303482e-02  1.651727e-01  3.306848e-01
      vertex   2.178104e-02  1.614910e-01  3.295709e-01
      vertex   2.607569e-02  1.651729e-01  3.289170e-01
    endloop
  endfacet
  facet normal  2.178610e-01 -5.263346e-02 -9.745595e-01
    outer loop
      vertex   3.317062e-02  1.449163e-01  3.328261e-01
      vertex   4.246861e-02  1.801720e-01  3.330006e-01
      vertex   4.422607e-02  1.448642e-01  3.353004e-01
    endloop
  endfacet
  facet normal  9.805862e-01  3.625698e-02 -1.927071e-01
    outer loop
      vertex   4.246861e-02  1.801720e-01  3.330006e-01
      vertex   4.425614e-02  1.805449e-01  3.421665e-01
      vertex   4.422607e-02  1.448642e-01  3.353004e-01
    endloop
  endfacet
  facet normal  9.931773e-01 -2.284281e-02  1.143548e-01
    outer loop
      vertex   4.422607e-02  1.448642e-01  3.353004e-01
      vertex   4.425614e-02  1.805449e-01  3.421665e-01
      vertex   4.336618e-02  1.449712e-01  3.427899e-01
    endloop
  endfacet
  facet normal  2.322191e-01  1.123181e-02  9.725986e-01
    outer loop
      vertex   4.336618e-02  1.449712e-01  3.427899e-01
      vertex   4.425614e-02  1.805449e-01  3.421665e-01
      vertex   3.519815e-02  1.449178e-01  3.447407e-01
    endloop
  endfacet
  facet normal  2.635725e-01  2.685077e-03  9.646358e-01
    outer loop
      vertex   4.425614e-02  1.805449e-01  3.421665e-01
      vertex   3.523897e-02  1.799074e-01  3.446321e-01
      vertex   3.519815e-02  1.449178e-01  3.447407e-01
    endloop
  endfacet
  facet normal -9.338650e-01  2.198791e-03  3.576191e-01
    outer loop
      vertex   3.523897e-02  1.799074e-01  3.446321e-01
      vertex   3.164272e-02  1.810051e-01  3.352343e-01
      vertex   3.519815e-02  1.449178e-01  3.447407e-01
    endloop
  endfacet
  facet normal -9.844485e-01 -5.285850e-02  1.675326e-01
    outer loop
      vertex   3.519815e-02  1.449178e-01  3.447407e-01
      vertex   3.164272e-02  1.810051e-01  3.352343e-01
      vertex   3.317062e-02  1.449163e-01  3.328261e-01
    endloop
  endfacet
  facet normal -1.975449e-01  5.694206e-02 -9.786386e-01
    outer loop
      vertex   3.164272e-02  1.810051e-01  3.352343e-01
      vertex   4.246861e-02  1.801720e-01  3.330006e-01
      vertex   3.317062e-02  1.449163e-01  3.328261e-01
    endloop
  endfacet
  facet normal -6.437446e-01 -1.023407e-01  7.583662e-01
    outer loop
      vertex   2.425999e-02  1.611681e-01  3.380696e-01
      vertex   3.133783e-02  1.581684e-01  3.436729e-01
      vertex   2.452472e-02  1.629934e-01  3.385406e-01
    endloop
  endfacet
  facet normal -6.528394e-01 -1.276263e-01  7.466674e-01
    outer loop
      vertex   2.452472e-02  1.629934e-01  3.385406e-01
      vertex   3.133783e-02  1.581684e-01  3.436729e-01
      vertex   2.937648e-02  1.651751e-01  3.431557e-01
    endloop
  endfacet
  facet normal -4.278159e-01 -1.850669e-01 -8.847168e-01
    outer loop
      vertex   2.937648e-02  1.651751e-01  3.431557e-01
      vertex   3.133783e-02  1.581684e-01  3.436729e-01
      vertex   2.373292e-02  1.616646e-01  3.466190e-01
    endloop
  endfacet
  facet normal  9.844892e-01 -1.608612e-01  7.003339e-02
    outer loop
      vertex   2.373292e-02  1.616646e-01  3.466190e-01
      vertex   2.425999e-02  1.611681e-01  3.380696e-01
      vertex   2.452472e-02  1.629934e-01  3.385406e-01
    endloop
  endfacet
  facet normal  8.410856e-01  4.123318e-01  3.500823e-01
    outer loop
      vertex   3.548963e-02  1.620473e-01  3.517940e-01
      vertex   3.736208e-02  1.612463e-01  3.482388e-01
      vertex   3.501939e-02  1.651724e-01  3.492430e-01
    endloop
  endfacet
  facet normal  2.155534e-01 -1.192715e-01  9.691806e-01
    outer loop
      vertex   3.501939e-02  1.651724e-01  3.492430e-01
      vertex   3.736208e-02  1.612463e-01  3.482388e-01
      vertex   3.974608e-02  1.651727e-01  3.481918e-01
    endloop
  endfacet
  facet normal -4.137531e-01  2.616629e-01  8.719753e-01
    outer loop
      vertex   3.736208e-02  1.612463e-01  3.482388e-01
      vertex   4.184072e-02  1.585177e-01  3.511827e-01
      vertex   3.974608e-02  1.651727e-01  3.481918e-01
    endloop
  endfacet
  facet normal -9.354196e-01 -1.506862e-01  3.198187e-01
    outer loop
      vertex   3.974608e-02  1.651727e-01  3.481918e-01
      vertex   4.184072e-02  1.585177e-01  3.511827e-01
      vertex   4.232780e-02  1.615533e-01  3.540376e-01
    endloop
  endfacet
  facet normal -3.578333e-01 -7.495223e-01 -5.569305e-01
    outer loop
      vertex   4.232780e-02  1.615533e-01  3.540376e-01
      vertex   3.594873e-02  1.613920e-01  3.583533e-01
      vertex   3.426324e-02  1.651727e-01  3.543482e-01
    endloop
  endfacet
  facet normal  8.496695e-01  5.120860e-01  1.258161e-01
    outer loop
      vertex   3.426324e-02  1.651727e-01  3.543482e-01
      vertex   3.594873e-02  1.613920e-01  3.583533e-01
      vertex   3.501939e-02  1.651724e-01  3.492430e-01
    endloop
  endfacet
  facet normal  9.931172e-01  1.009283e-01 -5.942791e-02
    outer loop
      vertex   3.594873e-02  1.613920e-01  3.583533e-01
      vertex   3.548963e-02  1.620473e-01  3.517940e-01
      vertex   3.501939e-02  1.651724e-01  3.492430e-01
    endloop
  endfacet
  facet normal -9.602611e-01  2.797604e-02  2.776977e-01
    outer loop
      vertex   1.086134e-01  1.753793e-01  4.181863e-01
      vertex   1.088921e-01  1.849043e-01  4.181905e-01
      vertex   1.075221e-01  1.822595e-01  4.137194e-01
    endloop
  endfacet
  facet normal -8.879341e-01  4.599706e-01  0.000000e+00
    outer loop
      vertex   1.088921e-01  1.849043e-01  4.181905e-01
      vertex   1.088921e-01  1.849043e-01  4.054905e-01
      vertex   1.075221e-01  1.822595e-01  4.137194e-01
    endloop
  endfacet
  facet normal -9.804125e-01 -6.764764e-02 -1.849735e-01
    outer loop
      vertex   1.075221e-01  1.822595e-01  4.137194e-01
      vertex   1.088921e-01  1.849043e-01  4.054905e-01
      vertex   1.096759e-01  1.735114e-01  4.055028e-01
    endloop
  endfacet
  facet normal  9.956051e-01  6.842496e-02 -6.394215e-02
    outer loop
      vertex   1.088921e-01  1.849043e-01  4.054905e-01
      vertex   1.099341e-01  1.779253e-01  4.142464e-01
      vertex   1.096759e-01  1.735114e-01  4.055028e-01
    endloop
  endfacet
  facet normal  2.074498e-01  9.779120e-01 -2.554718e-02
    outer loop
      vertex   6.279241e-02  2.305828e-01  4.091623e-01
      vertex   6.261033e-02  2.300012e-01  3.854204e-01
      vertex   5.914778e-02  2.309892e-01  3.951262e-01
    endloop
  endfacet
  facet normal  1.340062e-01  9.895657e-01 -5.293452e-02
    outer loop
      vertex   6.261033e-02  2.300012e-01  3.854204e-01
      vertex   5.702833e-02  2.307448e-01  3.851917e-01
      vertex   5.914778e-02  2.309892e-01  3.951262e-01
    endloop
  endfacet
  facet normal -2.476484e-02  8.287825e-01  5.590226e-01
    outer loop
      vertex   4.157723e-02  2.302900e-01  4.369044e-01
      vertex   6.049839e-02  2.306541e-01  4.372028e-01
      vertex   3.550035e-02  2.307429e-01  4.359638e-01
    endloop
  endfacet
  facet normal  4.977742e-03  9.995719e-01 -2.883263e-02
    outer loop
      vertex   3.550035e-02  2.307429e-01  4.359638e-01
      vertex   6.049839e-02  2.306541e-01  4.372028e-01
      vertex   6.275275e-02  2.306029e-01  4.358171e-01
    endloop
  endfacet
  facet normal -1.489132e-01  5.260894e-02  9.874498e-01
    outer loop
      vertex   3.479166e-02  1.846938e-01  4.383103e-01
      vertex   4.157723e-02  2.302900e-01  4.369044e-01
      vertex   3.550035e-02  2.307429e-01  4.359638e-01
    endloop
  endfacet
  facet normal -3.137143e-02  9.345949e-01 -3.543278e-01
    outer loop
      vertex   3.553196e-02  2.306790e-01  3.869214e-01
      vertex   5.702833e-02  2.307448e-01  3.851917e-01
      vertex   3.927490e-02  2.300450e-01  3.849176e-01
    endloop
  endfacet
  facet normal -9.176953e-16 -1.000000e+00  9.702068e-15
    outer loop
      vertex   6.361347e-02  1.388918e-01  3.746825e-01
      vertex   3.469392e-02  1.388918e-01  3.748078e-01
      vertex  -1.016761e-02  1.388918e-01  3.677037e-01
    endloop
  endfacet
  facet normal -7.088521e-07 -1.000000e+00  3.432103e-07
    outer loop
      vertex   3.140066e-02  1.388918e-01  4.544439e-01
      vertex  -1.851094e-02  1.388918e-01  3.670286e-01
      vertex   3.497707e-02  1.388918e-01  4.476708e-01
    endloop
  endfacet
  facet normal -1.925326e-07 -1.000000e+00  7.482017e-10
    outer loop
      vertex   3.497707e-02  1.388918e-01  4.476708e-01
      vertex  -1.851094e-02  1.388918e-01  3.670286e-01
      vertex   3.469392e-02  1.388918e-01  3.748078e-01
    endloop
  endfacet
  facet normal  2.195821e-15 -1.000000e+00 -5.627411e-17
    outer loop
      vertex   7.712065e-02  1.388918e-01  4.085132e-01
      vertex   7.730104e-02  1.388918e-01  4.155518e-01
      vertex   6.361347e-02  1.388918e-01  3.746825e-01
    endloop
  endfacet
  facet normal  8.659385e-16 -1.000000e+00  3.891181e-16
    outer loop
      vertex   6.361347e-02  1.388918e-01  3.746825e-01
      vertex   7.730104e-02  1.388918e-01  4.155518e-01
      vertex   6.361700e-02  1.388918e-01  4.460041e-01
    endloop
  endfacet
  facet normal -3.512108e-11 -1.000000e+00 -2.674860e-10
    outer loop
      vertex   6.361700e-02  1.388918e-01  4.460041e-01
      vertex   8.266509e-02  1.388918e-01  4.493087e-01
      vertex   4.509583e-02  1.388918e-01  4.484359e-01
    endloop
  endfacet
  facet normal -1.605826e-05 -9.999998e-01  6.912483e-04
    outer loop
      vertex   8.266509e-02  1.388918e-01  4.493087e-01
      vertex   4.042986e-02  1.388998e-01  4.599123e-01
      vertex   4.509583e-02  1.388918e-01  4.484359e-01
    endloop
  endfacet
  facet normal  2.920124e-01 -9.470121e-01 -1.337791e-01
    outer loop
      vertex   8.993182e-02  1.415891e-01  4.240281e-01
      vertex   8.947495e-02  1.388918e-01  4.421249e-01
      vertex   7.730104e-02  1.388918e-01  4.155518e-01
    endloop
  endfacet
  facet normal  1.537405e-10 -1.000000e+00 -7.043287e-11
    outer loop
      vertex   8.947495e-02  1.388918e-01  4.421249e-01
      vertex   8.266509e-02  1.388918e-01  4.493087e-01
      vertex   7.730104e-02  1.388918e-01  4.155518e-01
    endloop
  endfacet
  facet normal -7.563050e-11 -1.000000e+00 -3.398533e-11
    outer loop
      vertex   6.361700e-02  1.388918e-01  4.460041e-01
      vertex   7.730104e-02  1.388918e-01  4.155518e-01
      vertex   8.266509e-02  1.388918e-01  4.493087e-01
    endloop
  endfacet
  facet normal -8.032108e-02 -9.664570e-01  2.439455e-01
    outer loop
      vertex   9.856271e-02  1.393483e-01  4.179924e-01
      vertex   8.993182e-02  1.415891e-01  4.240281e-01
      vertex   8.323715e-02  1.388918e-01  4.111377e-01
    endloop
  endfacet
  facet normal  1.103124e-01 -9.827629e-01  1.483515e-01
    outer loop
      vertex   8.323715e-02  1.388918e-01  4.111377e-01
      vertex   8.993182e-02  1.415891e-01  4.240281e-01
      vertex   7.730104e-02  1.388918e-01  4.155518e-01
    endloop
  endfacet
  facet normal -4.616366e-02 -9.334933e-01  3.556111e-01
    outer loop
      vertex   9.856271e-02  1.393483e-01  4.179924e-01
      vertex   1.050680e-01  1.369422e-01  4.125207e-01
      vertex   1.092994e-01  1.388918e-01  4.181878e-01
    endloop
  endfacet
  facet normal  8.896292e-02 -9.732003e-01 -2.120540e-01
    outer loop
      vertex   1.554346e-01  1.388918e-01  4.181905e-01
      vertex   1.341755e-01  1.380546e-01  4.131140e-01
      vertex   1.323679e-01  1.388918e-01  4.085134e-01
    endloop
  endfacet
  facet normal -1.307023e-02 -9.948934e-01  1.000810e-01
    outer loop
      vertex   1.269788e-01  1.380119e-01  4.117498e-01
      vertex   1.341755e-01  1.380546e-01  4.131140e-01
      vertex   1.092994e-01  1.388918e-01  4.181878e-01
    endloop
  endfacet
  facet normal -9.546457e-06 -9.866660e-01  1.627579e-01
    outer loop
      vertex   1.092994e-01  1.388918e-01  4.181878e-01
      vertex   1.341755e-01  1.380546e-01  4.131140e-01
      vertex   1.554346e-01  1.388918e-01  4.181905e-01
    endloop
  endfacet
  facet normal -7.680755e-01 -6.260937e-01  1.344127e-01
    outer loop
      vertex   1.554346e-01  1.388918e-01  4.181905e-01
      vertex   1.536569e-01  1.388918e-01  4.080320e-01
      vertex   1.558400e-01  1.372178e-01  4.127094e-01
    endloop
  endfacet
  facet normal -1.298613e-15 -1.000000e+00  2.272564e-16
    outer loop
      vertex   1.323679e-01  1.388918e-01  4.085134e-01
      vertex   1.536569e-01  1.388918e-01  4.080320e-01
      vertex   1.554346e-01  1.388918e-01  4.181905e-01
    endloop
  endfacet
  facet normal  7.074391e-02 -9.525210e-01  2.961404e-01
    outer loop
      vertex   1.554346e-01  1.388918e-01  4.181905e-01
      vertex   1.558400e-01  1.372178e-01  4.127094e-01
      vertex   1.770735e-01  1.388918e-01  4.130213e-01
    endloop
  endfacet
  facet normal  1.975597e-08 -1.000000e+00 -9.713468e-08
    outer loop
      vertex   2.057890e-01  1.388918e-01  4.181452e-01
      vertex   1.847115e-01  1.388918e-01  4.138583e-01
      vertex   2.219453e-01  1.388918e-01  4.054468e-01
    endloop
  endfacet
  facet normal -2.087753e-15 -1.000000e+00 -1.410890e-14
    outer loop
      vertex   1.770735e-01  1.388918e-01  4.130213e-01
      vertex   1.847115e-01  1.388918e-01  4.138583e-01
      vertex   1.554346e-01  1.388918e-01  4.181905e-01
    endloop
  endfacet
  facet normal  5.545784e-16 -1.000000e+00  3.747806e-15
    outer loop
      vertex   1.554346e-01  1.388918e-01  4.181905e-01
      vertex   1.847115e-01  1.388918e-01  4.138583e-01
      vertex   2.057890e-01  1.388918e-01  4.181452e-01
    endloop
  endfacet
  facet normal -5.465242e-02  9.960814e-01 -6.953464e-02
    outer loop
      vertex   2.219453e-01  1.388918e-01  4.054468e-01
      vertex   2.033291e-01  1.382257e-01  4.105367e-01
      vertex   2.057890e-01  1.388918e-01  4.181452e-01
    endloop
  endfacet
  facet normal  9.953987e-05 -9.995982e-01  2.834486e-02
    outer loop
      vertex   2.057890e-01  1.388918e-01  4.181452e-01
      vertex   2.095506e-01  1.386496e-01  4.095927e-01
      vertex   2.219923e-01  1.388918e-01  4.180883e-01
    endloop
  endfacet
  facet normal  1.042857e-01 -9.611307e-01  2.556410e-01
    outer loop
      vertex   2.095506e-01  1.386496e-01  4.095927e-01
      vertex   2.033291e-01  1.382257e-01  4.105367e-01
      vertex   2.219453e-01  1.388918e-01  4.054468e-01
    endloop
  endfacet
  facet normal  1.950795e-02 -9.998097e-01 -7.271017e-05
    outer loop
      vertex   2.219453e-01  1.388918e-01  4.054468e-01
      vertex   2.219923e-01  1.388918e-01  4.180883e-01
      vertex   2.095506e-01  1.386496e-01  4.095927e-01
    endloop
  endfacet
  facet normal  3.543083e-08 -1.000000e+00 -2.774935e-08
    outer loop
      vertex   1.847115e-01  1.388918e-01  4.138583e-01
      vertex   1.801776e-01  1.388918e-01  4.080693e-01
      vertex   2.219453e-01  1.388918e-01  4.054468e-01
    endloop
  endfacet
  facet normal  3.355572e-08 -1.000000e+00 -5.761364e-08
    outer loop
      vertex   2.219453e-01  1.388918e-01  4.054468e-01
      vertex   1.801776e-01  1.388918e-01  4.080693e-01
      vertex   9.850919e-02  1.388918e-01  3.605037e-01
    endloop
  endfacet
  facet normal  1.198495e-13 -1.000000e+00  8.073204e-14
    outer loop
      vertex   1.801776e-01  1.388918e-01  4.080693e-01
      vertex   1.770735e-01  1.388918e-01  4.130213e-01
      vertex   9.850919e-02  1.388918e-01  3.605037e-01
    endloop
  endfacet
  facet normal -4.888774e-17 -1.000000e+00 -9.240439e-16
    outer loop
      vertex   6.361347e-02  1.388918e-01  3.746825e-01
      vertex   5.280566e-02  1.388918e-01  3.151801e-01
      vertex   7.076778e-02  1.388918e-01  3.442669e-01
    endloop
  endfacet
  facet normal  1.731076e-01 -9.264193e-01 -3.343367e-01
    outer loop
      vertex   7.076778e-02  1.388918e-01  3.442669e-01
      vertex   9.492879e-02  1.431442e-01  3.449936e-01
      vertex   9.306147e-02  1.388918e-01  3.558098e-01
    endloop
  endfacet
  facet normal  1.241048e-02 -9.997997e-01 -1.570300e-02
    outer loop
      vertex   1.013268e-02  1.388918e-01  3.247094e-01
      vertex   3.863361e-02  1.390999e-01  3.339857e-01
      vertex   3.398033e-02  1.389369e-01  3.406853e-01
    endloop
  endfacet
  facet normal -2.508078e-02 -9.996547e-01 -7.839779e-03
    outer loop
      vertex   5.280566e-02  1.388918e-01  3.151801e-01
      vertex   4.422226e-02  1.389106e-01  3.402405e-01
      vertex   3.863361e-02  1.390999e-01  3.339857e-01
    endloop
  endfacet
  facet normal  2.970641e-03 -9.999071e-01  1.330281e-02
    outer loop
      vertex   5.280566e-02  1.388918e-01  3.151801e-01
      vertex   3.863361e-02  1.390999e-01  3.339857e-01
      vertex   1.013268e-02  1.388918e-01  3.247094e-01
    endloop
  endfacet
  facet normal -2.528093e-03 -9.999964e-01  8.770074e-04
    outer loop
      vertex   3.398033e-02  1.389369e-01  3.406853e-01
      vertex   4.422226e-02  1.389106e-01  3.402405e-01
      vertex   6.361347e-02  1.388918e-01  3.746825e-01
    endloop
  endfacet
  facet normal -1.432550e-03 -9.999989e-01  2.602037e-04
    outer loop
      vertex   6.361347e-02  1.388918e-01  3.746825e-01
      vertex   4.422226e-02  1.389106e-01  3.402405e-01
      vertex   5.280566e-02  1.388918e-01  3.151801e-01
    endloop
  endfacet
  facet normal -1.312893e-03 -9.999877e-01  4.782734e-03
    outer loop
      vertex  -1.796826e-02  1.389463e-01  3.283945e-01
      vertex   1.013268e-02  1.388918e-01  3.247094e-01
      vertex   3.398033e-02  1.389369e-01  3.406853e-01
    endloop
  endfacet
  facet normal  1.135814e-01 -9.902943e-01 -8.010299e-02
    outer loop
      vertex   1.323679e-01  1.388918e-01  4.085134e-01
      vertex   1.269788e-01  1.380119e-01  4.117498e-01
      vertex   9.850919e-02  1.388918e-01  3.605037e-01
    endloop
  endfacet
  facet normal -4.654275e-02 -9.988784e-01  8.706102e-03
    outer loop
      vertex   9.850919e-02  1.388918e-01  3.605037e-01
      vertex   1.269788e-01  1.380119e-01  4.117498e-01
      vertex   1.092994e-01  1.388918e-01  4.181878e-01
    endloop
  endfacet
  facet normal  5.047144e-15 -1.000000e+00  2.808779e-13
    outer loop
      vertex   9.850919e-02  1.388918e-01  3.605037e-01
      vertex   1.536569e-01  1.388918e-01  4.080320e-01
      vertex   1.323679e-01  1.388918e-01  4.085134e-01
    endloop
  endfacet
  facet normal  7.844509e-02 -9.264433e-01 -3.681699e-01
    outer loop
      vertex   1.558400e-01  1.372178e-01  4.127094e-01
      vertex   1.536569e-01  1.388918e-01  4.080320e-01
      vertex   1.770735e-01  1.388918e-01  4.130213e-01
    endloop
  endfacet
  facet normal -7.958350e-14 -1.000000e+00  3.790759e-13
    outer loop
      vertex   1.770735e-01  1.388918e-01  4.130213e-01
      vertex   1.536569e-01  1.388918e-01  4.080320e-01
      vertex   9.850919e-02  1.388918e-01  3.605037e-01
    endloop
  endfacet
  facet normal  7.611568e-03 -9.987452e-01  4.949867e-02
    outer loop
      vertex   9.856271e-02  1.393483e-01  4.179924e-01
      vertex   8.323715e-02  1.388918e-01  4.111377e-01
      vertex   1.049917e-01  1.388918e-01  4.077925e-01
    endloop
  endfacet
  facet normal  1.081265e-16 -1.000000e+00  7.031560e-16
    outer loop
      vertex   1.049917e-01  1.388918e-01  4.077925e-01
      vertex   8.323715e-02  1.388918e-01  4.111377e-01
      vertex   6.361347e-02  1.388918e-01  3.746825e-01
    endloop
  endfacet
  facet normal -4.248237e-16 -1.000000e+00  9.900404e-16
    outer loop
      vertex   8.323715e-02  1.388918e-01  4.111377e-01
      vertex   7.712065e-02  1.388918e-01  4.085132e-01
      vertex   6.361347e-02  1.388918e-01  3.746825e-01
    endloop
  endfacet
  facet normal -1.048873e-12 -1.000000e+00  4.319688e-13
    outer loop
      vertex   1.092994e-01  1.388918e-01  4.181878e-01
      vertex   1.049917e-01  1.388918e-01  4.077925e-01
      vertex   9.850919e-02  1.388918e-01  3.605037e-01
    endloop
  endfacet
  facet normal  1.562123e-15 -1.000000e+00  2.257654e-16
    outer loop
      vertex   6.361347e-02  1.388918e-01  3.746825e-01
      vertex   8.202223e-02  1.388918e-01  3.702478e-01
      vertex   8.120620e-02  1.388918e-01  3.758941e-01
    endloop
  endfacet
  facet normal -7.233136e-13 -1.000000e+00  3.873402e-13
    outer loop
      vertex   1.049917e-01  1.388918e-01  4.077925e-01
      vertex   8.699369e-02  1.388918e-01  3.741833e-01
      vertex   9.850919e-02  1.388918e-01  3.605037e-01
    endloop
  endfacet
  facet normal -4.732579e-13 -1.000000e+00  5.978366e-13
    outer loop
      vertex   9.850919e-02  1.388918e-01  3.605037e-01
      vertex   8.699369e-02  1.388918e-01  3.741833e-01
      vertex   8.202223e-02  1.388918e-01  3.702478e-01
    endloop
  endfacet
  facet normal  5.712720e-13 -1.000000e+00  2.365166e-12
    outer loop
      vertex   9.850919e-02  1.388918e-01  3.605037e-01
      vertex   8.202223e-02  1.388918e-01  3.702478e-01
      vertex   6.361347e-02  1.388918e-01  3.746825e-01
    endloop
  endfacet
  facet normal  1.663082e-15 -1.000000e+00 -1.240101e-15
    outer loop
      vertex   6.361347e-02  1.388918e-01  3.746825e-01
      vertex   8.120620e-02  1.388918e-01  3.758941e-01
      vertex   1.049917e-01  1.388918e-01  4.077925e-01
    endloop
  endfacet
  facet normal  0.000000e+00 -1.000000e+00  0.000000e+00
    outer loop
      vertex   8.120620e-02  1.388918e-01  3.758941e-01
      vertex   8.699369e-02  1.388918e-01  3.741833e-01
      vertex   1.049917e-01  1.388918e-01  4.077925e-01
    endloop
  endfacet
  facet normal  2.173643e-04 -9.999986e-01 -1.685086e-03
    outer loop
      vertex   3.398033e-02  1.389369e-01  3.406853e-01
      vertex  -1.243528e-02  1.388918e-01  3.614621e-01
      vertex  -1.796826e-02  1.389463e-01  3.283945e-01
    endloop
  endfacet
  facet normal -1.066492e-12 -1.000000e+00 -1.665571e-12
    outer loop
      vertex   9.850919e-02  1.388918e-01  3.605037e-01
      vertex   6.361347e-02  1.388918e-01  3.746825e-01
      vertex   9.306147e-02  1.388918e-01  3.558098e-01
    endloop
  endfacet
  facet normal  4.211877e-16 -1.000000e+00 -8.134735e-16
    outer loop
      vertex   9.306147e-02  1.388918e-01  3.558098e-01
      vertex   6.361347e-02  1.388918e-01  3.746825e-01
      vertex   7.076778e-02  1.388918e-01  3.442669e-01
    endloop
  endfacet
  facet normal  1.367520e-04 -9.999989e-01 -1.445771e-03
    outer loop
      vertex   6.361347e-02  1.388918e-01  3.746825e-01
      vertex  -1.016761e-02  1.388918e-01  3.677037e-01
      vertex   3.398033e-02  1.389369e-01  3.406853e-01
    endloop
  endfacet
  facet normal  8.357355e-04 -9.999996e-01 -3.036350e-04
    outer loop
      vertex  -1.016761e-02  1.388918e-01  3.677037e-01
      vertex  -1.243528e-02  1.388918e-01  3.614621e-01
      vertex   3.398033e-02  1.389369e-01  3.406853e-01
    endloop
  endfacet
  facet normal -1.311230e-03 -9.999981e-01 -1.429315e-03
    outer loop
      vertex  -1.796826e-02  1.389463e-01  3.283945e-01
      vertex  -1.243528e-02  1.388918e-01  3.614621e-01
      vertex  -1.851094e-02  1.388918e-01  3.670286e-01
    endloop
  endfacet
  facet normal -6.707199e-01 -1.192401e-01 -7.320632e-01
    outer loop
      vertex  -1.851094e-02  1.388918e-01  3.670286e-01
      vertex  -1.243528e-02  1.388918e-01  3.614621e-01
      vertex  -1.605247e-02  1.346832e-01  3.654616e-01
    endloop
  endfacet
  facet normal -7.440607e-02 -3.858354e-01  9.195623e-01
    outer loop
      vertex  -1.605247e-02  1.346832e-01  3.654616e-01
      vertex  -1.016761e-02  1.388918e-01  3.677037e-01
      vertex  -1.851094e-02  1.388918e-01  3.670286e-01
    endloop
  endfacet
  facet normal -2.509141e-06 -1.000000e+00  1.584484e-05
    outer loop
      vertex  -1.016761e-02  1.388918e-01  3.677037e-01
      vertex   3.469392e-02  1.388918e-01  3.748078e-01
      vertex  -1.851094e-02  1.388918e-01  3.670286e-01
    endloop
  endfacet
  facet normal  3.876697e-02  9.943689e-01 -9.862846e-02
    outer loop
      vertex   3.553196e-02  2.306790e-01  3.869214e-01
      vertex   3.584266e-02  2.329764e-01  4.102051e-01
      vertex   4.127554e-02  2.311039e-01  3.934628e-01
    endloop
  endfacet
  facet normal -4.621026e-01  6.672163e-02 -8.843129e-01
    outer loop
      vertex   3.607259e-02  1.846278e-01  3.831643e-01
      vertex   3.553196e-02  2.306790e-01  3.869214e-01
      vertex   3.927490e-02  2.300450e-01  3.849176e-01
    endloop
  endfacet
  facet normal -3.412527e-01 -7.189174e-01  6.055612e-01
    outer loop
      vertex   4.184072e-02  1.585177e-01  3.511827e-01
      vertex   4.175724e-02  1.616441e-01  3.548474e-01
      vertex   3.548963e-02  1.620473e-01  3.517940e-01
    endloop
  endfacet
  facet normal  4.710022e-01 -2.368163e-02  8.818141e-01
    outer loop
      vertex   3.885705e-02  1.745436e-01  3.586481e-01
      vertex   4.148148e-02  1.634841e-01  3.569493e-01
      vertex   4.667995e-02  1.669879e-01  3.542667e-01
    endloop
  endfacet
  facet normal -1.321756e-01  4.769123e-02  9.900783e-01
    outer loop
      vertex   6.049839e-02  2.306541e-01  4.372028e-01
      vertex   4.793268e-02  1.922286e-01  4.373762e-01
      vertex   5.923306e-02  1.847279e-01  4.392461e-01
    endloop
  endfacet
  facet normal  2.742034e-01 -8.210955e-02  9.581600e-01
    outer loop
      vertex   3.594873e-02  1.613920e-01  3.583533e-01
      vertex   4.148148e-02  1.634841e-01  3.569493e-01
      vertex   3.885705e-02  1.745436e-01  3.586481e-01
    endloop
  endfacet
  facet normal -1.210513e-01  3.846421e-02 -9.919007e-01
    outer loop
      vertex   6.045065e-02  1.846455e-01  3.829864e-01
      vertex   4.852447e-02  1.922091e-01  3.847352e-01
      vertex   5.702833e-02  2.307448e-01  3.851917e-01
    endloop
  endfacet
  facet normal -2.371471e-01 -2.966842e-01  9.250620e-01
    outer loop
      vertex   3.133215e-02  1.721307e-01  3.559451e-01
      vertex   3.885705e-02  1.745436e-01  3.586481e-01
      vertex   2.355943e-02  1.753257e-01  3.549773e-01
    endloop
  endfacet
  facet normal -8.026005e-01 -4.861282e-01  3.457047e-01
    outer loop
      vertex   2.355943e-02  1.753257e-01  3.549773e-01
      vertex   1.804525e-02  1.752223e-01  3.420299e-01
      vertex   2.215554e-02  1.725702e-01  3.478431e-01
    endloop
  endfacet
  facet normal -8.998638e-01 -1.177669e-01 -4.199716e-01
    outer loop
      vertex   1.907405e-02  1.723884e-01  3.350249e-01
      vertex   2.527120e-02  1.750997e-01  3.209861e-01
      vertex   2.272145e-02  1.723094e-01  3.272319e-01
    endloop
  endfacet
  facet normal -2.477185e-01 -3.174320e-01 -9.153537e-01
    outer loop
      vertex   3.597642e-02  1.749116e-01  3.181542e-01
      vertex   2.942192e-02  1.679529e-01  3.223412e-01
      vertex   2.527120e-02  1.750997e-01  3.209861e-01
    endloop
  endfacet
  facet normal  3.194204e-01 -2.056812e-01  9.250221e-01
    outer loop
      vertex   3.885705e-02  1.745436e-01  3.586481e-01
      vertex   4.667995e-02  1.669879e-01  3.542667e-01
      vertex   4.902189e-02  1.749156e-01  3.552208e-01
    endloop
  endfacet
  facet normal  2.779811e-02  5.053235e-01  8.624821e-01
    outer loop
      vertex   4.739919e-02  1.613927e-01  3.579839e-01
      vertex   4.148148e-02  1.634841e-01  3.569493e-01
      vertex   3.594873e-02  1.613920e-01  3.583533e-01
    endloop
  endfacet
  facet normal  7.974083e-01  6.240370e-02  6.002048e-01
    outer loop
      vertex   4.739919e-02  1.613927e-01  3.579839e-01
      vertex   5.763617e-02  1.613129e-01  3.443918e-01
      vertex   5.382316e-02  1.687111e-01  3.486884e-01
    endloop
  endfacet
  facet normal  4.352987e-01  5.363364e-01  7.230894e-01
    outer loop
      vertex   5.382316e-02  1.687111e-01  3.486884e-01
      vertex   4.667995e-02  1.669879e-01  3.542667e-01
      vertex   4.739919e-02  1.613927e-01  3.579839e-01
    endloop
  endfacet
  facet normal  9.875330e-01  1.507368e-01 -4.535434e-02
    outer loop
      vertex   5.640426e-02  1.688008e-01  3.424546e-01
      vertex   5.763617e-02  1.613129e-01  3.443918e-01
      vertex   5.656405e-02  1.658333e-01  3.360713e-01
    endloop
  endfacet
  facet normal  8.947701e-01  2.439606e-01  3.739915e-01
    outer loop
      vertex   5.640426e-02  1.688008e-01  3.424546e-01
      vertex   5.382316e-02  1.687111e-01  3.486884e-01
      vertex   5.763617e-02  1.613129e-01  3.443918e-01
    endloop
  endfacet
  facet normal  1.963864e-01 -9.060933e-02 -9.763311e-01
    outer loop
      vertex   4.565479e-02  1.619108e-01  3.214145e-01
      vertex   3.441121e-02  1.618977e-01  3.191541e-01
      vertex   4.120850e-02  1.687002e-01  3.198900e-01
    endloop
  endfacet
  facet normal -4.625965e-01  8.340927e-02 -8.826366e-01
    outer loop
      vertex   2.599366e-02  1.619269e-01  3.235685e-01
      vertex   2.942192e-02  1.679529e-01  3.223412e-01
      vertex   3.441121e-02  1.618977e-01  3.191541e-01
    endloop
  endfacet
  facet normal  5.239307e-01  3.516578e-02  8.510346e-01
    outer loop
      vertex   6.275275e-02  2.306029e-01  4.358171e-01
      vertex   6.049839e-02  2.306541e-01  4.372028e-01
      vertex   6.363243e-02  1.846424e-01  4.371746e-01
    endloop
  endfacet
  facet normal  4.262783e-01  2.848173e-02  9.041436e-01
    outer loop
      vertex   6.363243e-02  1.846424e-01  4.371746e-01
      vertex   6.049839e-02  2.306541e-01  4.372028e-01
      vertex   5.923306e-02  1.847279e-01  4.392461e-01
    endloop
  endfacet
  facet normal  5.254141e-01 -7.949673e-01 -3.032607e-01
    outer loop
      vertex   5.418663e-02  1.651761e-01  3.462523e-01
      vertex   4.821419e-02  1.611711e-01  3.464036e-01
      vertex   4.735710e-02  1.627234e-01  3.408493e-01
    endloop
  endfacet
  facet normal  5.607700e-01  9.642663e-02  8.223374e-01
    outer loop
      vertex   4.735710e-02  1.627234e-01  3.408493e-01
      vertex   5.122666e-02  1.611750e-01  3.383921e-01
      vertex   5.055844e-02  1.651717e-01  3.383791e-01
    endloop
  endfacet
  facet normal -6.778830e-01 -1.109788e-01  7.267450e-01
    outer loop
      vertex   5.122666e-02  1.611750e-01  3.383921e-01
      vertex   5.763617e-02  1.613129e-01  3.443918e-01
      vertex   5.055844e-02  1.651717e-01  3.383791e-01
    endloop
  endfacet
  facet normal -6.380272e-01 -7.115029e-01  2.944230e-01
    outer loop
      vertex   5.055844e-02  1.651717e-01  3.383791e-01
      vertex   5.763617e-02  1.613129e-01  3.443918e-01
      vertex   5.418663e-02  1.651761e-01  3.462523e-01
    endloop
  endfacet
  facet normal -2.049512e-01  2.700725e-01 -9.407741e-01
    outer loop
      vertex   5.763617e-02  1.613129e-01  3.443918e-01
      vertex   4.821419e-02  1.611711e-01  3.464036e-01
      vertex   5.418663e-02  1.651761e-01  3.462523e-01
    endloop
  endfacet
  facet normal -8.133218e-01 -4.220692e-01 -4.004562e-01
    outer loop
      vertex   5.097106e-02  1.621640e-01  3.250771e-01
      vertex   4.837848e-02  1.611673e-01  3.313931e-01
      vertex   4.618368e-02  1.651732e-01  3.316286e-01
    endloop
  endfacet
  facet normal  1.736065e-01  1.523064e-01 -9.729664e-01
    outer loop
      vertex   4.837848e-02  1.611673e-01  3.313931e-01
      vertex   4.389782e-02  1.612312e-01  3.306036e-01
      vertex   4.618368e-02  1.651732e-01  3.316286e-01
    endloop
  endfacet
  facet normal  5.084999e-01 -7.176321e-02 -8.580664e-01
    outer loop
      vertex   4.618368e-02  1.651732e-01  3.316286e-01
      vertex   4.389782e-02  1.612312e-01  3.306036e-01
      vertex   4.275327e-02  1.651727e-01  3.295957e-01
    endloop
  endfacet
  facet normal  6.087249e-01 -2.600879e-02 -7.929549e-01
    outer loop
      vertex   4.389782e-02  1.612312e-01  3.306036e-01
      vertex   3.706705e-02  1.613169e-01  3.253571e-01
      vertex   4.275327e-02  1.651727e-01  3.295957e-01
    endloop
  endfacet
  facet normal  2.596249e-01 -8.618370e-01  4.356971e-01
    outer loop
      vertex   4.275327e-02  1.651727e-01  3.295957e-01
      vertex   3.706705e-02  1.613169e-01  3.253571e-01
      vertex   4.565479e-02  1.619108e-01  3.214145e-01
    endloop
  endfacet
  facet normal -8.731591e-01  2.944405e-02 -4.865452e-01
    outer loop
      vertex   3.466615e-02  1.846316e-01  3.856885e-01
      vertex   3.553196e-02  2.306790e-01  3.869214e-01
      vertex   3.607259e-02  1.846278e-01  3.831643e-01
    endloop
  endfacet
  facet normal  5.053313e-01  2.223099e-02 -8.626390e-01
    outer loop
      vertex   6.045065e-02  1.846455e-01  3.829864e-01
      vertex   6.261033e-02  2.300012e-01  3.854204e-01
      vertex   6.363617e-02  1.846320e-01  3.848521e-01
    endloop
  endfacet
  facet normal  1.509906e-02  8.513469e-03 -9.998497e-01
    outer loop
      vertex   5.702833e-02  2.307448e-01  3.851917e-01
      vertex   4.852447e-02  1.922091e-01  3.847352e-01
      vertex   3.927490e-02  2.300450e-01  3.849176e-01
    endloop
  endfacet
  facet normal -1.595723e-02  9.730153e-03  9.998254e-01
    outer loop
      vertex   4.793268e-02  1.922286e-01  4.373762e-01
      vertex   6.049839e-02  2.306541e-01  4.372028e-01
      vertex   4.157723e-02  2.302900e-01  4.369044e-01
    endloop
  endfacet
  facet normal  2.820498e-01  9.408337e-01 -1.878293e-01
    outer loop
      vertex   5.671576e-02  2.331998e-01  4.273482e-01
      vertex   4.841242e-02  2.338826e-01  4.182997e-01
      vertex   4.398383e-02  2.360114e-01  4.223128e-01
    endloop
  endfacet
  facet normal -5.602280e-01  4.831088e-01 -6.728673e-01
    outer loop
      vertex  -1.866347e-02  1.801443e-01  3.663256e-01
      vertex  -1.359840e-02  1.844420e-01  3.651942e-01
      vertex  -1.051484e-02  1.801420e-01  3.595394e-01
    endloop
  endfacet
  facet normal  5.527919e-01  7.804675e-01 -2.920472e-01
    outer loop
      vertex  -1.359840e-02  1.844420e-01  3.651942e-01
      vertex  -6.546438e-03  1.801516e-01  3.670764e-01
      vertex  -1.051484e-02  1.801420e-01  3.595394e-01
    endloop
  endfacet
  facet normal -5.882215e-02  3.183968e-01  9.461308e-01
    outer loop
      vertex  -6.546438e-03  1.801516e-01  3.670764e-01
      vertex  -1.359840e-02  1.844420e-01  3.651942e-01
      vertex  -1.866347e-02  1.801443e-01  3.663256e-01
    endloop
  endfacet
  facet normal -2.928218e-01  7.824857e-01  5.495195e-01
    outer loop
      vertex   3.619539e-02  2.382577e-01  4.028727e-01
      vertex   3.584266e-02  2.329764e-01  4.102051e-01
      vertex   5.679451e-02  2.381224e-01  4.140420e-01
    endloop
  endfacet
  facet normal -2.824059e-01  8.977680e-01  3.380231e-01
    outer loop
      vertex   3.584266e-02  2.329764e-01  4.102051e-01
      vertex   4.841242e-02  2.338826e-01  4.182997e-01
      vertex   5.679451e-02  2.381224e-01  4.140420e-01
    endloop
  endfacet
  facet normal  5.827216e-02  2.210294e-02  9.980560e-01
    outer loop
      vertex   4.157723e-02  2.302900e-01  4.369044e-01
      vertex   3.479166e-02  1.846938e-01  4.383103e-01
      vertex   4.793268e-02  1.922286e-01  4.373762e-01
    endloop
  endfacet
  facet normal -3.784059e-02  1.876769e-01  9.815016e-01
    outer loop
      vertex   5.923306e-02  1.847279e-01  4.392461e-01
      vertex   4.793268e-02  1.922286e-01  4.373762e-01
      vertex   3.479166e-02  1.846938e-01  4.383103e-01
    endloop
  endfacet
  facet normal  4.769595e-02  5.126172e-02 -9.975457e-01
    outer loop
      vertex   5.702833e-02  2.307448e-01  3.851917e-01
      vertex   6.261033e-02  2.300012e-01  3.854204e-01
      vertex   6.045065e-02  1.846455e-01  3.829864e-01
    endloop
  endfacet
  facet normal -7.283626e-03  2.143460e-01 -9.767306e-01
    outer loop
      vertex   3.607259e-02  1.846278e-01  3.831643e-01
      vertex   4.852447e-02  1.922091e-01  3.847352e-01
      vertex   6.045065e-02  1.846455e-01  3.829864e-01
    endloop
  endfacet
  facet normal  1.065927e-01  3.085141e-02 -9.938240e-01
    outer loop
      vertex   3.927490e-02  2.300450e-01  3.849176e-01
      vertex   4.852447e-02  1.922091e-01  3.847352e-01
      vertex   3.607259e-02  1.846278e-01  3.831643e-01
    endloop
  endfacet
  facet normal  2.553765e-01 -7.837923e-01  5.660853e-01
    outer loop
      vertex   3.927454e-02  1.801042e-01  4.405991e-01
      vertex   3.658390e-02  1.787652e-01  4.399589e-01
      vertex   4.569221e-02  1.800288e-01  4.375995e-01
    endloop
  endfacet
  facet normal -9.998769e-01  1.550847e-02  2.366624e-03
    outer loop
      vertex   3.479166e-02  1.846938e-01  4.383103e-01
      vertex   3.550035e-02  2.307429e-01  4.359638e-01
      vertex   3.466615e-02  1.846316e-01  3.856885e-01
    endloop
  endfacet
  facet normal -9.995000e-01  2.975116e-02 -1.070266e-02
    outer loop
      vertex   3.550035e-02  2.307429e-01  4.359638e-01
      vertex   3.584266e-02  2.329764e-01  4.102051e-01
      vertex   3.466615e-02  1.846316e-01  3.856885e-01
    endloop
  endfacet
  facet normal -9.997627e-01  1.848988e-02  1.151629e-02
    outer loop
      vertex   3.584266e-02  2.329764e-01  4.102051e-01
      vertex   3.553196e-02  2.306790e-01  3.869214e-01
      vertex   3.466615e-02  1.846316e-01  3.856885e-01
    endloop
  endfacet
  facet normal -7.727601e-03  9.982832e-01 -5.805917e-02
    outer loop
      vertex   3.553196e-02  2.306790e-01  3.869214e-01
      vertex   4.127554e-02  2.311039e-01  3.934628e-01
      vertex   5.702833e-02  2.307448e-01  3.851917e-01
    endloop
  endfacet
  facet normal  8.879921e-03  9.996097e-01 -2.648687e-02
    outer loop
      vertex   4.127554e-02  2.311039e-01  3.934628e-01
      vertex   5.914778e-02  2.309892e-01  3.951262e-01
      vertex   5.702833e-02  2.307448e-01  3.851917e-01
    endloop
  endfacet
  facet normal  9.997084e-01  2.270728e-02 -8.223221e-03
    outer loop
      vertex   6.261033e-02  2.300012e-01  3.854204e-01
      vertex   6.279241e-02  2.305828e-01  4.091623e-01
      vertex   6.363617e-02  1.846320e-01  3.848521e-01
    endloop
  endfacet
  facet normal  9.998150e-01  1.917988e-02  1.473125e-03
    outer loop
      vertex   6.275275e-02  2.306029e-01  4.358171e-01
      vertex   6.363243e-02  1.846424e-01  4.371746e-01
      vertex   6.279241e-02  2.305828e-01  4.091623e-01
    endloop
  endfacet
  facet normal  9.998321e-01  1.832325e-02  6.772242e-05
    outer loop
      vertex   6.363243e-02  1.846424e-01  4.371746e-01
      vertex   6.363617e-02  1.846320e-01  3.848521e-01
      vertex   6.279241e-02  2.305828e-01  4.091623e-01
    endloop
  endfacet
  facet normal -8.712136e-01  1.281248e-01 -4.738892e-01
    outer loop
      vertex   4.706053e-02  2.465793e-01  3.965109e-01
      vertex   4.072423e-02  2.457295e-01  4.079300e-01
      vertex   4.230430e-02  2.534620e-01  4.071158e-01
    endloop
  endfacet
  facet normal -6.252910e-01  2.070028e-01  7.524368e-01
    outer loop
      vertex   4.230430e-02  2.534620e-01  4.071158e-01
      vertex   4.072423e-02  2.457295e-01  4.079300e-01
      vertex   4.897078e-02  2.528819e-01  4.128154e-01
    endloop
  endfacet
  facet normal -8.175376e-01  3.889282e-01 -4.246965e-01
    outer loop
      vertex   4.418222e-02  2.381640e-01  3.943451e-01
      vertex   4.072423e-02  2.457295e-01  4.079300e-01
      vertex   4.706053e-02  2.465793e-01  3.965109e-01
    endloop
  endfacet
  facet normal  3.232641e-01  1.306475e-01 -9.372468e-01
    outer loop
      vertex   4.418222e-02  2.381640e-01  3.943451e-01
      vertex   4.706053e-02  2.465793e-01  3.965109e-01
      vertex   5.644242e-02  2.483513e-01  3.999938e-01
    endloop
  endfacet
  facet normal -2.821662e-01 -2.976170e-01  9.120342e-01
    outer loop
      vertex   4.072423e-02  2.457295e-01  4.079300e-01
      vertex   5.394848e-02  2.471252e-01  4.124768e-01
      vertex   4.897078e-02  2.528819e-01  4.128154e-01
    endloop
  endfacet
  facet normal  8.860167e-01  3.429776e-01  3.119949e-01
    outer loop
      vertex   4.505014e-02  2.439051e-01  4.098240e-01
      vertex   4.782122e-02  2.439143e-01  4.019443e-01
      vertex   4.230430e-02  2.534620e-01  4.071158e-01
    endloop
  endfacet
  facet normal  8.717511e-01  2.897118e-01  3.951167e-01
    outer loop
      vertex   4.610974e-02  2.541981e-01  3.981800e-01
      vertex   4.230430e-02  2.534620e-01  4.071158e-01
      vertex   4.782122e-02  2.439143e-01  4.019443e-01
    endloop
  endfacet
  facet normal -4.258269e-01  2.476792e-01  8.702450e-01
    outer loop
      vertex   4.782122e-02  2.439143e-01  4.019443e-01
      vertex   5.510736e-02  2.441002e-01  4.054567e-01
      vertex   4.610974e-02  2.541981e-01  3.981800e-01
    endloop
  endfacet
  facet normal -4.423571e-01  2.304197e-01  8.667335e-01
    outer loop
      vertex   4.610974e-02  2.541981e-01  3.981800e-01
      vertex   5.510736e-02  2.441002e-01  4.054567e-01
      vertex   5.616269e-02  2.553500e-01  4.030046e-01
    endloop
  endfacet
  facet normal -7.985184e-01 -5.573965e-02 -5.993842e-01
    outer loop
      vertex   5.616269e-02  2.553500e-01  4.030046e-01
      vertex   5.510736e-02  2.441002e-01  4.054567e-01
      vertex   4.897078e-02  2.528819e-01  4.128154e-01
    endloop
  endfacet
  facet normal -3.658919e-01  4.341214e-01 -8.232021e-01
    outer loop
      vertex   5.510736e-02  2.441002e-01  4.054567e-01
      vertex   4.505014e-02  2.439051e-01  4.098240e-01
      vertex   4.897078e-02  2.528819e-01  4.128154e-01
    endloop
  endfacet
  facet normal  6.480696e-01 -2.944891e-02 -7.610115e-01
    outer loop
      vertex   4.230430e-02  2.534620e-01  4.071158e-01
      vertex   4.897078e-02  2.528819e-01  4.128154e-01
      vertex   4.505014e-02  2.439051e-01  4.098240e-01
    endloop
  endfacet
  facet normal  2.392174e-01  9.688625e-01 -6.387898e-02
    outer loop
      vertex   4.666398e-02  2.360206e-01  4.324883e-01
      vertex   5.671576e-02  2.331998e-01  4.273482e-01
      vertex   4.398383e-02  2.360114e-01  4.223128e-01
    endloop
  endfacet
  facet normal -6.592927e-01 -6.458735e-01 -3.849423e-01
    outer loop
      vertex   4.841242e-02  2.338826e-01  4.182997e-01
      vertex   4.307450e-02  2.310127e-01  4.322574e-01
      vertex   4.398383e-02  2.360114e-01  4.223128e-01
    endloop
  endfacet
  facet normal -7.992179e-01  5.631611e-01  2.100006e-01
    outer loop
      vertex   4.398383e-02  2.360114e-01  4.223128e-01
      vertex   4.307450e-02  2.310127e-01  4.322574e-01
      vertex   4.666398e-02  2.360206e-01  4.324883e-01
    endloop
  endfacet
  facet normal  3.653201e-01 -3.024490e-01  8.803782e-01
    outer loop
      vertex   4.307450e-02  2.310127e-01  4.322574e-01
      vertex   5.671576e-02  2.331998e-01  4.273482e-01
      vertex   4.666398e-02  2.360206e-01  4.324883e-01
    endloop
  endfacet
  facet normal -9.155831e-01 -3.041191e-01 -2.630953e-01
    outer loop
      vertex   4.127554e-02  2.311039e-01  3.934628e-01
      vertex   3.584266e-02  2.329764e-01  4.102051e-01
      vertex   3.619539e-02  2.382577e-01  4.028727e-01
    endloop
  endfacet
  facet normal -6.790814e-01  3.595603e-01 -6.399724e-01
    outer loop
      vertex   3.619539e-02  2.382577e-01  4.028727e-01
      vertex   4.418222e-02  2.381640e-01  3.943451e-01
      vertex   4.127554e-02  2.311039e-01  3.934628e-01
    endloop
  endfacet
  facet normal  9.287426e-02  8.573031e-02 -9.919802e-01
    outer loop
      vertex   4.127554e-02  2.311039e-01  3.934628e-01
      vertex   4.418222e-02  2.381640e-01  3.943451e-01
      vertex   5.914778e-02  2.309892e-01  3.951262e-01
    endloop
  endfacet
  facet normal  2.472544e-01  4.207169e-01 -8.728474e-01
    outer loop
      vertex   4.418222e-02  2.381640e-01  3.943451e-01
      vertex   6.065245e-02  2.378405e-01  3.988548e-01
      vertex   5.914778e-02  2.309892e-01  3.951262e-01
    endloop
  endfacet
  facet normal  9.646957e-01 -7.437195e-02 -2.526481e-01
    outer loop
      vertex   5.914778e-02  2.309892e-01  3.951262e-01
      vertex   6.065245e-02  2.378405e-01  3.988548e-01
      vertex   6.279241e-02  2.305828e-01  4.091623e-01
    endloop
  endfacet
  facet normal  8.257169e-01  5.274539e-01  1.999599e-01
    outer loop
      vertex   5.679451e-02  2.381224e-01  4.140420e-01
      vertex   6.279241e-02  2.305828e-01  4.091623e-01
      vertex   6.065245e-02  2.378405e-01  3.988548e-01
    endloop
  endfacet
  facet normal  5.061577e-01 -1.473159e-01  8.497661e-01
    outer loop
      vertex   6.279241e-02  2.305828e-01  4.091623e-01
      vertex   5.679451e-02  2.381224e-01  4.140420e-01
      vertex   4.841242e-02  2.338826e-01  4.182997e-01
    endloop
  endfacet
  facet normal  2.621403e-01  2.071418e-01 -9.425364e-01
    outer loop
      vertex   4.418222e-02  2.381640e-01  3.943451e-01
      vertex   5.644242e-02  2.483513e-01  3.999938e-01
      vertex   6.065245e-02  2.378405e-01  3.988548e-01
    endloop
  endfacet
  facet normal  9.125850e-01  3.410929e-01  2.254868e-01
    outer loop
      vertex   5.644242e-02  2.483513e-01  3.999938e-01
      vertex   5.679451e-02  2.381224e-01  4.140420e-01
      vertex   6.065245e-02  2.378405e-01  3.988548e-01
    endloop
  endfacet
  facet normal  1.720038e-01  9.815276e-01 -8.377520e-02
    outer loop
      vertex   4.841242e-02  2.338826e-01  4.182997e-01
      vertex   5.671576e-02  2.331998e-01  4.273482e-01
      vertex   6.279241e-02  2.305828e-01  4.091623e-01
    endloop
  endfacet
  facet normal  5.568944e-03  9.964574e-01  8.391468e-02
    outer loop
      vertex   3.550035e-02  2.307429e-01  4.359638e-01
      vertex   6.275275e-02  2.306029e-01  4.358171e-01
      vertex   4.307450e-02  2.310127e-01  4.322574e-01
    endloop
  endfacet
  facet normal -3.769093e-02  9.475338e-01  3.174258e-01
    outer loop
      vertex   4.307450e-02  2.310127e-01  4.322574e-01
      vertex   6.275275e-02  2.306029e-01  4.358171e-01
      vertex   5.671576e-02  2.331998e-01  4.273482e-01
    endloop
  endfacet
  facet normal  6.828899e-03  9.962308e-01  8.647289e-02
    outer loop
      vertex   3.584266e-02  2.329764e-01  4.102051e-01
      vertex   3.550035e-02  2.307429e-01  4.359638e-01
      vertex   4.307450e-02  2.310127e-01  4.322574e-01
    endloop
  endfacet
  facet normal -1.603475e-01  9.771394e-01  1.395969e-01
    outer loop
      vertex   4.307450e-02  2.310127e-01  4.322574e-01
      vertex   4.841242e-02  2.338826e-01  4.182997e-01
      vertex   3.584266e-02  2.329764e-01  4.102051e-01
    endloop
  endfacet
  facet normal  3.952864e-01  9.185579e-01 -1.056450e-04
    outer loop
      vertex   6.279241e-02  2.305828e-01  4.091623e-01
      vertex   5.671576e-02  2.331998e-01  4.273482e-01
      vertex   6.275275e-02  2.306029e-01  4.358171e-01
    endloop
  endfacet
  facet normal  3.643913e-01  3.802550e-01 -8.500736e-01
    outer loop
      vertex   4.610974e-02  2.541981e-01  3.981800e-01
      vertex   5.616269e-02  2.553500e-01  4.030046e-01
      vertex   5.644242e-02  2.483513e-01  3.999938e-01
    endloop
  endfacet
  facet normal  8.134156e-01 -2.021273e-01  5.454352e-01
    outer loop
      vertex   5.644242e-02  2.483513e-01  3.999938e-01
      vertex   5.616269e-02  2.553500e-01  4.030046e-01
      vertex   4.897078e-02  2.528819e-01  4.128154e-01
    endloop
  endfacet
  facet normal  2.977934e-01  2.396063e-01 -9.240714e-01
    outer loop
      vertex   5.644242e-02  2.483513e-01  3.999938e-01
      vertex   4.706053e-02  2.465793e-01  3.965109e-01
      vertex   4.610974e-02  2.541981e-01  3.981800e-01
    endloop
  endfacet
  facet normal -9.188256e-01 -2.842805e-02 -3.936386e-01
    outer loop
      vertex   4.610974e-02  2.541981e-01  3.981800e-01
      vertex   4.706053e-02  2.465793e-01  3.965109e-01
      vertex   4.230430e-02  2.534620e-01  4.071158e-01
    endloop
  endfacet
  facet normal  7.455069e-01  6.322042e-01  2.110386e-01
    outer loop
      vertex   4.897078e-02  2.528819e-01  4.128154e-01
      vertex   5.394848e-02  2.471252e-01  4.124768e-01
      vertex   5.644242e-02  2.483513e-01  3.999938e-01
    endloop
  endfacet
  facet normal  9.195725e-01  3.282495e-01  2.159600e-01
    outer loop
      vertex   5.394848e-02  2.471252e-01  4.124768e-01
      vertex   5.679451e-02  2.381224e-01  4.140420e-01
      vertex   5.644242e-02  2.483513e-01  3.999938e-01
    endloop
  endfacet
  facet normal -5.372902e-01  6.712729e-01 -5.105996e-01
    outer loop
      vertex   4.418222e-02  2.381640e-01  3.943451e-01
      vertex   3.619539e-02  2.382577e-01  4.028727e-01
      vertex   4.072423e-02  2.457295e-01  4.079300e-01
    endloop
  endfacet
  facet normal -3.301674e-01  5.940437e-02  9.420513e-01
    outer loop
      vertex   5.394848e-02  2.471252e-01  4.124768e-01
      vertex   4.072423e-02  2.457295e-01  4.079300e-01
      vertex   5.679451e-02  2.381224e-01  4.140420e-01
    endloop
  endfacet
  facet normal -4.574547e-01 -2.913803e-01  8.401385e-01
    outer loop
      vertex   5.679451e-02  2.381224e-01  4.140420e-01
      vertex   4.072423e-02  2.457295e-01  4.079300e-01
      vertex   3.619539e-02  2.382577e-01  4.028727e-01
    endloop
  endfacet
  facet normal -2.228986e-02  9.997293e-01 -6.664367e-03
    outer loop
      vertex   4.782122e-02  2.439143e-01  4.019443e-01
      vertex   4.505014e-02  2.439051e-01  4.098240e-01
      vertex   5.510736e-02  2.441002e-01  4.054567e-01
    endloop
  endfacet
  facet normal  1.092931e-01 -9.940081e-01  1.739423e-03
    outer loop
      vertex   5.715812e-02  1.636065e-01  3.902951e-01
      vertex   6.320757e-02  1.642746e-01  3.919918e-01
      vertex   5.860442e-02  1.638019e-01  4.110771e-01
    endloop
  endfacet
  facet normal  2.020338e-01 -9.100305e-01 -3.619763e-01
    outer loop
      vertex   5.125085e-02  1.641606e-01  3.856051e-01
      vertex   6.320757e-02  1.642746e-01  3.919918e-01
      vertex   5.715812e-02  1.636065e-01  3.902951e-01
    endloop
  endfacet
  facet normal -6.223942e-02 -9.886739e-01 -1.365660e-01
    outer loop
      vertex   3.507406e-02  1.642828e-01  3.920926e-01
      vertex   5.125085e-02  1.641606e-01  3.856051e-01
      vertex   3.871085e-02  1.637531e-01  3.942700e-01
    endloop
  endfacet
  facet normal -2.616780e-02 -9.960620e-01 -8.470998e-02
    outer loop
      vertex   3.871085e-02  1.637531e-01  3.942700e-01
      vertex   5.125085e-02  1.641606e-01  3.856051e-01
      vertex   5.715812e-02  1.636065e-01  3.902951e-01
    endloop
  endfacet
  facet normal -6.172051e-02 -9.979724e-01  1.554649e-02
    outer loop
      vertex   3.986768e-02  1.638083e-01  4.110626e-01
      vertex   4.241727e-02  1.640003e-01  4.335073e-01
      vertex   3.507141e-02  1.644021e-01  4.301361e-01
    endloop
  endfacet
  facet normal -1.106766e-01 -9.938516e-01  3.107644e-03
    outer loop
      vertex   3.507141e-02  1.644021e-01  4.301361e-01
      vertex   3.507406e-02  1.642828e-01  3.920926e-01
      vertex   3.986768e-02  1.638083e-01  4.110626e-01
    endloop
  endfacet
  facet normal  1.123815e-01 -9.936620e-01  2.492871e-03
    outer loop
      vertex   5.860442e-02  1.638019e-01  4.110771e-01
      vertex   6.320757e-02  1.642746e-01  3.919918e-01
      vertex   6.325478e-02  1.643747e-01  4.297505e-01
    endloop
  endfacet
  facet normal  5.636085e-02 -9.982727e-01  1.658550e-02
    outer loop
      vertex   5.860442e-02  1.638019e-01  4.110771e-01
      vertex   6.325478e-02  1.643747e-01  4.297505e-01
      vertex   5.549663e-02  1.640102e-01  4.341756e-01
    endloop
  endfacet
  facet normal -4.766692e-01 -2.125014e-01 -8.530121e-01
    outer loop
      vertex   4.030686e-02  1.800194e-01  3.877699e-01
      vertex   4.909239e-02  1.797414e-01  3.829297e-01
      vertex   5.125085e-02  1.641606e-01  3.856051e-01
    endloop
  endfacet
  facet normal  4.279727e-02 -9.798445e-01 -1.951237e-01
    outer loop
      vertex   1.269788e-01  1.380119e-01  4.117498e-01
      vertex   1.323679e-01  1.388918e-01  4.085134e-01
      vertex   1.341755e-01  1.380546e-01  4.131140e-01
    endloop
  endfacet
  facet normal -1.591541e-01 -6.166465e-01  7.709845e-01
    outer loop
      vertex   3.658390e-02  1.787652e-01  4.399589e-01
      vertex   4.018998e-02  1.840622e-01  4.449399e-01
      vertex   3.694729e-02  1.815024e-01  4.422232e-01
    endloop
  endfacet
  facet normal -6.364453e-01 -3.005971e-01  7.103370e-01
    outer loop
      vertex   4.114233e-02  1.840993e-01  4.441962e-01
      vertex   3.801367e-02  1.826952e-01  4.407988e-01
      vertex   4.127882e-02  1.812163e-01  4.430985e-01
    endloop
  endfacet
  facet normal  7.367529e-05 -1.000000e+00  6.982671e-05
    outer loop
      vertex   3.426324e-02  1.651727e-01  3.543482e-01
      vertex   3.501939e-02  1.651724e-01  3.492430e-01
      vertex   3.952016e-02  1.651727e-01  3.488016e-01
    endloop
  endfacet
  facet normal  6.934673e-05 -1.000000e+00  2.569260e-05
    outer loop
      vertex   3.501939e-02  1.651724e-01  3.492430e-01
      vertex   3.974608e-02  1.651727e-01  3.481918e-01
      vertex   3.952016e-02  1.651727e-01  3.488016e-01
    endloop
  endfacet
  facet normal -6.033400e-01 -7.655150e-01 -2.235343e-01
    outer loop
      vertex   3.952016e-02  1.651727e-01  3.488016e-01
      vertex   3.974608e-02  1.651727e-01  3.481918e-01
      vertex   4.175724e-02  1.616441e-01  3.548474e-01
    endloop
  endfacet
  facet normal -5.173030e-01 -8.108921e-01 -2.735901e-01
    outer loop
      vertex   3.974608e-02  1.651727e-01  3.481918e-01
      vertex   4.232780e-02  1.615533e-01  3.540376e-01
      vertex   4.175724e-02  1.616441e-01  3.548474e-01
    endloop
  endfacet
  facet normal -1.298533e-01 -8.473261e-01  5.149530e-01
    outer loop
      vertex   2.599366e-02  1.619269e-01  3.235685e-01
      vertex   3.706705e-02  1.613169e-01  3.253571e-01
      vertex   3.303482e-02  1.651727e-01  3.306848e-01
    endloop
  endfacet
  facet normal  4.708858e-01 -5.295324e-02 -8.806035e-01
    outer loop
      vertex   6.320757e-02  1.642746e-01  3.919918e-01
      vertex   5.125085e-02  1.641606e-01  3.856051e-01
      vertex   6.350645e-02  1.798412e-01  3.912156e-01
    endloop
  endfacet
  facet normal  4.972066e-01 -7.947102e-02 -8.639849e-01
    outer loop
      vertex   5.125085e-02  1.641606e-01  3.856051e-01
      vertex   4.909239e-02  1.797414e-01  3.829297e-01
      vertex   6.350645e-02  1.798412e-01  3.912156e-01
    endloop
  endfacet
  facet normal -4.104205e-04 -9.999996e-01  8.426008e-04
    outer loop
      vertex   4.595126e-02  1.651727e-01  3.308745e-01
      vertex   4.618368e-02  1.651732e-01  3.316286e-01
      vertex   4.352613e-02  1.651727e-01  3.296933e-01
    endloop
  endfacet
  facet normal -4.258460e-05 -9.999999e-01  3.374995e-04
    outer loop
      vertex   4.618368e-02  1.651732e-01  3.316286e-01
      vertex   4.275327e-02  1.651727e-01  3.295957e-01
      vertex   4.352613e-02  1.651727e-01  3.296933e-01
    endloop
  endfacet
  facet normal -4.494252e-02 -9.333333e-01  3.561869e-01
    outer loop
      vertex   4.352613e-02  1.651727e-01  3.296933e-01
      vertex   4.275327e-02  1.651727e-01  3.295957e-01
      vertex   4.565479e-02  1.619108e-01  3.214145e-01
    endloop
  endfacet
  facet normal  3.925471e-01  5.427001e-01 -7.425520e-01
    outer loop
      vertex   5.418663e-02  1.651761e-01  3.462523e-01
      vertex   4.735710e-02  1.627234e-01  3.408493e-01
      vertex   4.774636e-02  1.651727e-01  3.428451e-01
    endloop
  endfacet
  facet normal -2.253384e-02 -9.860597e-01 -1.648590e-01
    outer loop
      vertex   4.837848e-02  1.611673e-01  3.313931e-01
      vertex   5.097106e-02  1.621640e-01  3.250771e-01
      vertex   5.746195e-02  1.613746e-01  3.289118e-01
    endloop
  endfacet
  facet normal  2.174716e-02 -9.945026e-01 -1.024286e-01
    outer loop
      vertex   4.565479e-02  1.619108e-01  3.214145e-01
      vertex   3.706705e-02  1.613169e-01  3.253571e-01
      vertex   3.441121e-02  1.618977e-01  3.191541e-01
    endloop
  endfacet
  facet normal -4.277628e-02 -9.962680e-01 -7.496802e-02
    outer loop
      vertex   2.599366e-02  1.619269e-01  3.235685e-01
      vertex   3.441121e-02  1.618977e-01  3.191541e-01
      vertex   3.706705e-02  1.613169e-01  3.253571e-01
    endloop
  endfacet
  facet normal -2.533852e-01 -9.666506e-01  3.718287e-02
    outer loop
      vertex   1.973728e-02  1.626328e-01  3.453259e-01
      vertex   2.178104e-02  1.614910e-01  3.295709e-01
      vertex   2.425999e-02  1.611681e-01  3.380696e-01
    endloop
  endfacet
  facet normal  2.549921e-02 -9.996657e-01 -4.266516e-03
    outer loop
      vertex   5.746195e-02  1.613746e-01  3.289118e-01
      vertex   5.763617e-02  1.613129e-01  3.443918e-01
      vertex   5.122666e-02  1.611750e-01  3.383921e-01
    endloop
  endfacet
  facet normal -2.478001e-01 -9.679464e-01  4.092553e-02
    outer loop
      vertex   2.425999e-02  1.611681e-01  3.380696e-01
      vertex   2.373292e-02  1.616646e-01  3.466190e-01
      vertex   1.973728e-02  1.626328e-01  3.453259e-01
    endloop
  endfacet
  facet normal -2.315114e-01 -9.727454e-01 -1.299931e-02
    outer loop
      vertex   1.973728e-02  1.626328e-01  3.453259e-01
      vertex   2.373292e-02  1.616646e-01  3.466190e-01
      vertex   2.275827e-02  1.618355e-01  3.511880e-01
    endloop
  endfacet
  facet normal -4.826151e-02 -9.984683e-01  2.705304e-02
    outer loop
      vertex   2.275827e-02  1.618355e-01  3.511880e-01
      vertex   2.373292e-02  1.616646e-01  3.466190e-01
      vertex   3.594873e-02  1.613920e-01  3.583533e-01
    endloop
  endfacet
  facet normal -1.207456e-03 -9.992332e-01 -3.913349e-02
    outer loop
      vertex   3.594873e-02  1.613920e-01  3.583533e-01
      vertex   4.232780e-02  1.615533e-01  3.540376e-01
      vertex   4.739919e-02  1.613927e-01  3.579839e-01
    endloop
  endfacet
  facet normal  2.080368e-02 -9.997565e-01 -7.356703e-03
    outer loop
      vertex   4.837848e-02  1.611673e-01  3.313931e-01
      vertex   5.746195e-02  1.613746e-01  3.289118e-01
      vertex   5.122666e-02  1.611750e-01  3.383921e-01
    endloop
  endfacet
  facet normal -4.410745e-02 -9.988985e-01  1.601116e-02
    outer loop
      vertex   4.232780e-02  1.615533e-01  3.540376e-01
      vertex   4.821419e-02  1.611711e-01  3.464036e-01
      vertex   4.739919e-02  1.613927e-01  3.579839e-01
    endloop
  endfacet
  facet normal  1.942801e-02 -9.996011e-01  2.049617e-02
    outer loop
      vertex   4.821419e-02  1.611711e-01  3.464036e-01
      vertex   5.763617e-02  1.613129e-01  3.443918e-01
      vertex   4.739919e-02  1.613927e-01  3.579839e-01
    endloop
  endfacet
  facet normal  7.828482e-02 -9.914366e-01 -1.045223e-01
    outer loop
      vertex   3.548963e-02  1.620473e-01  3.517940e-01
      vertex   3.594873e-02  1.613920e-01  3.583533e-01
      vertex   2.373292e-02  1.616646e-01  3.466190e-01
    endloop
  endfacet
  facet normal  6.284133e-01 -5.840412e-01  5.138020e-01
    outer loop
      vertex   4.232780e-02  1.615533e-01  3.540376e-01
      vertex   4.184072e-02  1.585177e-01  3.511827e-01
      vertex   4.821419e-02  1.611711e-01  3.464036e-01
    endloop
  endfacet
  facet normal -5.708804e-02 -9.435586e-01  3.262484e-01
    outer loop
      vertex   4.909239e-02  1.797414e-01  3.829297e-01
      vertex   5.165843e-02  1.785801e-01  3.800200e-01
      vertex   6.145966e-02  1.791096e-01  3.832665e-01
    endloop
  endfacet
  facet normal -2.428017e-01 -5.213652e-01  8.180622e-01
    outer loop
      vertex   5.165843e-02  1.785801e-01  3.800200e-01
      vertex   5.960912e-02  1.753415e-01  3.803158e-01
      vertex   6.145966e-02  1.791096e-01  3.832665e-01
    endloop
  endfacet
  facet normal  9.272917e-01 -2.159724e-01 -3.057549e-01
    outer loop
      vertex   6.145966e-02  1.791096e-01  3.832665e-01
      vertex   5.960912e-02  1.753415e-01  3.803158e-01
      vertex   6.111412e-02  1.814697e-01  3.805514e-01
    endloop
  endfacet
  facet normal -2.825398e-01  3.252276e-02  9.587041e-01
    outer loop
      vertex   5.960912e-02  1.753415e-01  3.803158e-01
      vertex   6.355558e-02  1.801414e-01  3.813160e-01
      vertex   6.111412e-02  1.814697e-01  3.805514e-01
    endloop
  endfacet
  facet normal  3.606682e-02 -4.587780e-01  8.878186e-01
    outer loop
      vertex   4.423129e-02  1.749812e-01  3.806674e-01
      vertex   4.909239e-02  1.797414e-01  3.829297e-01
      vertex   3.477976e-02  1.753793e-01  3.812571e-01
    endloop
  endfacet
  facet normal -2.362683e-01  4.437500e-01  8.644439e-01
    outer loop
      vertex   4.909239e-02  1.797414e-01  3.829297e-01
      vertex   4.115696e-02  1.801417e-01  3.805553e-01
      vertex   3.477976e-02  1.753793e-01  3.812571e-01
    endloop
  endfacet
  facet normal  7.858068e-01 -6.175009e-01  3.464545e-02
    outer loop
      vertex   3.743400e-02  1.788541e-01  3.829879e-01
      vertex   3.477976e-02  1.753793e-01  3.812571e-01
      vertex   3.875150e-02  1.804319e-01  3.812281e-01
    endloop
  endfacet
  facet normal  2.437619e-01 -1.861647e-01  9.517998e-01
    outer loop
      vertex   3.477976e-02  1.753793e-01  3.812571e-01
      vertex   4.115696e-02  1.801417e-01  3.805553e-01
      vertex   3.875150e-02  1.804319e-01  3.812281e-01
    endloop
  endfacet
  facet normal -3.581443e-01 -5.528889e-01 -7.523606e-01
    outer loop
      vertex   4.569221e-02  1.800288e-01  4.375995e-01
      vertex   4.149389e-02  1.752175e-01  4.431337e-01
      vertex   3.927454e-02  1.801042e-01  4.405991e-01
    endloop
  endfacet
  facet normal -6.735796e-01 -5.575684e-01 -4.851887e-01
    outer loop
      vertex   3.927454e-02  1.801042e-01  4.405991e-01
      vertex   4.149389e-02  1.752175e-01  4.431337e-01
      vertex   3.694729e-02  1.815024e-01  4.422232e-01
    endloop
  endfacet
  facet normal  6.850749e-01  4.081752e-01 -6.033784e-01
    outer loop
      vertex   4.149389e-02  1.752175e-01  4.431337e-01
      vertex   3.658390e-02  1.787652e-01  4.399589e-01
      vertex   3.694729e-02  1.815024e-01  4.422232e-01
    endloop
  endfacet
  facet normal -7.086343e-02 -3.078749e-02 -9.970108e-01
    outer loop
      vertex   5.735534e-02  1.802455e-01  4.413143e-01
      vertex   6.290086e-02  1.753534e-01  4.410712e-01
      vertex   5.241163e-02  1.790410e-01  4.417029e-01
    endloop
  endfacet
  facet normal -3.699213e-01 -1.296961e-01 -9.199659e-01
    outer loop
      vertex   5.125085e-02  1.641606e-01  3.856051e-01
      vertex   3.507406e-02  1.642828e-01  3.920926e-01
      vertex   4.030686e-02  1.800194e-01  3.877699e-01
    endloop
  endfacet
  facet normal -2.211993e-01  9.168290e-01 -3.324084e-01
    outer loop
      vertex   4.927408e-02  1.791820e-01  3.426336e-01
      vertex   5.036762e-02  1.801418e-01  3.445531e-01
      vertex   5.327544e-02  1.801071e-01  3.425223e-01
    endloop
  endfacet
  facet normal -1.891251e-01  8.723434e-01  4.508311e-01
    outer loop
      vertex   5.327544e-02  1.801071e-01  3.425223e-01
      vertex   5.037984e-02  1.801418e-01  3.412404e-01
      vertex   4.927408e-02  1.791820e-01  3.426336e-01
    endloop
  endfacet
  facet normal  6.572247e-01 -7.536908e-01  2.425801e-03
    outer loop
      vertex   5.037984e-02  1.801418e-01  3.412404e-01
      vertex   5.036762e-02  1.801418e-01  3.445531e-01
      vertex   4.927408e-02  1.791820e-01  3.426336e-01
    endloop
  endfacet
  facet normal -2.768332e-02 -3.577103e-01  9.334221e-01
    outer loop
      vertex   5.735534e-02  1.802455e-01  4.413143e-01
      vertex   6.173551e-02  1.800765e-01  4.413794e-01
      vertex   6.134797e-02  1.824898e-01  4.422927e-01
    endloop
  endfacet
  facet normal -3.633273e-01  7.188627e-01 -5.926464e-01
    outer loop
      vertex   6.134797e-02  1.824898e-01  4.422927e-01
      vertex   5.706749e-02  1.817717e-01  4.440460e-01
      vertex   5.976377e-02  1.841026e-01  4.452203e-01
    endloop
  endfacet
  facet normal  4.503980e-01 -7.583802e-01  4.711699e-01
    outer loop
      vertex   5.706749e-02  1.817717e-01  4.440460e-01
      vertex   5.735534e-02  1.802455e-01  4.413143e-01
      vertex   5.976377e-02  1.841026e-01  4.452203e-01
    endloop
  endfacet
  facet normal -5.963662e-01  7.238179e-01 -3.470374e-01
    outer loop
      vertex   5.976377e-02  1.841026e-01  4.452203e-01
      vertex   5.735534e-02  1.802455e-01  4.413143e-01
      vertex   5.798677e-02  1.824901e-01  4.449109e-01
    endloop
  endfacet
  facet normal -8.444891e-01  5.082336e-01 -1.689282e-01
    outer loop
      vertex   5.735534e-02  1.802455e-01  4.413143e-01
      vertex   5.706498e-02  1.801431e-01  4.424579e-01
      vertex   5.798677e-02  1.824901e-01  4.449109e-01
    endloop
  endfacet
  facet normal  1.270860e-01  6.923963e-01 -7.102369e-01
    outer loop
      vertex   5.798677e-02  1.824901e-01  4.449109e-01
      vertex   5.706498e-02  1.801431e-01  4.424579e-01
      vertex   5.706749e-02  1.817717e-01  4.440460e-01
    endloop
  endfacet
  facet normal -3.734315e-01 -6.473559e-01  6.644391e-01
    outer loop
      vertex   5.706498e-02  1.801431e-01  4.424579e-01
      vertex   6.290086e-02  1.753534e-01  4.410712e-01
      vertex   5.706749e-02  1.817717e-01  4.440460e-01
    endloop
  endfacet
  facet normal  6.152522e-01  7.140328e-01 -3.340987e-01
    outer loop
      vertex   5.706749e-02  1.817717e-01  4.440460e-01
      vertex   6.290086e-02  1.753534e-01  4.410712e-01
      vertex   5.735534e-02  1.802455e-01  4.413143e-01
    endloop
  endfacet
  facet normal -1.567598e-01 -1.515494e-01  9.759401e-01
    outer loop
      vertex   3.658390e-02  1.787652e-01  4.399589e-01
      vertex   3.927454e-02  1.801042e-01  4.405991e-01
      vertex   3.801367e-02  1.826952e-01  4.407988e-01
    endloop
  endfacet
  facet normal -6.408762e-01 -3.639998e-01  6.758565e-01
    outer loop
      vertex   3.801367e-02  1.826952e-01  4.407988e-01
      vertex   3.927454e-02  1.801042e-01  4.405991e-01
      vertex   4.127882e-02  1.812163e-01  4.430985e-01
    endloop
  endfacet
  facet normal -6.752203e-01 -2.987992e-01  6.743861e-01
    outer loop
      vertex   3.927454e-02  1.801042e-01  4.405991e-01
      vertex   4.122618e-02  1.801418e-01  4.425697e-01
      vertex   4.127882e-02  1.812163e-01  4.430985e-01
    endloop
  endfacet
  facet normal -9.258372e-01  9.540192e-02 -3.656828e-01
    outer loop
      vertex   4.127882e-02  1.812163e-01  4.430985e-01
      vertex   4.058712e-02  1.801418e-01  4.445694e-01
      vertex   4.114233e-02  1.840993e-01  4.441962e-01
    endloop
  endfacet
  facet normal -2.615305e-01 -5.418609e-02 -9.636730e-01
    outer loop
      vertex   4.058712e-02  1.801418e-01  4.445694e-01
      vertex   3.850376e-02  1.801418e-01  4.451348e-01
      vertex   4.114233e-02  1.840993e-01  4.441962e-01
    endloop
  endfacet
  facet normal -6.054227e-01  2.224059e-01 -7.641982e-01
    outer loop
      vertex   4.114233e-02  1.840993e-01  4.441962e-01
      vertex   3.850376e-02  1.801418e-01  4.451348e-01
      vertex   4.018998e-02  1.840622e-01  4.449399e-01
    endloop
  endfacet
  facet normal  7.483374e-01 -3.498866e-01 -5.635339e-01
    outer loop
      vertex   4.018998e-02  1.840622e-01  4.449399e-01
      vertex   3.850376e-02  1.801418e-01  4.451348e-01
      vertex   3.694729e-02  1.815024e-01  4.422232e-01
    endloop
  endfacet
  facet normal -2.379411e-01  8.249448e-01  5.126891e-01
    outer loop
      vertex   3.694729e-02  1.815024e-01  4.422232e-01
      vertex   3.850376e-02  1.801418e-01  4.451348e-01
      vertex   3.801367e-02  1.826952e-01  4.407988e-01
    endloop
  endfacet
  facet normal  9.223282e-01 -2.782581e-01 -2.681101e-01
    outer loop
      vertex   3.850376e-02  1.801418e-01  4.451348e-01
      vertex   3.658390e-02  1.787652e-01  4.399589e-01
      vertex   3.801367e-02  1.826952e-01  4.407988e-01
    endloop
  endfacet
  facet normal -4.605120e-01 -4.781939e-01 -7.478365e-01
    outer loop
      vertex   6.355558e-02  1.801414e-01  3.813160e-01
      vertex   6.145966e-02  1.791096e-01  3.832665e-01
      vertex   5.952548e-02  1.838455e-01  3.814292e-01
    endloop
  endfacet
  facet normal  7.980554e-01  9.508549e-02 -5.950348e-01
    outer loop
      vertex   5.952548e-02  1.838455e-01  3.814292e-01
      vertex   6.145966e-02  1.791096e-01  3.832665e-01
      vertex   5.701809e-02  1.811055e-01  3.776284e-01
    endloop
  endfacet
  facet normal  6.493307e-02 -9.234918e-01 -3.780828e-01
    outer loop
      vertex   6.145966e-02  1.791096e-01  3.832665e-01
      vertex   5.727626e-02  1.801418e-01  3.800268e-01
      vertex   5.701809e-02  1.811055e-01  3.776284e-01
    endloop
  endfacet
  facet normal  2.735224e-01 -3.375319e-01  9.006985e-01
    outer loop
      vertex   5.701809e-02  1.811055e-01  3.776284e-01
      vertex   5.873754e-02  1.801418e-01  3.767451e-01
      vertex   6.071249e-02  1.840642e-01  3.776153e-01
    endloop
  endfacet
  facet normal -8.472594e-01  3.351802e-01  4.120750e-01
    outer loop
      vertex   6.071249e-02  1.840642e-01  3.776153e-01
      vertex   5.873754e-02  1.801418e-01  3.767451e-01
      vertex   6.111412e-02  1.814697e-01  3.805514e-01
    endloop
  endfacet
  facet normal -2.713334e-01 -8.434380e-01  4.636708e-01
    outer loop
      vertex   5.873754e-02  1.801418e-01  3.767451e-01
      vertex   6.112196e-02  1.801418e-01  3.781404e-01
      vertex   6.111412e-02  1.814697e-01  3.805514e-01
    endloop
  endfacet
  facet normal  7.231488e-01  6.059860e-01 -3.314163e-01
    outer loop
      vertex   6.111412e-02  1.814697e-01  3.805514e-01
      vertex   6.112196e-02  1.801418e-01  3.781404e-01
      vertex   5.952548e-02  1.838455e-01  3.814292e-01
    endloop
  endfacet
  facet normal -9.071084e-01 -4.196582e-01  3.227149e-02
    outer loop
      vertex   6.112196e-02  1.801418e-01  3.781404e-01
      vertex   6.118079e-02  1.801418e-01  3.797940e-01
      vertex   5.952548e-02  1.838455e-01  3.814292e-01
    endloop
  endfacet
  facet normal -4.601138e-01 -5.225344e-01  7.178113e-01
    outer loop
      vertex   6.118079e-02  1.801418e-01  3.797940e-01
      vertex   6.355558e-02  1.801414e-01  3.813160e-01
      vertex   5.952548e-02  1.838455e-01  3.814292e-01
    endloop
  endfacet
  facet normal -7.887373e-03 -4.283035e-01 -9.036006e-01
    outer loop
      vertex   4.147721e-02  1.825330e-01  3.794191e-01
      vertex   4.115696e-02  1.801417e-01  3.805553e-01
      vertex   3.693367e-02  1.823605e-01  3.795405e-01
    endloop
  endfacet
  facet normal -2.040617e-01 -7.009826e-01 -6.833609e-01
    outer loop
      vertex   4.115696e-02  1.801417e-01  3.805553e-01
      vertex   3.743400e-02  1.788541e-01  3.829879e-01
      vertex   3.693367e-02  1.823605e-01  3.795405e-01
    endloop
  endfacet
  facet normal  9.423431e-01  2.931521e-01  1.614047e-01
    outer loop
      vertex   3.743400e-02  1.788541e-01  3.829879e-01
      vertex   3.772277e-02  1.812597e-01  3.769327e-01
      vertex   3.693367e-02  1.823605e-01  3.795405e-01
    endloop
  endfacet
  facet normal -2.278098e-01 -9.731095e-01  3.406599e-02
    outer loop
      vertex   4.071449e-02  1.801418e-01  3.775971e-01
      vertex   4.115696e-02  1.801417e-01  3.805553e-01
      vertex   3.948349e-02  1.804000e-01  3.767402e-01
    endloop
  endfacet
  facet normal -8.641570e-01  3.056785e-01  3.997417e-01
    outer loop
      vertex   3.948349e-02  1.804000e-01  3.767402e-01
      vertex   4.115696e-02  1.801417e-01  3.805553e-01
      vertex   4.147721e-02  1.825330e-01  3.794191e-01
    endloop
  endfacet
  facet normal  4.224372e-01 -9.060368e-01 -2.538012e-02
    outer loop
      vertex   6.355558e-02  1.801414e-01  3.813160e-01
      vertex   6.350645e-02  1.798412e-01  3.912156e-01
      vertex   6.145966e-02  1.791096e-01  3.832665e-01
    endloop
  endfacet
  facet normal  3.408813e-01 -9.397941e-01  2.422701e-02
    outer loop
      vertex   3.743400e-02  1.788541e-01  3.829879e-01
      vertex   4.115696e-02  1.801417e-01  3.805553e-01
      vertex   4.030686e-02  1.800194e-01  3.877699e-01
    endloop
  endfacet
  facet normal -4.377849e-02 -9.987968e-01 -2.209865e-02
    outer loop
      vertex   4.115696e-02  1.801417e-01  3.805553e-01
      vertex   4.909239e-02  1.797414e-01  3.829297e-01
      vertex   4.030686e-02  1.800194e-01  3.877699e-01
    endloop
  endfacet
  facet normal -3.545788e-01 -9.331163e-01  5.973108e-02
    outer loop
      vertex   4.658167e-02  1.801665e-01  3.746667e-01
      vertex   5.165843e-02  1.785801e-01  3.800200e-01
      vertex   4.909239e-02  1.797414e-01  3.829297e-01
    endloop
  endfacet
  facet normal  1.460382e-03 -9.584038e-01 -2.854122e-01
    outer loop
      vertex   4.658167e-02  1.801665e-01  3.746667e-01
      vertex   6.064716e-02  1.801544e-01  3.747794e-01
      vertex   5.165843e-02  1.785801e-01  3.800200e-01
    endloop
  endfacet
  facet normal -7.055157e-04  9.999949e-01  3.107188e-03
    outer loop
      vertex   4.291645e-02  1.846418e-01  3.802190e-01
      vertex   3.607259e-02  1.846278e-01  3.831643e-01
      vertex   6.045065e-02  1.846455e-01  3.829864e-01
    endloop
  endfacet
  facet normal -1.556259e-04  9.999999e-01 -3.769279e-04
    outer loop
      vertex   3.734477e-02  1.846388e-01  3.746311e-01
      vertex   4.291645e-02  1.846418e-01  3.802190e-01
      vertex   6.045065e-02  1.846455e-01  3.829864e-01
    endloop
  endfacet
  facet normal  1.349531e-03 -9.999984e-01  1.178093e-03
    outer loop
      vertex   5.923306e-02  1.847279e-01  4.392461e-01
      vertex   3.479166e-02  1.846938e-01  4.383103e-01
      vertex   3.466615e-02  1.846316e-01  3.856885e-01
    endloop
  endfacet
  facet normal  6.902241e-03  9.999735e-01  2.318857e-03
    outer loop
      vertex   3.734477e-02  1.846388e-01  3.746311e-01
      vertex   3.466615e-02  1.846316e-01  3.856885e-01
      vertex   3.607259e-02  1.846278e-01  3.831643e-01
    endloop
  endfacet
  facet normal -3.968107e-02  9.932568e-01  1.089328e-01
    outer loop
      vertex   6.045065e-02  1.846455e-01  3.829864e-01
      vertex   5.610303e-02  1.853012e-01  3.754242e-01
      vertex   3.734477e-02  1.846388e-01  3.746311e-01
    endloop
  endfacet
  facet normal -1.932798e-02 -9.998132e-01  1.985924e-04
    outer loop
      vertex   6.363617e-02  1.846320e-01  3.848521e-01
      vertex   6.363243e-02  1.846424e-01  4.371746e-01
      vertex   5.923306e-02  1.847279e-01  4.392461e-01
    endloop
  endfacet
  facet normal -3.253742e-01  7.611319e-01  5.610792e-01
    outer loop
      vertex   6.363617e-02  1.846320e-01  3.848521e-01
      vertex   6.077213e-02  1.876943e-01  3.790371e-01
      vertex   6.045065e-02  1.846455e-01  3.829864e-01
    endloop
  endfacet
  facet normal  6.273656e-01  5.049875e-01  5.927900e-01
    outer loop
      vertex   6.344025e-02  1.846373e-01  4.422169e-01
      vertex   5.924838e-02  1.883878e-01  4.434583e-01
      vertex   5.823931e-02  1.846347e-01  4.477234e-01
    endloop
  endfacet
  facet normal  6.211689e-05  9.999395e-01  1.099747e-02
    outer loop
      vertex   3.858333e-02  1.846397e-01  4.473796e-01
      vertex   5.823931e-02  1.846347e-01  4.477234e-01
      vertex   5.923306e-02  1.847279e-01  4.392461e-01
    endloop
  endfacet
  facet normal  2.153802e-02  9.997680e-01 -1.961324e-05
    outer loop
      vertex   5.923306e-02  1.847279e-01  4.392461e-01
      vertex   6.344025e-02  1.846373e-01  4.422169e-01
      vertex   6.363617e-02  1.846320e-01  3.848521e-01
    endloop
  endfacet
  facet normal -7.410255e-03  9.999408e-01 -7.973792e-03
    outer loop
      vertex   5.923306e-02  1.847279e-01  4.392461e-01
      vertex   4.333610e-02  1.846418e-01  4.432193e-01
      vertex   3.858333e-02  1.846397e-01  4.473796e-01
    endloop
  endfacet
  facet normal -4.369241e-03  9.999904e-01  2.070649e-04
    outer loop
      vertex   3.466615e-02  1.846316e-01  3.856885e-01
      vertex   3.461530e-02  1.846199e-01  4.414947e-01
      vertex   5.923306e-02  1.847279e-01  4.392461e-01
    endloop
  endfacet
  facet normal -3.795204e-03  9.999717e-01  6.490830e-03
    outer loop
      vertex   5.923306e-02  1.847279e-01  4.392461e-01
      vertex   3.461530e-02  1.846199e-01  4.414947e-01
      vertex   4.333610e-02  1.846418e-01  4.432193e-01
    endloop
  endfacet
  facet normal  1.085873e-01 -9.755391e-01  1.911339e-01
    outer loop
      vertex   6.012103e-02  1.789301e-01  4.330291e-01
      vertex   5.735534e-02  1.802455e-01  4.413143e-01
      vertex   4.998052e-02  1.788513e-01  4.383881e-01
    endloop
  endfacet
  facet normal  2.270097e-01 -9.675298e-01 -1.111428e-01
    outer loop
      vertex   4.998052e-02  1.788513e-01  4.383881e-01
      vertex   5.735534e-02  1.802455e-01  4.413143e-01
      vertex   5.241163e-02  1.790410e-01  4.417029e-01
    endloop
  endfacet
  facet normal -1.076578e-01 -9.922166e-01 -6.257820e-02
    outer loop
      vertex   5.241163e-02  1.790410e-01  4.417029e-01
      vertex   3.935825e-02  1.800632e-01  4.479510e-01
      vertex   4.569221e-02  1.800288e-01  4.375995e-01
    endloop
  endfacet
  facet normal -5.780125e-02 -6.787341e-01 -7.321059e-01
    outer loop
      vertex   4.644470e-02  1.579377e-01  4.040237e-01
      vertex   5.142673e-02  1.574908e-01  4.040446e-01
      vertex   4.657223e-02  1.574930e-01  4.044260e-01
    endloop
  endfacet
  facet normal  7.971846e-01 -6.005866e-01 -6.158262e-02
    outer loop
      vertex   4.610984e-02  1.579335e-01  3.985766e-01
      vertex   4.615476e-02  1.574921e-01  4.034632e-01
      vertex   4.583246e-02  1.574918e-01  3.992938e-01
    endloop
  endfacet
  facet normal -8.461789e-02 -7.972579e-02 -9.932188e-01
    outer loop
      vertex   4.621089e-02  1.535852e-01  3.984390e-01
      vertex   4.605207e-02  1.574930e-01  3.981389e-01
      vertex   5.187842e-02  1.574925e-01  3.976425e-01
    endloop
  endfacet
  facet normal  8.803896e-01 -2.314913e-01 -4.139154e-01
    outer loop
      vertex   5.752257e-02  1.837061e-01  3.772470e-01
      vertex   5.952548e-02  1.838455e-01  3.814292e-01
      vertex   5.701809e-02  1.811055e-01  3.776284e-01
    endloop
  endfacet
  facet normal -1.317263e-01  1.688231e-01  9.768044e-01
    outer loop
      vertex   6.071249e-02  1.840642e-01  3.776153e-01
      vertex   5.752257e-02  1.837061e-01  3.772470e-01
      vertex   5.701809e-02  1.811055e-01  3.776284e-01
    endloop
  endfacet
  facet normal -2.181870e-01 -9.617113e-01  1.658483e-01
    outer loop
      vertex   3.863361e-02  1.390999e-01  3.339857e-01
      vertex   4.422226e-02  1.389106e-01  3.402405e-01
      vertex   3.892374e-02  1.404261e-01  3.420580e-01
    endloop
  endfacet
  facet normal -2.797516e-02  7.261083e-01 -6.870110e-01
    outer loop
      vertex   3.892374e-02  1.404261e-01  3.420580e-01
      vertex   4.422226e-02  1.389106e-01  3.402405e-01
      vertex   3.398033e-02  1.389369e-01  3.406853e-01
    endloop
  endfacet
  facet normal  9.996632e-01 -2.437077e-02 -8.920019e-03
    outer loop
      vertex   2.221093e-01  1.436543e-01  4.181903e-01
      vertex   2.219923e-01  1.388918e-01  4.180883e-01
      vertex   2.221014e-01  1.436543e-01  4.173033e-01
    endloop
  endfacet
  facet normal  6.058195e-01  3.723173e-01 -7.031093e-01
    outer loop
      vertex   9.306147e-02  1.388918e-01  3.558098e-01
      vertex   9.316669e-02  1.436543e-01  3.584223e-01
      vertex   9.850919e-02  1.388918e-01  3.605037e-01
    endloop
  endfacet
  facet normal -1.215630e-01 -3.578386e-01 -9.258369e-01
    outer loop
      vertex   4.509583e-02  1.388918e-01  4.484359e-01
      vertex   3.946557e-02  1.436543e-01  4.473344e-01
      vertex   6.361700e-02  1.388918e-01  4.460041e-01
    endloop
  endfacet
  facet normal -6.039433e-02 -2.754126e-02 -9.977946e-01
    outer loop
      vertex   3.946557e-02  1.436543e-01  4.473344e-01
      vertex   6.364434e-02  1.436543e-01  4.458709e-01
      vertex   6.361700e-02  1.388918e-01  4.460041e-01
    endloop
  endfacet
  facet normal -5.708728e-01 -3.548972e-02 -8.202711e-01
    outer loop
      vertex   3.473237e-02  1.803386e-01  3.916357e-01
      vertex   4.030686e-02  1.800194e-01  3.877699e-01
      vertex   3.507406e-02  1.642828e-01  3.920926e-01
    endloop
  endfacet
  facet normal  7.465018e-02 -1.400937e-01 -9.873202e-01
    outer loop
      vertex   3.497707e-02  1.388918e-01  4.476708e-01
      vertex   3.946557e-02  1.436543e-01  4.473344e-01
      vertex   4.509583e-02  1.388918e-01  4.484359e-01
    endloop
  endfacet
  facet normal  4.967050e-01 -6.332883e-02  8.656060e-01
    outer loop
      vertex   6.325478e-02  1.643747e-01  4.297505e-01
      vertex   6.357584e-02  1.803067e-01  4.307318e-01
      vertex   5.549663e-02  1.640102e-01  4.341756e-01
    endloop
  endfacet
  facet normal  5.821391e-01 -1.186201e-01  8.043901e-01
    outer loop
      vertex   5.549663e-02  1.640102e-01  4.341756e-01
      vertex   6.357584e-02  1.803067e-01  4.307318e-01
      vertex   6.012103e-02  1.789301e-01  4.330291e-01
    endloop
  endfacet
  facet normal -2.035956e-01  1.232776e-01 -9.712628e-01
    outer loop
      vertex   3.463039e-02  1.436543e-01  4.483480e-01
      vertex   3.946557e-02  1.436543e-01  4.473344e-01
      vertex   3.497707e-02  1.388918e-01  4.476708e-01
    endloop
  endfacet
  facet normal  9.999721e-01  7.461834e-03  3.806076e-04
    outer loop
      vertex   3.465760e-02  1.436543e-01  3.768427e-01
      vertex   3.463039e-02  1.436543e-01  4.483480e-01
      vertex   3.469392e-02  1.388918e-01  3.748078e-01
    endloop
  endfacet
  facet normal  9.973134e-01  7.314956e-02 -3.875663e-03
    outer loop
      vertex   3.469392e-02  1.388918e-01  3.748078e-01
      vertex   3.463039e-02  1.436543e-01  4.483480e-01
      vertex   3.497707e-02  1.388918e-01  4.476708e-01
    endloop
  endfacet
  facet normal  7.469187e-01 -2.564258e-01  6.134804e-01
    outer loop
      vertex   3.653858e-02  1.436543e-01  3.745526e-01
      vertex   3.465760e-02  1.436543e-01  3.768427e-01
      vertex   3.469392e-02  1.388918e-01  3.748078e-01
    endloop
  endfacet
  facet normal  4.663284e-01 -7.681688e-02  8.812701e-01
    outer loop
      vertex   5.549663e-02  1.640102e-01  4.341756e-01
      vertex   6.012103e-02  1.789301e-01  4.330291e-01
      vertex   4.998052e-02  1.788513e-01  4.383881e-01
    endloop
  endfacet
  facet normal -8.625286e-03 -2.177133e-02  9.997258e-01
    outer loop
      vertex   6.359193e-02  1.436543e-01  3.747860e-01
      vertex   3.653858e-02  1.436543e-01  3.745526e-01
      vertex   6.361347e-02  1.388918e-01  3.746825e-01
    endloop
  endfacet
  facet normal  4.328872e-03  5.184380e-02  9.986458e-01
    outer loop
      vertex   6.361347e-02  1.388918e-01  3.746825e-01
      vertex   3.653858e-02  1.436543e-01  3.745526e-01
      vertex   3.469392e-02  1.388918e-01  3.748078e-01
    endloop
  endfacet
  facet normal -9.999894e-01 -4.538978e-03  7.373307e-04
    outer loop
      vertex   6.359193e-02  1.436543e-01  3.747860e-01
      vertex   6.361347e-02  1.388918e-01  3.746825e-01
      vertex   6.364434e-02  1.436543e-01  4.458709e-01
    endloop
  endfacet
  facet normal -9.999835e-01  5.743005e-03  4.946462e-05
    outer loop
      vertex   6.361347e-02  1.388918e-01  3.746825e-01
      vertex   6.361700e-02  1.388918e-01  4.460041e-01
      vertex   6.364434e-02  1.436543e-01  4.458709e-01
    endloop
  endfacet
  facet normal  8.256879e-02 -3.071132e-01 -9.480843e-01
    outer loop
      vertex   6.911827e-02  1.436543e-01  3.425805e-01
      vertex   9.492879e-02  1.431442e-01  3.449936e-01
      vertex   7.076778e-02  1.388918e-01  3.442669e-01
    endloop
  endfacet
  facet normal  8.458632e-01  1.080053e-01 -5.223507e-01
    outer loop
      vertex   7.076778e-02  1.388918e-01  3.442669e-01
      vertex   5.280566e-02  1.388918e-01  3.151801e-01
      vertex   6.911827e-02  1.436543e-01  3.425805e-01
    endloop
  endfacet
  facet normal  8.522882e-01 -2.372691e-01 -4.661632e-01
    outer loop
      vertex   5.280566e-02  1.388918e-01  3.151801e-01
      vertex   5.730138e-02  1.436543e-01  3.209756e-01
      vertex   6.911827e-02  1.436543e-01  3.425805e-01
    endloop
  endfacet
  facet normal -3.011010e-01 -9.136476e-01  2.731049e-01
    outer loop
      vertex   4.569221e-02  1.800288e-01  4.375995e-01
      vertex   4.998052e-02  1.788513e-01  4.383881e-01
      vertex   5.241163e-02  1.790410e-01  4.417029e-01
    endloop
  endfacet
  facet normal -3.583491e-01  8.038258e-02 -9.301208e-01
    outer loop
      vertex   6.519561e-03  1.436543e-01  3.265130e-01
      vertex   4.196107e-02  1.436543e-01  3.128584e-01
      vertex   1.013268e-02  1.388918e-01  3.247094e-01
    endloop
  endfacet
  facet normal -1.562763e-01 -6.970150e-01 -6.998199e-01
    outer loop
      vertex   1.013268e-02  1.388918e-01  3.247094e-01
      vertex   4.196107e-02  1.436543e-01  3.128584e-01
      vertex   5.280566e-02  1.388918e-01  3.151801e-01
    endloop
  endfacet
  facet normal  3.949867e-01  5.355158e-01 -7.464639e-01
    outer loop
      vertex   4.196107e-02  1.436543e-01  3.128584e-01
      vertex   5.730138e-02  1.436543e-01  3.209756e-01
      vertex   5.280566e-02  1.388918e-01  3.151801e-01
    endloop
  endfacet
  facet normal -1.247878e-01  2.671983e-01 -9.555277e-01
    outer loop
      vertex   1.013268e-02  1.388918e-01  3.247094e-01
      vertex  -1.796826e-02  1.389463e-01  3.283945e-01
      vertex   6.519561e-03  1.436543e-01  3.265130e-01
    endloop
  endfacet
  facet normal -4.862890e-02 -2.894174e-01  9.559669e-01
    outer loop
      vertex   5.549663e-02  1.640102e-01  4.341756e-01
      vertex   4.998052e-02  1.788513e-01  4.383881e-01
      vertex   4.241727e-02  1.640003e-01  4.335073e-01
    endloop
  endfacet
  facet normal -2.292899e-01 -1.965380e-01  9.533095e-01
    outer loop
      vertex   4.569221e-02  1.800288e-01  4.375995e-01
      vertex   4.241727e-02  1.640003e-01  4.335073e-01
      vertex   4.998052e-02  1.788513e-01  4.383881e-01
    endloop
  endfacet
  facet normal -9.904752e-01 -1.376906e-01  2.239946e-04
    outer loop
      vertex  -1.862152e-02  1.436543e-01  3.338061e-01
      vertex  -1.796826e-02  1.389463e-01  3.283945e-01
      vertex  -1.861463e-02  1.436543e-01  3.642648e-01
    endloop
  endfacet
  facet normal -9.994528e-01 -2.993168e-02 -1.408115e-02
    outer loop
      vertex  -1.796826e-02  1.389463e-01  3.283945e-01
      vertex  -1.851094e-02  1.388918e-01  3.670286e-01
      vertex  -1.861463e-02  1.436543e-01  3.642648e-01
    endloop
  endfacet
  facet normal -4.192521e-01 -1.432216e-01  8.965017e-01
    outer loop
      vertex   3.507141e-02  1.644021e-01  4.301361e-01
      vertex   4.241727e-02  1.640003e-01  4.335073e-01
      vertex   4.569221e-02  1.800288e-01  4.375995e-01
    endloop
  endfacet
  facet normal -8.684108e-01 -2.806782e-03  4.958376e-01
    outer loop
      vertex   3.161627e-02  1.436543e-01  4.548485e-01
      vertex  -1.851094e-02  1.388918e-01  3.670286e-01
      vertex   3.140066e-02  1.388918e-01  4.544439e-01
    endloop
  endfacet
  facet normal  2.435028e-01  4.563347e-03  9.698895e-01
    outer loop
      vertex   8.299562e-02  1.436543e-01  4.492033e-01
      vertex   4.042986e-02  1.388998e-01  4.599123e-01
      vertex   8.266509e-02  1.388918e-01  4.493087e-01
    endloop
  endfacet
  facet normal  7.544619e-01  5.427743e-02  6.540957e-01
    outer loop
      vertex   8.964927e-02  1.436543e-01  4.415286e-01
      vertex   8.299562e-02  1.436543e-01  4.492033e-01
      vertex   8.947495e-02  1.388918e-01  4.421249e-01
    endloop
  endfacet
  facet normal  7.252921e-01 -3.512220e-02  6.875448e-01
    outer loop
      vertex   8.947495e-02  1.388918e-01  4.421249e-01
      vertex   8.299562e-02  1.436543e-01  4.492033e-01
      vertex   8.266509e-02  1.388918e-01  4.493087e-01
    endloop
  endfacet
  facet normal  5.205202e-02  5.572447e-01  8.287152e-01
    outer loop
      vertex   4.739919e-02  1.613927e-01  3.579839e-01
      vertex   4.667995e-02  1.669879e-01  3.542667e-01
      vertex   4.148148e-02  1.634841e-01  3.569493e-01
    endloop
  endfacet
  facet normal  6.321231e-01 -2.739652e-01  7.248196e-01
    outer loop
      vertex   4.902189e-02  1.749156e-01  3.552208e-01
      vertex   4.667995e-02  1.669879e-01  3.542667e-01
      vertex   5.382316e-02  1.687111e-01  3.486884e-01
    endloop
  endfacet
  facet normal  9.247292e-01 -3.357787e-01  1.792442e-01
    outer loop
      vertex   5.995816e-02  1.753034e-01  3.363012e-01
      vertex   5.640426e-02  1.688008e-01  3.424546e-01
      vertex   5.656405e-02  1.658333e-01  3.360713e-01
    endloop
  endfacet
  facet normal  9.867047e-01  1.608001e-01  2.360404e-02
    outer loop
      vertex   5.656405e-02  1.658333e-01  3.360713e-01
      vertex   5.746195e-02  1.613746e-01  3.289118e-01
      vertex   5.564715e-02  1.722964e-01  3.303708e-01
    endloop
  endfacet
  facet normal  8.380802e-01 -2.891379e-01 -4.626239e-01
    outer loop
      vertex   5.995816e-02  1.753034e-01  3.363012e-01
      vertex   5.656405e-02  1.658333e-01  3.360713e-01
      vertex   5.564715e-02  1.722964e-01  3.303708e-01
    endloop
  endfacet
  facet normal  7.475660e-01  2.084644e-01 -6.306248e-01
    outer loop
      vertex   5.564715e-02  1.722964e-01  3.303708e-01
      vertex   5.746195e-02  1.613746e-01  3.289118e-01
      vertex   5.048993e-02  1.723275e-01  3.242676e-01
    endloop
  endfacet
  facet normal  5.040873e-01 -4.483437e-02 -8.624882e-01
    outer loop
      vertex   5.746195e-02  1.613746e-01  3.289118e-01
      vertex   5.097106e-02  1.621640e-01  3.250771e-01
      vertex   5.048993e-02  1.723275e-01  3.242676e-01
    endloop
  endfacet
  facet normal  7.861029e-01 -2.051933e-01 -5.830420e-01
    outer loop
      vertex   5.048993e-02  1.723275e-01  3.242676e-01
      vertex   4.565479e-02  1.619108e-01  3.214145e-01
      vertex   4.716841e-02  1.749983e-01  3.188493e-01
    endloop
  endfacet
  facet normal  5.681607e-01 -3.857734e-02 -8.220129e-01
    outer loop
      vertex   5.097106e-02  1.621640e-01  3.250771e-01
      vertex   4.565479e-02  1.619108e-01  3.214145e-01
      vertex   5.048993e-02  1.723275e-01  3.242676e-01
    endloop
  endfacet
  facet normal  3.628202e-02 -1.962557e-01 -9.798813e-01
    outer loop
      vertex   4.565479e-02  1.619108e-01  3.214145e-01
      vertex   4.120850e-02  1.687002e-01  3.198900e-01
      vertex   4.716841e-02  1.749983e-01  3.188493e-01
    endloop
  endfacet
  facet normal  2.049581e-01 -9.945859e-02 -9.737043e-01
    outer loop
      vertex   4.120850e-02  1.687002e-01  3.198900e-01
      vertex   3.441121e-02  1.618977e-01  3.191541e-01
      vertex   3.597642e-02  1.749116e-01  3.181542e-01
    endloop
  endfacet
  facet normal -5.383338e-01  7.850422e-07 -8.427317e-01
    outer loop
      vertex   3.597642e-02  1.749116e-01  3.181542e-01
      vertex   3.441121e-02  1.618977e-01  3.191541e-01
      vertex   2.942192e-02  1.679529e-01  3.223412e-01
    endloop
  endfacet
  facet normal -5.282274e-01  1.296037e-01 -8.391535e-01
    outer loop
      vertex   2.942192e-02  1.679529e-01  3.223412e-01
      vertex   2.599366e-02  1.619269e-01  3.235685e-01
      vertex   2.272145e-02  1.723094e-01  3.272319e-01
    endloop
  endfacet
  facet normal -6.985524e-01 -5.023313e-01 -5.095957e-01
    outer loop
      vertex   2.527120e-02  1.750997e-01  3.209861e-01
      vertex   2.942192e-02  1.679529e-01  3.223412e-01
      vertex   2.272145e-02  1.723094e-01  3.272319e-01
    endloop
  endfacet
  facet normal -8.155119e-01 -5.370302e-02 -5.762433e-01
    outer loop
      vertex   2.599366e-02  1.619269e-01  3.235685e-01
      vertex   2.178104e-02  1.614910e-01  3.295709e-01
      vertex   2.272145e-02  1.723094e-01  3.272319e-01
    endloop
  endfacet
  facet normal -9.275499e-01 -1.703553e-04 -3.736992e-01
    outer loop
      vertex   2.178104e-02  1.614910e-01  3.295709e-01
      vertex   1.931438e-02  1.636141e-01  3.356924e-01
      vertex   2.272145e-02  1.723094e-01  3.272319e-01
    endloop
  endfacet
  facet normal -9.044607e-01 -5.693438e-02 -4.227402e-01
    outer loop
      vertex   2.272145e-02  1.723094e-01  3.272319e-01
      vertex   1.931438e-02  1.636141e-01  3.356924e-01
      vertex   1.907405e-02  1.723884e-01  3.350249e-01
    endloop
  endfacet
  facet normal -9.916515e-01 -1.252202e-01  3.077796e-02
    outer loop
      vertex   1.931438e-02  1.636141e-01  3.356924e-01
      vertex   1.973728e-02  1.626328e-01  3.453259e-01
      vertex   1.804525e-02  1.752223e-01  3.420299e-01
    endloop
  endfacet
  facet normal -9.907534e-01 -3.706531e-02 -1.305136e-01
    outer loop
      vertex   1.804525e-02  1.752223e-01  3.420299e-01
      vertex   1.907405e-02  1.723884e-01  3.350249e-01
      vertex   1.931438e-02  1.636141e-01  3.356924e-01
    endloop
  endfacet
  facet normal -8.055334e-01  4.639243e-02  5.907314e-01
    outer loop
      vertex   1.804525e-02  1.752223e-01  3.420299e-01
      vertex   1.973728e-02  1.626328e-01  3.453259e-01
      vertex   2.215554e-02  1.725702e-01  3.478431e-01
    endloop
  endfacet
  facet normal -8.794371e-01  9.590767e-02  4.662533e-01
    outer loop
      vertex   1.973728e-02  1.626328e-01  3.453259e-01
      vertex   2.275827e-02  1.618355e-01  3.511880e-01
      vertex   2.215554e-02  1.725702e-01  3.478431e-01
    endloop
  endfacet
  facet normal -9.815030e-01  4.529552e-03  1.913932e-01
    outer loop
      vertex   2.355943e-02  1.753257e-01  3.549773e-01
      vertex   2.215554e-02  1.725702e-01  3.478431e-01
      vertex   2.275827e-02  1.618355e-01  3.511880e-01
    endloop
  endfacet
  facet normal -1.677941e-01 -1.114736e-01  9.794992e-01
    outer loop
      vertex   3.133215e-02  1.721307e-01  3.559451e-01
      vertex   2.355943e-02  1.753257e-01  3.549773e-01
      vertex   2.850074e-02  1.649396e-01  3.546417e-01
    endloop
  endfacet
  facet normal -9.106926e-01  3.917170e-01 -1.311367e-01
    outer loop
      vertex   3.075055e-02  1.898035e-01  3.436240e-01
      vertex   3.231101e-02  1.898312e-01  3.328698e-01
      vertex   2.758659e-02  1.800770e-01  3.365423e-01
    endloop
  endfacet
  facet normal -4.105813e-01 -2.238939e-01  8.839087e-01
    outer loop
      vertex   2.850074e-02  1.649396e-01  3.546417e-01
      vertex   2.355943e-02  1.753257e-01  3.549773e-01
      vertex   2.275827e-02  1.618355e-01  3.511880e-01
    endloop
  endfacet
  facet normal -7.272927e-01 -1.372270e-01  6.724687e-01
    outer loop
      vertex   3.658390e-02  1.787652e-01  4.399589e-01
      vertex   4.058712e-02  1.801418e-01  4.445694e-01
      vertex   4.018998e-02  1.840622e-01  4.449399e-01
    endloop
  endfacet
  facet normal  9.503636e-01  6.757235e-02  3.037153e-01
    outer loop
      vertex   4.058712e-02  1.801418e-01  4.445694e-01
      vertex   4.122618e-02  1.801418e-01  4.425697e-01
      vertex   4.018998e-02  1.840622e-01  4.449399e-01
    endloop
  endfacet
  facet normal  5.952523e-01 -2.946329e-01  7.475735e-01
    outer loop
      vertex   4.018998e-02  1.840622e-01  4.449399e-01
      vertex   4.122618e-02  1.801418e-01  4.425697e-01
      vertex   4.114233e-02  1.840993e-01  4.441962e-01
    endloop
  endfacet
  facet normal  6.342434e-01  3.053568e-01 -7.102764e-01
    outer loop
      vertex   4.114233e-02  1.840993e-01  4.441962e-01
      vertex   4.122618e-02  1.801418e-01  4.425697e-01
      vertex   3.801367e-02  1.826952e-01  4.407988e-01
    endloop
  endfacet
  facet normal -1.633834e-01 -6.927348e-01 -7.024418e-01
    outer loop
      vertex   4.122618e-02  1.801418e-01  4.425697e-01
      vertex   3.694729e-02  1.815024e-01  4.422232e-01
      vertex   3.801367e-02  1.826952e-01  4.407988e-01
    endloop
  endfacet
  facet normal -3.537166e-01  5.729864e-02  9.335960e-01
    outer loop
      vertex   3.885705e-02  1.745436e-01  3.586481e-01
      vertex   3.133215e-02  1.721307e-01  3.559451e-01
      vertex   3.594873e-02  1.613920e-01  3.583533e-01
    endloop
  endfacet
  facet normal -1.608791e-03  9.999780e-01 -6.436127e-03
    outer loop
      vertex   3.825341e-02  1.801414e-01  4.603693e-01
      vertex   6.987834e-02  1.801418e-01  4.525287e-01
      vertex   3.935825e-02  1.800632e-01  4.479510e-01
    endloop
  endfacet
  facet normal -1.186057e-03  9.999980e-01  1.610918e-03
    outer loop
      vertex   8.989628e-02  1.801418e-01  4.004900e-01
      vertex   8.105702e-02  1.801656e-01  3.792199e-01
      vertex   6.355558e-02  1.801414e-01  3.813160e-01
    endloop
  endfacet
  facet normal  2.837691e-03  9.999959e-01 -6.123578e-05
    outer loop
      vertex   8.989628e-02  1.801418e-01  4.004900e-01
      vertex   8.887907e-02  1.801431e-01  3.743112e-01
      vertex   8.105702e-02  1.801656e-01  3.792199e-01
    endloop
  endfacet
  facet normal -1.601226e-03  9.999970e-01 -1.855464e-03
    outer loop
      vertex   6.355558e-02  1.801414e-01  3.813160e-01
      vertex   8.105702e-02  1.801656e-01  3.792199e-01
      vertex   8.242267e-02  1.801448e-01  3.668526e-01
    endloop
  endfacet
  facet normal -2.223770e-04 -1.000000e+00 -4.038545e-05
    outer loop
      vertex   8.887907e-02  1.801431e-01  3.743112e-01
      vertex   8.989628e-02  1.801418e-01  4.004900e-01
      vertex   8.242267e-02  1.801448e-01  3.668526e-01
    endloop
  endfacet
  facet normal  2.038095e-01  9.779668e-01 -4.519491e-02
    outer loop
      vertex   8.989628e-02  1.801418e-01  4.004900e-01
      vertex   8.860348e-02  1.789630e-01  3.691528e-01
      vertex   8.242267e-02  1.801448e-01  3.668526e-01
    endloop
  endfacet
  facet normal -1.121530e-03  9.999865e-01  5.069020e-03
    outer loop
      vertex   3.120744e-02  1.801419e-01  3.135308e-01
      vertex   4.365255e-02  1.800776e-01  3.289717e-01
      vertex   5.630329e-02  1.801418e-01  3.191163e-01
    endloop
  endfacet
  facet normal -1.740527e-01  9.707062e-01 -1.656355e-01
    outer loop
      vertex   1.075221e-01  1.822595e-01  4.137194e-01
      vertex   1.035037e-01  1.803492e-01  4.067468e-01
      vertex   9.042966e-02  1.801418e-01  4.192694e-01
    endloop
  endfacet
  facet normal  2.094628e-10  1.000000e+00 -2.610245e-10
    outer loop
      vertex   8.105920e-02  1.801418e-01  4.153350e-01
      vertex   7.506645e-02  1.801418e-01  4.105259e-01
      vertex   8.788041e-02  1.801418e-01  4.467127e-01
    endloop
  endfacet
  facet normal  9.956728e-11  1.000000e+00 -2.371343e-10
    outer loop
      vertex   9.042966e-02  1.801418e-01  4.192694e-01
      vertex   8.105920e-02  1.801418e-01  4.153350e-01
      vertex   8.788041e-02  1.801418e-01  4.467127e-01
    endloop
  endfacet
  facet normal -6.471093e-06  1.000000e+00 -9.562203e-06
    outer loop
      vertex   6.355558e-02  1.801414e-01  3.813160e-01
      vertex   7.506645e-02  1.801418e-01  4.105259e-01
      vertex   8.989628e-02  1.801418e-01  4.004900e-01
    endloop
  endfacet
  facet normal -2.691276e-15  1.000000e+00  1.554417e-15
    outer loop
      vertex   7.506645e-02  1.801418e-01  4.105259e-01
      vertex   9.042966e-02  1.801418e-01  4.192694e-01
      vertex   8.989628e-02  1.801418e-01  4.004900e-01
    endloop
  endfacet
  facet normal -1.544534e-02  9.998806e-01  4.386821e-04
    outer loop
      vertex   9.042966e-02  1.801418e-01  4.192694e-01
      vertex   1.035037e-01  1.803492e-01  4.067468e-01
      vertex   8.989628e-02  1.801418e-01  4.004900e-01
    endloop
  endfacet
  facet normal  2.519335e-03  9.999784e-01 -6.068858e-03
    outer loop
      vertex   3.825341e-02  1.801414e-01  4.603693e-01
      vertex   3.935825e-02  1.800632e-01  4.479510e-01
      vertex   3.362913e-02  1.801418e-01  4.585180e-01
    endloop
  endfacet
  facet normal  1.700574e-02  9.998538e-01  1.786182e-03
    outer loop
      vertex   3.935825e-02  1.800632e-01  4.479510e-01
      vertex   3.493547e-02  1.801446e-01  4.444897e-01
      vertex   3.362913e-02  1.801418e-01  4.585180e-01
    endloop
  endfacet
  facet normal -6.303906e-04  9.999997e-01  3.843882e-04
    outer loop
      vertex   3.362913e-02  1.801418e-01  4.585180e-01
      vertex  -6.546438e-03  1.801516e-01  3.670764e-01
      vertex  -1.866347e-02  1.801443e-01  3.663256e-01
    endloop
  endfacet
  facet normal  1.391864e-03  9.999944e-01  3.043291e-03
    outer loop
      vertex   3.120744e-02  1.801419e-01  3.135308e-01
      vertex   2.758659e-02  1.800770e-01  3.365423e-01
      vertex   4.365255e-02  1.800776e-01  3.289717e-01
    endloop
  endfacet
  facet normal  2.119211e-02  9.995591e-01 -2.079736e-02
    outer loop
      vertex   5.037984e-02  1.801418e-01  3.412404e-01
      vertex   5.327544e-02  1.801071e-01  3.425223e-01
      vertex   4.781610e-02  1.801416e-01  3.386186e-01
    endloop
  endfacet
  facet normal -6.995555e-05  1.000000e+00 -2.846375e-06
    outer loop
      vertex   4.915531e-02  1.801418e-01  3.743478e-01
      vertex   5.036762e-02  1.801418e-01  3.445531e-01
      vertex   4.781610e-02  1.801416e-01  3.386186e-01
    endloop
  endfacet
  facet normal -7.592400e-05  1.000000e+00 -2.802338e-07
    outer loop
      vertex   5.036762e-02  1.801418e-01  3.445531e-01
      vertex   5.037984e-02  1.801418e-01  3.412404e-01
      vertex   4.781610e-02  1.801416e-01  3.386186e-01
    endloop
  endfacet
  facet normal  4.817450e-03  9.999862e-01  2.106508e-03
    outer loop
      vertex   4.781610e-02  1.801416e-01  3.386186e-01
      vertex   5.327544e-02  1.801071e-01  3.425223e-01
      vertex   5.630329e-02  1.801418e-01  3.191163e-01
    endloop
  endfacet
  facet normal -2.047594e-03  9.999971e-01  1.218449e-03
    outer loop
      vertex   5.630329e-02  1.801418e-01  3.191163e-01
      vertex   5.327544e-02  1.801071e-01  3.425223e-01
      vertex   7.118163e-02  1.801418e-01  3.441191e-01
    endloop
  endfacet
  facet normal -2.015985e-03  9.999976e-01  8.639819e-04
    outer loop
      vertex   5.327544e-02  1.801071e-01  3.425223e-01
      vertex   8.242267e-02  1.801448e-01  3.668526e-01
      vertex   7.118163e-02  1.801418e-01  3.441191e-01
    endloop
  endfacet
  facet normal  5.910812e-03  9.999453e-01 -8.632074e-03
    outer loop
      vertex   5.327544e-02  1.801071e-01  3.425223e-01
      vertex   5.036762e-02  1.801418e-01  3.445531e-01
      vertex   8.242267e-02  1.801448e-01  3.668526e-01
    endloop
  endfacet
  facet normal  1.870505e-01  9.823481e-01  2.089077e-03
    outer loop
      vertex   8.860348e-02  1.789630e-01  3.691528e-01
      vertex   9.519855e-02  1.777586e-01  3.449830e-01
      vertex   8.242267e-02  1.801448e-01  3.668526e-01
    endloop
  endfacet
  facet normal  1.003932e-01  9.937021e-01 -4.977340e-02
    outer loop
      vertex   8.242267e-02  1.801448e-01  3.668526e-01
      vertex   9.519855e-02  1.777586e-01  3.449830e-01
      vertex   7.118163e-02  1.801418e-01  3.441191e-01
    endloop
  endfacet
  facet normal -2.340123e-05  1.000000e+00 -2.890478e-06
    outer loop
      vertex   6.987834e-02  1.801418e-01  4.525287e-01
      vertex   7.506645e-02  1.801418e-01  4.105259e-01
      vertex   6.355558e-02  1.801414e-01  3.813160e-01
    endloop
  endfacet
  facet normal -9.230428e-03  9.999573e-01  3.405099e-04
    outer loop
      vertex   4.915531e-02  1.801418e-01  3.743478e-01
      vertex   4.781610e-02  1.801416e-01  3.386186e-01
      vertex   4.015073e-02  1.800672e-01  3.494202e-01
    endloop
  endfacet
  facet normal  1.364627e-03  9.999989e-01 -5.698577e-04
    outer loop
      vertex  -1.051484e-02  1.801420e-01  3.595394e-01
      vertex   4.015073e-02  1.800672e-01  3.494202e-01
      vertex   2.758659e-02  1.800770e-01  3.365423e-01
    endloop
  endfacet
  facet normal -7.436090e-04  9.999997e-01  1.333541e-04
    outer loop
      vertex   3.493547e-02  1.801446e-01  4.444897e-01
      vertex   3.466712e-02  1.801526e-01  3.829911e-01
      vertex   3.362913e-02  1.801418e-01  4.585180e-01
    endloop
  endfacet
  facet normal -7.978942e-05  1.000000e+00  1.424772e-04
    outer loop
      vertex   3.362913e-02  1.801418e-01  4.585180e-01
      vertex   3.466712e-02  1.801526e-01  3.829911e-01
      vertex  -6.546438e-03  1.801516e-01  3.670764e-01
    endloop
  endfacet
  facet normal  9.736998e-02  7.432107e-01 -6.619343e-01
    outer loop
      vertex   6.987834e-02  1.801418e-01  4.525287e-01
      vertex   5.170825e-02  1.776636e-01  4.470734e-01
      vertex   3.935825e-02  1.800632e-01  4.479510e-01
    endloop
  endfacet
  facet normal -2.064460e-02  9.997444e-01  9.221754e-03
    outer loop
      vertex   6.365399e-02  1.801418e-01  4.385943e-01
      vertex   6.173551e-02  1.800765e-01  4.413794e-01
      vertex   6.987834e-02  1.801418e-01  4.525287e-01
    endloop
  endfacet
  facet normal  3.686631e-02  9.987826e-01 -3.277549e-02
    outer loop
      vertex   6.173551e-02  1.800765e-01  4.413794e-01
      vertex   6.333177e-02  1.801606e-01  4.457398e-01
      vertex   6.987834e-02  1.801418e-01  4.525287e-01
    endloop
  endfacet
  facet normal -1.864512e-01  9.653693e-01  1.824775e-01
    outer loop
      vertex   6.987834e-02  1.801418e-01  4.525287e-01
      vertex   6.333177e-02  1.801606e-01  4.457398e-01
      vertex   5.170825e-02  1.776636e-01  4.470734e-01
    endloop
  endfacet
  facet normal -1.803605e-01  9.581918e-01  2.221228e-01
    outer loop
      vertex   5.170825e-02  1.776636e-01  4.470734e-01
      vertex   6.333177e-02  1.801606e-01  4.457398e-01
      vertex   5.241163e-02  1.790410e-01  4.417029e-01
    endloop
  endfacet
  facet normal  1.001107e-03  9.999983e-01  1.539212e-03
    outer loop
      vertex   6.064716e-02  1.801544e-01  3.747794e-01
      vertex   6.355558e-02  1.801414e-01  3.813160e-01
      vertex   8.242267e-02  1.801448e-01  3.668526e-01
    endloop
  endfacet
  facet normal  1.388139e-05  1.000000e+00 -6.200689e-06
    outer loop
      vertex   6.355558e-02  1.801414e-01  3.813160e-01
      vertex   6.365399e-02  1.801418e-01  4.385943e-01
      vertex   6.987834e-02  1.801418e-01  4.525287e-01
    endloop
  endfacet
  facet normal -9.541758e-04  9.999922e-01 -3.832115e-03
    outer loop
      vertex   8.242267e-02  1.801448e-01  3.668526e-01
      vertex   4.915531e-02  1.801418e-01  3.743478e-01
      vertex   6.064716e-02  1.801544e-01  3.747794e-01
    endloop
  endfacet
  facet normal  1.045207e-03  9.999773e-01 -6.655833e-03
    outer loop
      vertex  -6.546438e-03  1.801516e-01  3.670764e-01
      vertex   3.573026e-02  1.801654e-01  3.757936e-01
      vertex   4.915531e-02  1.801418e-01  3.743478e-01
    endloop
  endfacet
  facet normal -4.531481e-02  8.990465e-01 -4.355019e-01
    outer loop
      vertex   4.915531e-02  1.801418e-01  3.743478e-01
      vertex   3.573026e-02  1.801654e-01  3.757936e-01
      vertex   4.658167e-02  1.801665e-01  3.746667e-01
    endloop
  endfacet
  facet normal -6.736832e-04  9.999984e-01  1.680459e-03
    outer loop
      vertex   3.466712e-02  1.801526e-01  3.829911e-01
      vertex   3.573026e-02  1.801654e-01  3.757936e-01
      vertex  -6.546438e-03  1.801516e-01  3.670764e-01
    endloop
  endfacet
  facet normal  1.541042e-03  9.999987e-01 -2.775746e-04
    outer loop
      vertex  -1.051484e-02  1.801420e-01  3.595394e-01
      vertex   2.758659e-02  1.800770e-01  3.365423e-01
      vertex  -1.600066e-02  1.801418e-01  3.280927e-01
    endloop
  endfacet
  facet normal  9.119087e-04  9.999952e-01  2.967772e-03
    outer loop
      vertex   3.120744e-02  1.801419e-01  3.135308e-01
      vertex  -1.600066e-02  1.801418e-01  3.280927e-01
      vertex   2.758659e-02  1.800770e-01  3.365423e-01
    endloop
  endfacet
  facet normal -9.163233e-05  1.000000e+00 -3.728367e-06
    outer loop
      vertex   5.036762e-02  1.801418e-01  3.445531e-01
      vertex   4.915531e-02  1.801418e-01  3.743478e-01
      vertex   8.242267e-02  1.801448e-01  3.668526e-01
    endloop
  endfacet
  facet normal -7.659296e-03  9.999651e-01 -3.323219e-03
    outer loop
      vertex   4.365255e-02  1.800776e-01  3.289717e-01
      vertex   4.781610e-02  1.801416e-01  3.386186e-01
      vertex   5.630329e-02  1.801418e-01  3.191163e-01
    endloop
  endfacet
  facet normal  5.952439e-04  9.999947e-01 -3.208926e-03
    outer loop
      vertex   4.915531e-02  1.801418e-01  3.743478e-01
      vertex   4.015073e-02  1.800672e-01  3.494202e-01
      vertex  -6.546438e-03  1.801516e-01  3.670764e-01
    endloop
  endfacet
  facet normal  2.291610e-04  1.000000e+00 -4.871983e-05
    outer loop
      vertex  -1.600066e-02  1.801418e-01  3.280927e-01
      vertex  -1.866347e-02  1.801443e-01  3.663256e-01
      vertex  -1.051484e-02  1.801420e-01  3.595394e-01
    endloop
  endfacet
  facet normal -3.912108e-10  1.000000e+00 -4.832232e-11
    outer loop
      vertex   7.506645e-02  1.801418e-01  4.105259e-01
      vertex   6.987834e-02  1.801418e-01  4.525287e-01
      vertex   8.788041e-02  1.801418e-01  4.467127e-01
    endloop
  endfacet
  facet normal  1.108825e-03  9.999977e-01 -1.850617e-03
    outer loop
      vertex   4.015073e-02  1.800672e-01  3.494202e-01
      vertex  -1.051484e-02  1.801420e-01  3.595394e-01
      vertex  -6.546438e-03  1.801516e-01  3.670764e-01
    endloop
  endfacet
  facet normal  3.066678e-01 -8.665147e-01  3.938364e-01
    outer loop
      vertex   5.706749e-02  1.817717e-01  4.440460e-01
      vertex   6.134797e-02  1.824898e-01  4.422927e-01
      vertex   5.798677e-02  1.824901e-01  4.449109e-01
    endloop
  endfacet
  facet normal -6.025627e-01  1.960240e-01 -7.736232e-01
    outer loop
      vertex   5.798677e-02  1.824901e-01  4.449109e-01
      vertex   6.134797e-02  1.824898e-01  4.422927e-01
      vertex   6.173551e-02  1.800765e-01  4.413794e-01
    endloop
  endfacet
  facet normal -6.361163e-02  9.700586e-01 -2.343926e-01
    outer loop
      vertex   3.658390e-02  1.787652e-01  4.399589e-01
      vertex   3.850376e-02  1.801418e-01  4.451348e-01
      vertex   4.058712e-02  1.801418e-01  4.445694e-01
    endloop
  endfacet
  facet normal -9.346735e-01  1.927771e-01 -2.987011e-01
    outer loop
      vertex   4.058712e-02  1.801418e-01  4.445694e-01
      vertex   4.127882e-02  1.812163e-01  4.430985e-01
      vertex   4.122618e-02  1.801418e-01  4.425697e-01
    endloop
  endfacet
  facet normal  3.104047e-01  8.935285e-01 -3.244314e-01
    outer loop
      vertex   4.122618e-02  1.801418e-01  4.425697e-01
      vertex   3.927454e-02  1.801042e-01  4.405991e-01
      vertex   3.694729e-02  1.815024e-01  4.422232e-01
    endloop
  endfacet
  facet normal -4.416785e-01  1.129976e-02  8.971022e-01
    outer loop
      vertex   2.850074e-02  1.649396e-01  3.546417e-01
      vertex   3.594873e-02  1.613920e-01  3.583533e-01
      vertex   3.133215e-02  1.721307e-01  3.559451e-01
    endloop
  endfacet
  facet normal  4.436429e-01  8.937708e-01  6.599026e-02
    outer loop
      vertex   3.948349e-02  1.804000e-01  3.767402e-01
      vertex   3.772277e-02  1.812597e-01  3.769327e-01
      vertex   3.875150e-02  1.804319e-01  3.812281e-01
    endloop
  endfacet
  facet normal -5.563400e-01  7.810069e-01  2.837498e-01
    outer loop
      vertex   3.772277e-02  1.812597e-01  3.769327e-01
      vertex   3.743400e-02  1.788541e-01  3.829879e-01
      vertex   3.875150e-02  1.804319e-01  3.812281e-01
    endloop
  endfacet
  facet normal  4.812582e-01  4.523935e-01 -7.508200e-01
    outer loop
      vertex   6.355558e-02  1.801414e-01  3.813160e-01
      vertex   6.118079e-02  1.801418e-01  3.797940e-01
      vertex   6.111412e-02  1.814697e-01  3.805514e-01
    endloop
  endfacet
  facet normal  5.687236e-01  7.825729e-01  2.532451e-01
    outer loop
      vertex   5.873754e-02  1.801418e-01  3.767451e-01
      vertex   5.701809e-02  1.811055e-01  3.776284e-01
      vertex   5.727626e-02  1.801418e-01  3.800268e-01
    endloop
  endfacet
  facet normal -3.274103e-01  6.920864e-01  6.432877e-01
    outer loop
      vertex   5.727626e-02  1.801418e-01  3.800268e-01
      vertex   6.145966e-02  1.791096e-01  3.832665e-01
      vertex   6.111412e-02  1.814697e-01  3.805514e-01
    endloop
  endfacet
  facet normal  6.122295e-01 -1.644452e-01 -7.733905e-01
    outer loop
      vertex   8.202223e-02  1.388918e-01  3.702478e-01
      vertex   8.699369e-02  1.388918e-01  3.741833e-01
      vertex   8.349210e-02  1.295123e-01  3.734058e-01
    endloop
  endfacet
  facet normal  2.787323e-01 -1.822279e-01  9.429217e-01
    outer loop
      vertex   8.699369e-02  1.388918e-01  3.741833e-01
      vertex   8.120620e-02  1.388918e-01  3.758941e-01
      vertex   8.349210e-02  1.295123e-01  3.734058e-01
    endloop
  endfacet
  facet normal -9.698850e-01 -1.991853e-01 -1.401723e-01
    outer loop
      vertex   8.120620e-02  1.388918e-01  3.758941e-01
      vertex   8.202223e-02  1.388918e-01  3.702478e-01
      vertex   8.349210e-02  1.295123e-01  3.734058e-01
    endloop
  endfacet
  facet normal -8.445858e-01  3.643409e-01  3.923399e-01
    outer loop
      vertex   5.752257e-02  1.837061e-01  3.772470e-01
      vertex   5.727626e-02  1.801418e-01  3.800268e-01
      vertex   5.952548e-02  1.838455e-01  3.814292e-01
    endloop
  endfacet
  facet normal -6.751047e-03 -3.505117e-01  9.365340e-01
    outer loop
      vertex   5.727626e-02  1.801418e-01  3.800268e-01
      vertex   6.111412e-02  1.814697e-01  3.805514e-01
      vertex   5.952548e-02  1.838455e-01  3.814292e-01
    endloop
  endfacet
  facet normal  9.945228e-01  8.478895e-02 -6.111717e-02
    outer loop
      vertex   6.111412e-02  1.814697e-01  3.805514e-01
      vertex   6.118079e-02  1.801418e-01  3.797940e-01
      vertex   6.071249e-02  1.840642e-01  3.776153e-01
    endloop
  endfacet
  facet normal  9.944506e-01  9.907701e-02 -3.537880e-02
    outer loop
      vertex   6.118079e-02  1.801418e-01  3.797940e-01
      vertex   6.112196e-02  1.801418e-01  3.781404e-01
      vertex   6.071249e-02  1.840642e-01  3.776153e-01
    endloop
  endfacet
  facet normal  1.270093e-01 -1.185926e-01 -9.847865e-01
    outer loop
      vertex   6.071249e-02  1.840642e-01  3.776153e-01
      vertex   6.112196e-02  1.801418e-01  3.781404e-01
      vertex   5.752257e-02  1.837061e-01  3.772470e-01
    endloop
  endfacet
  facet normal  4.845971e-01  2.817838e-01 -8.281084e-01
    outer loop
      vertex   6.112196e-02  1.801418e-01  3.781404e-01
      vertex   5.873754e-02  1.801418e-01  3.767451e-01
      vertex   5.752257e-02  1.837061e-01  3.772470e-01
    endloop
  endfacet
  facet normal -8.853864e-01 -2.462866e-01 -3.942509e-01
    outer loop
      vertex   5.873754e-02  1.801418e-01  3.767451e-01
      vertex   5.727626e-02  1.801418e-01  3.800268e-01
      vertex   5.752257e-02  1.837061e-01  3.772470e-01
    endloop
  endfacet
  facet normal  6.127276e-01  6.735605e-01 -4.133778e-01
    outer loop
      vertex   2.786403e-02  1.616173e-01  3.441435e-01
      vertex   3.133783e-02  1.581684e-01  3.436729e-01
      vertex   2.425999e-02  1.611681e-01  3.380696e-01
    endloop
  endfacet
  facet normal -7.126430e-01  1.699360e-01 -6.806333e-01
    outer loop
      vertex   3.364896e-02  1.581811e-01  3.281530e-01
      vertex   3.231895e-02  1.611938e-01  3.302977e-01
      vertex   3.706705e-02  1.613169e-01  3.253571e-01
    endloop
  endfacet
  facet normal -2.480851e-02 -9.985038e-01 -4.873038e-02
    outer loop
      vertex   3.706705e-02  1.613169e-01  3.253571e-01
      vertex   3.231895e-02  1.611938e-01  3.302977e-01
      vertex   2.178104e-02  1.614910e-01  3.295709e-01
    endloop
  endfacet
  facet normal  2.161731e-02  9.953641e-01  9.371709e-02
    outer loop
      vertex   3.231895e-02  1.611938e-01  3.302977e-01
      vertex   2.893758e-02  1.615739e-01  3.270401e-01
      vertex   2.178104e-02  1.614910e-01  3.295709e-01
    endloop
  endfacet
  facet normal  3.796468e-01  7.900270e-01 -4.813789e-01
    outer loop
      vertex   4.385892e-02  1.583887e-01  3.259079e-01
      vertex   3.706705e-02  1.613169e-01  3.253571e-01
      vertex   4.389782e-02  1.612312e-01  3.306036e-01
    endloop
  endfacet
  facet normal  4.585690e-01  8.716839e-01  1.728632e-01
    outer loop
      vertex   5.122666e-02  1.611750e-01  3.383921e-01
      vertex   4.735710e-02  1.627234e-01  3.408493e-01
      vertex   4.821419e-02  1.611711e-01  3.464036e-01
    endloop
  endfacet
  facet normal  6.216332e-02 -2.197066e-01 -9.735835e-01
    outer loop
      vertex   4.120850e-02  1.687002e-01  3.198900e-01
      vertex   3.597642e-02  1.749116e-01  3.181542e-01
      vertex   4.716841e-02  1.749983e-01  3.188493e-01
    endloop
  endfacet
  facet normal  7.171776e-01 -3.410279e-01 -6.077468e-01
    outer loop
      vertex   5.048993e-02  1.723275e-01  3.242676e-01
      vertex   4.716841e-02  1.749983e-01  3.188493e-01
      vertex   5.564715e-02  1.722964e-01  3.303708e-01
    endloop
  endfacet
  facet normal  8.064697e-01  9.750131e-03 -5.911950e-01
    outer loop
      vertex   4.716841e-02  1.749983e-01  3.188493e-01
      vertex   5.995816e-02  1.753034e-01  3.363012e-01
      vertex   5.564715e-02  1.722964e-01  3.303708e-01
    endloop
  endfacet
  facet normal  9.150923e-01 -1.435320e-01  3.768349e-01
    outer loop
      vertex   5.640426e-02  1.688008e-01  3.424546e-01
      vertex   5.995816e-02  1.753034e-01  3.363012e-01
      vertex   5.382316e-02  1.687111e-01  3.486884e-01
    endloop
  endfacet
  facet normal  8.561900e-01  1.384957e-01  4.977526e-01
    outer loop
      vertex   5.995816e-02  1.753034e-01  3.363012e-01
      vertex   4.902189e-02  1.749156e-01  3.552208e-01
      vertex   5.382316e-02  1.687111e-01  3.486884e-01
    endloop
  endfacet
  facet normal -8.566144e-01  4.221848e-01 -2.966003e-01
    outer loop
      vertex   1.804525e-02  1.752223e-01  3.420299e-01
      vertex   2.527120e-02  1.750997e-01  3.209861e-01
      vertex   1.907405e-02  1.723884e-01  3.350249e-01
    endloop
  endfacet
  facet normal  9.256723e-01 -6.051848e-02  3.734546e-01
    outer loop
      vertex   8.663437e-02  1.436543e-01  3.793928e-01
      vertex   9.001351e-02  1.436543e-01  3.710170e-01
      vertex   8.928420e-02  1.753793e-01  3.779657e-01
    endloop
  endfacet
  facet normal  9.973957e-01  3.654741e-02 -6.217838e-02
    outer loop
      vertex   8.928420e-02  1.753793e-01  3.779657e-01
      vertex   9.001351e-02  1.436543e-01  3.710170e-01
      vertex   8.860348e-02  1.789630e-01  3.691528e-01
    endloop
  endfacet
  facet normal  3.955815e-01 -3.266156e-02 -9.178500e-01
    outer loop
      vertex   8.860348e-02  1.789630e-01  3.691528e-01
      vertex   9.001351e-02  1.436543e-01  3.710170e-01
      vertex   8.230012e-02  1.753793e-01  3.665637e-01
    endloop
  endfacet
  facet normal  4.651351e-01 -1.116335e-02 -8.851693e-01
    outer loop
      vertex   9.001351e-02  1.436543e-01  3.710170e-01
      vertex   8.200649e-02  1.436543e-01  3.668095e-01
      vertex   8.230012e-02  1.753793e-01  3.665637e-01
    endloop
  endfacet
  facet normal -7.372352e-01  1.588569e-03 -6.756343e-01
    outer loop
      vertex   8.200649e-02  1.436543e-01  3.668095e-01
      vertex   7.697905e-02  1.436543e-01  3.722953e-01
      vertex   8.230012e-02  1.753793e-01  3.665637e-01
    endloop
  endfacet
  facet normal -7.563781e-01  8.693983e-03 -6.540769e-01
    outer loop
      vertex   8.230012e-02  1.753793e-01  3.665637e-01
      vertex   7.697905e-02  1.436543e-01  3.722953e-01
      vertex   7.691357e-02  1.753793e-01  3.727927e-01
    endloop
  endfacet
  facet normal -9.377162e-01 -7.381382e-03  3.473237e-01
    outer loop
      vertex   7.697905e-02  1.436543e-01  3.722953e-01
      vertex   7.927390e-02  1.436543e-01  3.784910e-01
      vertex   7.691357e-02  1.753793e-01  3.727927e-01
    endloop
  endfacet
  facet normal -9.086577e-01  7.381118e-03  4.174767e-01
    outer loop
      vertex   7.691357e-02  1.753793e-01  3.727927e-01
      vertex   7.927390e-02  1.436543e-01  3.784910e-01
      vertex   7.967193e-02  1.753793e-01  3.787964e-01
    endloop
  endfacet
  facet normal -1.215997e-01 -8.029767e-03  9.925467e-01
    outer loop
      vertex   7.927390e-02  1.436543e-01  3.784910e-01
      vertex   8.663437e-02  1.436543e-01  3.793928e-01
      vertex   7.967193e-02  1.753793e-01  3.787964e-01
    endloop
  endfacet
  facet normal  8.603889e-02  3.759613e-02  9.955822e-01
    outer loop
      vertex   7.967193e-02  1.753793e-01  3.787964e-01
      vertex   8.663437e-02  1.436543e-01  3.793928e-01
      vertex   8.928420e-02  1.753793e-01  3.779657e-01
    endloop
  endfacet
  facet normal  9.769907e-01  2.130402e-01 -1.014767e-02
    outer loop
      vertex   5.656405e-02  1.658333e-01  3.360713e-01
      vertex   5.763617e-02  1.613129e-01  3.443918e-01
      vertex   5.746195e-02  1.613746e-01  3.289118e-01
    endloop
  endfacet
  facet normal -4.777583e-01 -8.860780e-02  8.740112e-01
    outer loop
      vertex   2.850074e-02  1.649396e-01  3.546417e-01
      vertex   2.275827e-02  1.618355e-01  3.511880e-01
      vertex   3.594873e-02  1.613920e-01  3.583533e-01
    endloop
  endfacet
  facet normal -7.079600e-01 -7.050765e-01 -4.074132e-02
    outer loop
      vertex   1.973728e-02  1.626328e-01  3.453259e-01
      vertex   1.931438e-02  1.636141e-01  3.356924e-01
      vertex   2.178104e-02  1.614910e-01  3.295709e-01
    endloop
  endfacet
  facet normal  8.201180e-02 -9.646379e-01  2.504950e-01
    outer loop
      vertex   4.246898e-02  1.308985e-01  4.489159e-01
      vertex   4.438581e-02  1.332718e-01  4.574277e-01
      vertex   3.534833e-02  1.331205e-01  4.598041e-01
    endloop
  endfacet
  facet normal  8.000892e-01  4.076999e-01  4.400432e-01
    outer loop
      vertex   4.246898e-02  1.308985e-01  4.489159e-01
      vertex   3.534833e-02  1.331205e-01  4.598041e-01
      vertex   3.834999e-02  1.280783e-01  4.590181e-01
    endloop
  endfacet
  facet normal -7.874181e-01 -5.202812e-01  3.305756e-01
    outer loop
      vertex   3.240096e-02  1.313949e-01  4.500676e-01
      vertex   3.834999e-02  1.280783e-01  4.590181e-01
      vertex   3.534833e-02  1.331205e-01  4.598041e-01
    endloop
  endfacet
  facet normal -8.747928e-01 -4.668955e-04  4.844971e-01
    outer loop
      vertex   3.161627e-02  1.436543e-01  4.548485e-01
      vertex   3.362913e-02  1.801418e-01  4.585180e-01
      vertex   3.170865e-02  1.753793e-01  4.550458e-01
    endloop
  endfacet
  facet normal -8.936489e-01 -3.091352e-01  3.253107e-01
    outer loop
      vertex   3.240096e-02  1.313949e-01  4.500676e-01
      vertex   3.534833e-02  1.331205e-01  4.598041e-01
      vertex   3.140066e-02  1.388918e-01  4.544439e-01
    endloop
  endfacet
  facet normal  5.374761e-01  1.342809e-03  8.432779e-01
    outer loop
      vertex   4.042986e-02  1.388998e-01  4.599123e-01
      vertex   4.390048e-02  1.436543e-01  4.576927e-01
      vertex   4.409297e-02  1.753793e-01  4.575195e-01
    endloop
  endfacet
  facet normal  9.985980e-01 -5.771689e-03  5.261784e-02
    outer loop
      vertex   4.390048e-02  1.436543e-01  4.576927e-01
      vertex   4.422257e-02  1.436543e-01  4.515800e-01
      vertex   4.409297e-02  1.753793e-01  4.575195e-01
    endloop
  endfacet
  facet normal  9.833075e-01  3.735571e-02 -1.780753e-01
    outer loop
      vertex   4.409297e-02  1.753793e-01  4.575195e-01
      vertex   4.422257e-02  1.436543e-01  4.515800e-01
      vertex   4.149389e-02  1.752175e-01  4.431337e-01
    endloop
  endfacet
  facet normal  6.592397e-01 -1.406715e-01 -7.386572e-01
    outer loop
      vertex   4.422257e-02  1.436543e-01  4.515800e-01
      vertex   3.946557e-02  1.436543e-01  4.473344e-01
      vertex   4.149389e-02  1.752175e-01  4.431337e-01
    endloop
  endfacet
  facet normal -6.121401e-01 -6.554048e-02 -7.880285e-01
    outer loop
      vertex   4.149389e-02  1.752175e-01  4.431337e-01
      vertex   3.946557e-02  1.436543e-01  4.473344e-01
      vertex   3.698019e-02  1.753793e-01  4.466265e-01
    endloop
  endfacet
  facet normal -2.050132e-01 -3.788535e-02 -9.780257e-01
    outer loop
      vertex   3.946557e-02  1.436543e-01  4.473344e-01
      vertex   3.463039e-02  1.436543e-01  4.483480e-01
      vertex   3.698019e-02  1.753793e-01  4.466265e-01
    endloop
  endfacet
  facet normal -9.063287e-01  4.432627e-02 -4.202422e-01
    outer loop
      vertex   3.463039e-02  1.436543e-01  4.483480e-01
      vertex   3.161627e-02  1.436543e-01  4.548485e-01
      vertex   3.698019e-02  1.753793e-01  4.466265e-01
    endloop
  endfacet
  facet normal -8.475558e-01  5.769074e-03 -5.306749e-01
    outer loop
      vertex   3.698019e-02  1.753793e-01  4.466265e-01
      vertex   3.161627e-02  1.436543e-01  4.548485e-01
      vertex   3.170865e-02  1.753793e-01  4.550458e-01
    endloop
  endfacet
  facet normal  2.507160e-01 -2.380214e-01  9.383429e-01
    outer loop
      vertex   3.534833e-02  1.331205e-01  4.598041e-01
      vertex   4.438581e-02  1.332718e-01  4.574277e-01
      vertex   4.042986e-02  1.388998e-01  4.599123e-01
    endloop
  endfacet
  facet normal  8.335834e-01  4.364453e-01  3.386062e-01
    outer loop
      vertex   4.042986e-02  1.388998e-01  4.599123e-01
      vertex   4.438581e-02  1.332718e-01  4.574277e-01
      vertex   4.509583e-02  1.388918e-01  4.484359e-01
    endloop
  endfacet
  facet normal  9.405112e-01 -3.165017e-01 -1.235530e-01
    outer loop
      vertex   4.438581e-02  1.332718e-01  4.574277e-01
      vertex   4.246898e-02  1.308985e-01  4.489159e-01
      vertex   4.509583e-02  1.388918e-01  4.484359e-01
    endloop
  endfacet
  facet normal -1.146902e-01 -2.195385e-02 -9.931587e-01
    outer loop
      vertex   4.246898e-02  1.308985e-01  4.489159e-01
      vertex   3.240096e-02  1.313949e-01  4.500676e-01
      vertex   4.509583e-02  1.388918e-01  4.484359e-01
    endloop
  endfacet
  facet normal  7.127794e-02 -3.258840e-01 -9.427190e-01
    outer loop
      vertex   4.509583e-02  1.388918e-01  4.484359e-01
      vertex   3.240096e-02  1.313949e-01  4.500676e-01
      vertex   3.497707e-02  1.388918e-01  4.476708e-01
    endloop
  endfacet
  facet normal -8.739111e-01  1.527664e-01 -4.614563e-01
    outer loop
      vertex   3.497707e-02  1.388918e-01  4.476708e-01
      vertex   3.240096e-02  1.313949e-01  4.500676e-01
      vertex   3.140066e-02  1.388918e-01  4.544439e-01
    endloop
  endfacet
  facet normal  4.475506e-01  1.370989e-02  8.941535e-01
    outer loop
      vertex   4.409297e-02  1.753793e-01  4.575195e-01
      vertex   3.825341e-02  1.801414e-01  4.603693e-01
      vertex   4.042986e-02  1.388998e-01  4.599123e-01
    endloop
  endfacet
  facet normal -8.204933e-03 -1.151357e-02  9.999000e-01
    outer loop
      vertex   4.042986e-02  1.388998e-01  4.599123e-01
      vertex   3.825341e-02  1.801414e-01  4.603693e-01
      vertex   3.534833e-02  1.331205e-01  4.598041e-01
    endloop
  endfacet
  facet normal -3.716477e-01  1.180176e-02  9.282988e-01
    outer loop
      vertex   3.825341e-02  1.801414e-01  4.603693e-01
      vertex   3.362913e-02  1.801418e-01  4.585180e-01
      vertex   3.534833e-02  1.331205e-01  4.598041e-01
    endloop
  endfacet
  facet normal -8.125846e-01 -1.377284e-02  5.826804e-01
    outer loop
      vertex   3.362913e-02  1.801418e-01  4.585180e-01
      vertex   3.161627e-02  1.436543e-01  4.548485e-01
      vertex   3.534833e-02  1.331205e-01  4.598041e-01
    endloop
  endfacet
  facet normal -8.116899e-01 -1.285990e-02  5.839471e-01
    outer loop
      vertex   3.534833e-02  1.331205e-01  4.598041e-01
      vertex   3.161627e-02  1.436543e-01  4.548485e-01
      vertex   3.140066e-02  1.388918e-01  4.544439e-01
    endloop
  endfacet
  facet normal -3.247003e-01 -4.898370e-01 -8.090917e-01
    outer loop
      vertex  -1.605247e-02  1.346832e-01  3.654616e-01
      vertex  -1.243528e-02  1.388918e-01  3.614621e-01
      vertex  -9.827903e-03  1.297362e-01  3.659587e-01
    endloop
  endfacet
  facet normal  9.352299e-01  9.946196e-02 -3.397828e-01
    outer loop
      vertex  -1.243528e-02  1.388918e-01  3.614621e-01
      vertex  -1.016761e-02  1.388918e-01  3.677037e-01
      vertex  -9.827903e-03  1.297362e-01  3.659587e-01
    endloop
  endfacet
  facet normal -2.276134e-01 -1.904561e-01  9.549443e-01
    outer loop
      vertex  -1.016761e-02  1.388918e-01  3.677037e-01
      vertex  -1.605247e-02  1.346832e-01  3.654616e-01
      vertex  -9.827903e-03  1.297362e-01  3.659587e-01
    endloop
  endfacet
  facet normal -7.414231e-01 -1.844905e-02  6.707842e-01
    outer loop
      vertex  -1.851094e-02  1.388918e-01  3.670286e-01
      vertex  -1.447053e-02  1.436543e-01  3.716255e-01
      vertex  -1.693045e-02  1.753793e-01  3.697791e-01
    endloop
  endfacet
  facet normal -3.609821e-01  2.626459e-02  9.322028e-01
    outer loop
      vertex  -1.693045e-02  1.753793e-01  3.697791e-01
      vertex  -1.447053e-02  1.436543e-01  3.716255e-01
      vertex  -1.205419e-02  1.753793e-01  3.716674e-01
    endloop
  endfacet
  facet normal  2.916211e-01 -2.347273e-02  9.562459e-01
    outer loop
      vertex  -1.447053e-02  1.436543e-01  3.716255e-01
      vertex  -7.186290e-03  1.436543e-01  3.694040e-01
      vertex  -1.205419e-02  1.753793e-01  3.716674e-01
    endloop
  endfacet
  facet normal  6.328431e-01  4.194727e-02  7.731429e-01
    outer loop
      vertex  -1.205419e-02  1.753793e-01  3.716674e-01
      vertex  -7.186290e-03  1.436543e-01  3.694040e-01
      vertex  -4.927176e-03  1.753793e-01  3.658336e-01
    endloop
  endfacet
  facet normal  9.909703e-01 -5.690267e-02  1.214084e-01
    outer loop
      vertex  -7.186290e-03  1.436543e-01  3.694040e-01
      vertex  -6.284523e-03  1.436543e-01  3.620436e-01
      vertex  -4.927176e-03  1.753793e-01  3.658336e-01
    endloop
  endfacet
  facet normal  6.959380e-01  5.575432e-02 -7.159342e-01
    outer loop
      vertex  -4.927176e-03  1.753793e-01  3.658336e-01
      vertex  -6.284523e-03  1.436543e-01  3.620436e-01
      vertex  -1.254373e-02  1.753793e-01  3.584298e-01
    endloop
  endfacet
  facet normal  4.194800e-01 -2.061425e-02 -9.075305e-01
    outer loop
      vertex  -6.284523e-03  1.436543e-01  3.620436e-01
      vertex  -1.375716e-02  1.436543e-01  3.585896e-01
      vertex  -1.254373e-02  1.753793e-01  3.584298e-01
    endloop
  endfacet
  facet normal -4.731998e-01  1.366352e-02 -8.808492e-01
    outer loop
      vertex  -1.254373e-02  1.753793e-01  3.584298e-01
      vertex  -1.375716e-02  1.436543e-01  3.585896e-01
      vertex  -1.676165e-02  1.753793e-01  3.606957e-01
    endloop
  endfacet
  facet normal -6.486754e-01 -1.091213e-02 -7.609870e-01
    outer loop
      vertex  -1.375716e-02  1.436543e-01  3.585896e-01
      vertex  -1.777078e-02  1.436543e-01  3.620108e-01
      vertex  -1.676165e-02  1.753793e-01  3.606957e-01
    endloop
  endfacet
  facet normal -8.280740e-01  3.100671e-03 -5.606101e-01
    outer loop
      vertex  -1.676165e-02  1.753793e-01  3.606957e-01
      vertex  -1.777078e-02  1.436543e-01  3.620108e-01
      vertex  -1.823877e-02  1.753793e-01  3.628776e-01
    endloop
  endfacet
  facet normal -9.365105e-01 -4.236091e-03 -3.506139e-01
    outer loop
      vertex  -1.777078e-02  1.436543e-01  3.620108e-01
      vertex  -1.861463e-02  1.436543e-01  3.642648e-01
      vertex  -1.823877e-02  1.753793e-01  3.628776e-01
    endloop
  endfacet
  facet normal -9.865198e-01  4.534860e-03 -1.635792e-01
    outer loop
      vertex  -1.823877e-02  1.753793e-01  3.628776e-01
      vertex  -1.861463e-02  1.436543e-01  3.642648e-01
      vertex  -1.862152e-02  1.753793e-01  3.651859e-01
    endloop
  endfacet
  facet normal -9.993742e-01 -1.243297e-03  3.535086e-02
    outer loop
      vertex  -1.861463e-02  1.436543e-01  3.642648e-01
      vertex  -1.851094e-02  1.388918e-01  3.670286e-01
      vertex  -1.862152e-02  1.753793e-01  3.651859e-01
    endloop
  endfacet
  facet normal -9.997934e-01 -4.036099e-03 -1.992296e-02
    outer loop
      vertex  -1.862152e-02  1.753793e-01  3.651859e-01
      vertex  -1.851094e-02  1.388918e-01  3.670286e-01
      vertex  -1.866347e-02  1.801443e-01  3.663256e-01
    endloop
  endfacet
  facet normal -8.913047e-01  4.431228e-03  4.533831e-01
    outer loop
      vertex  -1.866347e-02  1.801443e-01  3.663256e-01
      vertex  -1.851094e-02  1.388918e-01  3.670286e-01
      vertex  -1.693045e-02  1.753793e-01  3.697791e-01
    endloop
  endfacet
  facet normal -8.435959e-01  2.647740e-01  4.671624e-01
    outer loop
      vertex  -1.447053e-02  1.436543e-01  3.716255e-01
      vertex  -1.851094e-02  1.388918e-01  3.670286e-01
      vertex   3.161627e-02  1.436543e-01  4.548485e-01
    endloop
  endfacet
  facet normal  1.779308e-14  1.000000e+00  2.494525e-15
    outer loop
      vertex   3.465760e-02  1.436543e-01  3.768427e-01
      vertex   3.653858e-02  1.436543e-01  3.745526e-01
      vertex   3.825532e-02  1.436543e-01  3.511808e-01
    endloop
  endfacet
  facet normal  1.796174e-01  9.779837e-01 -1.062336e-01
    outer loop
      vertex   8.993182e-02  1.415891e-01  4.240281e-01
      vertex   9.856271e-02  1.393483e-01  4.179924e-01
      vertex   7.523461e-02  1.436543e-01  4.181905e-01
    endloop
  endfacet
  facet normal  3.352467e-10  1.000000e+00  1.766473e-11
    outer loop
      vertex   4.422257e-02  1.436543e-01  4.515800e-01
      vertex   4.390048e-02  1.436543e-01  4.576927e-01
      vertex   8.299562e-02  1.436543e-01  4.492033e-01
    endloop
  endfacet
  facet normal -3.144505e-15  1.000000e+00  1.684546e-15
    outer loop
      vertex   4.969893e-02  1.436543e-01  3.323757e-01
      vertex   4.891419e-02  1.436543e-01  3.473874e-01
      vertex   6.359193e-02  1.436543e-01  3.747860e-01
    endloop
  endfacet
  facet normal  0.000000e+00  1.000000e+00  0.000000e+00
    outer loop
      vertex   6.364434e-02  1.436543e-01  4.458709e-01
      vertex   7.523461e-02  1.436543e-01  4.181905e-01
      vertex   6.359193e-02  1.436543e-01  3.747860e-01
    endloop
  endfacet
  facet normal  0.000000e+00  1.000000e+00  0.000000e+00
    outer loop
      vertex   7.523461e-02  1.436543e-01  4.181905e-01
      vertex   7.523461e-02  1.436543e-01  4.054905e-01
      vertex   6.359193e-02  1.436543e-01  3.747860e-01
    endloop
  endfacet
  facet normal -1.268335e-14  1.000000e+00  4.809331e-15
    outer loop
      vertex   7.523461e-02  1.436543e-01  4.054905e-01
      vertex   4.969893e-02  1.436543e-01  3.323757e-01
      vertex   6.359193e-02  1.436543e-01  3.747860e-01
    endloop
  endfacet
  facet normal  4.339850e-16  1.000000e+00  1.219443e-15
    outer loop
      vertex   3.825532e-02  1.436543e-01  3.511808e-01
      vertex   3.653858e-02  1.436543e-01  3.745526e-01
      vertex   4.891419e-02  1.436543e-01  3.473874e-01
    endloop
  endfacet
  facet normal -1.030721e-15  1.000000e+00  5.521687e-16
    outer loop
      vertex   3.653858e-02  1.436543e-01  3.745526e-01
      vertex   6.359193e-02  1.436543e-01  3.747860e-01
      vertex   4.891419e-02  1.436543e-01  3.473874e-01
    endloop
  endfacet
  facet normal  0.000000e+00  1.000000e+00  0.000000e+00
    outer loop
      vertex  -1.861463e-02  1.436543e-01  3.642648e-01
      vertex  -1.777078e-02  1.436543e-01  3.620108e-01
      vertex  -1.862152e-02  1.436543e-01  3.338061e-01
    endloop
  endfacet
  facet normal  0.000000e+00  1.000000e+00  0.000000e+00
    outer loop
      vertex  -1.862152e-02  1.436543e-01  3.338061e-01
      vertex  -1.777078e-02  1.436543e-01  3.620108e-01
      vertex  -1.375716e-02  1.436543e-01  3.585896e-01
    endloop
  endfacet
  facet normal  3.126877e-10  1.000000e+00 -3.503567e-10
    outer loop
      vertex   4.422257e-02  1.436543e-01  4.515800e-01
      vertex   8.299562e-02  1.436543e-01  4.492033e-01
      vertex   3.946557e-02  1.436543e-01  4.473344e-01
    endloop
  endfacet
  facet normal  1.741339e-10  1.000000e+00  2.876924e-09
    outer loop
      vertex   3.946557e-02  1.436543e-01  4.473344e-01
      vertex   8.299562e-02  1.436543e-01  4.492033e-01
      vertex   6.364434e-02  1.436543e-01  4.458709e-01
    endloop
  endfacet
  facet normal  2.031790e-01  2.885036e-01  9.356730e-01
    outer loop
      vertex   8.299562e-02  1.436543e-01  4.492033e-01
      vertex   4.390048e-02  1.436543e-01  4.576927e-01
      vertex   4.042986e-02  1.388998e-01  4.599123e-01
    endloop
  endfacet
  facet normal  7.448134e-10  1.000000e+00 -1.417408e-09
    outer loop
      vertex   8.200649e-02  1.436543e-01  3.668095e-01
      vertex   9.001351e-02  1.436543e-01  3.710170e-01
      vertex   9.316669e-02  1.436543e-01  3.584223e-01
    endloop
  endfacet
  facet normal -1.220411e-09  1.000000e+00 -1.909420e-09
    outer loop
      vertex   2.220974e-01  1.436543e-01  4.054908e-01
      vertex   9.316669e-02  1.436543e-01  3.584223e-01
      vertex   9.001351e-02  1.436543e-01  3.710170e-01
    endloop
  endfacet
  facet normal -1.555028e-09  1.000000e+00 -6.273596e-10
    outer loop
      vertex   8.663437e-02  1.436543e-01  3.793928e-01
      vertex   2.220974e-01  1.436543e-01  4.054908e-01
      vertex   9.001351e-02  1.436543e-01  3.710170e-01
    endloop
  endfacet
  facet normal  3.296181e-10  1.000000e+00  1.974006e-09
    outer loop
      vertex   8.299562e-02  1.436543e-01  4.492033e-01
      vertex   8.964927e-02  1.436543e-01  4.415286e-01
      vertex   6.364434e-02  1.436543e-01  4.458709e-01
    endloop
  endfacet
  facet normal  0.000000e+00  1.000000e+00  0.000000e+00
    outer loop
      vertex   6.364434e-02  1.436543e-01  4.458709e-01
      vertex   8.964927e-02  1.436543e-01  4.415286e-01
      vertex   7.523461e-02  1.436543e-01  4.181905e-01
    endloop
  endfacet
  facet normal  1.818888e-01  9.768806e-01 -1.123425e-01
    outer loop
      vertex   8.964927e-02  1.436543e-01  4.415286e-01
      vertex   8.993182e-02  1.415891e-01  4.240281e-01
      vertex   7.523461e-02  1.436543e-01  4.181905e-01
    endloop
  endfacet
  facet normal -1.545807e-09  1.000000e+00 -6.752239e-10
    outer loop
      vertex   2.220974e-01  1.436543e-01  4.054908e-01
      vertex   8.663437e-02  1.436543e-01  3.793928e-01
      vertex   7.523461e-02  1.436543e-01  4.054905e-01
    endloop
  endfacet
  facet normal  1.652881e-15  1.000000e+00  3.973395e-15
    outer loop
      vertex   2.831590e-02  1.436543e-01  3.476503e-01
      vertex  -6.284523e-03  1.436543e-01  3.620436e-01
      vertex  -7.186290e-03  1.436543e-01  3.694040e-01
    endloop
  endfacet
  facet normal -1.848123e-09  1.000000e+00 -7.034294e-13
    outer loop
      vertex   3.463039e-02  1.436543e-01  4.483480e-01
      vertex   3.465760e-02  1.436543e-01  3.768427e-01
      vertex   3.161627e-02  1.436543e-01  4.548485e-01
    endloop
  endfacet
  facet normal  0.000000e+00  1.000000e+00  0.000000e+00
    outer loop
      vertex   3.825532e-02  1.436543e-01  3.511808e-01
      vertex   2.831590e-02  1.436543e-01  3.476503e-01
      vertex   3.465760e-02  1.436543e-01  3.768427e-01
    endloop
  endfacet
  facet normal  3.703026e-15  1.000000e+00  5.539941e-16
    outer loop
      vertex   8.663437e-02  1.436543e-01  3.793928e-01
      vertex   7.927390e-02  1.436543e-01  3.784910e-01
      vertex   7.523461e-02  1.436543e-01  4.054905e-01
    endloop
  endfacet
  facet normal -3.976028e-03  9.999911e-01 -1.432835e-03
    outer loop
      vertex   6.519561e-03  1.436543e-01  3.265130e-01
      vertex  -6.284523e-03  1.436543e-01  3.620436e-01
      vertex   3.160818e-02  1.437528e-01  3.256160e-01
    endloop
  endfacet
  facet normal -4.326022e-03  9.999276e-01 -1.122850e-02
    outer loop
      vertex   6.519561e-03  1.436543e-01  3.265130e-01
      vertex   3.160818e-02  1.437528e-01  3.256160e-01
      vertex   4.196107e-02  1.436543e-01  3.128584e-01
    endloop
  endfacet
  facet normal  6.389443e-03  9.999764e-01 -2.533176e-03
    outer loop
      vertex   4.196107e-02  1.436543e-01  3.128584e-01
      vertex   3.160818e-02  1.437528e-01  3.256160e-01
      vertex   4.969893e-02  1.436543e-01  3.323757e-01
    endloop
  endfacet
  facet normal -2.784731e-10  1.000000e+00  6.049493e-11
    outer loop
      vertex   3.465760e-02  1.436543e-01  3.768427e-01
      vertex   2.831590e-02  1.436543e-01  3.476503e-01
      vertex   3.161627e-02  1.436543e-01  4.548485e-01
    endloop
  endfacet
  facet normal  3.122477e-11  1.000000e+00  5.096006e-11
    outer loop
      vertex   2.831590e-02  1.436543e-01  3.476503e-01
      vertex  -7.186290e-03  1.436543e-01  3.694040e-01
      vertex   3.161627e-02  1.436543e-01  4.548485e-01
    endloop
  endfacet
  facet normal  9.447766e-16  1.000000e+00  4.964877e-17
    outer loop
      vertex   4.969893e-02  1.436543e-01  3.323757e-01
      vertex   7.523461e-02  1.436543e-01  4.054905e-01
      vertex   7.697905e-02  1.436543e-01  3.722953e-01
    endloop
  endfacet
  facet normal  0.000000e+00  1.000000e+00 -0.000000e+00
    outer loop
      vertex   7.697905e-02  1.436543e-01  3.722953e-01
      vertex   7.523461e-02  1.436543e-01  4.054905e-01
      vertex   7.927390e-02  1.436543e-01  3.784910e-01
    endloop
  endfacet
  facet normal  4.346031e-16  1.000000e+00  3.982892e-16
    outer loop
      vertex   7.697905e-02  1.436543e-01  3.722953e-01
      vertex   8.200649e-02  1.436543e-01  3.668095e-01
      vertex   4.969893e-02  1.436543e-01  3.323757e-01
    endloop
  endfacet
  facet normal  4.112602e-15  1.000000e+00 -3.052597e-15
    outer loop
      vertex   4.969893e-02  1.436543e-01  3.323757e-01
      vertex   8.200649e-02  1.436543e-01  3.668095e-01
      vertex   4.196107e-02  1.436543e-01  3.128584e-01
    endloop
  endfacet
  facet normal -3.162733e-02  9.986134e-01 -4.208432e-02
    outer loop
      vertex   9.316669e-02  1.436543e-01  3.584223e-01
      vertex   9.492879e-02  1.431442e-01  3.449936e-01
      vertex   8.200649e-02  1.436543e-01  3.668095e-01
    endloop
  endfacet
  facet normal  2.079243e-02  9.997227e-01 -1.106021e-02
    outer loop
      vertex   9.492879e-02  1.431442e-01  3.449936e-01
      vertex   6.911827e-02  1.436543e-01  3.425805e-01
      vertex   8.200649e-02  1.436543e-01  3.668095e-01
    endloop
  endfacet
  facet normal  1.744887e-11  1.000000e+00  5.721607e-11
    outer loop
      vertex  -7.186290e-03  1.436543e-01  3.694040e-01
      vertex  -1.447053e-02  1.436543e-01  3.716255e-01
      vertex   3.161627e-02  1.436543e-01  4.548485e-01
    endloop
  endfacet
  facet normal  0.000000e+00  1.000000e+00  0.000000e+00
    outer loop
      vertex   8.200649e-02  1.436543e-01  3.668095e-01
      vertex   6.911827e-02  1.436543e-01  3.425805e-01
      vertex   4.196107e-02  1.436543e-01  3.128584e-01
    endloop
  endfacet
  facet normal  0.000000e+00  1.000000e+00  0.000000e+00
    outer loop
      vertex   6.911827e-02  1.436543e-01  3.425805e-01
      vertex   5.730138e-02  1.436543e-01  3.209756e-01
      vertex   4.196107e-02  1.436543e-01  3.128584e-01
    endloop
  endfacet
  facet normal -1.906784e-01  7.290958e-01 -6.573136e-01
    outer loop
      vertex  -1.796826e-02  1.389463e-01  3.283945e-01
      vertex  -1.862152e-02  1.436543e-01  3.338061e-01
      vertex   6.519561e-03  1.436543e-01  3.265130e-01
    endloop
  endfacet
  facet normal  8.764797e-10  1.000000e+00 -1.720308e-10
    outer loop
      vertex  -1.862152e-02  1.436543e-01  3.338061e-01
      vertex  -1.375716e-02  1.436543e-01  3.585896e-01
      vertex   6.519561e-03  1.436543e-01  3.265130e-01
    endloop
  endfacet
  facet normal  2.597240e-10  1.000000e+00 -5.619037e-10
    outer loop
      vertex  -1.375716e-02  1.436543e-01  3.585896e-01
      vertex  -6.284523e-03  1.436543e-01  3.620436e-01
      vertex   6.519561e-03  1.436543e-01  3.265130e-01
    endloop
  endfacet
  facet normal  1.982176e-03  9.999867e-01  4.764994e-03
    outer loop
      vertex   2.831590e-02  1.436543e-01  3.476503e-01
      vertex   3.160818e-02  1.437528e-01  3.256160e-01
      vertex  -6.284523e-03  1.436543e-01  3.620436e-01
    endloop
  endfacet
  facet normal  9.156986e-02  7.220651e-01 -6.857382e-01
    outer loop
      vertex   5.170825e-02  1.776636e-01  4.470734e-01
      vertex   4.149389e-02  1.752175e-01  4.431337e-01
      vertex   3.935825e-02  1.800632e-01  4.479510e-01
    endloop
  endfacet
  facet normal -9.887705e-01  1.488918e-01 -1.280960e-02
    outer loop
      vertex   6.290086e-02  1.753534e-01  4.410712e-01
      vertex   6.365399e-02  1.801418e-01  4.385943e-01
      vertex   6.365293e-02  1.753793e-01  3.833200e-01
    endloop
  endfacet
  facet normal -9.998042e-01 -1.971425e-02  1.717918e-03
    outer loop
      vertex   6.365399e-02  1.801418e-01  4.385943e-01
      vertex   6.355558e-02  1.801414e-01  3.813160e-01
      vertex   6.365293e-02  1.753793e-01  3.833200e-01
    endloop
  endfacet
  facet normal  9.997369e-01  2.284422e-02  2.056817e-03
    outer loop
      vertex   3.477976e-02  1.753793e-01  3.812571e-01
      vertex   3.466712e-02  1.801526e-01  3.829911e-01
      vertex   3.466085e-02  1.753793e-01  4.390534e-01
    endloop
  endfacet
  facet normal  9.986077e-01 -5.257009e-02 -4.364350e-03
    outer loop
      vertex   3.466085e-02  1.753793e-01  4.390534e-01
      vertex   3.466712e-02  1.801526e-01  3.829911e-01
      vertex   3.493547e-02  1.801446e-01  4.444897e-01
    endloop
  endfacet
  facet normal  9.919631e-01  8.670902e-02  9.214503e-02
    outer loop
      vertex   8.788041e-02  1.801418e-01  4.467127e-01
      vertex   8.824864e-02  1.753793e-01  4.472302e-01
      vertex   9.042966e-02  1.801418e-01  4.192694e-01
    endloop
  endfacet
  facet normal  9.784907e-01  1.767191e-01  1.064254e-01
    outer loop
      vertex   8.824864e-02  1.753793e-01  4.472302e-01
      vertex   9.138977e-02  1.753793e-01  4.183502e-01
      vertex   9.042966e-02  1.801418e-01  4.192694e-01
    endloop
  endfacet
  facet normal  3.049705e-01  1.261445e-01  9.439706e-01
    outer loop
      vertex   8.788041e-02  1.801418e-01  4.467127e-01
      vertex   6.987834e-02  1.801418e-01  4.525287e-01
      vertex   8.824864e-02  1.753793e-01  4.472302e-01
    endloop
  endfacet
  facet normal  2.379229e-01 -1.499152e-01  9.596448e-01
    outer loop
      vertex   8.824864e-02  1.753793e-01  4.472302e-01
      vertex   6.987834e-02  1.801418e-01  4.525287e-01
      vertex   3.825341e-02  1.801414e-01  4.603693e-01
    endloop
  endfacet
  facet normal -8.690800e-01  4.119367e-02  4.929534e-01
    outer loop
      vertex   3.362913e-02  1.801418e-01  4.585180e-01
      vertex  -1.866347e-02  1.801443e-01  3.663256e-01
      vertex  -1.693045e-02  1.753793e-01  3.697791e-01
    endloop
  endfacet
  facet normal -8.685626e-01 -1.097046e-02  4.954581e-01
    outer loop
      vertex   3.170865e-02  1.753793e-01  4.550458e-01
      vertex   3.362913e-02  1.801418e-01  4.585180e-01
      vertex  -1.693045e-02  1.753793e-01  3.697791e-01
    endloop
  endfacet
  facet normal -9.999613e-01 -8.802878e-03 -0.000000e+00
    outer loop
      vertex  -1.862152e-02  1.753793e-01  3.651859e-01
      vertex  -1.866347e-02  1.801443e-01  3.663256e-01
      vertex  -1.862152e-02  1.753793e-01  3.338061e-01
    endloop
  endfacet
  facet normal -9.156893e-01  2.254084e-02 -4.012542e-01
    outer loop
      vertex  -1.593942e-02  1.753793e-01  3.276854e-01
      vertex  -1.862152e-02  1.753793e-01  3.338061e-01
      vertex  -1.600066e-02  1.801418e-01  3.280927e-01
    endloop
  endfacet
  facet normal -9.043631e-01  4.220861e-01 -6.301352e-02
    outer loop
      vertex  -1.600066e-02  1.801418e-01  3.280927e-01
      vertex  -1.862152e-02  1.753793e-01  3.338061e-01
      vertex  -1.866347e-02  1.801443e-01  3.663256e-01
    endloop
  endfacet
  facet normal -1.868928e-01 -7.732793e-01 -6.058962e-01
    outer loop
      vertex   3.120744e-02  1.801419e-01  3.135308e-01
      vertex   7.734635e-03  1.753793e-01  3.268496e-01
      vertex  -1.600066e-02  1.801418e-01  3.280927e-01
    endloop
  endfacet
  facet normal -3.515822e-02  8.470512e-02 -9.957856e-01
    outer loop
      vertex   7.734635e-03  1.753793e-01  3.268496e-01
      vertex  -1.593942e-02  1.753793e-01  3.276854e-01
      vertex  -1.600066e-02  1.801418e-01  3.280927e-01
    endloop
  endfacet
  facet normal -4.896268e-01 -2.427547e-02 -8.715941e-01
    outer loop
      vertex   3.120744e-02  1.801419e-01  3.135308e-01
      vertex   3.169135e-02  1.753835e-01  3.133915e-01
      vertex   7.734635e-03  1.753793e-01  3.268496e-01
    endloop
  endfacet
  facet normal  2.070030e-01  3.035046e-01 -9.300724e-01
    outer loop
      vertex   5.630329e-02  1.801418e-01  3.191163e-01
      vertex   5.412853e-02  1.753793e-01  3.170781e-01
      vertex   3.120744e-02  1.801419e-01  3.135308e-01
    endloop
  endfacet
  facet normal  1.619754e-01  4.533081e-02 -9.857531e-01
    outer loop
      vertex   5.412853e-02  1.753793e-01  3.170781e-01
      vertex   3.169135e-02  1.753835e-01  3.133915e-01
      vertex   3.120744e-02  1.801419e-01  3.135308e-01
    endloop
  endfacet
  facet normal  8.458917e-01 -1.699091e-01 -5.055671e-01
    outer loop
      vertex   5.412853e-02  1.753793e-01  3.170781e-01
      vertex   5.630329e-02  1.801418e-01  3.191163e-01
      vertex   7.033207e-02  1.753793e-01  3.441891e-01
    endloop
  endfacet
  facet normal  8.484565e-01 -1.587769e-01 -5.048876e-01
    outer loop
      vertex   7.033207e-02  1.753793e-01  3.441891e-01
      vertex   5.630329e-02  1.801418e-01  3.191163e-01
      vertex   7.118163e-02  1.801418e-01  3.441191e-01
    endloop
  endfacet
  facet normal  3.388193e-02 -2.074163e-02 -9.992106e-01
    outer loop
      vertex   7.118163e-02  1.801418e-01  3.441191e-01
      vertex   9.519855e-02  1.777586e-01  3.449830e-01
      vertex   7.033207e-02  1.753793e-01  3.441891e-01
    endloop
  endfacet
  facet normal -8.106740e-01 -1.633330e-01 -5.622544e-01
    outer loop
      vertex   6.173551e-02  1.800765e-01  4.413794e-01
      vertex   6.365399e-02  1.801418e-01  4.385943e-01
      vertex   6.290086e-02  1.753534e-01  4.410712e-01
    endloop
  endfacet
  facet normal -7.320758e-01  5.301756e-01 -4.277603e-01
    outer loop
      vertex   3.493547e-02  1.801446e-01  4.444897e-01
      vertex   3.658390e-02  1.787652e-01  4.399589e-01
      vertex   3.466085e-02  1.753793e-01  4.390534e-01
    endloop
  endfacet
  facet normal  5.106857e-01 -6.068664e-02 -8.576230e-01
    outer loop
      vertex   3.466085e-02  1.753793e-01  4.390534e-01
      vertex   3.658390e-02  1.787652e-01  4.399589e-01
      vertex   4.149389e-02  1.752175e-01  4.431337e-01
    endloop
  endfacet
  facet normal -1.587109e-01 -3.404208e-01  9.267818e-01
    outer loop
      vertex   3.743400e-02  1.788541e-01  3.829879e-01
      vertex   3.466712e-02  1.801526e-01  3.829911e-01
      vertex   3.477976e-02  1.753793e-01  3.812571e-01
    endloop
  endfacet
  facet normal -5.690218e-01  3.090483e-01  7.620389e-01
    outer loop
      vertex   6.365293e-02  1.753793e-01  3.833200e-01
      vertex   6.355558e-02  1.801414e-01  3.813160e-01
      vertex   5.960912e-02  1.753415e-01  3.803158e-01
    endloop
  endfacet
  facet normal -3.738235e-02 -6.315070e-02  9.973037e-01
    outer loop
      vertex   4.915531e-02  1.801418e-01  3.743478e-01
      vertex   4.881069e-02  1.753793e-01  3.740334e-01
      vertex   6.064716e-02  1.801544e-01  3.747794e-01
    endloop
  endfacet
  facet normal -3.382023e-01  8.873098e-01 -3.135293e-01
    outer loop
      vertex   4.881069e-02  1.753793e-01  3.740334e-01
      vertex   5.165843e-02  1.785801e-01  3.800200e-01
      vertex   6.064716e-02  1.801544e-01  3.747794e-01
    endloop
  endfacet
  facet normal  7.345185e-01 -6.286407e-01 -2.555259e-01
    outer loop
      vertex   4.423129e-02  1.749812e-01  3.806674e-01
      vertex   4.658167e-02  1.801665e-01  3.746667e-01
      vertex   4.909239e-02  1.797414e-01  3.829297e-01
    endloop
  endfacet
  facet normal  1.219175e-01 -7.418019e-02  9.897643e-01
    outer loop
      vertex   4.915531e-02  1.801418e-01  3.743478e-01
      vertex   4.658167e-02  1.801665e-01  3.746667e-01
      vertex   4.881069e-02  1.753793e-01  3.740334e-01
    endloop
  endfacet
  facet normal  7.795263e-01  2.894698e-01  5.554692e-01
    outer loop
      vertex   4.881069e-02  1.753793e-01  3.740334e-01
      vertex   4.658167e-02  1.801665e-01  3.746667e-01
      vertex   4.423129e-02  1.749812e-01  3.806674e-01
    endloop
  endfacet
  facet normal  8.441438e-01 -1.419186e-01  5.169916e-01
    outer loop
      vertex   4.569221e-02  1.800288e-01  4.375995e-01
      vertex   3.935825e-02  1.800632e-01  4.479510e-01
      vertex   4.149389e-02  1.752175e-01  4.431337e-01
    endloop
  endfacet
  facet normal  9.957649e-01  8.066111e-02 -4.411379e-02
    outer loop
      vertex   8.860348e-02  1.789630e-01  3.691528e-01
      vertex   8.989628e-02  1.801418e-01  4.004900e-01
      vertex   8.928420e-02  1.753793e-01  3.779657e-01
    endloop
  endfacet
  facet normal  8.780825e-01  4.627722e-01 -1.217088e-01
    outer loop
      vertex   8.928420e-02  1.753793e-01  3.779657e-01
      vertex   8.989628e-02  1.801418e-01  4.004900e-01
      vertex   9.309732e-02  1.753793e-01  4.054759e-01
    endloop
  endfacet
  facet normal  3.554662e-01 -5.512854e-01 -7.548034e-01
    outer loop
      vertex   8.989628e-02  1.801418e-01  4.004900e-01
      vertex   1.035037e-01  1.803492e-01  4.067468e-01
      vertex   9.309732e-02  1.753793e-01  4.054759e-01
    endloop
  endfacet
  facet normal  5.896960e-01  6.252863e-01 -5.111513e-01
    outer loop
      vertex   1.035037e-01  1.803492e-01  4.067468e-01
      vertex   1.075221e-01  1.822595e-01  4.137194e-01
      vertex   1.096759e-01  1.735114e-01  4.055028e-01
    endloop
  endfacet
  facet normal  1.936924e-01  5.556523e-01  8.085380e-01
    outer loop
      vertex   9.042966e-02  1.801418e-01  4.192694e-01
      vertex   1.086134e-01  1.753793e-01  4.181863e-01
      vertex   1.075221e-01  1.822595e-01  4.137194e-01
    endloop
  endfacet
  facet normal  2.094715e-03 -9.999978e-01 -1.166601e-19
    outer loop
      vertex   6.290086e-02  1.753534e-01  4.410712e-01
      vertex   7.523461e-02  1.753793e-01  4.054905e-01
      vertex   7.523461e-02  1.753793e-01  4.181905e-01
    endloop
  endfacet
  facet normal  9.675953e-02 -9.939612e-01 -5.175626e-02
    outer loop
      vertex   7.033207e-02  1.753793e-01  3.441891e-01
      vertex   9.519855e-02  1.777586e-01  3.449830e-01
      vertex   8.230012e-02  1.753793e-01  3.665637e-01
    endloop
  endfacet
  facet normal -7.533827e-02 -9.918638e-01  1.026169e-01
    outer loop
      vertex   2.355943e-02  1.753257e-01  3.549773e-01
      vertex   3.885705e-02  1.745436e-01  3.586481e-01
      vertex   4.881069e-02  1.753793e-01  3.740334e-01
    endloop
  endfacet
  facet normal  4.501969e-02 -9.986702e-01  2.512007e-02
    outer loop
      vertex   3.885705e-02  1.745436e-01  3.586481e-01
      vertex   4.902189e-02  1.749156e-01  3.552208e-01
      vertex   4.881069e-02  1.753793e-01  3.740334e-01
    endloop
  endfacet
  facet normal  7.936713e-02 -9.965205e-01  2.545270e-02
    outer loop
      vertex   4.902189e-02  1.749156e-01  3.552208e-01
      vertex   5.995816e-02  1.753034e-01  3.363012e-01
      vertex   4.881069e-02  1.753793e-01  3.740334e-01
    endloop
  endfacet
  facet normal -3.298010e-01 -7.583084e-01  5.623164e-01
    outer loop
      vertex   5.165843e-02  1.785801e-01  3.800200e-01
      vertex   4.881069e-02  1.753793e-01  3.740334e-01
      vertex   5.960912e-02  1.753415e-01  3.803158e-01
    endloop
  endfacet
  facet normal  1.691932e-07 -1.000000e+00  2.812469e-08
    outer loop
      vertex   7.967193e-02  1.753793e-01  3.787964e-01
      vertex   7.523461e-02  1.753793e-01  4.054905e-01
      vertex   6.365293e-02  1.753793e-01  3.833200e-01
    endloop
  endfacet
  facet normal  8.356805e-04 -9.999996e-01 -4.364354e-04
    outer loop
      vertex   6.365293e-02  1.753793e-01  3.833200e-01
      vertex   7.523461e-02  1.753793e-01  4.054905e-01
      vertex   6.290086e-02  1.753534e-01  4.410712e-01
    endloop
  endfacet
  facet normal  3.497470e-03 -9.999893e-01  3.024432e-03
    outer loop
      vertex   5.960912e-02  1.753415e-01  3.803158e-01
      vertex   8.230012e-02  1.753793e-01  3.665637e-01
      vertex   7.691357e-02  1.753793e-01  3.727927e-01
    endloop
  endfacet
  facet normal -2.929599e-15 -1.000000e+00 -4.869820e-16
    outer loop
      vertex   7.967193e-02  1.753793e-01  3.787964e-01
      vertex   8.928420e-02  1.753793e-01  3.779657e-01
      vertex   7.523461e-02  1.753793e-01  4.054905e-01
    endloop
  endfacet
  facet normal -6.344653e-15 -1.000000e+00  4.388405e-16
    outer loop
      vertex  -1.254373e-02  1.753793e-01  3.584298e-01
      vertex  -1.676165e-02  1.753793e-01  3.606957e-01
      vertex  -1.862152e-02  1.753793e-01  3.338061e-01
    endloop
  endfacet
  facet normal -5.106883e-09 -1.000000e+00  6.495970e-09
    outer loop
      vertex  -1.693045e-02  1.753793e-01  3.697791e-01
      vertex  -1.205419e-02  1.753793e-01  3.716674e-01
      vertex   3.466085e-02  1.753793e-01  4.390534e-01
    endloop
  endfacet
  facet normal  1.896658e-07 -1.000000e+00 -1.285291e-07
    outer loop
      vertex   3.466085e-02  1.753793e-01  4.390534e-01
      vertex  -1.205419e-02  1.753793e-01  3.716674e-01
      vertex   3.477976e-02  1.753793e-01  3.812571e-01
    endloop
  endfacet
  facet normal  8.266793e-19 -1.000000e+00  1.008806e-15
    outer loop
      vertex   8.928420e-02  1.753793e-01  3.779657e-01
      vertex   9.309732e-02  1.753793e-01  4.054759e-01
      vertex   7.523461e-02  1.753793e-01  4.054905e-01
    endloop
  endfacet
  facet normal  1.341340e-02 -9.998779e-01 -8.016832e-03
    outer loop
      vertex   7.033207e-02  1.753793e-01  3.441891e-01
      vertex   5.995816e-02  1.753034e-01  3.363012e-01
      vertex   5.412853e-02  1.753793e-01  3.170781e-01
    endloop
  endfacet
  facet normal  4.980814e-02 -9.985771e-01 -1.904882e-02
    outer loop
      vertex   5.995816e-02  1.753034e-01  3.363012e-01
      vertex   4.716841e-02  1.749983e-01  3.188493e-01
      vertex   5.412853e-02  1.753793e-01  3.170781e-01
    endloop
  endfacet
  facet normal -0.000000e+00 -1.000000e+00  0.000000e+00
    outer loop
      vertex  -1.676165e-02  1.753793e-01  3.606957e-01
      vertex  -1.823877e-02  1.753793e-01  3.628776e-01
      vertex  -1.862152e-02  1.753793e-01  3.338061e-01
    endloop
  endfacet
  facet normal  0.000000e+00 -1.000000e+00  0.000000e+00
    outer loop
      vertex  -1.862152e-02  1.753793e-01  3.338061e-01
      vertex  -1.823877e-02  1.753793e-01  3.628776e-01
      vertex  -1.862152e-02  1.753793e-01  3.651859e-01
    endloop
  endfacet
  facet normal -4.137427e-01 -7.785573e-01 -4.718745e-01
    outer loop
      vertex   6.290086e-02  1.753534e-01  4.410712e-01
      vertex   4.409297e-02  1.753793e-01  4.575195e-01
      vertex   5.170825e-02  1.776636e-01  4.470734e-01
    endloop
  endfacet
  facet normal  2.449113e-01 -9.689718e-01 -3.334896e-02
    outer loop
      vertex   5.170825e-02  1.776636e-01  4.470734e-01
      vertex   4.409297e-02  1.753793e-01  4.575195e-01
      vertex   4.149389e-02  1.752175e-01  4.431337e-01
    endloop
  endfacet
  facet normal  2.170989e-01 -2.913311e-01  9.316621e-01
    outer loop
      vertex   8.824864e-02  1.753793e-01  4.472302e-01
      vertex   3.825341e-02  1.801414e-01  4.603693e-01
      vertex   4.409297e-02  1.753793e-01  4.575195e-01
    endloop
  endfacet
  facet normal  1.427328e-07 -1.000000e+00 -6.557762e-08
    outer loop
      vertex   7.967193e-02  1.753793e-01  3.787964e-01
      vertex   6.365293e-02  1.753793e-01  3.833200e-01
      vertex   7.691357e-02  1.753793e-01  3.727927e-01
    endloop
  endfacet
  facet normal  4.824462e-03 -9.999699e-01  6.076860e-03
    outer loop
      vertex   7.691357e-02  1.753793e-01  3.727927e-01
      vertex   6.365293e-02  1.753793e-01  3.833200e-01
      vertex   5.960912e-02  1.753415e-01  3.803158e-01
    endloop
  endfacet
  facet normal  1.257004e-03 -9.999990e-01 -6.723675e-04
    outer loop
      vertex   7.033207e-02  1.753793e-01  3.441891e-01
      vertex   8.230012e-02  1.753793e-01  3.665637e-01
      vertex   5.960912e-02  1.753415e-01  3.803158e-01
    endloop
  endfacet
  facet normal -3.981911e-03 -9.999917e-01  8.352560e-04
    outer loop
      vertex   5.995816e-02  1.753034e-01  3.363012e-01
      vertex   5.960912e-02  1.753415e-01  3.803158e-01
      vertex   4.881069e-02  1.753793e-01  3.740334e-01
    endloop
  endfacet
  facet normal  4.974265e-15 -1.000000e+00 -2.354972e-15
    outer loop
      vertex  -1.593942e-02  1.753793e-01  3.276854e-01
      vertex  -1.254373e-02  1.753793e-01  3.584298e-01
      vertex  -1.862152e-02  1.753793e-01  3.338061e-01
    endloop
  endfacet
  facet normal  1.406327e-08 -1.000000e+00 -7.780788e-09
    outer loop
      vertex   3.466085e-02  1.753793e-01  4.390534e-01
      vertex   3.170865e-02  1.753793e-01  4.550458e-01
      vertex  -1.693045e-02  1.753793e-01  3.697791e-01
    endloop
  endfacet
  facet normal  1.109716e-05 -9.999993e-01 -1.123169e-03
    outer loop
      vertex   7.523461e-02  1.753793e-01  4.181905e-01
      vertex   9.138977e-02  1.753793e-01  4.183502e-01
      vertex   6.290086e-02  1.753534e-01  4.410712e-01
    endloop
  endfacet
  facet normal  9.930143e-04 -9.999995e-01  1.080125e-04
    outer loop
      vertex   9.138977e-02  1.753793e-01  4.183502e-01
      vertex   8.824864e-02  1.753793e-01  4.472302e-01
      vertex   6.290086e-02  1.753534e-01  4.410712e-01
    endloop
  endfacet
  facet normal  4.361464e-01 -8.849704e-01  1.631061e-01
    outer loop
      vertex   8.860348e-02  1.789630e-01  3.691528e-01
      vertex   8.230012e-02  1.753793e-01  3.665637e-01
      vertex   9.519855e-02  1.777586e-01  3.449830e-01
    endloop
  endfacet
  facet normal  6.619453e-03 -9.999776e-01  9.193142e-04
    outer loop
      vertex   5.960912e-02  1.753415e-01  3.803158e-01
      vertex   5.995816e-02  1.753034e-01  3.363012e-01
      vertex   7.033207e-02  1.753793e-01  3.441891e-01
    endloop
  endfacet
  facet normal -3.335662e-01 -9.017393e-01 -2.749542e-01
    outer loop
      vertex   6.290086e-02  1.753534e-01  4.410712e-01
      vertex   5.170825e-02  1.776636e-01  4.470734e-01
      vertex   5.241163e-02  1.790410e-01  4.417029e-01
    endloop
  endfacet
  facet normal  4.989725e-04 -9.999976e-01  2.141279e-03
    outer loop
      vertex   6.290086e-02  1.753534e-01  4.410712e-01
      vertex   8.824864e-02  1.753793e-01  4.472302e-01
      vertex   4.409297e-02  1.753793e-01  4.575195e-01
    endloop
  endfacet
  facet normal -4.766983e-02 -9.945628e-01 -9.258759e-02
    outer loop
      vertex   4.881069e-02  1.753793e-01  3.740334e-01
      vertex   4.423129e-02  1.749812e-01  3.806674e-01
      vertex   3.477976e-02  1.753793e-01  3.812571e-01
    endloop
  endfacet
  facet normal  1.306623e-07 -1.000000e+00  1.596298e-07
    outer loop
      vertex  -1.205419e-02  1.753793e-01  3.716674e-01
      vertex  -4.927176e-03  1.753793e-01  3.658336e-01
      vertex   3.477976e-02  1.753793e-01  3.812571e-01
    endloop
  endfacet
  facet normal -9.486878e-04 -9.999965e-01  2.442851e-03
    outer loop
      vertex  -4.927176e-03  1.753793e-01  3.658336e-01
      vertex   2.355943e-02  1.753257e-01  3.549773e-01
      vertex   3.477976e-02  1.753793e-01  3.812571e-01
    endloop
  endfacet
  facet normal  8.585965e-04 -9.999982e-01  1.671223e-03
    outer loop
      vertex   3.477976e-02  1.753793e-01  3.812571e-01
      vertex   2.355943e-02  1.753257e-01  3.549773e-01
      vertex   4.881069e-02  1.753793e-01  3.740334e-01
    endloop
  endfacet
  facet normal  1.678007e-02 -9.890261e-01 -1.467846e-01
    outer loop
      vertex   4.716841e-02  1.749983e-01  3.188493e-01
      vertex   3.597642e-02  1.749116e-01  3.181542e-01
      vertex   5.412853e-02  1.753793e-01  3.170781e-01
    endloop
  endfacet
  facet normal  1.875455e-02 -9.931567e-01 -1.152741e-01
    outer loop
      vertex   5.412853e-02  1.753793e-01  3.170781e-01
      vertex   3.597642e-02  1.749116e-01  3.181542e-01
      vertex   3.169135e-02  1.753835e-01  3.133915e-01
    endloop
  endfacet
  facet normal -3.526509e-02 -9.971251e-01 -6.706537e-02
    outer loop
      vertex   3.597642e-02  1.749116e-01  3.181542e-01
      vertex   2.527120e-02  1.750997e-01  3.209861e-01
      vertex   3.169135e-02  1.753835e-01  3.133915e-01
    endloop
  endfacet
  facet normal -3.950546e-02 -9.967197e-01 -7.063483e-02
    outer loop
      vertex   3.169135e-02  1.753835e-01  3.133915e-01
      vertex   2.527120e-02  1.750997e-01  3.209861e-01
      vertex   7.734635e-03  1.753793e-01  3.268496e-01
    endloop
  endfacet
  facet normal -3.243859e-08 -1.000000e+00 -1.636505e-08
    outer loop
      vertex   3.170865e-02  1.753793e-01  4.550458e-01
      vertex   3.466085e-02  1.753793e-01  4.390534e-01
      vertex   3.698019e-02  1.753793e-01  4.466265e-01
    endloop
  endfacet
  facet normal -2.896846e-02 -9.995409e-01  8.871876e-03
    outer loop
      vertex   3.466085e-02  1.753793e-01  4.390534e-01
      vertex   4.149389e-02  1.752175e-01  4.431337e-01
      vertex   3.698019e-02  1.753793e-01  4.466265e-01
    endloop
  endfacet
  facet normal  1.002089e-03 -9.999709e-01  7.561461e-03
    outer loop
      vertex   1.804525e-02  1.752223e-01  3.420299e-01
      vertex   2.355943e-02  1.753257e-01  3.549773e-01
      vertex  -4.927176e-03  1.753793e-01  3.658336e-01
    endloop
  endfacet
  facet normal -1.580612e-02 -9.998750e-01  3.962556e-04
    outer loop
      vertex   7.734635e-03  1.753793e-01  3.268496e-01
      vertex   2.527120e-02  1.750997e-01  3.209861e-01
      vertex   1.804525e-02  1.752223e-01  3.420299e-01
    endloop
  endfacet
  facet normal -7.825629e-03 -9.999567e-01 -5.025004e-03
    outer loop
      vertex   7.734635e-03  1.753793e-01  3.268496e-01
      vertex   1.804525e-02  1.752223e-01  3.420299e-01
      vertex  -1.254373e-02  1.753793e-01  3.584298e-01
    endloop
  endfacet
  facet normal -3.307481e-03 -9.999887e-01  3.402514e-03
    outer loop
      vertex  -1.254373e-02  1.753793e-01  3.584298e-01
      vertex   1.804525e-02  1.752223e-01  3.420299e-01
      vertex  -4.927176e-03  1.753793e-01  3.658336e-01
    endloop
  endfacet
  facet normal -1.231352e-15 -1.000000e+00 -1.669567e-15
    outer loop
      vertex  -1.593942e-02  1.753793e-01  3.276854e-01
      vertex   7.734635e-03  1.753793e-01  3.268496e-01
      vertex  -1.254373e-02  1.753793e-01  3.584298e-01
    endloop
  endfacet
  facet normal  1.734344e-06 -4.623741e-04 -9.999999e-01
    outer loop
      vertex   2.220974e-01  1.436543e-01  4.054908e-01
      vertex   7.523461e-02  1.436543e-01  4.054905e-01
      vertex   9.309732e-02  1.753793e-01  4.054759e-01
    endloop
  endfacet
  facet normal -8.194631e-04  0.000000e+00 -9.999996e-01
    outer loop
      vertex   7.523461e-02  1.436543e-01  4.054905e-01
      vertex   7.523461e-02  1.753793e-01  4.054905e-01
      vertex   9.309732e-02  1.753793e-01  4.054759e-01
    endloop
  endfacet
  facet normal -2.118842e-04 -2.782932e-04 -9.999999e-01
    outer loop
      vertex   1.613709e-01  1.782076e-01  4.054905e-01
      vertex   1.671148e-01  1.738343e-01  4.054905e-01
      vertex   1.096759e-01  1.735114e-01  4.055028e-01
    endloop
  endfacet
  facet normal -9.037917e-01 -3.805651e-01 -1.957826e-01
    outer loop
      vertex   1.088921e-01  1.849043e-01  4.054905e-01
      vertex   1.111617e-01  1.795143e-01  4.054905e-01
      vertex   1.099341e-01  1.779253e-01  4.142464e-01
    endloop
  endfacet
  facet normal  3.917807e-15 -7.105883e-15 -1.000000e+00
    outer loop
      vertex   2.191667e-01  1.754697e-01  4.054905e-01
      vertex   2.143364e-01  1.806185e-01  4.054905e-01
      vertex   2.221096e-01  1.849043e-01  4.054905e-01
    endloop
  endfacet
  facet normal  4.405026e-07 -7.965299e-06 -1.000000e+00
    outer loop
      vertex   2.127468e-01  1.751147e-01  4.054905e-01
      vertex   2.191667e-01  1.754697e-01  4.054905e-01
      vertex   2.220974e-01  1.436543e-01  4.054908e-01
    endloop
  endfacet
  facet normal  1.981451e-05 -6.180671e-06 -1.000000e+00
    outer loop
      vertex   2.220974e-01  1.436543e-01  4.054908e-01
      vertex   2.191667e-01  1.754697e-01  4.054905e-01
      vertex   2.221096e-01  1.849043e-01  4.054905e-01
    endloop
  endfacet
  facet normal -1.207018e-14 -1.538136e-14 -1.000000e+00
    outer loop
      vertex   1.111617e-01  1.795143e-01  4.054905e-01
      vertex   1.088921e-01  1.849043e-01  4.054905e-01
      vertex   1.177446e-01  1.779574e-01  4.054905e-01
    endloop
  endfacet
  facet normal -1.084897e-15 -1.382513e-15 -1.000000e+00
    outer loop
      vertex   1.088921e-01  1.849043e-01  4.054905e-01
      vertex   1.658233e-01  1.803811e-01  4.054905e-01
      vertex   1.177446e-01  1.779574e-01  4.054905e-01
    endloop
  endfacet
  facet normal -0.000000e+00  0.000000e+00 -1.000000e+00
    outer loop
      vertex   2.221096e-01  1.849043e-01  4.054905e-01
      vertex   2.143364e-01  1.806185e-01  4.054905e-01
      vertex   1.088921e-01  1.849043e-01  4.054905e-01
    endloop
  endfacet
  facet normal  1.021299e-15  2.512741e-14 -1.000000e+00
    outer loop
      vertex   1.088921e-01  1.849043e-01  4.054905e-01
      vertex   2.143364e-01  1.806185e-01  4.054905e-01
      vertex   1.658233e-01  1.803811e-01  4.054905e-01
    endloop
  endfacet
  facet normal -2.913902e-04  5.969066e-04 -9.999998e-01
    outer loop
      vertex   1.658233e-01  1.803811e-01  4.054905e-01
      vertex   1.613709e-01  1.782076e-01  4.054905e-01
      vertex   1.096759e-01  1.735114e-01  4.055028e-01
    endloop
  endfacet
  facet normal  1.530112e-04 -3.035275e-03 -9.999954e-01
    outer loop
      vertex   1.096759e-01  1.735114e-01  4.055028e-01
      vertex   1.177446e-01  1.779574e-01  4.054905e-01
      vertex   1.658233e-01  1.803811e-01  4.054905e-01
    endloop
  endfacet
  facet normal -0.000000e+00  0.000000e+00 -1.000000e+00
    outer loop
      vertex   2.127468e-01  1.751147e-01  4.054905e-01
      vertex   1.671148e-01  1.738343e-01  4.054905e-01
      vertex   2.143364e-01  1.806185e-01  4.054905e-01
    endloop
  endfacet
  facet normal  2.896330e-03  1.130766e-02 -9.999319e-01
    outer loop
      vertex   2.220974e-01  1.436543e-01  4.054908e-01
      vertex   9.309732e-02  1.753793e-01  4.054759e-01
      vertex   1.096759e-01  1.735114e-01  4.055028e-01
    endloop
  endfacet
  facet normal  2.411867e-02  1.999683e-01 -9.795055e-01
    outer loop
      vertex   9.309732e-02  1.753793e-01  4.054759e-01
      vertex   1.035037e-01  1.803492e-01  4.067468e-01
      vertex   1.096759e-01  1.735114e-01  4.055028e-01
    endloop
  endfacet
  facet normal  2.252910e-07 -8.029264e-06 -1.000000e+00
    outer loop
      vertex   2.127468e-01  1.751147e-01  4.054905e-01
      vertex   2.220974e-01  1.436543e-01  4.054908e-01
      vertex   1.671148e-01  1.738343e-01  4.054905e-01
    endloop
  endfacet
  facet normal -2.112378e-04 -3.932769e-04 -9.999999e-01
    outer loop
      vertex   2.220974e-01  1.436543e-01  4.054908e-01
      vertex   1.096759e-01  1.735114e-01  4.055028e-01
      vertex   1.671148e-01  1.738343e-01  4.054905e-01
    endloop
  endfacet
  facet normal  1.184598e-15 -8.245410e-15 -1.000000e+00
    outer loop
      vertex   1.671148e-01  1.738343e-01  4.054905e-01
      vertex   1.658233e-01  1.803811e-01  4.054905e-01
      vertex   2.143364e-01  1.806185e-01  4.054905e-01
    endloop
  endfacet
  facet normal  1.000000e+00 -6.763001e-06  0.000000e+00
    outer loop
      vertex   2.221096e-01  1.849043e-01  4.181905e-01
      vertex   2.221093e-01  1.436543e-01  4.181903e-01
      vertex   2.221096e-01  1.849043e-01  4.054905e-01
    endloop
  endfacet
  facet normal  9.999564e-01 -2.753795e-03 -8.922636e-03
    outer loop
      vertex   2.221093e-01  1.436543e-01  4.181903e-01
      vertex   2.221014e-01  1.436543e-01  4.173033e-01
      vertex   2.221096e-01  1.849043e-01  4.054905e-01
    endloop
  endfacet
  facet normal  9.999999e-01 -2.962922e-04 -3.410606e-04
    outer loop
      vertex   2.221096e-01  1.849043e-01  4.054905e-01
      vertex   2.221014e-01  1.436543e-01  4.173033e-01
      vertex   2.220974e-01  1.436543e-01  4.054908e-01
    endloop
  endfacet
  facet normal  9.997364e-01 -2.295843e-02 -3.409712e-04
    outer loop
      vertex   2.221014e-01  1.436543e-01  4.173033e-01
      vertex   2.219923e-01  1.388918e-01  4.180883e-01
      vertex   2.220974e-01  1.436543e-01  4.054908e-01
    endloop
  endfacet
  facet normal  9.994845e-01 -3.188824e-02 -3.718998e-03
    outer loop
      vertex   2.220974e-01  1.436543e-01  4.054908e-01
      vertex   2.219923e-01  1.388918e-01  4.180883e-01
      vertex   2.219453e-01  1.388918e-01  4.054468e-01
    endloop
  endfacet
  facet normal  7.130879e-03 -7.369235e-03  9.999474e-01
    outer loop
      vertex   7.523461e-02  1.436543e-01  4.181905e-01
      vertex   9.856271e-02  1.393483e-01  4.179924e-01
      vertex   1.086134e-01  1.753793e-01  4.181863e-01
    endloop
  endfacet
  facet normal -9.879742e-03  0.000000e+00  9.999512e-01
    outer loop
      vertex   7.523461e-02  1.753793e-01  4.181905e-01
      vertex   7.523461e-02  1.436543e-01  4.181905e-01
      vertex   9.138977e-02  1.753793e-01  4.183502e-01
    endloop
  endfacet
  facet normal  9.512084e-03 -9.874574e-03  9.999060e-01
    outer loop
      vertex   7.523461e-02  1.436543e-01  4.181905e-01
      vertex   1.086134e-01  1.753793e-01  4.181863e-01
      vertex   9.138977e-02  1.753793e-01  4.183502e-01
    endloop
  endfacet
  facet normal  9.343470e-03 -1.877030e-01  9.821814e-01
    outer loop
      vertex   9.138977e-02  1.753793e-01  4.183502e-01
      vertex   1.086134e-01  1.753793e-01  4.181863e-01
      vertex   9.042966e-02  1.801418e-01  4.192694e-01
    endloop
  endfacet
  facet normal  2.338017e-06 -7.571906e-06  1.000000e+00
    outer loop
      vertex   2.196018e-01  1.773027e-01  4.181905e-01
      vertex   2.123821e-01  1.750734e-01  4.181905e-01
      vertex   2.221093e-01  1.436543e-01  4.181903e-01
    endloop
  endfacet
  facet normal -1.820781e-02 -3.005158e-04  9.998342e-01
    outer loop
      vertex   9.856271e-02  1.393483e-01  4.179924e-01
      vertex   1.092994e-01  1.388918e-01  4.181878e-01
      vertex   1.086134e-01  1.753793e-01  4.181863e-01
    endloop
  endfacet
  facet normal -5.865433e-05  4.069923e-05  1.000000e+00
    outer loop
      vertex   1.086134e-01  1.753793e-01  4.181863e-01
      vertex   1.092994e-01  1.388918e-01  4.181878e-01
      vertex   1.554346e-01  1.388918e-01  4.181905e-01
    endloop
  endfacet
  facet normal  1.915286e-05 -6.318808e-06  1.000000e+00
    outer loop
      vertex   2.221096e-01  1.849043e-01  4.181905e-01
      vertex   2.196018e-01  1.773027e-01  4.181905e-01
      vertex   2.221093e-01  1.436543e-01  4.181903e-01
    endloop
  endfacet
  facet normal -7.310662e-04 -8.221487e-04  9.999994e-01
    outer loop
      vertex   1.554346e-01  1.388918e-01  4.181905e-01
      vertex   1.160642e-01  1.739005e-01  4.181905e-01
      vertex   1.086134e-01  1.753793e-01  4.181863e-01
    endloop
  endfacet
  facet normal  1.592442e-01  8.039938e-01  5.729182e-01
    outer loop
      vertex   1.160642e-01  1.739005e-01  4.181905e-01
      vertex   1.099341e-01  1.779253e-01  4.142464e-01
      vertex   1.086134e-01  1.753793e-01  4.181863e-01
    endloop
  endfacet
  facet normal  9.530937e-01 -2.802355e-02  3.013752e-01
    outer loop
      vertex   1.086134e-01  1.753793e-01  4.181863e-01
      vertex   1.099341e-01  1.779253e-01  4.142464e-01
      vertex   1.088921e-01  1.849043e-01  4.181905e-01
    endloop
  endfacet
  facet normal  3.510910e-03 -2.149267e-02  9.997628e-01
    outer loop
      vertex   2.057890e-01  1.388918e-01  4.181452e-01
      vertex   2.219923e-01  1.388918e-01  4.180883e-01
      vertex   2.221093e-01  1.436543e-01  4.181903e-01
    endloop
  endfacet
  facet normal -8.779652e-15  2.896535e-15  1.000000e+00
    outer loop
      vertex   2.142196e-01  1.801535e-01  4.181905e-01
      vertex   2.196018e-01  1.773027e-01  4.181905e-01
      vertex   2.221096e-01  1.849043e-01  4.181905e-01
    endloop
  endfacet
  facet normal -5.869055e-07 -8.477453e-06  1.000000e+00
    outer loop
      vertex   2.123821e-01  1.750734e-01  4.181905e-01
      vertex   1.680627e-01  1.781417e-01  4.181905e-01
      vertex   2.221093e-01  1.436543e-01  4.181903e-01
    endloop
  endfacet
  facet normal  3.142614e-06 -2.632776e-06  1.000000e+00
    outer loop
      vertex   2.221093e-01  1.436543e-01  4.181903e-01
      vertex   1.680627e-01  1.781417e-01  4.181905e-01
      vertex   1.639451e-01  1.732267e-01  4.181905e-01
    endloop
  endfacet
  facet normal  2.453456e-15  9.575010e-15  1.000000e+00
    outer loop
      vertex   1.160642e-01  1.739005e-01  4.181905e-01
      vertex   1.639451e-01  1.732267e-01  4.181905e-01
      vertex   1.163200e-01  1.796325e-01  4.181905e-01
    endloop
  endfacet
  facet normal  1.180955e-15  1.142503e-16  1.000000e+00
    outer loop
      vertex   1.639451e-01  1.732267e-01  4.181905e-01
      vertex   1.632418e-01  1.804965e-01  4.181905e-01
      vertex   1.163200e-01  1.796325e-01  4.181905e-01
    endloop
  endfacet
  facet normal  0.000000e+00 -1.259390e-14  1.000000e+00
    outer loop
      vertex   2.221096e-01  1.849043e-01  4.181905e-01
      vertex   1.088921e-01  1.849043e-01  4.181905e-01
      vertex   1.632418e-01  1.804965e-01  4.181905e-01
    endloop
  endfacet
  facet normal  1.153139e-15  1.624759e-15  1.000000e+00
    outer loop
      vertex   1.632418e-01  1.804965e-01  4.181905e-01
      vertex   1.088921e-01  1.849043e-01  4.181905e-01
      vertex   1.163200e-01  1.796325e-01  4.181905e-01
    endloop
  endfacet
  facet normal -3.545877e-01 -4.996099e-01  7.903528e-01
    outer loop
      vertex   1.088921e-01  1.849043e-01  4.181905e-01
      vertex   1.099341e-01  1.779253e-01  4.142464e-01
      vertex   1.163200e-01  1.796325e-01  4.181905e-01
    endloop
  endfacet
  facet normal -3.878650e-15  3.920715e-14  1.000000e+00
    outer loop
      vertex   1.632418e-01  1.804965e-01  4.181905e-01
      vertex   1.680627e-01  1.781417e-01  4.181905e-01
      vertex   2.221096e-01  1.849043e-01  4.181905e-01
    endloop
  endfacet
  facet normal  3.142060e-15 -1.690303e-14  1.000000e+00
    outer loop
      vertex   2.221096e-01  1.849043e-01  4.181905e-01
      vertex   1.680627e-01  1.781417e-01  4.181905e-01
      vertex   2.142196e-01  1.801535e-01  4.181905e-01
    endloop
  endfacet
  facet normal -1.275556e-07 -9.064674e-06  1.000000e+00
    outer loop
      vertex   1.639451e-01  1.732267e-01  4.181905e-01
      vertex   1.160642e-01  1.739005e-01  4.181905e-01
      vertex   2.221093e-01  1.436543e-01  4.181903e-01
    endloop
  endfacet
  facet normal -1.363768e-03 -4.790072e-03  9.999876e-01
    outer loop
      vertex   2.221093e-01  1.436543e-01  4.181903e-01
      vertex   1.160642e-01  1.739005e-01  4.181905e-01
      vertex   2.057890e-01  1.388918e-01  4.181452e-01
    endloop
  endfacet
  facet normal  9.002390e-04  1.012399e-03  9.999991e-01
    outer loop
      vertex   1.160642e-01  1.739005e-01  4.181905e-01
      vertex   1.554346e-01  1.388918e-01  4.181905e-01
      vertex   2.057890e-01  1.388918e-01  4.181452e-01
    endloop
  endfacet
  facet normal  1.959952e-15  1.021829e-14  1.000000e+00
    outer loop
      vertex   2.123821e-01  1.750734e-01  4.181905e-01
      vertex   2.142196e-01  1.801535e-01  4.181905e-01
      vertex   1.680627e-01  1.781417e-01  4.181905e-01
    endloop
  endfacet
  facet normal -1.008235e-01 -3.785729e-01  9.200637e-01
    outer loop
      vertex   1.847115e-01  1.388918e-01  4.138583e-01
      vertex   1.770735e-01  1.388918e-01  4.130213e-01
      vertex   1.808346e-01  1.350204e-01  4.118406e-01
    endloop
  endfacet
  facet normal -7.067754e-01 -5.515296e-01 -4.430390e-01
    outer loop
      vertex   1.770735e-01  1.388918e-01  4.130213e-01
      vertex   1.801776e-01  1.388918e-01  4.080693e-01
      vertex   1.808346e-01  1.350204e-01  4.118406e-01
    endloop
  endfacet
  facet normal  7.133166e-01 -4.231659e-01 -5.586681e-01
    outer loop
      vertex   1.801776e-01  1.388918e-01  4.080693e-01
      vertex   1.847115e-01  1.388918e-01  4.138583e-01
      vertex   1.808346e-01  1.350204e-01  4.118406e-01
    endloop
  endfacet
  facet normal -9.191756e-01  3.803735e-01 -1.021386e-01
    outer loop
      vertex   8.105702e-02  1.801656e-01  3.792199e-01
      vertex   8.365142e-02  1.847739e-01  3.730339e-01
      vertex   8.242267e-02  1.801448e-01  3.668526e-01
    endloop
  endfacet
  facet normal  6.272870e-01  5.583927e-01 -5.428706e-01
    outer loop
      vertex   8.242267e-02  1.801448e-01  3.668526e-01
      vertex   8.365142e-02  1.847739e-01  3.730339e-01
      vertex   8.887907e-02  1.801431e-01  3.743112e-01
    endloop
  endfacet
  facet normal  4.092622e-01  6.410931e-01  6.492335e-01
    outer loop
      vertex   8.887907e-02  1.801431e-01  3.743112e-01
      vertex   8.365142e-02  1.847739e-01  3.730339e-01
      vertex   8.105702e-02  1.801656e-01  3.792199e-01
    endloop
  endfacet
  facet normal -8.103217e-02 -9.509568e-01 -2.985213e-01
    outer loop
      vertex   3.240096e-02  1.313949e-01  4.500676e-01
      vertex   4.246898e-02  1.308985e-01  4.489159e-01
      vertex   3.834999e-02  1.280783e-01  4.590181e-01
    endloop
  endfacet
  facet normal -4.687352e-01 -8.772668e-01  1.033936e-01
    outer loop
      vertex   2.425999e-02  1.611681e-01  3.380696e-01
      vertex   2.178104e-02  1.614910e-01  3.295709e-01
      vertex   2.955356e-02  1.582152e-01  3.370134e-01
    endloop
  endfacet
  facet normal -2.804421e-01 -9.515709e-01 -1.259565e-01
    outer loop
      vertex   2.955356e-02  1.582152e-01  3.370134e-01
      vertex   2.178104e-02  1.614910e-01  3.295709e-01
      vertex   3.364896e-02  1.581811e-01  3.281530e-01
    endloop
  endfacet
  facet normal -2.589156e-01 -6.061992e-01 -7.519875e-01
    outer loop
      vertex   2.893758e-02  1.615739e-01  3.270401e-01
      vertex   3.364896e-02  1.581811e-01  3.281530e-01
      vertex   2.178104e-02  1.614910e-01  3.295709e-01
    endloop
  endfacet
  facet normal -1.691974e-01 -5.467231e-01 -8.200403e-01
    outer loop
      vertex   3.364896e-02  1.581811e-01  3.281530e-01
      vertex   3.706705e-02  1.613169e-01  3.253571e-01
      vertex   4.385892e-02  1.583887e-01  3.259079e-01
    endloop
  endfacet
  facet normal  7.776135e-01 -2.459821e-02 -6.282612e-01
    outer loop
      vertex   4.642266e-02  1.624296e-01  3.289229e-01
      vertex   4.837848e-02  1.611673e-01  3.313931e-01
      vertex   4.385892e-02  1.583887e-01  3.259079e-01
    endloop
  endfacet
  facet normal  7.360983e-01 -6.073163e-01 -2.988748e-01
    outer loop
      vertex   4.837848e-02  1.611673e-01  3.313931e-01
      vertex   5.122666e-02  1.611750e-01  3.383921e-01
      vertex   4.385892e-02  1.583887e-01  3.259079e-01
    endloop
  endfacet
  facet normal  8.557434e-01 -2.609101e-01 -4.467988e-01
    outer loop
      vertex   4.385892e-02  1.583887e-01  3.259079e-01
      vertex   5.122666e-02  1.611750e-01  3.383921e-01
      vertex   5.128533e-02  1.579980e-01  3.403597e-01
    endloop
  endfacet
  facet normal  9.898827e-01 -6.104590e-02 -1.280845e-01
    outer loop
      vertex   5.122666e-02  1.611750e-01  3.383921e-01
      vertex   5.189798e-02  1.615073e-01  3.434220e-01
      vertex   5.128533e-02  1.579980e-01  3.403597e-01
    endloop
  endfacet
  facet normal  5.325678e-01 -6.073555e-01  5.894835e-01
    outer loop
      vertex   5.189798e-02  1.615073e-01  3.434220e-01
      vertex   4.821419e-02  1.611711e-01  3.464036e-01
      vertex   5.128533e-02  1.579980e-01  3.403597e-01
    endloop
  endfacet
  facet normal  6.440395e-01 -4.921649e-01  5.856508e-01
    outer loop
      vertex   5.128533e-02  1.579980e-01  3.403597e-01
      vertex   4.821419e-02  1.611711e-01  3.464036e-01
      vertex   4.184072e-02  1.585177e-01  3.511827e-01
    endloop
  endfacet
  facet normal -3.659066e-01 -7.530975e-01  5.467691e-01
    outer loop
      vertex   4.184072e-02  1.585177e-01  3.511827e-01
      vertex   3.548963e-02  1.620473e-01  3.517940e-01
      vertex   3.133783e-02  1.581684e-01  3.436729e-01
    endloop
  endfacet
  facet normal -1.933368e-01 -8.432234e-01  5.015926e-01
    outer loop
      vertex   3.548963e-02  1.620473e-01  3.517940e-01
      vertex   2.373292e-02  1.616646e-01  3.466190e-01
      vertex   3.133783e-02  1.581684e-01  3.436729e-01
    endloop
  endfacet
  facet normal -6.811568e-01 -7.102943e-01  1.775035e-01
    outer loop
      vertex   3.133783e-02  1.581684e-01  3.436729e-01
      vertex   2.786403e-02  1.616173e-01  3.441435e-01
      vertex   2.955356e-02  1.582152e-01  3.370134e-01
    endloop
  endfacet
  facet normal  1.462486e-02 -9.995565e-01 -2.594047e-02
    outer loop
      vertex   3.364896e-02  1.581811e-01  3.281530e-01
      vertex   4.385892e-02  1.583887e-01  3.259079e-01
      vertex   4.500645e-02  1.579977e-01  3.416230e-01
    endloop
  endfacet
  facet normal -4.885007e-03 -9.996874e-01 -2.451909e-02
    outer loop
      vertex   4.385892e-02  1.583887e-01  3.259079e-01
      vertex   5.128533e-02  1.579980e-01  3.403597e-01
      vertex   4.500645e-02  1.579977e-01  3.416230e-01
    endloop
  endfacet
  facet normal  1.175636e-02 -9.982360e-01  5.819523e-02
    outer loop
      vertex   5.128533e-02  1.579980e-01  3.403597e-01
      vertex   4.184072e-02  1.585177e-01  3.511827e-01
      vertex   4.500645e-02  1.579977e-01  3.416230e-01
    endloop
  endfacet
  facet normal -4.550055e-03 -9.985940e-01  5.281479e-02
    outer loop
      vertex   4.500645e-02  1.579977e-01  3.416230e-01
      vertex   4.184072e-02  1.585177e-01  3.511827e-01
      vertex   3.133783e-02  1.581684e-01  3.436729e-01
    endloop
  endfacet
  facet normal  5.040891e-01 -5.837629e-01  6.364865e-01
    outer loop
      vertex   5.097106e-02  1.621640e-01  3.250771e-01
      vertex   4.618368e-02  1.651732e-01  3.316286e-01
      vertex   4.642266e-02  1.624296e-01  3.289229e-01
    endloop
  endfacet
  facet normal -8.950386e-01 -3.502445e-01  2.761062e-01
    outer loop
      vertex   4.618368e-02  1.651732e-01  3.316286e-01
      vertex   4.595126e-02  1.651727e-01  3.308745e-01
      vertex   4.642266e-02  1.624296e-01  3.289229e-01
    endloop
  endfacet
  facet normal  8.013610e-01  4.320450e-01 -4.137121e-01
    outer loop
      vertex   4.642266e-02  1.624296e-01  3.289229e-01
      vertex   4.595126e-02  1.651727e-01  3.308745e-01
      vertex   4.837848e-02  1.611673e-01  3.313931e-01
    endloop
  endfacet
  facet normal -4.331240e-01 -1.473315e-01  8.892115e-01
    outer loop
      vertex   4.595126e-02  1.651727e-01  3.308745e-01
      vertex   4.352613e-02  1.651727e-01  3.296933e-01
      vertex   4.837848e-02  1.611673e-01  3.313931e-01
    endloop
  endfacet
  facet normal -1.669033e-01  2.069278e-01  9.640146e-01
    outer loop
      vertex   4.837848e-02  1.611673e-01  3.313931e-01
      vertex   4.352613e-02  1.651727e-01  3.296933e-01
      vertex   4.389782e-02  1.612312e-01  3.306036e-01
    endloop
  endfacet
  facet normal -9.710593e-01 -1.367950e-01 -1.957827e-01
    outer loop
      vertex   4.352613e-02  1.651727e-01  3.296933e-01
      vertex   4.565479e-02  1.619108e-01  3.214145e-01
      vertex   4.389782e-02  1.612312e-01  3.306036e-01
    endloop
  endfacet
  facet normal -9.470424e-01  2.781150e-01 -1.605078e-01
    outer loop
      vertex   4.389782e-02  1.612312e-01  3.306036e-01
      vertex   4.565479e-02  1.619108e-01  3.214145e-01
      vertex   4.385892e-02  1.583887e-01  3.259079e-01
    endloop
  endfacet
  facet normal  3.675114e-01 -7.976048e-01 -4.782907e-01
    outer loop
      vertex   4.385892e-02  1.583887e-01  3.259079e-01
      vertex   4.565479e-02  1.619108e-01  3.214145e-01
      vertex   5.097106e-02  1.621640e-01  3.250771e-01
    endloop
  endfacet
  facet normal  4.372749e-01 -6.993283e-01  5.654472e-01
    outer loop
      vertex   5.097106e-02  1.621640e-01  3.250771e-01
      vertex   4.642266e-02  1.624296e-01  3.289229e-01
      vertex   4.385892e-02  1.583887e-01  3.259079e-01
    endloop
  endfacet
  facet normal -1.157255e-01 -9.923058e-01 -4.400829e-02
    outer loop
      vertex   4.821419e-02  1.611711e-01  3.464036e-01
      vertex   4.877960e-02  1.613890e-01  3.400029e-01
      vertex   5.122666e-02  1.611750e-01  3.383921e-01
    endloop
  endfacet
  facet normal  4.026427e-02  9.966484e-01 -7.120954e-02
    outer loop
      vertex   4.877960e-02  1.613890e-01  3.400029e-01
      vertex   5.189798e-02  1.615073e-01  3.434220e-01
      vertex   5.122666e-02  1.611750e-01  3.383921e-01
    endloop
  endfacet
  facet normal -4.354640e-01 -3.636349e-01  8.234931e-01
    outer loop
      vertex   5.418663e-02  1.651761e-01  3.462523e-01
      vertex   4.774636e-02  1.651727e-01  3.428451e-01
      vertex   5.189798e-02  1.615073e-01  3.434220e-01
    endloop
  endfacet
  facet normal  4.587609e-01  6.198160e-01  6.366841e-01
    outer loop
      vertex   5.189798e-02  1.615073e-01  3.434220e-01
      vertex   4.774636e-02  1.651727e-01  3.428451e-01
      vertex   4.821419e-02  1.611711e-01  3.464036e-01
    endloop
  endfacet
  facet normal -9.760433e-01 -1.967379e-01 -9.291690e-02
    outer loop
      vertex   4.821419e-02  1.611711e-01  3.464036e-01
      vertex   4.774636e-02  1.651727e-01  3.428451e-01
      vertex   4.877960e-02  1.613890e-01  3.400029e-01
    endloop
  endfacet
  facet normal -1.148349e-01 -6.164909e-01  7.789428e-01
    outer loop
      vertex   4.774636e-02  1.651727e-01  3.428451e-01
      vertex   4.735710e-02  1.627234e-01  3.408493e-01
      vertex   4.877960e-02  1.613890e-01  3.400029e-01
    endloop
  endfacet
  facet normal -5.671474e-01 -8.494648e-02 -8.192240e-01
    outer loop
      vertex   4.735710e-02  1.627234e-01  3.408493e-01
      vertex   5.055844e-02  1.651717e-01  3.383791e-01
      vertex   4.877960e-02  1.613890e-01  3.400029e-01
    endloop
  endfacet
  facet normal  6.324398e-01 -5.370259e-01 -5.582321e-01
    outer loop
      vertex   4.877960e-02  1.613890e-01  3.400029e-01
      vertex   5.055844e-02  1.651717e-01  3.383791e-01
      vertex   5.189798e-02  1.615073e-01  3.434220e-01
    endloop
  endfacet
  facet normal  8.824110e-01 -2.368548e-01 -4.065103e-01
    outer loop
      vertex   5.055844e-02  1.651717e-01  3.383791e-01
      vertex   5.418663e-02  1.651761e-01  3.462523e-01
      vertex   5.189798e-02  1.615073e-01  3.434220e-01
    endloop
  endfacet
  facet normal  9.145659e-01  5.495063e-02  4.006865e-01
    outer loop
      vertex   2.095506e-01  1.386496e-01  4.095927e-01
      vertex   2.057890e-01  1.388918e-01  4.181452e-01
      vertex   2.071134e-01  1.348186e-01  4.156808e-01
    endloop
  endfacet
  facet normal -8.332269e-01 -4.581915e-01  3.095051e-01
    outer loop
      vertex   2.057890e-01  1.388918e-01  4.181452e-01
      vertex   2.033291e-01  1.382257e-01  4.105367e-01
      vertex   2.071134e-01  1.348186e-01  4.156808e-01
    endloop
  endfacet
  facet normal -2.449454e-02 -8.416705e-01 -5.394357e-01
    outer loop
      vertex   2.095506e-01  1.386496e-01  4.095927e-01
      vertex   2.071134e-01  1.348186e-01  4.156808e-01
      vertex   2.033291e-01  1.382257e-01  4.105367e-01
    endloop
  endfacet
  facet normal  3.622237e-01 -5.443873e-01  7.565953e-01
    outer loop
      vertex   5.798677e-02  1.824901e-01  4.449109e-01
      vertex   6.173551e-02  1.800765e-01  4.413794e-01
      vertex   5.976377e-02  1.841026e-01  4.452203e-01
    endloop
  endfacet
  facet normal -9.419084e-01 -2.155981e-01 -2.575385e-01
    outer loop
      vertex   6.173551e-02  1.800765e-01  4.413794e-01
      vertex   6.290086e-02  1.753534e-01  4.410712e-01
      vertex   5.976377e-02  1.841026e-01  4.452203e-01
    endloop
  endfacet
  facet normal  8.997059e-01  1.241483e-01  4.184693e-01
    outer loop
      vertex   5.976377e-02  1.841026e-01  4.452203e-01
      vertex   6.290086e-02  1.753534e-01  4.410712e-01
      vertex   6.134797e-02  1.824898e-01  4.422927e-01
    endloop
  endfacet
  facet normal -1.162105e-01  1.429556e-01 -9.828829e-01
    outer loop
      vertex   6.290086e-02  1.753534e-01  4.410712e-01
      vertex   5.706498e-02  1.801431e-01  4.424579e-01
      vertex   6.134797e-02  1.824898e-01  4.422927e-01
    endloop
  endfacet
  facet normal  4.813375e-01 -8.754382e-01  4.384331e-02
    outer loop
      vertex   5.706498e-02  1.801431e-01  4.424579e-01
      vertex   5.735534e-02  1.802455e-01  4.413143e-01
      vertex   6.134797e-02  1.824898e-01  4.422927e-01
    endloop
  endfacet
  facet normal  1.150087e-01  9.932157e-01 -1.719384e-02
    outer loop
      vertex   4.115696e-02  1.801417e-01  3.805553e-01
      vertex   4.071449e-02  1.801418e-01  3.775971e-01
      vertex   3.875150e-02  1.804319e-01  3.812281e-01
    endloop
  endfacet
  facet normal  7.126314e-01 -5.546357e-01  4.295762e-01
    outer loop
      vertex   3.875150e-02  1.804319e-01  3.812281e-01
      vertex   4.071449e-02  1.801418e-01  3.775971e-01
      vertex   4.147721e-02  1.825330e-01  3.794191e-01
    endloop
  endfacet
  facet normal  3.595207e-01  4.902923e-01 -7.939511e-01
    outer loop
      vertex   4.147721e-02  1.825330e-01  3.794191e-01
      vertex   4.071449e-02  1.801418e-01  3.775971e-01
      vertex   3.772277e-02  1.812597e-01  3.769327e-01
    endloop
  endfacet
  facet normal -3.877804e-01 -8.853782e-01  2.563820e-01
    outer loop
      vertex   3.772277e-02  1.812597e-01  3.769327e-01
      vertex   4.071449e-02  1.801418e-01  3.775971e-01
      vertex   3.693367e-02  1.823605e-01  3.795405e-01
    endloop
  endfacet
  facet normal  3.772378e-01  8.841817e-01 -2.755257e-01
    outer loop
      vertex   4.071449e-02  1.801418e-01  3.775971e-01
      vertex   3.948349e-02  1.804000e-01  3.767402e-01
      vertex   3.693367e-02  1.823605e-01  3.795405e-01
    endloop
  endfacet
  facet normal -6.761209e-01 -7.292591e-01 -1.050795e-01
    outer loop
      vertex   3.948349e-02  1.804000e-01  3.767402e-01
      vertex   3.875150e-02  1.804319e-01  3.812281e-01
      vertex   3.693367e-02  1.823605e-01  3.795405e-01
    endloop
  endfacet
  facet normal  4.812484e-01 -2.309978e-01 -8.456004e-01
    outer loop
      vertex   9.042966e-02  1.801418e-01  4.192694e-01
      vertex   7.506645e-02  1.801418e-01  4.105259e-01
      vertex   7.923461e-02  1.840131e-01  4.118406e-01
    endloop
  endfacet
  facet normal -5.792918e-01  3.785727e-01  7.218752e-01
    outer loop
      vertex   7.506645e-02  1.801418e-01  4.105259e-01
      vertex   8.105920e-02  1.801418e-01  4.153350e-01
      vertex   7.923461e-02  1.840131e-01  4.118406e-01
    endloop
  endfacet
  facet normal -3.246218e-01  5.448694e-01  7.731352e-01
    outer loop
      vertex   8.105920e-02  1.801418e-01  4.153350e-01
      vertex   9.042966e-02  1.801418e-01  4.192694e-01
      vertex   7.923461e-02  1.840131e-01  4.118406e-01
    endloop
  endfacet
  facet normal  7.034350e-01  5.766792e-02  7.084163e-01
    outer loop
      vertex   4.706413e-02  1.895796e-01  3.417811e-01
      vertex   4.135654e-02  1.895599e-01  3.474502e-01
      vertex   4.015073e-02  1.800672e-01  3.494202e-01
    endloop
  endfacet
  facet normal  8.092608e-01 -1.276622e-01  5.734102e-01
    outer loop
      vertex   4.781610e-02  1.801416e-01  3.386186e-01
      vertex   4.706413e-02  1.895796e-01  3.417811e-01
      vertex   4.015073e-02  1.800672e-01  3.494202e-01
    endloop
  endfacet
  facet normal  9.791261e-01  1.302861e-01 -1.560052e-01
    outer loop
      vertex   4.558945e-02  1.896789e-01  3.326086e-01
      vertex   4.706413e-02  1.895796e-01  3.417811e-01
      vertex   4.781610e-02  1.801416e-01  3.386186e-01
    endloop
  endfacet
  facet normal  9.176540e-01 -3.518780e-02 -3.958193e-01
    outer loop
      vertex   4.558945e-02  1.896789e-01  3.326086e-01
      vertex   4.781610e-02  1.801416e-01  3.386186e-01
      vertex   4.365255e-02  1.800776e-01  3.289717e-01
    endloop
  endfacet
  facet normal  1.891326e-01  3.142437e-01 -9.303116e-01
    outer loop
      vertex   4.365255e-02  1.800776e-01  3.289717e-01
      vertex   3.714240e-02  1.892594e-01  3.307496e-01
      vertex   4.558945e-02  1.896789e-01  3.326086e-01
    endloop
  endfacet
  facet normal -4.117182e-01 -1.396485e-01 -9.005478e-01
    outer loop
      vertex   2.758659e-02  1.800770e-01  3.365423e-01
      vertex   3.231101e-02  1.898312e-01  3.328698e-01
      vertex   3.714240e-02  1.892594e-01  3.307496e-01
    endloop
  endfacet
  facet normal -4.228625e-01 -1.260550e-01 -8.973836e-01
    outer loop
      vertex   3.714240e-02  1.892594e-01  3.307496e-01
      vertex   4.365255e-02  1.800776e-01  3.289717e-01
      vertex   2.758659e-02  1.800770e-01  3.365423e-01
    endloop
  endfacet
  facet normal -6.901674e-01 -2.655976e-01  6.731470e-01
    outer loop
      vertex   4.015073e-02  1.800672e-01  3.494202e-01
      vertex   3.075055e-02  1.898035e-01  3.436240e-01
      vertex   2.758659e-02  1.800770e-01  3.365423e-01
    endloop
  endfacet
  facet normal -3.254125e-01  2.315970e-01  9.167713e-01
    outer loop
      vertex   4.015073e-02  1.800672e-01  3.494202e-01
      vertex   4.135654e-02  1.895599e-01  3.474502e-01
      vertex   3.075055e-02  1.898035e-01  3.436240e-01
    endloop
  endfacet
endsolid vcg
