solid STL generated by MeshLab
  facet normal -7.518844e-01 -6.590999e-01 -1.603889e-02
    outer loop
      vertex  -2.356914e-02 -3.331756e-02 -7.150454e-02
      vertex  -2.100000e-02 -3.621362e-02 -7.293263e-02
      vertex  -2.117487e-02 -3.618737e-02 -6.581370e-02
    endloop
  endfacet
  facet normal -8.172333e-01  2.972546e-01  4.937302e-01
    outer loop
      vertex  -2.117487e-02 -3.618737e-02 -6.581370e-02
      vertex  -2.100001e-02 -3.170716e-02 -6.822161e-02
      vertex  -2.356914e-02 -3.331756e-02 -7.150454e-02
    endloop
  endfacet
  facet normal  3.952892e-01  6.637692e-01 -6.349463e-01
    outer loop
      vertex  -2.100001e-02 -3.170716e-02 -6.822161e-02
      vertex  -2.100000e-02 -3.621362e-02 -7.293263e-02
      vertex  -2.356914e-02 -3.331756e-02 -7.150454e-02
    endloop
  endfacet
  facet normal  5.613953e-01  7.056244e-01 -4.323535e-01
    outer loop
      vertex   2.100000e-02 -3.550230e-02 -6.366623e-02
      vertex   2.100000e-02 -3.201047e-02 -5.796738e-02
      vertex   2.348230e-02 -3.627234e-02 -6.169982e-02
    endloop
  endfacet
  facet normal  2.157676e-01  7.114154e-01 -6.688291e-01
    outer loop
      vertex   2.348230e-02 -3.627234e-02 -6.169982e-02
      vertex   2.100000e-02 -3.201047e-02 -5.796738e-02
      vertex   2.408005e-02 -3.267760e-02 -5.768334e-02
    endloop
  endfacet
  facet normal -9.234001e-02 -2.393383e-03  9.957247e-01
    outer loop
      vertex   2.100000e-02 -3.201047e-02 -5.796738e-02
      vertex   2.100000e-02 -3.670579e-02 -5.797866e-02
      vertex   2.408005e-02 -3.267760e-02 -5.768334e-02
    endloop
  endfacet
  facet normal  7.108245e-01 -5.733802e-01  4.073863e-01
    outer loop
      vertex   2.408005e-02 -3.267760e-02 -5.768334e-02
      vertex   2.100000e-02 -3.670579e-02 -5.797866e-02
      vertex   2.348230e-02 -3.627234e-02 -6.169982e-02
    endloop
  endfacet
  facet normal -1.381630e-01 -9.689547e-01 -2.050312e-01
    outer loop
      vertex   2.100000e-02 -3.670579e-02 -5.797866e-02
      vertex   2.100000e-02 -3.550230e-02 -6.366623e-02
      vertex   2.348230e-02 -3.627234e-02 -6.169982e-02
    endloop
  endfacet
  facet normal -7.160100e-01  6.974816e-01  2.914076e-02
    outer loop
      vertex   2.100000e-02 -3.509344e-02 -7.345224e-02
      vertex   2.100000e-02 -3.550230e-02 -6.366623e-02
      vertex   2.405784e-02 -3.213129e-02 -6.921747e-02
    endloop
  endfacet
  facet normal  8.872657e-01 -3.839875e-01  2.555643e-01
    outer loop
      vertex   2.100000e-02 -3.550230e-02 -6.366623e-02
      vertex   2.187697e-02 -3.755778e-02 -6.979927e-02
      vertex   2.405784e-02 -3.213129e-02 -6.921747e-02
    endloop
  endfacet
  facet normal  8.605660e-01 -3.018729e-01 -4.102426e-01
    outer loop
      vertex   2.187697e-02 -3.755778e-02 -6.979927e-02
      vertex   2.100000e-02 -3.509344e-02 -7.345224e-02
      vertex   2.405784e-02 -3.213129e-02 -6.921747e-02
    endloop
  endfacet
  facet normal  3.449083e-01 -9.386296e-01 -3.559133e-03
    outer loop
      vertex  -2.117487e-02 -3.618737e-02 -6.581370e-02
      vertex  -2.100000e-02 -3.615624e-02 -5.707606e-02
      vertex  -2.373059e-02 -3.715008e-02 -5.959150e-02
    endloop
  endfacet
  facet normal -6.927965e-01  9.375073e-02  7.150131e-01
    outer loop
      vertex  -2.373059e-02 -3.715008e-02 -5.959150e-02
      vertex  -2.100000e-02 -3.615624e-02 -5.707606e-02
      vertex  -2.392465e-02 -3.178128e-02 -6.048347e-02
    endloop
  endfacet
  facet normal  3.264783e-02  6.276302e-01  7.778267e-01
    outer loop
      vertex  -2.100000e-02 -3.615624e-02 -5.707606e-02
      vertex  -2.100000e-02 -3.152727e-02 -6.081118e-02
      vertex  -2.392465e-02 -3.178128e-02 -6.048347e-02
    endloop
  endfacet
  facet normal -1.384970e-01  7.270640e-01 -6.724557e-01
    outer loop
      vertex  -2.100000e-02 -3.152727e-02 -6.081118e-02
      vertex  -2.117487e-02 -3.618737e-02 -6.581370e-02
      vertex  -2.392465e-02 -3.178128e-02 -6.048347e-02
    endloop
  endfacet
  facet normal -9.151305e-01 -9.804694e-02 -3.910537e-01
    outer loop
      vertex  -2.392465e-02 -3.178128e-02 -6.048347e-02
      vertex  -2.117487e-02 -3.618737e-02 -6.581370e-02
      vertex  -2.373059e-02 -3.715008e-02 -5.959150e-02
    endloop
  endfacet
  facet normal -1.616283e-01  9.806888e-01 -1.101172e-01
    outer loop
      vertex   2.100000e-02 -9.074948e-03 -7.247492e-02
      vertex   2.100000e-02 -8.534454e-03 -6.766136e-02
      vertex   2.371027e-02 -8.342450e-03 -6.992950e-02
    endloop
  endfacet
  facet normal  6.412745e-01  1.120533e-02  7.672297e-01
    outer loop
      vertex   2.371027e-02 -8.342450e-03 -6.992950e-02
      vertex   2.100000e-02 -8.534454e-03 -6.766136e-02
      vertex   2.393125e-02 -1.364168e-02 -7.003679e-02
    endloop
  endfacet
  facet normal  8.199892e-03 -4.178406e-01  9.084833e-01
    outer loop
      vertex   2.100000e-02 -8.534454e-03 -6.766136e-02
      vertex   2.100000e-02 -1.416096e-02 -7.024917e-02
      vertex   2.393125e-02 -1.364168e-02 -7.003679e-02
    endloop
  endfacet
  facet normal  1.361192e-01 -3.971803e-01 -9.075899e-01
    outer loop
      vertex   2.100000e-02 -1.416096e-02 -7.024917e-02
      vertex   2.100000e-02 -9.074948e-03 -7.247492e-02
      vertex   2.393125e-02 -1.364168e-02 -7.003679e-02
    endloop
  endfacet
  facet normal  6.777369e-01  4.312412e-02 -7.340388e-01
    outer loop
      vertex   2.393125e-02 -1.364168e-02 -7.003679e-02
      vertex   2.100000e-02 -9.074948e-03 -7.247492e-02
      vertex   2.371027e-02 -8.342450e-03 -6.992950e-02
    endloop
  endfacet
  facet normal -6.534527e-01 -7.564078e-01 -2.909916e-02
    outer loop
      vertex  -2.100000e-02 -1.275030e-02 -6.246674e-02
      vertex  -2.100000e-02 -1.291983e-02 -5.806017e-02
      vertex  -2.416915e-02 -1.006447e-02 -6.111609e-02
    endloop
  endfacet
  facet normal -2.072178e-01 -8.127518e-01 -5.445138e-01
    outer loop
      vertex  -2.416915e-02 -1.006447e-02 -6.111609e-02
      vertex  -2.100000e-02 -1.291983e-02 -5.806017e-02
      vertex  -2.326320e-02 -1.226142e-02 -5.818164e-02
    endloop
  endfacet
  facet normal -1.827029e-03  1.753550e-01  9.845036e-01
    outer loop
      vertex  -2.100000e-02 -1.291983e-02 -5.806017e-02
      vertex  -2.100000e-02 -7.380046e-03 -5.904689e-02
      vertex  -2.326320e-02 -1.226142e-02 -5.818164e-02
    endloop
  endfacet
  facet normal -7.199925e-01  4.303242e-01  5.444556e-01
    outer loop
      vertex  -2.326320e-02 -1.226142e-02 -5.818164e-02
      vertex  -2.100000e-02 -7.380046e-03 -5.904689e-02
      vertex  -2.416915e-02 -1.006447e-02 -6.111609e-02
    endloop
  endfacet
  facet normal  9.530620e-02  5.347011e-01 -8.396496e-01
    outer loop
      vertex  -2.100000e-02 -7.380046e-03 -5.904689e-02
      vertex  -2.100000e-02 -1.275030e-02 -6.246674e-02
      vertex  -2.416915e-02 -1.006447e-02 -6.111609e-02
    endloop
  endfacet
  facet normal  3.767868e-01 -3.569218e-01  8.547739e-01
    outer loop
      vertex   6.926996e-03 -1.631869e-02 -8.519682e-02
      vertex  -3.274576e-04 -1.399244e-02 -8.102767e-02
      vertex  -7.010510e-03 -1.619663e-02 -7.900215e-02
    endloop
  endfacet
  facet normal  1.170794e-01  9.399104e-01 -3.207192e-01
    outer loop
      vertex  -1.343441e-03 -1.527594e-02 -8.516004e-02
      vertex  -3.274576e-04 -1.399244e-02 -8.102767e-02
      vertex   6.926996e-03 -1.631869e-02 -8.519682e-02
    endloop
  endfacet
  facet normal -3.589968e-01 -4.822323e-01  7.991078e-01
    outer loop
      vertex  -2.100000e-02 -1.405280e-02 -7.078496e-02
      vertex  -2.247708e-02 -8.443324e-03 -6.806342e-02
      vertex  -2.363206e-02 -1.304510e-02 -7.135930e-02
    endloop
  endfacet
  facet normal -8.288545e-01  4.480211e-01 -3.350781e-01
    outer loop
      vertex  -2.247708e-02 -8.443324e-03 -6.806342e-02
      vertex  -2.100000e-02 -8.900290e-03 -7.232814e-02
      vertex  -2.363206e-02 -1.304510e-02 -7.135930e-02
    endloop
  endfacet
  facet normal  9.870744e-02 -2.855069e-01 -9.532800e-01
    outer loop
      vertex  -2.100000e-02 -8.900290e-03 -7.232814e-02
      vertex  -2.100000e-02 -1.405280e-02 -7.078496e-02
      vertex  -2.363206e-02 -1.304510e-02 -7.135930e-02
    endloop
  endfacet
  facet normal  7.625687e-01 -4.961052e-01 -4.151729e-01
    outer loop
      vertex   8.145263e-03  3.054704e-02 -6.071608e-02
      vertex   9.451979e-04  2.771460e-02 -7.055622e-02
      vertex   3.457135e-03  3.127570e-02 -7.019771e-02
    endloop
  endfacet
  facet normal -8.202315e-02  1.569402e-01 -9.841961e-01
    outer loop
      vertex   9.451979e-04  2.771460e-02 -7.055622e-02
      vertex  -5.728042e-03  3.110271e-02 -6.945980e-02
      vertex   3.457135e-03  3.127570e-02 -7.019771e-02
    endloop
  endfacet
  facet normal -3.267072e-01 -3.607965e-01 -8.735492e-01
    outer loop
      vertex   9.451979e-04  2.771460e-02 -7.055622e-02
      vertex  -6.990433e-03  2.659735e-02 -6.712684e-02
      vertex  -5.728042e-03  3.110271e-02 -6.945980e-02
    endloop
  endfacet
  facet normal  3.975208e-01  6.506900e-01 -6.469774e-01
    outer loop
      vertex  -1.800829e-03  2.575927e-02 -7.179222e-02
      vertex   9.200850e-03  2.602484e-02 -6.476539e-02
      vertex   5.496101e-03  2.179371e-02 -7.129709e-02
    endloop
  endfacet
  facet normal  8.809147e-01 -4.385940e-02 -4.712383e-01
    outer loop
      vertex   5.496101e-03  2.179371e-02 -7.129709e-02
      vertex   9.200850e-03  2.602484e-02 -6.476539e-02
      vertex   9.985628e-03  2.185321e-02 -6.291009e-02
    endloop
  endfacet
  facet normal  9.104323e-01  2.985928e-01  2.862786e-01
    outer loop
      vertex   9.200850e-03  2.602484e-02 -6.476539e-02
      vertex   7.099524e-03  2.626435e-02 -5.833249e-02
      vertex   9.985628e-03  2.185321e-02 -6.291009e-02
    endloop
  endfacet
  facet normal  8.544187e-01  2.024324e-02  5.191907e-01
    outer loop
      vertex   9.985628e-03  2.185321e-02 -6.291009e-02
      vertex   7.099524e-03  2.626435e-02 -5.833249e-02
      vertex   4.815408e-03  2.215424e-02 -5.441333e-02
    endloop
  endfacet
  facet normal  4.495776e-01  4.728000e-01  7.578524e-01
    outer loop
      vertex   7.099524e-03  2.626435e-02 -5.833249e-02
      vertex  -8.768913e-04  2.871248e-02 -5.512799e-02
      vertex   4.815408e-03  2.215424e-02 -5.441333e-02
    endloop
  endfacet
  facet normal -5.560923e-01  4.932419e-01  6.689348e-01
    outer loop
      vertex  -7.478592e-03  2.200308e-02 -5.566884e-02
      vertex  -8.768913e-04  2.871248e-02 -5.512799e-02
      vertex  -8.315375e-03  2.602227e-02 -5.932803e-02
    endloop
  endfacet
  facet normal -9.769205e-01 -2.133245e-01 -1.091002e-02
    outer loop
      vertex  -7.478592e-03  2.200308e-02 -5.566884e-02
      vertex  -8.315375e-03  2.602227e-02 -5.932803e-02
      vertex  -7.242593e-03  2.166951e-02 -7.027889e-02
    endloop
  endfacet
  facet normal -9.766147e-01  1.490703e-01 -1.549250e-01
    outer loop
      vertex  -8.315375e-03  2.602227e-02 -5.932803e-02
      vertex  -6.990433e-03  2.659735e-02 -6.712684e-02
      vertex  -7.242593e-03  2.166951e-02 -7.027889e-02
    endloop
  endfacet
  facet normal -5.465037e-01  4.709215e-01 -6.925075e-01
    outer loop
      vertex  -6.990433e-03  2.659735e-02 -6.712684e-02
      vertex  -1.800829e-03  2.575927e-02 -7.179222e-02
      vertex  -7.242593e-03  2.166951e-02 -7.027889e-02
    endloop
  endfacet
  facet normal  5.251161e-02  9.914222e-01 -1.196856e-01
    outer loop
      vertex  -6.990433e-03  2.659735e-02 -6.712684e-02
      vertex   9.200850e-03  2.602484e-02 -6.476539e-02
      vertex  -1.800829e-03  2.575927e-02 -7.179222e-02
    endloop
  endfacet
  facet normal  3.671172e-01  8.504881e-01  3.766895e-01
    outer loop
      vertex  -2.994717e-03  3.745361e-02 -6.952371e-02
      vertex  -8.299762e-03  3.782899e-02 -6.520098e-02
      vertex  -4.148839e-03  3.272594e-02 -5.772479e-02
    endloop
  endfacet
  facet normal  7.901230e-01 -2.040667e-01 -5.779814e-01
    outer loop
      vertex  -8.299762e-03  3.782899e-02 -6.520098e-02
      vertex  -1.343127e-03  3.797631e-02 -5.574301e-02
      vertex  -4.148839e-03  3.272594e-02 -5.772479e-02
    endloop
  endfacet
  facet normal -9.518629e-01  1.659722e-02  3.060743e-01
    outer loop
      vertex   6.812855e-03  3.793260e-02 -6.110745e-02
      vertex   4.402431e-03  3.739522e-02 -6.857450e-02
      vertex   6.486698e-03  3.250853e-02 -6.182764e-02
    endloop
  endfacet
  facet normal -8.308221e-01  2.961800e-01  4.711815e-01
    outer loop
      vertex   6.486698e-03  3.250853e-02 -6.182764e-02
      vertex   4.402431e-03  3.739522e-02 -6.857450e-02
      vertex   2.784090e-03  3.250918e-02 -6.835676e-02
    endloop
  endfacet
  facet normal -1.261405e-01  8.582229e-02  9.882931e-01
    outer loop
      vertex   4.402431e-03  3.739522e-02 -6.857450e-02
      vertex  -2.994717e-03  3.745361e-02 -6.952371e-02
      vertex   2.784090e-03  3.250918e-02 -6.835676e-02
    endloop
  endfacet
  facet normal  1.292009e-01  3.682968e-01  9.206870e-01
    outer loop
      vertex   2.784090e-03  3.250918e-02 -6.835676e-02
      vertex  -2.994717e-03  3.745361e-02 -6.952371e-02
      vertex  -4.871470e-03  3.250900e-02 -6.728238e-02
    endloop
  endfacet
  facet normal  9.236404e-01 -3.783348e-01 -6.124717e-02
    outer loop
      vertex  -2.994717e-03  3.745361e-02 -6.952371e-02
      vertex  -4.148839e-03  3.272594e-02 -5.772479e-02
      vertex  -4.871470e-03  3.250900e-02 -6.728238e-02
    endloop
  endfacet
  facet normal -3.081157e-01  4.756414e-01 -8.239114e-01
    outer loop
      vertex  -4.148839e-03  3.272594e-02 -5.772479e-02
      vertex  -1.343127e-03  3.797631e-02 -5.574301e-02
      vertex   6.486698e-03  3.250853e-02 -6.182764e-02
    endloop
  endfacet
  facet normal -5.433779e-01  1.425205e-01 -8.273018e-01
    outer loop
      vertex  -1.343127e-03  3.797631e-02 -5.574301e-02
      vertex   6.812855e-03  3.793260e-02 -6.110745e-02
      vertex   6.486698e-03  3.250853e-02 -6.182764e-02
    endloop
  endfacet
  facet normal  5.689784e-02  9.976718e-01  3.759773e-02
    outer loop
      vertex   9.664732e-04  2.497929e-02 -6.266185e-02
      vertex   3.129336e-04  2.479386e-02 -5.675248e-02
      vertex   5.682415e-03  2.468249e-02 -6.192306e-02
    endloop
  endfacet
  facet normal  5.104970e-02  9.980119e-01  3.696163e-02
    outer loop
      vertex  -4.286152e-03  2.518184e-02 -6.087647e-02
      vertex   3.129336e-04  2.479386e-02 -5.675248e-02
      vertex   9.664732e-04  2.497929e-02 -6.266185e-02
    endloop
  endfacet
  facet normal  8.693737e-03 -9.565289e-01 -2.915079e-01
    outer loop
      vertex   9.451979e-04  2.771460e-02 -7.055622e-02
      vertex   9.200850e-03  2.602484e-02 -6.476539e-02
      vertex  -6.990433e-03  2.659735e-02 -6.712684e-02
    endloop
  endfacet
  facet normal -5.270322e-02  1.894062e-01 -9.804834e-01
    outer loop
      vertex  -9.527621e-03 -4.092659e-02 -5.899844e-02
      vertex  -1.197125e-02 -4.154450e-02 -5.898645e-02
      vertex  -1.143029e-02 -3.853221e-02 -5.843363e-02
    endloop
  endfacet
  facet normal  1.389299e-01  2.632564e-02  9.899523e-01
    outer loop
      vertex  -4.871470e-03  3.250900e-02 -6.728238e-02
      vertex  -4.186376e-03  2.468008e-02 -6.717033e-02
      vertex   2.784090e-03  3.250918e-02 -6.835676e-02
    endloop
  endfacet
  facet normal  1.169404e-01  4.622326e-02  9.920627e-01
    outer loop
      vertex  -4.186376e-03  2.468008e-02 -6.717033e-02
      vertex   2.868870e-03  2.464195e-02 -6.800020e-02
      vertex   2.784090e-03  3.250918e-02 -6.835676e-02
    endloop
  endfacet
  facet normal  9.845160e-01 -1.750272e-01 -9.682341e-03
    outer loop
      vertex  -1.143029e-02 -3.853221e-02 -5.843363e-02
      vertex  -1.197125e-02 -4.154450e-02 -5.898645e-02
      vertex  -1.159436e-02 -3.854160e-02 -7.494731e-02
    endloop
  endfacet
  facet normal  9.997266e-01 -7.165658e-03  2.225859e-02
    outer loop
      vertex  -1.159436e-02 -3.854160e-02 -7.494731e-02
      vertex  -1.197125e-02 -4.154450e-02 -5.898645e-02
      vertex  -1.161565e-02 -4.164151e-02 -7.498906e-02
    endloop
  endfacet
  facet normal -3.501694e-02  9.993634e-01 -6.836193e-03
    outer loop
      vertex  -1.161565e-02 -4.164151e-02 -7.498906e-02
      vertex  -1.197125e-02 -4.154450e-02 -5.898645e-02
      vertex  -1.031922e-02 -4.159408e-02 -7.469664e-02
    endloop
  endfacet
  facet normal -2.451814e-01  9.690481e-01 -2.884073e-02
    outer loop
      vertex  -1.197125e-02 -4.154450e-02 -5.898645e-02
      vertex  -9.527621e-03 -4.092659e-02 -5.899844e-02
      vertex  -1.031922e-02 -4.159408e-02 -7.469664e-02
    endloop
  endfacet
  facet normal -7.974384e-01  6.032246e-01  1.456230e-02
    outer loop
      vertex  -1.031922e-02 -4.159408e-02 -7.469664e-02
      vertex  -9.527621e-03 -4.092659e-02 -5.899844e-02
      vertex  -9.548984e-03 -4.056862e-02 -7.499652e-02
    endloop
  endfacet
  facet normal -7.040159e-01 -7.100269e-01 -1.494711e-02
    outer loop
      vertex  -9.548984e-03 -4.056862e-02 -7.499652e-02
      vertex  -9.527621e-03 -4.092659e-02 -5.899844e-02
      vertex  -1.159436e-02 -3.854160e-02 -7.494731e-02
    endloop
  endfacet
  facet normal -7.819512e-01 -6.232867e-01  8.123289e-03
    outer loop
      vertex  -9.527621e-03 -4.092659e-02 -5.899844e-02
      vertex  -1.143029e-02 -3.853221e-02 -5.843363e-02
      vertex  -1.159436e-02 -3.854160e-02 -7.494731e-02
    endloop
  endfacet
  facet normal  2.520355e-01  9.677179e-01  4.443243e-04
    outer loop
      vertex  -1.312673e-03 -9.709391e-03 -7.500000e-02
      vertex   9.170121e-03 -1.243956e-02 -7.500000e-02
      vertex  -1.203722e-03 -9.735934e-03 -7.899279e-02
    endloop
  endfacet
  facet normal  2.575098e-01  9.661618e-01 -1.483237e-02
    outer loop
      vertex  -1.203722e-03 -9.735934e-03 -7.899279e-02
      vertex   9.170121e-03 -1.243956e-02 -7.500000e-02
      vertex   8.895711e-03 -1.242527e-02 -7.883316e-02
    endloop
  endfacet
  facet normal  9.393552e-01  3.365366e-01 -6.599221e-02
    outer loop
      vertex   8.895711e-03 -1.242527e-02 -7.883316e-02
      vertex   9.170121e-03 -1.243956e-02 -7.500000e-02
      vertex   1.332839e-02 -2.483322e-02 -7.901304e-02
    endloop
  endfacet
  facet normal  8.948300e-01  1.660566e-01  4.143723e-01
    outer loop
      vertex   9.170121e-03 -1.243956e-02 -7.500000e-02
      vertex   1.236242e-02 -2.964192e-02 -7.500000e-02
      vertex   1.332839e-02 -2.483322e-02 -7.901304e-02
    endloop
  endfacet
  facet normal  7.388397e-01 -5.130451e-01 -4.369217e-01
    outer loop
      vertex   1.332839e-02 -2.483322e-02 -7.901304e-02
      vertex   1.236242e-02 -2.964192e-02 -7.500000e-02
      vertex   7.068844e-03 -3.387666e-02 -7.897895e-02
    endloop
  endfacet
  facet normal  4.193462e-01 -8.423254e-01  3.385805e-01
    outer loop
      vertex   1.236242e-02 -2.964192e-02 -7.500000e-02
      vertex  -3.928647e-04 -3.599205e-02 -7.500000e-02
      vertex   7.068844e-03 -3.387666e-02 -7.897895e-02
    endloop
  endfacet
  facet normal  7.317654e-02 -9.309601e-01 -3.577130e-01
    outer loop
      vertex   7.068844e-03 -3.387666e-02 -7.897895e-02
      vertex  -3.928647e-04 -3.599205e-02 -7.500000e-02
      vertex  -7.112159e-03 -3.499383e-02 -7.897245e-02
    endloop
  endfacet
  facet normal -3.636823e-01 -8.392245e-01  4.042739e-01
    outer loop
      vertex  -3.928647e-04 -3.599205e-02 -7.500000e-02
      vertex  -9.752885e-03 -3.193584e-02 -7.500000e-02
      vertex  -7.112159e-03 -3.499383e-02 -7.897245e-02
    endloop
  endfacet
  facet normal -8.555993e-01 -4.766720e-01 -2.018258e-01
    outer loop
      vertex  -7.112159e-03 -3.499383e-02 -7.897245e-02
      vertex  -9.752885e-03 -3.193584e-02 -7.500000e-02
      vertex  -1.338710e-02 -2.373755e-02 -7.895622e-02
    endloop
  endfacet
  facet normal -9.254613e-01 -3.691420e-01  8.517946e-02
    outer loop
      vertex  -9.752885e-03 -3.193584e-02 -7.500000e-02
      vertex  -1.312095e-02 -2.349189e-02 -7.500000e-02
      vertex  -1.338710e-02 -2.373755e-02 -7.895622e-02
    endloop
  endfacet
  facet normal -9.556767e-01  2.907648e-01  4.623652e-02
    outer loop
      vertex  -1.312095e-02 -2.349189e-02 -7.500000e-02
      vertex  -1.014446e-02 -1.370884e-02 -7.500000e-02
      vertex  -1.338710e-02 -2.373755e-02 -7.895622e-02
    endloop
  endfacet
  facet normal -8.749482e-01  3.939627e-01 -2.815298e-01
    outer loop
      vertex  -1.338710e-02 -2.373755e-02 -7.895622e-02
      vertex  -1.014446e-02 -1.370884e-02 -7.500000e-02
      vertex  -8.084412e-03 -1.189202e-02 -7.885989e-02
    endloop
  endfacet
  facet normal -4.038270e-01  8.917509e-01  2.042156e-01
    outer loop
      vertex  -1.014446e-02 -1.370884e-02 -7.500000e-02
      vertex  -1.312673e-03 -9.709391e-03 -7.500000e-02
      vertex  -8.084412e-03 -1.189202e-02 -7.885989e-02
    endloop
  endfacet
  facet normal -2.992406e-01  9.540674e-01 -1.450762e-02
    outer loop
      vertex  -8.084412e-03 -1.189202e-02 -7.885989e-02
      vertex  -1.312673e-03 -9.709391e-03 -7.500000e-02
      vertex  -1.203722e-03 -9.735934e-03 -7.899279e-02
    endloop
  endfacet
  facet normal  1.490294e-01 -6.154092e-01  7.739908e-01
    outer loop
      vertex  -9.598249e-04 -8.332406e-02  2.516797e-02
      vertex   1.190519e-03 -8.615197e-02  2.250542e-02
      vertex   3.407391e-03 -8.110598e-02  2.609069e-02
    endloop
  endfacet
  facet normal -2.113216e-03  9.979595e-01 -6.381511e-02
    outer loop
      vertex  -4.186376e-03  2.468008e-02 -6.717033e-02
      vertex   9.664732e-04  2.497929e-02 -6.266185e-02
      vertex   2.868870e-03  2.464195e-02 -6.800020e-02
    endloop
  endfacet
  facet normal -3.949048e-01  4.426237e-01  8.050680e-01
    outer loop
      vertex   3.407391e-03 -8.110598e-02  2.609069e-02
      vertex  -3.641525e-03 -8.067083e-02  2.239379e-02
      vertex  -9.598249e-04 -8.332406e-02  2.516797e-02
    endloop
  endfacet
  facet normal -8.187478e-01 -3.592034e-01  4.479119e-01
    outer loop
      vertex  -3.641525e-03 -8.067083e-02  2.239379e-02
      vertex  -2.544120e-03 -8.395158e-02  2.176876e-02
      vertex  -9.598249e-04 -8.332406e-02  2.516797e-02
    endloop
  endfacet
  facet normal -5.237324e-01 -7.602044e-01  3.844393e-01
    outer loop
      vertex  -9.598249e-04 -8.332406e-02  2.516797e-02
      vertex  -2.544120e-03 -8.395158e-02  2.176876e-02
      vertex   1.190519e-03 -8.615197e-02  2.250542e-02
    endloop
  endfacet
  facet normal  9.298295e-01 -1.807568e-01 -3.205372e-01
    outer loop
      vertex   1.190519e-03 -8.615197e-02  2.250542e-02
      vertex   2.000606e-03 -8.100569e-02  2.195327e-02
      vertex   3.407391e-03 -8.110598e-02  2.609069e-02
    endloop
  endfacet
  facet normal  5.955260e-02  9.982173e-01  3.947734e-03
    outer loop
      vertex   2.000606e-03 -8.100569e-02  2.195327e-02
      vertex  -3.641525e-03 -8.067083e-02  2.239379e-02
      vertex   3.407391e-03 -8.110598e-02  2.609069e-02
    endloop
  endfacet
  facet normal -6.703255e-02  1.650453e-01 -9.840055e-01
    outer loop
      vertex  -2.544120e-03 -8.395158e-02  2.176876e-02
      vertex  -3.641525e-03 -8.067083e-02  2.239379e-02
      vertex   2.000606e-03 -8.100569e-02  2.195327e-02
    endloop
  endfacet
  facet normal  6.876803e-02  9.968900e-01 -3.848797e-02
    outer loop
      vertex   9.664732e-04  2.497929e-02 -6.266185e-02
      vertex   5.682415e-03  2.468249e-02 -6.192306e-02
      vertex   2.868870e-03  2.464195e-02 -6.800020e-02
    endloop
  endfacet
  facet normal  1.148998e-02  9.967858e-01 -7.928463e-02
    outer loop
      vertex  -4.186376e-03  2.468008e-02 -6.717033e-02
      vertex  -4.286152e-03  2.518184e-02 -6.087647e-02
      vertex   9.664732e-04  2.497929e-02 -6.266185e-02
    endloop
  endfacet
  facet normal -5.159684e-01 -8.541870e-01  6.435183e-02
    outer loop
      vertex   1.190519e-03 -8.615197e-02  2.250542e-02
      vertex  -2.544120e-03 -8.395158e-02  2.176876e-02
      vertex  -1.796015e-03 -8.514565e-02  1.191715e-02
    endloop
  endfacet
  facet normal  9.865938e-01 -1.479013e-01  6.897669e-02
    outer loop
      vertex   2.000606e-03 -8.100569e-02  2.195327e-02
      vertex   1.190519e-03 -8.615197e-02  2.250542e-02
      vertex   2.571145e-03 -8.187806e-02  1.192213e-02
    endloop
  endfacet
  facet normal -8.697899e-01  1.298239e-02  4.932515e-01
    outer loop
      vertex   2.784090e-03  3.250918e-02 -6.835676e-02
      vertex   2.868870e-03  2.464195e-02 -6.800020e-02
      vertex   6.486698e-03  3.250853e-02 -6.182764e-02
    endloop
  endfacet
  facet normal -9.041803e-01  8.782584e-02  4.180245e-01
    outer loop
      vertex   2.868870e-03  2.464195e-02 -6.800020e-02
      vertex   5.682415e-03  2.468249e-02 -6.192306e-02
      vertex   6.486698e-03  3.250853e-02 -6.182764e-02
    endloop
  endfacet
  facet normal -6.905729e-01  7.973520e-02 -7.188542e-01
    outer loop
      vertex   5.682415e-03  2.468249e-02 -6.192306e-02
      vertex   3.129336e-04  2.479386e-02 -5.675248e-02
      vertex   6.486698e-03  3.250853e-02 -6.182764e-02
    endloop
  endfacet
  facet normal -3.482310e-01 -3.045532e-01 -8.865566e-01
    outer loop
      vertex   6.486698e-03  3.250853e-02 -6.182764e-02
      vertex   3.129336e-04  2.479386e-02 -5.675248e-02
      vertex  -4.148839e-03  3.272594e-02 -5.772479e-02
    endloop
  endfacet
  facet normal  6.536526e-01  2.815697e-01 -7.024648e-01
    outer loop
      vertex   3.129336e-04  2.479386e-02 -5.675248e-02
      vertex  -4.286152e-03  2.518184e-02 -6.087647e-02
      vertex  -4.148839e-03  3.272594e-02 -5.772479e-02
    endloop
  endfacet
  facet normal  9.970403e-01  1.347340e-02 -7.569027e-02
    outer loop
      vertex  -4.148839e-03  3.272594e-02 -5.772479e-02
      vertex  -4.286152e-03  2.518184e-02 -6.087647e-02
      vertex  -4.871470e-03  3.250900e-02 -6.728238e-02
    endloop
  endfacet
  facet normal  9.961432e-01  8.729716e-02  8.832169e-03
    outer loop
      vertex  -4.286152e-03  2.518184e-02 -6.087647e-02
      vertex  -4.186376e-03  2.468008e-02 -6.717033e-02
      vertex  -4.871470e-03  3.250900e-02 -6.728238e-02
    endloop
  endfacet
  facet normal -3.702573e-01 -9.289271e-01 -1.970780e-03
    outer loop
      vertex  -1.293295e-02 -4.773732e-02 -7.450227e-02
      vertex  -1.314092e-02 -4.773505e-02 -3.649768e-02
      vertex  -1.468490e-02 -4.703794e-02 -7.500692e-02
    endloop
  endfacet
  facet normal -5.638742e-01 -8.258252e-01  7.658439e-03
    outer loop
      vertex  -1.314092e-02 -4.773505e-02 -3.649768e-02
      vertex  -1.591950e-02 -4.583773e-02 -3.648678e-02
      vertex  -1.468490e-02 -4.703794e-02 -7.500692e-02
    endloop
  endfacet
  facet normal -8.103735e-01 -5.858627e-01 -7.718863e-03
    outer loop
      vertex  -1.468490e-02 -4.703794e-02 -7.500692e-02
      vertex  -1.591950e-02 -4.583773e-02 -3.648678e-02
      vertex  -1.597228e-02 -4.526363e-02 -7.452060e-02
    endloop
  endfacet
  facet normal -8.638660e-03 -9.999627e-01  1.234255e-05
    outer loop
      vertex  -1.250000e-02 -4.774073e-02 -4.805000e-02
      vertex  -1.314092e-02 -4.773505e-02 -3.649768e-02
      vertex  -1.293295e-02 -4.773732e-02 -7.450227e-02
    endloop
  endfacet
  facet normal -6.492285e-01 -2.572418e-06  7.605934e-01
    outer loop
      vertex  -1.599959e-02 -3.841359e-02 -8.499761e-03
      vertex  -1.539904e-02 -3.985979e-02 -7.987150e-03
      vertex  -1.600000e-02 -5.740732e-03 -8.500000e-03
    endloop
  endfacet
  facet normal -6.839295e-01 -1.080438e-03  7.295473e-01
    outer loop
      vertex  -1.539904e-02 -3.985979e-02 -7.987150e-03
      vertex  -1.549680e-02  1.338913e-02 -7.999938e-03
      vertex  -1.600000e-02 -5.740732e-03 -8.500000e-03
    endloop
  endfacet
  facet normal -7.072296e-01  1.222689e-04  7.069840e-01
    outer loop
      vertex  -1.600000e-02 -5.740732e-03 -8.500000e-03
      vertex  -1.549680e-02  1.338913e-02 -7.999938e-03
      vertex  -1.599830e-02  1.331711e-02 -8.501593e-03
    endloop
  endfacet
  facet normal -1.141406e-01  9.764847e-01  1.828921e-01
    outer loop
      vertex   2.184410e-02  3.584630e-02 -8.000000e-03
      vertex   2.805996e-02  3.507450e-02 -0.000000e+00
      vertex   2.922804e-02  3.670941e-02 -8.000000e-03
    endloop
  endfacet
  facet normal -9.776481e-01 -1.258046e-01 -1.684559e-01
    outer loop
      vertex   2.805996e-02  3.507450e-02 -0.000000e+00
      vertex   2.737999e-02  4.035864e-02 -0.000000e+00
      vertex   2.922804e-02  3.670941e-02 -8.000000e-03
    endloop
  endfacet
  facet normal -6.853935e-01 -7.091926e-01  1.651714e-01
    outer loop
      vertex   2.922804e-02  3.670941e-02 -8.000000e-03
      vertex   2.737999e-02  4.035864e-02 -0.000000e+00
      vertex   2.500845e-02  4.078740e-02 -8.000000e-03
    endloop
  endfacet
  facet normal  4.780671e-01 -8.580317e-01 -1.877059e-01
    outer loop
      vertex   2.737999e-02  4.035864e-02 -0.000000e+00
      vertex   2.141423e-02  3.703471e-02 -0.000000e+00
      vertex   2.500845e-02  4.078740e-02 -8.000000e-03
    endloop
  endfacet
  facet normal  8.355727e-01 -5.351126e-01  1.243898e-01
    outer loop
      vertex   2.500845e-02  4.078740e-02 -8.000000e-03
      vertex   2.141423e-02  3.703471e-02 -0.000000e+00
      vertex   2.184410e-02  3.584630e-02 -8.000000e-03
    endloop
  endfacet
  facet normal  2.806441e-01  9.514709e-01 -1.262621e-01
    outer loop
      vertex   2.141423e-02  3.703471e-02 -0.000000e+00
      vertex   2.805996e-02  3.507450e-02 -0.000000e+00
      vertex   2.184410e-02  3.584630e-02 -8.000000e-03
    endloop
  endfacet
  facet normal  2.644518e-02 -9.996501e-01 -6.114499e-04
    outer loop
      vertex   1.250000e-02 -4.774073e-02 -4.805000e-02
      vertex   1.367000e-02 -4.769358e-02 -7.453379e-02
      vertex   1.318464e-02 -4.772969e-02 -3.650000e-02
    endloop
  endfacet
  facet normal  4.812060e-01 -8.765914e-01  5.308701e-03
    outer loop
      vertex   1.318464e-02 -4.772969e-02 -3.650000e-02
      vertex   1.367000e-02 -4.769358e-02 -7.453379e-02
      vertex   1.507080e-02 -4.669422e-02 -3.649103e-02
    endloop
  endfacet
  facet normal  4.743083e-01 -8.803406e-01  5.661177e-03
    outer loop
      vertex   1.367000e-02 -4.769358e-02 -7.453379e-02
      vertex   1.497211e-02 -4.699508e-02 -7.500790e-02
      vertex   1.507080e-02 -4.669422e-02 -3.649103e-02
    endloop
  endfacet
  facet normal  8.915617e-01 -4.528976e-01  1.253288e-03
    outer loop
      vertex   1.507080e-02 -4.669422e-02 -3.649103e-02
      vertex   1.497211e-02 -4.699508e-02 -7.500790e-02
      vertex   1.599090e-02 -4.488296e-02 -3.650000e-02
    endloop
  endfacet
  facet normal  9.152899e-01 -4.027901e-01 -2.122835e-03
    outer loop
      vertex   1.497211e-02 -4.699508e-02 -7.500790e-02
      vertex   1.599783e-02 -4.466693e-02 -7.450128e-02
      vertex   1.599090e-02 -4.488296e-02 -3.650000e-02
    endloop
  endfacet
  facet normal -7.746165e-01  6.324260e-01 -2.591633e-03
    outer loop
      vertex  -1.599910e-02  1.320140e-02 -3.650000e-02
      vertex  -1.599830e-02  1.331711e-02 -8.501593e-03
      vertex  -1.483604e-02  1.462595e-02 -3.650000e-02
    endloop
  endfacet
  facet normal -6.961241e-01  7.179063e-01  4.662654e-03
    outer loop
      vertex  -1.599830e-02  1.331711e-02 -8.501593e-03
      vertex  -1.464528e-02  1.462614e-02 -8.049265e-03
      vertex  -1.483604e-02  1.462595e-02 -3.650000e-02
    endloop
  endfacet
  facet normal -8.563662e-01  4.714933e-01  2.105492e-01
    outer loop
      vertex   2.580554e-02 -1.682532e-02 -8.000000e-03
      vertex   2.867501e-02 -1.518600e-02  0.000000e+00
      vertex   2.874127e-02 -1.149319e-02 -8.000000e-03
    endloop
  endfacet
  facet normal -8.872863e-01 -4.159179e-01 -1.993373e-01
    outer loop
      vertex   2.867501e-02 -1.518600e-02  0.000000e+00
      vertex   2.624660e-02 -1.000543e-02  0.000000e+00
      vertex   2.874127e-02 -1.149319e-02 -8.000000e-03
    endloop
  endfacet
  facet normal  1.133723e-01 -9.698521e-01  2.157165e-01
    outer loop
      vertex   2.874127e-02 -1.149319e-02 -8.000000e-03
      vertex   2.624660e-02 -1.000543e-02  0.000000e+00
      vertex   2.171870e-02 -1.231410e-02 -8.000000e-03
    endloop
  endfacet
  facet normal  6.644707e-01 -7.286913e-01 -1.657941e-01
    outer loop
      vertex   2.624660e-02 -1.000543e-02  0.000000e+00
      vertex   2.157607e-02 -1.426434e-02  0.000000e+00
      vertex   2.171870e-02 -1.231410e-02 -8.000000e-03
    endloop
  endfacet
  facet normal  7.297764e-01  6.611262e-01  1.741795e-01
    outer loop
      vertex   2.171870e-02 -1.231410e-02 -8.000000e-03
      vertex   2.157607e-02 -1.426434e-02  0.000000e+00
      vertex   2.580554e-02 -1.682532e-02 -8.000000e-03
    endloop
  endfacet
  facet normal  1.249240e-01  9.622061e-01 -2.419781e-01
    outer loop
      vertex   2.157607e-02 -1.426434e-02  0.000000e+00
      vertex   2.867501e-02 -1.518600e-02  0.000000e+00
      vertex   2.580554e-02 -1.682532e-02 -8.000000e-03
    endloop
  endfacet
  facet normal  8.708656e-01  4.914758e-01  6.677944e-03
    outer loop
      vertex   1.599717e-02  1.320593e-02 -8.500177e-03
      vertex   1.600407e-02  1.357416e-02 -3.650000e-02
      vertex   1.549165e-02  1.409489e-02 -8.000539e-03
    endloop
  endfacet
  facet normal  2.047183e-01  9.787179e-01 -1.420205e-02
    outer loop
      vertex   1.549165e-02  1.409489e-02 -8.000539e-03
      vertex   1.600407e-02  1.357416e-02 -3.650000e-02
      vertex   1.060267e-02  1.511726e-02 -8.018242e-03
    endloop
  endfacet
  facet normal  2.752968e-01  9.613593e-01  1.232177e-04
    outer loop
      vertex   1.600407e-02  1.357416e-02 -3.650000e-02
      vertex   1.044834e-02  1.516506e-02 -3.617334e-02
      vertex   1.060267e-02  1.511726e-02 -8.018242e-03
    endloop
  endfacet
  facet normal -3.383083e-01  9.273170e-01 -1.600959e-01
    outer loop
      vertex  -2.646991e-02 -1.643196e-02  0.000000e+00
      vertex  -2.187882e-02 -1.475701e-02 -4.950963e-21
      vertex  -2.302028e-02 -1.655460e-02 -8.000000e-03
    endloop
  endfacet
  facet normal -9.650624e-01 -1.900299e-01  1.803972e-01
    outer loop
      vertex  -2.302028e-02 -1.655460e-02 -8.000000e-03
      vertex  -2.187882e-02 -1.475701e-02 -4.950963e-21
      vertex  -2.430222e-02 -1.004429e-02 -8.000000e-03
    endloop
  endfacet
  facet normal -8.458832e-01 -5.303977e-01 -5.621263e-02
    outer loop
      vertex  -2.187882e-02 -1.475701e-02 -4.950963e-21
      vertex  -2.485848e-02 -1.000502e-02  0.000000e+00
      vertex  -2.430222e-02 -1.004429e-02 -8.000000e-03
    endloop
  endfacet
  facet normal  5.100869e-01 -8.592069e-01  3.968509e-02
    outer loop
      vertex  -2.430222e-02 -1.004429e-02 -8.000000e-03
      vertex  -2.485848e-02 -1.000502e-02  0.000000e+00
      vertex  -2.899684e-02 -1.283135e-02 -8.000000e-03
    endloop
  endfacet
  facet normal  5.766528e-01 -8.169319e-01 -9.684545e-03
    outer loop
      vertex  -2.485848e-02 -1.000502e-02  0.000000e+00
      vertex  -2.901061e-02 -1.293591e-02  0.000000e+00
      vertex  -2.899684e-02 -1.283135e-02 -8.000000e-03
    endloop
  endfacet
  facet normal  5.287242e-01  8.487088e-01  1.200177e-02
    outer loop
      vertex  -2.899684e-02 -1.283135e-02 -8.000000e-03
      vertex  -2.901061e-02 -1.293591e-02  0.000000e+00
      vertex  -2.302028e-02 -1.655460e-02 -8.000000e-03
    endloop
  endfacet
  facet normal  7.659311e-01  5.566267e-01  3.217395e-01
    outer loop
      vertex  -2.901061e-02 -1.293591e-02  0.000000e+00
      vertex  -2.646991e-02 -1.643196e-02  0.000000e+00
      vertex  -2.302028e-02 -1.655460e-02 -8.000000e-03
    endloop
  endfacet
  facet normal  5.267038e-01  8.488259e-01 -4.558053e-02
    outer loop
      vertex  -1.088231e-04 -2.019381e-02 -8.444300e-02
      vertex   3.385803e-03 -2.212636e-02 -8.005000e-02
      vertex   3.353536e-03 -2.253592e-02 -8.805000e-02
    endloop
  endfacet
  facet normal  6.528136e-01 -7.566578e-01  3.610441e-02
    outer loop
      vertex   3.353536e-03 -2.253592e-02 -8.805000e-02
      vertex   3.385803e-03 -2.212636e-02 -8.005000e-02
      vertex  -7.933485e-04 -2.611369e-02 -8.805000e-02
    endloop
  endfacet
  facet normal  6.393099e-01 -7.674168e-01  4.852105e-02
    outer loop
      vertex   3.385803e-03 -2.212636e-02 -8.005000e-02
      vertex  -1.353587e-03 -2.607459e-02 -8.005000e-02
      vertex  -7.933485e-04 -2.611369e-02 -8.805000e-02
    endloop
  endfacet
  facet normal -9.336636e-01 -3.524477e-01 -6.366191e-02
    outer loop
      vertex  -7.933485e-04 -2.611369e-02 -8.805000e-02
      vertex  -1.353587e-03 -2.607459e-02 -8.005000e-02
      vertex  -2.797003e-03 -2.080584e-02 -8.805000e-02
    endloop
  endfacet
  facet normal -9.844933e-01 -1.597881e-01  7.239365e-02
    outer loop
      vertex  -1.353587e-03 -2.607459e-02 -8.005000e-02
      vertex  -2.342934e-03 -2.053729e-02 -8.128230e-02
      vertex  -2.797003e-03 -2.080584e-02 -8.805000e-02
    endloop
  endfacet
  facet normal -8.174133e-01  2.582242e-01 -5.149327e-01
    outer loop
      vertex  -1.599985e-02  1.893525e-02 -7.449993e-02
      vertex  -1.528828e-02  2.116684e-02 -7.451041e-02
      vertex  -1.549756e-02  1.952803e-02 -7.500003e-02
    endloop
  endfacet
  facet normal -3.277694e-01  3.086272e-01 -8.929258e-01
    outer loop
      vertex  -1.549756e-02  1.952803e-02 -7.500003e-02
      vertex  -1.528828e-02  2.116684e-02 -7.451041e-02
      vertex  -1.301477e-02  2.222237e-02 -7.498012e-02
    endloop
  endfacet
  facet normal  7.030569e-01  1.116797e-04  7.111335e-01
    outer loop
      vertex   1.599717e-02  1.320593e-02 -8.500177e-03
      vertex   1.549165e-02  1.409489e-02 -8.000539e-03
      vertex   1.600000e-02 -5.740732e-03 -8.500000e-03
    endloop
  endfacet
  facet normal  6.736105e-01 -1.346805e-03  7.390853e-01
    outer loop
      vertex   1.549165e-02  1.409489e-02 -8.000539e-03
      vertex   1.537858e-02 -4.012373e-02 -7.996288e-03
      vertex   1.600000e-02 -5.740732e-03 -8.500000e-03
    endloop
  endfacet
  facet normal  6.344919e-01 -1.439799e-04  7.729295e-01
    outer loop
      vertex   1.600000e-02 -5.740732e-03 -8.500000e-03
      vertex   1.537858e-02 -4.012373e-02 -7.996288e-03
      vertex   1.598063e-02 -3.917232e-02 -8.490328e-03
    endloop
  endfacet
  facet normal -6.814934e-01  7.015751e-01  2.082286e-01
    outer loop
      vertex  -2.644397e-02  3.376063e-02 -8.000000e-03
      vertex  -2.314543e-02  3.459033e-02  0.000000e+00
      vertex  -2.191269e-02  3.816220e-02 -8.000000e-03
    endloop
  endfacet
  facet normal -9.843709e-01  1.557842e-01 -8.212912e-02
    outer loop
      vertex  -2.314543e-02  3.459033e-02  0.000000e+00
      vertex  -2.246989e-02  3.885895e-02  0.000000e+00
      vertex  -2.191269e-02  3.816220e-02 -8.000000e-03
    endloop
  endfacet
  facet normal -5.646659e-01 -8.246796e-01  3.249608e-02
    outer loop
      vertex  -2.246989e-02  3.885895e-02  0.000000e+00
      vertex  -2.544997e-02  4.089944e-02  0.000000e+00
      vertex  -2.191269e-02  3.816220e-02 -8.000000e-03
    endloop
  endfacet
  facet normal -3.880598e-01 -9.109245e-01  1.400935e-01
    outer loop
      vertex  -2.191269e-02  3.816220e-02 -8.000000e-03
      vertex  -2.544997e-02  4.089944e-02  0.000000e+00
      vertex  -2.750641e-02  4.054516e-02 -8.000000e-03
    endloop
  endfacet
  facet normal  7.601700e-01 -6.277338e-01 -1.676060e-01
    outer loop
      vertex  -2.544997e-02  4.089944e-02  0.000000e+00
      vertex  -2.901195e-02  3.658598e-02  0.000000e+00
      vertex  -2.750641e-02  4.054516e-02 -8.000000e-03
    endloop
  endfacet
  facet normal  9.555866e-01  1.496434e-01  2.538922e-01
    outer loop
      vertex  -2.750641e-02  4.054516e-02 -8.000000e-03
      vertex  -2.901195e-02  3.658598e-02  0.000000e+00
      vertex  -2.644397e-02  3.376063e-02 -8.000000e-03
    endloop
  endfacet
  facet normal  3.137903e-01  9.224360e-01 -2.250499e-01
    outer loop
      vertex  -2.901195e-02  3.658598e-02  0.000000e+00
      vertex  -2.314543e-02  3.459033e-02  0.000000e+00
      vertex  -2.644397e-02  3.376063e-02 -8.000000e-03
    endloop
  endfacet
  facet normal  2.297266e-01 -9.729170e-01 -2.565769e-02
    outer loop
      vertex   1.045706e-02 -4.053739e-02 -3.637565e-02
      vertex   1.593746e-02 -3.924008e-02 -3.650000e-02
      vertex   1.537858e-02 -4.012373e-02 -7.996288e-03
    endloop
  endfacet
  facet normal  8.450227e-01 -5.347304e-01 -9.083235e-06
    outer loop
      vertex   1.537858e-02 -4.012373e-02 -7.996288e-03
      vertex   1.593746e-02 -3.924008e-02 -3.650000e-02
      vertex   1.598063e-02 -3.917232e-02 -8.490328e-03
    endloop
  endfacet
  facet normal  3.802149e-03  9.980939e-01  6.159665e-02
    outer loop
      vertex  -2.008628e-02  4.738177e-02 -3.423659e-08
      vertex   2.377845e-02  4.721467e-02 -0.000000e+00
      vertex   1.446126e-02  4.774388e-02 -7.999937e-03
    endloop
  endfacet
  facet normal -2.840267e-01 -6.733826e-01 -6.825575e-01
    outer loop
      vertex   7.991729e-03 -4.371010e-02 -3.648929e-02
      vertex   1.507080e-02 -4.669422e-02 -3.649103e-02
      vertex   1.098163e-02 -4.680879e-02 -3.467641e-02
    endloop
  endfacet
  facet normal  6.791627e-01 -7.336551e-01 -2.209491e-02
    outer loop
      vertex   2.714427e-02 -4.172844e-02 -4.386898e-20
      vertex   2.044950e-02 -4.792596e-02 -9.439096e-09
      vertex   2.817810e-02 -4.053047e-02 -8.000000e-03
    endloop
  endfacet
  facet normal  7.342352e-01 -6.733114e-01  8.689336e-02
    outer loop
      vertex   2.044950e-02 -4.792596e-02 -9.439096e-09
      vertex   2.100000e-02 -4.835807e-02 -8.000000e-03
      vertex   2.817810e-02 -4.053047e-02 -8.000000e-03
    endloop
  endfacet
  facet normal -6.051741e-01 -7.918205e-01 -8.236910e-02
    outer loop
      vertex  -1.046576e-02 -8.332826e-02  1.522061e-02
      vertex  -7.722612e-03 -8.212544e-02 -1.649643e-02
      vertex  -4.628832e-03 -8.486886e-02 -1.285407e-02
    endloop
  endfacet
  facet normal  4.555184e-01 -4.809230e-01 -7.491436e-01
    outer loop
      vertex  -4.628832e-03 -8.486886e-02 -1.285407e-02
      vertex  -7.722612e-03 -8.212544e-02 -1.649643e-02
      vertex  -1.076673e-04 -7.781485e-02 -1.463338e-02
    endloop
  endfacet
  facet normal -1.182786e-01 -9.929796e-01  1.259922e-03
    outer loop
      vertex  -1.589036e-02 -3.983745e-02 -3.650000e-02
      vertex  -1.042301e-02 -4.045257e-02 -8.033260e-03
      vertex  -1.539904e-02 -3.985979e-02 -7.987150e-03
    endloop
  endfacet
  facet normal -9.253778e-01 -3.787230e-01  1.564880e-02
    outer loop
      vertex  -1.539904e-02 -3.985979e-02 -7.987150e-03
      vertex  -1.599959e-02 -3.841359e-02 -8.499761e-03
      vertex  -1.589036e-02 -3.983745e-02 -3.650000e-02
    endloop
  endfacet
  facet normal -5.709137e-05 -5.615363e-01 -8.274521e-01
    outer loop
      vertex   1.367000e-02 -4.769358e-02 -7.453379e-02
      vertex  -1.293295e-02 -4.773732e-02 -7.450227e-02
      vertex   1.497211e-02 -4.699508e-02 -7.500790e-02
    endloop
  endfacet
  facet normal  8.166765e-04 -5.837932e-01 -8.119020e-01
    outer loop
      vertex   1.497211e-02 -4.699508e-02 -7.500790e-02
      vertex  -1.293295e-02 -4.773732e-02 -7.450227e-02
      vertex  -1.468490e-02 -4.703794e-02 -7.500692e-02
    endloop
  endfacet
  facet normal -4.264836e-01 -6.283154e-01  6.506393e-01
    outer loop
      vertex  -1.591950e-02 -4.583773e-02 -3.648678e-02
      vertex  -1.314092e-02 -4.773505e-02 -3.649768e-02
      vertex  -1.310093e-02 -4.502527e-02 -3.385466e-02
    endloop
  endfacet
  facet normal -6.170560e-01  6.350161e-01  4.647543e-01
    outer loop
      vertex  -1.048800e-02 -4.053707e-02 -3.651789e-02
      vertex  -1.591950e-02 -4.583773e-02 -3.648678e-02
      vertex  -1.310093e-02 -4.502527e-02 -3.385466e-02
    endloop
  endfacet
  facet normal  4.819884e-01 -6.154103e-01  6.236644e-01
    outer loop
      vertex  -1.314092e-02 -4.773505e-02 -3.649768e-02
      vertex  -8.070850e-03 -4.371060e-02 -3.644481e-02
      vertex  -1.310093e-02 -4.502527e-02 -3.385466e-02
    endloop
  endfacet
  facet normal -7.259598e-01 -6.877299e-01 -3.152910e-03
    outer loop
      vertex  -2.546277e-02 -4.364722e-02 -8.000000e-03
      vertex  -2.100000e-02 -4.835807e-02 -8.000000e-03
      vertex  -2.510683e-02 -4.405962e-02  6.911617e-20
    endloop
  endfacet
  facet normal -5.573686e-01 -8.161585e-01  1.523996e-01
    outer loop
      vertex  -2.100000e-02 -4.835807e-02 -8.000000e-03
      vertex  -1.960077e-02 -4.781981e-02 -1.243828e-08
      vertex  -2.510683e-02 -4.405962e-02  6.911617e-20
    endloop
  endfacet
  facet normal  8.389349e-02 -9.964747e-01 -2.403594e-05
    outer loop
      vertex   1.040458e-02 -4.054250e-02 -8.056331e-03
      vertex   1.045706e-02 -4.053739e-02 -3.637565e-02
      vertex   1.537858e-02 -4.012373e-02 -7.996288e-03
    endloop
  endfacet
  facet normal -9.997379e-01 -2.239571e-02 -4.742621e-03
    outer loop
      vertex  -3.911730e-02  2.762391e-02 -5.570575e-08
      vertex  -3.908532e-02  2.789054e-02 -8.000011e-03
      vertex  -3.870002e-02  8.997037e-03  0.000000e+00
    endloop
  endfacet
  facet normal -9.963731e-01 -4.959653e-02 -6.914444e-02
    outer loop
      vertex  -3.908532e-02  2.789054e-02 -8.000011e-03
      vertex  -3.824780e-02  1.106512e-02 -8.000000e-03
      vertex  -3.870002e-02  8.997037e-03  0.000000e+00
    endloop
  endfacet
  facet normal  7.945943e-01 -6.071392e-01  1.362988e-03
    outer loop
      vertex   1.040458e-02 -4.054250e-02 -8.056331e-03
      vertex   7.979422e-03 -4.371638e-02 -8.034180e-03
      vertex   1.045706e-02 -4.053739e-02 -3.637565e-02
    endloop
  endfacet
  facet normal  9.948702e-01  9.562943e-02  3.299003e-02
    outer loop
      vertex   4.020248e-02 -6.490816e-03 -8.000000e-03
      vertex   3.816309e-02  1.472576e-02 -8.000000e-03
      vertex   3.809029e-02  1.272329e-02 -0.000000e+00
    endloop
  endfacet
  facet normal  9.989938e-01 -4.479848e-02 -2.122847e-03
    outer loop
      vertex   3.809029e-02  1.272329e-02 -0.000000e+00
      vertex   3.816309e-02  1.472576e-02 -8.000000e-03
      vertex   3.893219e-02  3.149747e-02 -5.448574e-08
    endloop
  endfacet
  facet normal  1.000000e+00  1.227794e-06  1.002492e-07
    outer loop
      vertex   2.099996e-02 -1.782137e-02 -8.000000e-03
      vertex   2.100000e-02 -4.835807e-02 -8.000000e-03
      vertex   2.100000e-02 -4.835233e-02 -4.805000e-02
    endloop
  endfacet
  facet normal  1.000000e+00  0.000000e+00 -0.000000e+00
    outer loop
      vertex   2.100000e-02 -5.740732e-03 -7.805000e-02
      vertex   2.100000e-02 -5.740732e-03 -8.000000e-03
      vertex   2.100000e-02 -8.919320e-03 -3.500000e-02
    endloop
  endfacet
  facet normal  1.000000e+00  0.000000e+00  0.000000e+00
    outer loop
      vertex   2.100000e-02 -5.740732e-03 -8.000000e-03
      vertex   2.100000e-02 -8.919320e-03 -8.000000e-03
      vertex   2.100000e-02 -8.919320e-03 -3.500000e-02
    endloop
  endfacet
  facet normal  1.000000e+00  4.368111e-07  4.714948e-07
    outer loop
      vertex   2.100000e-02 -5.740732e-03 -7.805000e-02
      vertex   2.100000e-02 -9.074948e-03 -7.247492e-02
      vertex   2.100000e-02 -1.416096e-02 -7.024917e-02
    endloop
  endfacet
  facet normal  1.000000e+00  0.000000e+00  0.000000e+00
    outer loop
      vertex   2.100000e-02 -5.740732e-03 -7.805000e-02
      vertex   2.100000e-02 -3.509344e-02 -7.345224e-02
      vertex   2.100000e-02 -4.774073e-02 -7.805000e-02
    endloop
  endfacet
  facet normal  1.000000e+00  7.328125e-07 -1.593306e-06
    outer loop
      vertex   2.100000e-02 -8.534454e-03 -6.766136e-02
      vertex   2.100001e-02 -1.030278e-02 -6.303850e-02
      vertex   2.100000e-02 -1.416096e-02 -7.024917e-02
    endloop
  endfacet
  facet normal  1.000000e+00 -2.754143e-06  2.724456e-07
    outer loop
      vertex   2.100001e-02 -1.030278e-02 -6.303850e-02
      vertex   2.100000e-02 -1.288652e-02 -5.736581e-02
      vertex   2.100000e-02 -1.416096e-02 -7.024917e-02
    endloop
  endfacet
  facet normal  1.000000e+00  3.979144e-06 -3.515295e-07
    outer loop
      vertex   2.100000e-02 -8.534454e-03 -6.766136e-02
      vertex   2.100000e-02 -7.872328e-03 -6.016642e-02
      vertex   2.100001e-02 -1.030278e-02 -6.303850e-02
    endloop
  endfacet
  facet normal  1.000000e+00 -2.834878e-16  0.000000e+00
    outer loop
      vertex   2.100000e-02 -4.774073e-02 -4.805000e-02
      vertex   2.100000e-02 -4.774073e-02 -7.805000e-02
      vertex   2.100000e-02 -3.550230e-02 -6.366623e-02
    endloop
  endfacet
  facet normal  1.000000e+00  6.779166e-16  7.534522e-16
    outer loop
      vertex   2.100000e-02 -3.550230e-02 -6.366623e-02
      vertex   2.100000e-02 -3.670579e-02 -5.797866e-02
      vertex   2.100000e-02 -4.774073e-02 -4.805000e-02
    endloop
  endfacet
  facet normal  1.000000e+00  6.553230e-06 -3.959442e-06
    outer loop
      vertex   2.100000e-02 -4.835233e-02 -4.805000e-02
      vertex   2.100000e-02 -4.774073e-02 -4.805000e-02
      vertex   2.099996e-02 -1.782137e-02 -8.000000e-03
    endloop
  endfacet
  facet normal  1.000000e+00  5.037197e-07  5.598457e-07
    outer loop
      vertex   2.100000e-02 -4.774073e-02 -4.805000e-02
      vertex   2.100000e-02 -3.670579e-02 -5.797866e-02
      vertex   2.099996e-02 -1.782137e-02 -8.000000e-03
    endloop
  endfacet
  facet normal  1.000000e+00  5.422268e-06 -1.298626e-06
    outer loop
      vertex   2.099996e-02 -1.782137e-02 -8.000000e-03
      vertex   2.100000e-02 -3.670579e-02 -5.797866e-02
      vertex   2.099993e-02 -1.781168e-02 -3.499993e-02
    endloop
  endfacet
  facet normal  1.000000e+00 -8.165161e-06  8.209162e-06
    outer loop
      vertex   2.099993e-02 -1.781168e-02 -3.499993e-02
      vertex   2.100000e-02 -3.201047e-02 -5.796738e-02
      vertex   2.100000e-02 -8.919320e-03 -3.500000e-02
    endloop
  endfacet
  facet normal  9.796017e-01  6.865637e-02 -1.888565e-01
    outer loop
      vertex   2.100000e-02 -4.774073e-02 -7.805000e-02
      vertex   2.100000e-02 -3.509344e-02 -7.345224e-02
      vertex   2.187697e-02 -3.755778e-02 -6.979927e-02
    endloop
  endfacet
  facet normal  1.000000e+00 -7.610118e-09  3.166055e-06
    outer loop
      vertex   2.100000e-02 -3.670579e-02 -5.797866e-02
      vertex   2.100000e-02 -3.201047e-02 -5.796738e-02
      vertex   2.099993e-02 -1.781168e-02 -3.499993e-02
    endloop
  endfacet
  facet normal  1.000000e+00  1.824369e-16 -3.236024e-17
    outer loop
      vertex   2.100000e-02 -8.919320e-03 -3.500000e-02
      vertex   2.100000e-02 -3.201047e-02 -5.796738e-02
      vertex   2.100000e-02 -1.288652e-02 -5.736581e-02
    endloop
  endfacet
  facet normal  9.396654e-01 -2.605461e-01  2.216858e-01
    outer loop
      vertex   2.100000e-02 -4.774073e-02 -7.805000e-02
      vertex   2.187697e-02 -3.755778e-02 -6.979927e-02
      vertex   2.100000e-02 -3.550230e-02 -6.366623e-02
    endloop
  endfacet
  facet normal  1.000000e+00  8.384095e-17  5.352515e-16
    outer loop
      vertex   2.100000e-02 -5.740732e-03 -7.805000e-02
      vertex   2.100000e-02 -1.416096e-02 -7.024917e-02
      vertex   2.100000e-02 -3.509344e-02 -7.345224e-02
    endloop
  endfacet
  facet normal  1.000000e+00 -6.388153e-07 -1.717907e-07
    outer loop
      vertex   2.100000e-02 -8.534454e-03 -6.766136e-02
      vertex   2.100000e-02 -9.074948e-03 -7.247492e-02
      vertex   2.100000e-02 -5.740732e-03 -7.805000e-02
    endloop
  endfacet
  facet normal  1.000000e+00  2.349039e-16 -2.925339e-16
    outer loop
      vertex   2.100000e-02 -1.288652e-02 -5.736581e-02
      vertex   2.100000e-02 -3.550230e-02 -6.366623e-02
      vertex   2.100000e-02 -1.416096e-02 -7.024917e-02
    endloop
  endfacet
  facet normal  1.000000e+00  2.185973e-16 -3.453984e-16
    outer loop
      vertex   2.100000e-02 -3.550230e-02 -6.366623e-02
      vertex   2.100000e-02 -3.509344e-02 -7.345224e-02
      vertex   2.100000e-02 -1.416096e-02 -7.024917e-02
    endloop
  endfacet
  facet normal  1.000000e+00  1.849843e-16 -1.133445e-16
    outer loop
      vertex   2.100000e-02 -3.201047e-02 -5.796738e-02
      vertex   2.100000e-02 -3.550230e-02 -6.366623e-02
      vertex   2.100000e-02 -1.288652e-02 -5.736581e-02
    endloop
  endfacet
  facet normal  1.000000e+00 -6.295549e-16  1.116690e-16
    outer loop
      vertex   2.100000e-02 -1.288652e-02 -5.736581e-02
      vertex   2.100000e-02 -7.872328e-03 -6.016642e-02
      vertex   2.100000e-02 -8.919320e-03 -3.500000e-02
    endloop
  endfacet
  facet normal  1.000000e+00 -1.295696e-15 -3.484395e-16
    outer loop
      vertex   2.100000e-02 -8.534454e-03 -6.766136e-02
      vertex   2.100000e-02 -5.740732e-03 -7.805000e-02
      vertex   2.100000e-02 -7.872328e-03 -6.016642e-02
    endloop
  endfacet
  facet normal  1.000000e+00  4.277112e-15  3.157997e-16
    outer loop
      vertex   2.100000e-02 -5.740732e-03 -7.805000e-02
      vertex   2.100000e-02 -8.919320e-03 -3.500000e-02
      vertex   2.100000e-02 -7.872328e-03 -6.016642e-02
    endloop
  endfacet
  facet normal  7.896299e-01 -6.135833e-01  2.061668e-04
    outer loop
      vertex   1.045706e-02 -4.053739e-02 -3.637565e-02
      vertex   7.979422e-03 -4.371638e-02 -8.034180e-03
      vertex   7.991729e-03 -4.371010e-02 -3.648929e-02
    endloop
  endfacet
  facet normal -5.182065e-02  9.824252e-01 -1.793193e-01
    outer loop
      vertex   1.446126e-02  4.774388e-02 -7.999937e-03
      vertex  -2.609386e-02  4.560467e-02 -8.000000e-03
      vertex  -2.008628e-02  4.738177e-02 -3.423659e-08
    endloop
  endfacet
  facet normal -4.329156e-01  8.924650e-01  1.268477e-01
    outer loop
      vertex  -2.008628e-02  4.738177e-02 -3.423659e-08
      vertex  -2.609386e-02  4.560467e-02 -8.000000e-03
      vertex  -3.281633e-02  4.120670e-02  0.000000e+00
    endloop
  endfacet
  facet normal -6.358632e-01  7.632251e-01 -1.147403e-01
    outer loop
      vertex  -2.609386e-02  4.560467e-02 -8.000000e-03
      vertex  -3.468672e-02  3.844573e-02 -8.000000e-03
      vertex  -3.281633e-02  4.120670e-02  0.000000e+00
    endloop
  endfacet
  facet normal -9.198909e-01  3.833402e-01  8.277089e-02
    outer loop
      vertex  -3.468672e-02  3.844573e-02 -8.000000e-03
      vertex  -3.908532e-02  2.789054e-02 -8.000011e-03
      vertex  -3.281633e-02  4.120670e-02  0.000000e+00
    endloop
  endfacet
  facet normal -9.070958e-01  4.207956e-01  1.039906e-02
    outer loop
      vertex  -3.281633e-02  4.120670e-02  0.000000e+00
      vertex  -3.908532e-02  2.789054e-02 -8.000011e-03
      vertex  -3.911730e-02  2.762391e-02 -5.570575e-08
    endloop
  endfacet
  facet normal -1.000000e+00  0.000000e+00  0.000000e+00
    outer loop
      vertex  -2.100000e-02 -8.919320e-03 -3.500000e-02
      vertex  -2.100000e-02 -8.919320e-03 -8.000000e-03
      vertex  -2.100000e-02 -5.740732e-03 -8.000000e-03
    endloop
  endfacet
  facet normal -9.999999e-01  3.377318e-04  5.017941e-06
    outer loop
      vertex  -2.100000e-02 -4.774073e-02 -4.955000e-02
      vertex  -2.100021e-02 -4.835301e-02 -4.955021e-02
      vertex  -2.100000e-02 -4.835807e-02 -8.000000e-03
    endloop
  endfacet
  facet normal -1.000000e+00  6.048195e-16  8.986267e-18
    outer loop
      vertex  -2.100000e-02 -4.835807e-02 -8.000000e-03
      vertex  -2.100000e-02 -3.615624e-02 -5.707606e-02
      vertex  -2.100000e-02 -4.774073e-02 -4.955000e-02
    endloop
  endfacet
  facet normal -1.000000e+00  9.436493e-07  2.346205e-07
    outer loop
      vertex  -2.099997e-02 -1.781173e-02 -8.000000e-03
      vertex  -2.100000e-02 -3.615624e-02 -5.707606e-02
      vertex  -2.100000e-02 -4.835807e-02 -8.000000e-03
    endloop
  endfacet
  facet normal -1.000000e+00 -2.339708e-06  1.244625e-06
    outer loop
      vertex  -2.100001e-02 -3.170716e-02 -6.822161e-02
      vertex  -2.100000e-02 -3.152727e-02 -6.081118e-02
      vertex  -2.100000e-02 -1.779682e-02 -3.500000e-02
    endloop
  endfacet
  facet normal -9.992582e-01  3.849867e-02 -9.333760e-04
    outer loop
      vertex  -2.100000e-02 -3.152727e-02 -6.081118e-02
      vertex  -2.100001e-02 -3.170716e-02 -6.822161e-02
      vertex  -2.117487e-02 -3.618737e-02 -6.581370e-02
    endloop
  endfacet
  facet normal -9.997166e-01  1.296820e-02  1.996131e-02
    outer loop
      vertex  -2.100000e-02 -4.774073e-02 -4.955000e-02
      vertex  -2.100000e-02 -3.615624e-02 -5.707606e-02
      vertex  -2.117487e-02 -3.618737e-02 -6.581370e-02
    endloop
  endfacet
  facet normal -1.000000e+00  0.000000e+00  0.000000e+00
    outer loop
      vertex  -2.100000e-02 -7.380046e-03 -5.904689e-02
      vertex  -2.100000e-02 -1.291983e-02 -5.806017e-02
      vertex  -2.100000e-02 -1.779682e-02 -3.500000e-02
    endloop
  endfacet
  facet normal -1.000000e+00 -1.048821e-15  5.579281e-16
    outer loop
      vertex  -2.100000e-02 -3.152727e-02 -6.081118e-02
      vertex  -2.100000e-02 -3.615624e-02 -5.707606e-02
      vertex  -2.100000e-02 -1.779682e-02 -3.500000e-02
    endloop
  endfacet
  facet normal -1.000000e+00 -1.282863e-06  1.066886e-06
    outer loop
      vertex  -2.100000e-02 -1.779682e-02 -3.500000e-02
      vertex  -2.100000e-02 -3.615624e-02 -5.707606e-02
      vertex  -2.099997e-02 -1.781173e-02 -8.000000e-03
    endloop
  endfacet
  facet normal -1.000000e+00  0.000000e+00  0.000000e+00
    outer loop
      vertex  -2.100000e-02 -4.774073e-02 -7.805000e-02
      vertex  -2.100000e-02 -3.621362e-02 -7.293263e-02
      vertex  -2.100000e-02 -5.740732e-03 -7.805000e-02
    endloop
  endfacet
  facet normal -1.000000e+00  0.000000e+00  0.000000e+00
    outer loop
      vertex  -2.100000e-02 -1.779682e-02 -3.500000e-02
      vertex  -2.100000e-02 -8.919320e-03 -3.500000e-02
      vertex  -2.100000e-02 -7.380046e-03 -5.904689e-02
    endloop
  endfacet
  facet normal -1.000000e+00  0.000000e+00  0.000000e+00
    outer loop
      vertex  -2.100000e-02 -8.919320e-03 -3.500000e-02
      vertex  -2.100000e-02 -5.740732e-03 -8.000000e-03
      vertex  -2.100000e-02 -7.380046e-03 -5.904689e-02
    endloop
  endfacet
  facet normal -1.000000e+00  1.831139e-15  1.617485e-15
    outer loop
      vertex  -2.100000e-02 -1.405280e-02 -7.078496e-02
      vertex  -2.100000e-02 -8.900290e-03 -7.232814e-02
      vertex  -2.100000e-02 -5.740732e-03 -7.805000e-02
    endloop
  endfacet
  facet normal -7.788660e-01  6.248696e-01  5.390472e-02
    outer loop
      vertex  -2.100000e-02 -5.740732e-03 -7.805000e-02
      vertex  -2.247708e-02 -8.443324e-03 -6.806342e-02
      vertex  -2.100000e-02 -7.380046e-03 -5.904689e-02
    endloop
  endfacet
  facet normal -9.786566e-01 -1.103850e-01  1.733392e-01
    outer loop
      vertex  -2.100000e-02 -7.380046e-03 -5.904689e-02
      vertex  -2.247708e-02 -8.443324e-03 -6.806342e-02
      vertex  -2.100000e-02 -1.275030e-02 -6.246674e-02
    endloop
  endfacet
  facet normal -8.574705e-01 -4.504250e-01 -2.487201e-01
    outer loop
      vertex  -2.100000e-02 -5.740732e-03 -7.805000e-02
      vertex  -2.100000e-02 -8.900290e-03 -7.232814e-02
      vertex  -2.247708e-02 -8.443324e-03 -6.806342e-02
    endloop
  endfacet
  facet normal -9.996378e-01  1.091882e-02 -2.459516e-02
    outer loop
      vertex  -2.100000e-02 -4.774073e-02 -7.805000e-02
      vertex  -2.117487e-02 -3.618737e-02 -6.581370e-02
      vertex  -2.100000e-02 -3.621362e-02 -7.293263e-02
    endloop
  endfacet
  facet normal -1.000000e+00 -2.703449e-07 -1.609848e-06
    outer loop
      vertex  -2.100000e-02 -3.621362e-02 -7.293263e-02
      vertex  -2.100001e-02 -3.170716e-02 -6.822161e-02
      vertex  -2.100000e-02 -5.740732e-03 -7.805000e-02
    endloop
  endfacet
  facet normal -9.998855e-01 -1.513394e-02 -0.000000e+00
    outer loop
      vertex  -2.100000e-02 -4.774073e-02 -4.955000e-02
      vertex  -2.117487e-02 -3.618737e-02 -6.581370e-02
      vertex  -2.100000e-02 -4.774073e-02 -7.805000e-02
    endloop
  endfacet
  facet normal -1.000000e+00  5.979185e-07  6.840891e-07
    outer loop
      vertex  -2.100000e-02 -5.740732e-03 -7.805000e-02
      vertex  -2.100001e-02 -3.170716e-02 -6.822161e-02
      vertex  -2.100000e-02 -1.405280e-02 -7.078496e-02
    endloop
  endfacet
  facet normal -1.000000e+00 -4.550541e-15 -9.623941e-16
    outer loop
      vertex  -2.100000e-02 -1.291983e-02 -5.806017e-02
      vertex  -2.100000e-02 -1.275030e-02 -6.246674e-02
      vertex  -2.100000e-02 -1.779682e-02 -3.500000e-02
    endloop
  endfacet
  facet normal -9.608293e-01 -2.738045e-01  4.287314e-02
    outer loop
      vertex  -2.247708e-02 -8.443324e-03 -6.806342e-02
      vertex  -2.100000e-02 -1.405280e-02 -7.078496e-02
      vertex  -2.100000e-02 -1.275030e-02 -6.246674e-02
    endloop
  endfacet
  facet normal -1.000000e+00  5.062826e-07  5.297014e-08
    outer loop
      vertex  -2.100000e-02 -1.779682e-02 -3.500000e-02
      vertex  -2.100000e-02 -1.405280e-02 -7.078496e-02
      vertex  -2.100001e-02 -3.170716e-02 -6.822161e-02
    endloop
  endfacet
  facet normal -1.000000e+00  0.000000e+00  0.000000e+00
    outer loop
      vertex  -2.100000e-02 -5.740732e-03 -7.805000e-02
      vertex  -2.100000e-02 -7.380046e-03 -5.904689e-02
      vertex  -2.100000e-02 -5.740732e-03 -8.000000e-03
    endloop
  endfacet
  facet normal -1.000000e+00  2.822371e-15  3.922451e-16
    outer loop
      vertex  -2.100000e-02 -1.779682e-02 -3.500000e-02
      vertex  -2.100000e-02 -1.275030e-02 -6.246674e-02
      vertex  -2.100000e-02 -1.405280e-02 -7.078496e-02
    endloop
  endfacet
  facet normal -3.422721e-04 -9.999999e-01 -1.000674e-05
    outer loop
      vertex  -7.780659e-03 -4.371098e-02 -8.046344e-03
      vertex  -8.070850e-03 -4.371060e-02 -3.644481e-02
      vertex   7.979422e-03 -4.371638e-02 -8.034180e-03
    endloop
  endfacet
  facet normal  3.053304e-05 -1.000000e+00 -2.206189e-04
    outer loop
      vertex  -8.070850e-03 -4.371060e-02 -3.644481e-02
      vertex   7.991729e-03 -4.371010e-02 -3.648929e-02
      vertex   7.979422e-03 -4.371638e-02 -8.034180e-03
    endloop
  endfacet
  facet normal  9.988657e-01 -4.748492e-02  3.521523e-03
    outer loop
      vertex   3.816309e-02  1.472576e-02 -8.000000e-03
      vertex   3.879607e-02  2.804077e-02 -7.999999e-03
      vertex   3.893219e-02  3.149747e-02 -5.448574e-08
    endloop
  endfacet
  facet normal  9.177967e-01  3.585572e-01 -1.705458e-01
    outer loop
      vertex   3.879607e-02  2.804077e-02 -7.999999e-03
      vertex   3.382052e-02  4.077666e-02 -8.000000e-03
      vertex   3.893219e-02  3.149747e-02 -5.448574e-08
    endloop
  endfacet
  facet normal  6.805134e-01  6.561161e-01  3.262103e-01
    outer loop
      vertex   3.893219e-02  3.149747e-02 -5.448574e-08
      vertex   3.382052e-02  4.077666e-02 -8.000000e-03
      vertex   2.377845e-02  4.721467e-02 -0.000000e+00
    endloop
  endfacet
  facet normal  3.213646e-01  8.929543e-01 -3.152101e-01
    outer loop
      vertex   3.382052e-02  4.077666e-02 -8.000000e-03
      vertex   1.446126e-02  4.774388e-02 -7.999937e-03
      vertex   2.377845e-02  4.721467e-02 -0.000000e+00
    endloop
  endfacet
  facet normal  4.615452e-07 -5.985551e-07 -1.000000e+00
    outer loop
      vertex  -3.824780e-02  1.106512e-02 -8.000000e-03
      vertex  -3.908532e-02  2.789054e-02 -8.000011e-03
      vertex  -1.886250e-02  2.601310e-02 -8.000000e-03
    endloop
  endfacet
  facet normal -0.000000e+00  0.000000e+00 -1.000000e+00
    outer loop
      vertex  -2.302028e-02 -1.655460e-02 -8.000000e-03
      vertex  -3.362255e-02 -3.187389e-02 -8.000000e-03
      vertex  -2.899684e-02 -1.283135e-02 -8.000000e-03
    endloop
  endfacet
  facet normal -5.994670e-17 -5.678983e-17 -1.000000e+00
    outer loop
      vertex  -2.099997e-02 -1.781173e-02 -8.000000e-03
      vertex  -2.100000e-02 -4.835807e-02 -8.000000e-03
      vertex  -2.546277e-02 -4.364722e-02 -8.000000e-03
    endloop
  endfacet
  facet normal -8.696398e-06  2.552729e-05 -1.000000e+00
    outer loop
      vertex  -2.100000e-02 -8.919320e-03 -8.000000e-03
      vertex  -1.863616e-02 -1.316633e-02 -8.000129e-03
      vertex  -2.430222e-02 -1.004429e-02 -8.000000e-03
    endloop
  endfacet
  facet normal -2.553237e-05 -5.027565e-06 -1.000000e+00
    outer loop
      vertex  -2.430222e-02 -1.004429e-02 -8.000000e-03
      vertex  -1.863616e-02 -1.316633e-02 -8.000129e-03
      vertex  -2.302028e-02 -1.655460e-02 -8.000000e-03
    endloop
  endfacet
  facet normal  0.000000e+00  0.000000e+00 -1.000000e+00
    outer loop
      vertex  -4.010626e-02 -9.228263e-03 -8.000000e-03
      vertex  -2.899684e-02 -1.283135e-02 -8.000000e-03
      vertex  -3.362255e-02 -3.187389e-02 -8.000000e-03
    endloop
  endfacet
  facet normal -6.001781e-16  4.153751e-16 -1.000000e+00
    outer loop
      vertex  -2.302028e-02 -1.655460e-02 -8.000000e-03
      vertex  -2.099997e-02 -1.781173e-02 -8.000000e-03
      vertex  -3.362255e-02 -3.187389e-02 -8.000000e-03
    endloop
  endfacet
  facet normal -7.755144e-17 -5.374881e-17 -1.000000e+00
    outer loop
      vertex  -3.362255e-02 -3.187389e-02 -8.000000e-03
      vertex  -2.099997e-02 -1.781173e-02 -8.000000e-03
      vertex  -2.546277e-02 -4.364722e-02 -8.000000e-03
    endloop
  endfacet
  facet normal  0.000000e+00 -0.000000e+00 -1.000000e+00
    outer loop
      vertex  -3.824780e-02  1.106512e-02 -8.000000e-03
      vertex  -2.899684e-02 -1.283135e-02 -8.000000e-03
      vertex  -4.010626e-02 -9.228263e-03 -8.000000e-03
    endloop
  endfacet
  facet normal -1.312108e-05 -2.108667e-05 -1.000000e+00
    outer loop
      vertex  -1.863616e-02 -1.316633e-02 -8.000129e-03
      vertex  -2.099997e-02 -1.781173e-02 -8.000000e-03
      vertex  -2.302028e-02 -1.655460e-02 -8.000000e-03
    endloop
  endfacet
  facet normal -0.000000e+00  0.000000e+00 -1.000000e+00
    outer loop
      vertex  -2.430222e-02 -1.004429e-02 -8.000000e-03
      vertex  -2.899684e-02 -1.283135e-02 -8.000000e-03
      vertex  -3.824780e-02  1.106512e-02 -8.000000e-03
    endloop
  endfacet
  facet normal -5.235713e-05  4.829656e-04 -9.999999e-01
    outer loop
      vertex   1.600000e-02 -4.774320e-02 -8.000000e-03
      vertex   1.199221e-02 -4.817768e-02 -8.000000e-03
      vertex   1.537858e-02 -4.012373e-02 -7.996288e-03
    endloop
  endfacet
  facet normal -8.990036e-03  2.315261e-03 -9.999569e-01
    outer loop
      vertex  -1.539904e-02 -3.985979e-02 -7.987150e-03
      vertex  -1.042301e-02 -4.045257e-02 -8.033260e-03
      vertex  -1.600000e-02 -4.774320e-02 -8.000000e-03
    endloop
  endfacet
  facet normal -0.000000e+00  0.000000e+00 -1.000000e+00
    outer loop
      vertex   4.020248e-02 -6.490816e-03 -8.000000e-03
      vertex   2.874127e-02 -1.149319e-02 -8.000000e-03
      vertex   3.816309e-02  1.472576e-02 -8.000000e-03
    endloop
  endfacet
  facet normal  2.201896e-05 -2.873614e-06 -1.000000e+00
    outer loop
      vertex   2.099996e-02 -1.782137e-02 -8.000000e-03
      vertex   1.864383e-02 -1.297907e-02 -8.000067e-03
      vertex   2.171870e-02 -1.231410e-02 -8.000000e-03
    endloop
  endfacet
  facet normal -4.171164e-02 -1.112576e-02 -9.990677e-01
    outer loop
      vertex  -1.886250e-02  2.601310e-02 -8.000000e-03
      vertex  -1.464528e-02  1.462614e-02 -8.049265e-03
      vertex  -1.549680e-02  1.338913e-02 -7.999938e-03
    endloop
  endfacet
  facet normal  0.000000e+00  0.000000e+00 -1.000000e+00
    outer loop
      vertex  -2.430222e-02 -1.004429e-02 -8.000000e-03
      vertex  -3.824780e-02  1.106512e-02 -8.000000e-03
      vertex  -2.100000e-02 -8.919320e-03 -8.000000e-03
    endloop
  endfacet
  facet normal  0.000000e+00  0.000000e+00 -1.000000e+00
    outer loop
      vertex  -2.100000e-02 -8.919320e-03 -8.000000e-03
      vertex  -3.824780e-02  1.106512e-02 -8.000000e-03
      vertex  -2.100000e-02 -5.740732e-03 -8.000000e-03
    endloop
  endfacet
  facet normal  0.000000e+00  0.000000e+00 -1.000000e+00
    outer loop
      vertex  -3.824780e-02  1.106512e-02 -8.000000e-03
      vertex  -1.886250e-02  2.601310e-02 -8.000000e-03
      vertex  -2.100000e-02 -5.740732e-03 -8.000000e-03
    endloop
  endfacet
  facet normal  0.000000e+00  0.000000e+00 -1.000000e+00
    outer loop
      vertex  -2.100000e-02 -5.740732e-03 -8.000000e-03
      vertex  -1.886250e-02  2.601310e-02 -8.000000e-03
      vertex  -1.600000e-02 -5.740732e-03 -8.000000e-03
    endloop
  endfacet
  facet normal  2.811437e-05  2.534415e-06 -1.000000e+00
    outer loop
      vertex  -1.886250e-02  2.601310e-02 -8.000000e-03
      vertex  -1.549680e-02  1.338913e-02 -7.999938e-03
      vertex  -1.600000e-02 -5.740732e-03 -8.000000e-03
    endloop
  endfacet
  facet normal  8.649914e-03 -2.242555e-04 -9.999626e-01
    outer loop
      vertex  -1.549680e-02  1.338913e-02 -7.999938e-03
      vertex  -1.539904e-02 -3.985979e-02 -7.987150e-03
      vertex  -1.600000e-02 -5.740732e-03 -8.000000e-03
    endloop
  endfacet
  facet normal  2.137784e-02  0.000000e+00 -9.997715e-01
    outer loop
      vertex  -1.600000e-02 -5.740732e-03 -8.000000e-03
      vertex  -1.539904e-02 -3.985979e-02 -7.987150e-03
      vertex  -1.600000e-02 -4.774320e-02 -8.000000e-03
    endloop
  endfacet
  facet normal -3.479259e-04 -4.295695e-03 -9.999907e-01
    outer loop
      vertex  -1.600000e-02 -4.774320e-02 -8.000000e-03
      vertex  -1.042301e-02 -4.045257e-02 -8.033260e-03
      vertex  -1.314898e-02 -4.797412e-02 -8.000000e-03
    endloop
  endfacet
  facet normal  0.000000e+00  0.000000e+00 -1.000000e+00
    outer loop
      vertex   1.600000e-02 -5.740732e-03 -8.000000e-03
      vertex   3.816309e-02  1.472576e-02 -8.000000e-03
      vertex   2.100000e-02 -5.740732e-03 -8.000000e-03
    endloop
  endfacet
  facet normal  0.000000e+00  0.000000e+00 -1.000000e+00
    outer loop
      vertex   3.816309e-02  1.472576e-02 -8.000000e-03
      vertex   2.874127e-02 -1.149319e-02 -8.000000e-03
      vertex   2.100000e-02 -5.740732e-03 -8.000000e-03
    endloop
  endfacet
  facet normal  0.000000e+00  0.000000e+00 -1.000000e+00
    outer loop
      vertex   2.100000e-02 -5.740732e-03 -8.000000e-03
      vertex   2.874127e-02 -1.149319e-02 -8.000000e-03
      vertex   2.100000e-02 -8.919320e-03 -8.000000e-03
    endloop
  endfacet
  facet normal  0.000000e+00  0.000000e+00 -1.000000e+00
    outer loop
      vertex   2.100000e-02 -8.919320e-03 -8.000000e-03
      vertex   2.874127e-02 -1.149319e-02 -8.000000e-03
      vertex   2.171870e-02 -1.231410e-02 -8.000000e-03
    endloop
  endfacet
  facet normal  0.000000e+00  0.000000e+00 -1.000000e+00
    outer loop
      vertex   3.610437e-02 -2.590501e-02 -8.000000e-03
      vertex   2.874127e-02 -1.149319e-02 -8.000000e-03
      vertex   4.020248e-02 -6.490816e-03 -8.000000e-03
    endloop
  endfacet
  facet normal -5.974096e-03  0.000000e+00 -9.999822e-01
    outer loop
      vertex   1.600000e-02 -4.774320e-02 -8.000000e-03
      vertex   1.537858e-02 -4.012373e-02 -7.996288e-03
      vertex   1.600000e-02 -5.740732e-03 -8.000000e-03
    endloop
  endfacet
  facet normal -1.849474e-03 -7.454774e-05 -9.999983e-01
    outer loop
      vertex   1.537858e-02 -4.012373e-02 -7.996288e-03
      vertex   1.549165e-02  1.409489e-02 -8.000539e-03
      vertex   1.600000e-02 -5.740732e-03 -8.000000e-03
    endloop
  endfacet
  facet normal  2.449131e-05 -2.652154e-05 -1.000000e+00
    outer loop
      vertex   1.600000e-02 -5.740732e-03 -8.000000e-03
      vertex   1.549165e-02  1.409489e-02 -8.000539e-03
      vertex   3.816309e-02  1.472576e-02 -8.000000e-03
    endloop
  endfacet
  facet normal  3.710175e-16 -4.842013e-17 -1.000000e+00
    outer loop
      vertex   2.171870e-02 -1.231410e-02 -8.000000e-03
      vertex   2.580554e-02 -1.682532e-02 -8.000000e-03
      vertex   2.099996e-02 -1.782137e-02 -8.000000e-03
    endloop
  endfacet
  facet normal  3.609813e-16  4.432109e-22 -1.000000e+00
    outer loop
      vertex   2.099996e-02 -1.782137e-02 -8.000000e-03
      vertex   2.580554e-02 -1.682532e-02 -8.000000e-03
      vertex   2.100000e-02 -4.835807e-02 -8.000000e-03
    endloop
  endfacet
  facet normal  2.378329e-05 -1.077569e-06 -1.000000e+00
    outer loop
      vertex   3.816309e-02  1.472576e-02 -8.000000e-03
      vertex   1.549165e-02  1.409489e-02 -8.000539e-03
      vertex   3.879607e-02  2.804077e-02 -7.999999e-03
    endloop
  endfacet
  facet normal  2.689376e-03 -4.455447e-03 -9.999865e-01
    outer loop
      vertex   1.549165e-02  1.409489e-02 -8.000539e-03
      vertex   1.060267e-02  1.511726e-02 -8.018242e-03
      vertex   3.879607e-02  2.804077e-02 -7.999999e-03
    endloop
  endfacet
  facet normal  2.046077e-05  4.331664e-06 -1.000000e+00
    outer loop
      vertex   1.864383e-02 -1.297907e-02 -8.000067e-03
      vertex   2.100000e-02 -8.919320e-03 -8.000000e-03
      vertex   2.171870e-02 -1.231410e-02 -8.000000e-03
    endloop
  endfacet
  facet normal -3.064907e-16 -1.565883e-16 -1.000000e+00
    outer loop
      vertex   2.580554e-02 -1.682532e-02 -8.000000e-03
      vertex   2.874127e-02 -1.149319e-02 -8.000000e-03
      vertex   3.610437e-02 -2.590501e-02 -8.000000e-03
    endloop
  endfacet
  facet normal  1.247322e-02 -4.783601e-03 -9.999108e-01
    outer loop
      vertex   1.040458e-02 -4.054250e-02 -8.056331e-03
      vertex   1.537858e-02 -4.012373e-02 -7.996288e-03
      vertex   1.199221e-02 -4.817768e-02 -8.000000e-03
    endloop
  endfacet
  facet normal -7.194812e-17  6.597816e-17 -1.000000e+00
    outer loop
      vertex   2.100000e-02 -4.835807e-02 -8.000000e-03
      vertex   2.580554e-02 -1.682532e-02 -8.000000e-03
      vertex   2.817810e-02 -4.053047e-02 -8.000000e-03
    endloop
  endfacet
  facet normal -1.139798e-16  6.177135e-17 -1.000000e+00
    outer loop
      vertex   2.817810e-02 -4.053047e-02 -8.000000e-03
      vertex   2.580554e-02 -1.682532e-02 -8.000000e-03
      vertex   3.610437e-02 -2.590501e-02 -8.000000e-03
    endloop
  endfacet
  facet normal -3.593288e-05  1.489992e-03 -9.999989e-01
    outer loop
      vertex   1.060267e-02  1.511726e-02 -8.018242e-03
      vertex   7.925201e-03  1.821936e-02 -8.013524e-03
      vertex   3.879607e-02  2.804077e-02 -7.999999e-03
    endloop
  endfacet
  facet normal  4.098530e-04 -7.292463e-03 -9.999733e-01
    outer loop
      vertex   7.979422e-03 -4.371638e-02 -8.034180e-03
      vertex   1.040458e-02 -4.054250e-02 -8.056331e-03
      vertex   1.199221e-02 -4.817768e-02 -8.000000e-03
    endloop
  endfacet
  facet normal  7.691008e-04 -7.898968e-03 -9.999685e-01
    outer loop
      vertex  -7.780659e-03 -4.371098e-02 -8.046344e-03
      vertex   7.979422e-03 -4.371638e-02 -8.034180e-03
      vertex  -8.094114e-03 -4.960835e-02 -8.000000e-03
    endloop
  endfacet
  facet normal  2.681535e-03 -5.249235e-03 -9.999827e-01
    outer loop
      vertex   3.290634e-05 -5.428701e-02 -8.000000e-03
      vertex   7.979422e-03 -4.371638e-02 -8.034180e-03
      vertex   1.199221e-02 -4.817768e-02 -8.000000e-03
    endloop
  endfacet
  facet normal -2.497592e-03 -7.725326e-03 -9.999670e-01
    outer loop
      vertex  -1.314898e-02 -4.797412e-02 -8.000000e-03
      vertex  -7.780659e-03 -4.371098e-02 -8.046344e-03
      vertex  -8.094114e-03 -4.960835e-02 -8.000000e-03
    endloop
  endfacet
  facet normal -5.443091e-05  1.548136e-03 -9.999988e-01
    outer loop
      vertex   3.879607e-02  2.804077e-02 -7.999999e-03
      vertex   7.925201e-03  1.821936e-02 -8.013524e-03
      vertex  -1.886250e-02  2.601310e-02 -8.000000e-03
    endloop
  endfacet
  facet normal  2.514248e-03  1.037680e-02 -9.999430e-01
    outer loop
      vertex   7.925201e-03  1.821936e-02 -8.013524e-03
      vertex  -7.564310e-03  1.813385e-02 -8.053359e-03
      vertex  -1.886250e-02  2.601310e-02 -8.000000e-03
    endloop
  endfacet
  facet normal -2.299371e-03  3.474795e-03 -9.999913e-01
    outer loop
      vertex  -7.564310e-03  1.813385e-02 -8.053359e-03
      vertex  -1.464528e-02  1.462614e-02 -8.049265e-03
      vertex  -1.886250e-02  2.601310e-02 -8.000000e-03
    endloop
  endfacet
  facet normal -7.190672e-03 -1.815660e-03 -9.999725e-01
    outer loop
      vertex  -1.042301e-02 -4.045257e-02 -8.033260e-03
      vertex  -7.780659e-03 -4.371098e-02 -8.046344e-03
      vertex  -1.314898e-02 -4.797412e-02 -8.000000e-03
    endloop
  endfacet
  facet normal -1.299191e-03 -2.256751e-03 -9.999966e-01
    outer loop
      vertex   7.979422e-03 -4.371638e-02 -8.034180e-03
      vertex   3.290634e-05 -5.428701e-02 -8.000000e-03
      vertex  -8.094114e-03 -4.960835e-02 -8.000000e-03
    endloop
  endfacet
  facet normal -1.112962e-06  4.607337e-06 -1.000000e+00
    outer loop
      vertex   1.446126e-02  4.774388e-02 -7.999937e-03
      vertex   2.184410e-02  3.584630e-02 -8.000000e-03
      vertex  -1.886250e-02  2.601310e-02 -8.000000e-03
    endloop
  endfacet
  facet normal  1.106207e-08  9.077819e-06 -1.000000e+00
    outer loop
      vertex   3.382052e-02  4.077666e-02 -8.000000e-03
      vertex   2.500845e-02  4.078740e-02 -8.000000e-03
      vertex   1.446126e-02  4.774388e-02 -7.999937e-03
    endloop
  endfacet
  facet normal  0.000000e+00  0.000000e+00 -1.000000e+00
    outer loop
      vertex   2.922804e-02  3.670941e-02 -8.000000e-03
      vertex   2.500845e-02  4.078740e-02 -8.000000e-03
      vertex   3.382052e-02  4.077666e-02 -8.000000e-03
    endloop
  endfacet
  facet normal -4.201576e-06  2.690749e-06 -1.000000e+00
    outer loop
      vertex   1.446126e-02  4.774388e-02 -7.999937e-03
      vertex   2.500845e-02  4.078740e-02 -8.000000e-03
      vertex   2.184410e-02  3.584630e-02 -8.000000e-03
    endloop
  endfacet
  facet normal  1.434098e-08 -5.936746e-08 -1.000000e+00
    outer loop
      vertex   3.879607e-02  2.804077e-02 -7.999999e-03
      vertex  -1.886250e-02  2.601310e-02 -8.000000e-03
      vertex   2.184410e-02  3.584630e-02 -8.000000e-03
    endloop
  endfacet
  facet normal  8.437952e-09 -7.218759e-08 -1.000000e+00
    outer loop
      vertex   3.879607e-02  2.804077e-02 -7.999999e-03
      vertex   2.184410e-02  3.584630e-02 -8.000000e-03
      vertex   2.922804e-02  3.670941e-02 -8.000000e-03
    endloop
  endfacet
  facet normal  3.650025e-08 -4.121374e-08 -1.000000e+00
    outer loop
      vertex   3.879607e-02  2.804077e-02 -7.999999e-03
      vertex   2.922804e-02  3.670941e-02 -8.000000e-03
      vertex   3.382052e-02  4.077666e-02 -8.000000e-03
    endloop
  endfacet
  facet normal -2.630693e-16  7.344582e-17 -1.000000e+00
    outer loop
      vertex  -2.609386e-02  4.560467e-02 -8.000000e-03
      vertex  -2.750641e-02  4.054516e-02 -8.000000e-03
      vertex  -3.468672e-02  3.844573e-02 -8.000000e-03
    endloop
  endfacet
  facet normal  5.687870e-07  5.565955e-07 -1.000000e+00
    outer loop
      vertex  -3.908532e-02  2.789054e-02 -8.000011e-03
      vertex  -2.644397e-02  3.376063e-02 -8.000000e-03
      vertex  -1.886250e-02  2.601310e-02 -8.000000e-03
    endloop
  endfacet
  facet normal -2.310170e-16 -3.617693e-17 -1.000000e+00
    outer loop
      vertex  -2.750641e-02  4.054516e-02 -8.000000e-03
      vertex  -2.644397e-02  3.376063e-02 -8.000000e-03
      vertex  -3.468672e-02  3.844573e-02 -8.000000e-03
    endloop
  endfacet
  facet normal  4.552896e-07  8.010145e-07 -1.000000e+00
    outer loop
      vertex  -3.468672e-02  3.844573e-02 -8.000000e-03
      vertex  -2.644397e-02  3.376063e-02 -8.000000e-03
      vertex  -3.908532e-02  2.789054e-02 -8.000011e-03
    endloop
  endfacet
  facet normal  1.962689e-16  1.920620e-16 -1.000000e+00
    outer loop
      vertex  -1.886250e-02  2.601310e-02 -8.000000e-03
      vertex  -2.644397e-02  3.376063e-02 -8.000000e-03
      vertex  -2.191269e-02  3.816220e-02 -8.000000e-03
    endloop
  endfacet
  facet normal  1.509521e-06  8.480461e-07 -1.000000e+00
    outer loop
      vertex   1.446126e-02  4.774388e-02 -7.999937e-03
      vertex  -2.191269e-02  3.816220e-02 -8.000000e-03
      vertex  -2.609386e-02  4.560467e-02 -8.000000e-03
    endloop
  endfacet
  facet normal  2.771558e-16 -7.737860e-17 -1.000000e+00
    outer loop
      vertex  -2.609386e-02  4.560467e-02 -8.000000e-03
      vertex  -2.191269e-02  3.816220e-02 -8.000000e-03
      vertex  -2.750641e-02  4.054516e-02 -8.000000e-03
    endloop
  endfacet
  facet normal  1.625417e-06  4.080821e-07 -1.000000e+00
    outer loop
      vertex  -1.886250e-02  2.601310e-02 -8.000000e-03
      vertex  -2.191269e-02  3.816220e-02 -8.000000e-03
      vertex   1.446126e-02  4.774388e-02 -7.999937e-03
    endloop
  endfacet
  facet normal -7.955899e-01 -6.057811e-01  8.121583e-03
    outer loop
      vertex  -8.070850e-03 -4.371060e-02 -3.644481e-02
      vertex  -7.780659e-03 -4.371098e-02 -8.046344e-03
      vertex  -1.048800e-02 -4.053707e-02 -3.651789e-02
    endloop
  endfacet
  facet normal -7.766975e-01 -6.298633e-01  3.640531e-03
    outer loop
      vertex  -7.780659e-03 -4.371098e-02 -8.046344e-03
      vertex  -1.042301e-02 -4.045257e-02 -8.033260e-03
      vertex  -1.048800e-02 -4.053707e-02 -3.651789e-02
    endloop
  endfacet
  facet normal -9.953002e-01  9.114949e-02 -3.269958e-02
    outer loop
      vertex  -3.870002e-02  8.997037e-03  0.000000e+00
      vertex  -3.824780e-02  1.106512e-02 -8.000000e-03
      vertex  -4.010626e-02 -9.228263e-03 -8.000000e-03
    endloop
  endfacet
  facet normal -9.819674e-01 -7.156804e-03  1.889145e-01
    outer loop
      vertex  -3.870002e-02  8.997037e-03  0.000000e+00
      vertex  -4.010626e-02 -9.228263e-03 -8.000000e-03
      vertex  -3.849957e-02 -1.850664e-02  0.000000e+00
    endloop
  endfacet
  facet normal -9.538116e-01 -2.730876e-01 -1.251661e-01
    outer loop
      vertex  -4.010626e-02 -9.228263e-03 -8.000000e-03
      vertex  -3.362255e-02 -3.187389e-02 -8.000000e-03
      vertex  -3.849957e-02 -1.850664e-02  0.000000e+00
    endloop
  endfacet
  facet normal -9.223453e-01 -3.796007e-01  7.199001e-02
    outer loop
      vertex  -3.849957e-02 -1.850664e-02  0.000000e+00
      vertex  -3.362255e-02 -3.187389e-02 -8.000000e-03
      vertex  -3.157232e-02 -3.533831e-02  0.000000e+00
    endloop
  endfacet
  facet normal -8.213642e-01 -5.692654e-01 -3.602405e-02
    outer loop
      vertex  -3.362255e-02 -3.187389e-02 -8.000000e-03
      vertex  -2.546277e-02 -4.364722e-02 -8.000000e-03
      vertex  -3.157232e-02 -3.533831e-02  0.000000e+00
    endloop
  endfacet
  facet normal -8.033152e-01 -5.955328e-01  5.041640e-03
    outer loop
      vertex  -3.157232e-02 -3.533831e-02  0.000000e+00
      vertex  -2.546277e-02 -4.364722e-02 -8.000000e-03
      vertex  -2.510683e-02 -4.405962e-02  6.911617e-20
    endloop
  endfacet
  facet normal  3.533697e-04  9.999983e-01  1.795980e-03
    outer loop
      vertex   1.250000e-02 -4.774073e-02 -4.805000e-02
      vertex   1.600000e-02 -4.774197e-02 -4.805000e-02
      vertex   1.367000e-02 -4.769358e-02 -7.453379e-02
    endloop
  endfacet
  facet normal  2.029454e-02  9.997941e-01  4.121805e-05
    outer loop
      vertex   1.600000e-02 -4.774197e-02 -4.805000e-02
      vertex   1.600000e-02 -4.774073e-02 -7.805000e-02
      vertex   1.367000e-02 -4.769358e-02 -7.453379e-02
    endloop
  endfacet
  facet normal -1.661089e-03  9.998934e-01 -1.450887e-02
    outer loop
      vertex   1.367000e-02 -4.769358e-02 -7.453379e-02
      vertex   1.600000e-02 -4.774073e-02 -7.805000e-02
      vertex  -1.293295e-02 -4.773732e-02 -7.450227e-02
    endloop
  endfacet
  facet normal  0.000000e+00  9.999995e-01 -9.622243e-04
    outer loop
      vertex   1.600000e-02 -4.774073e-02 -7.805000e-02
      vertex  -1.600000e-02 -4.774073e-02 -7.805000e-02
      vertex  -1.293295e-02 -4.773732e-02 -7.450227e-02
    endloop
  endfacet
  facet normal -1.286663e-03  9.999992e-01  1.501107e-04
    outer loop
      vertex  -1.293295e-02 -4.773732e-02 -7.450227e-02
      vertex  -1.600000e-02 -4.774073e-02 -7.805000e-02
      vertex  -1.250000e-02 -4.774073e-02 -4.805000e-02
    endloop
  endfacet
  facet normal -3.533703e-04  9.999999e-01  4.122654e-05
    outer loop
      vertex  -1.600000e-02 -4.774073e-02 -7.805000e-02
      vertex  -1.600000e-02 -4.774197e-02 -4.805000e-02
      vertex  -1.250000e-02 -4.774073e-02 -4.805000e-02
    endloop
  endfacet
  facet normal  8.606227e-01 -5.080292e-01  3.514146e-02
    outer loop
      vertex   2.714427e-02 -4.172844e-02 -4.386898e-20
      vertex   2.817810e-02 -4.053047e-02 -8.000000e-03
      vertex   3.578496e-02 -2.709075e-02  0.000000e+00
    endloop
  endfacet
  facet normal  8.786335e-01 -4.761755e-01 -3.549738e-02
    outer loop
      vertex   2.817810e-02 -4.053047e-02 -8.000000e-03
      vertex   3.610437e-02 -2.590501e-02 -8.000000e-03
      vertex   3.578496e-02 -2.709075e-02  0.000000e+00
    endloop
  endfacet
  facet normal  9.784038e-01 -2.065297e-01  8.452353e-03
    outer loop
      vertex   3.610437e-02 -2.590501e-02 -8.000000e-03
      vertex   4.020248e-02 -6.490816e-03 -8.000000e-03
      vertex   3.578496e-02 -2.709075e-02  0.000000e+00
    endloop
  endfacet
  facet normal  9.693398e-01 -2.353297e-01 -7.071250e-02
    outer loop
      vertex   3.578496e-02 -2.709075e-02  0.000000e+00
      vertex   4.020248e-02 -6.490816e-03 -8.000000e-03
      vertex   3.941865e-02 -1.212333e-02  0.000000e+00
    endloop
  endfacet
  facet normal  9.967481e-01 -3.714204e-02  7.150970e-02
    outer loop
      vertex   3.941865e-02 -1.212333e-02  0.000000e+00
      vertex   4.020248e-02 -6.490816e-03 -8.000000e-03
      vertex   3.980775e-02 -1.681396e-03  0.000000e+00
    endloop
  endfacet
  facet normal  9.927229e-01  1.183616e-01 -2.217419e-02
    outer loop
      vertex   3.980775e-02 -1.681396e-03  0.000000e+00
      vertex   4.020248e-02 -6.490816e-03 -8.000000e-03
      vertex   3.809029e-02  1.272329e-02 -0.000000e+00
    endloop
  endfacet
  facet normal -1.000000e+00  5.565001e-05  2.713635e-21
    outer loop
      vertex   1.599783e-02 -4.466693e-02 -7.450128e-02
      vertex   1.600000e-02 -5.740732e-03 -7.450000e-02
      vertex   1.600000e-02 -5.740732e-03 -7.805000e-02
    endloop
  endfacet
  facet normal -9.999998e-01  5.793765e-04  0.000000e+00
    outer loop
      vertex   1.600000e-02 -5.740732e-03 -8.000000e-03
      vertex   1.600000e-02 -5.740732e-03 -8.500000e-03
      vertex   1.598063e-02 -3.917232e-02 -8.490328e-03
    endloop
  endfacet
  facet normal -9.999974e-01 -2.259915e-03 -6.978913e-08
    outer loop
      vertex   1.600000e-02 -4.774197e-02 -4.805000e-02
      vertex   1.600000e-02 -4.774320e-02 -8.000000e-03
      vertex   1.598063e-02 -3.917232e-02 -8.490328e-03
    endloop
  endfacet
  facet normal -9.992207e-01  3.062489e-20  3.947237e-02
    outer loop
      vertex   1.598063e-02 -3.917232e-02 -8.490328e-03
      vertex   1.600000e-02 -4.774320e-02 -8.000000e-03
      vertex   1.600000e-02 -5.740732e-03 -8.000000e-03
    endloop
  endfacet
  facet normal -9.999998e-01 -0.000000e+00 -6.104283e-04
    outer loop
      vertex   1.600000e-02 -5.740732e-03 -7.805000e-02
      vertex   1.600000e-02 -4.774073e-02 -7.805000e-02
      vertex   1.599783e-02 -4.466693e-02 -7.450128e-02
    endloop
  endfacet
  facet normal -9.999998e-01 -7.047103e-04 -2.905277e-08
    outer loop
      vertex   1.600000e-02 -4.774073e-02 -7.805000e-02
      vertex   1.600000e-02 -4.774197e-02 -4.805000e-02
      vertex   1.599783e-02 -4.466693e-02 -7.450128e-02
    endloop
  endfacet
  facet normal -9.999971e-01 -2.390130e-03 -1.959642e-04
    outer loop
      vertex   1.599783e-02 -4.466693e-02 -7.450128e-02
      vertex   1.600000e-02 -4.774197e-02 -4.805000e-02
      vertex   1.599090e-02 -4.488296e-02 -3.650000e-02
    endloop
  endfacet
  facet normal -9.999523e-01 -9.640432e-03  1.598763e-03
    outer loop
      vertex   1.600000e-02 -4.774197e-02 -4.805000e-02
      vertex   1.598063e-02 -3.917232e-02 -8.490328e-03
      vertex   1.599090e-02 -4.488296e-02 -3.650000e-02
    endloop
  endfacet
  facet normal -9.999539e-01 -9.471273e-03  1.564274e-03
    outer loop
      vertex   1.599090e-02 -4.488296e-02 -3.650000e-02
      vertex   1.598063e-02 -3.917232e-02 -8.490328e-03
      vertex   1.593746e-02 -3.924008e-02 -3.650000e-02
    endloop
  endfacet
  facet normal -1.284200e-01 -9.917146e-01  3.235019e-03
    outer loop
      vertex  -1.589036e-02 -3.983745e-02 -3.650000e-02
      vertex  -1.048800e-02 -4.053707e-02 -3.651789e-02
      vertex  -1.042301e-02 -4.045257e-02 -8.033260e-03
    endloop
  endfacet
  facet normal -8.814812e-01  4.722190e-01  2.616849e-04
    outer loop
      vertex  -2.100000e-02 -1.779682e-02 -3.500000e-02
      vertex  -2.099997e-02 -1.781173e-02 -8.000000e-03
      vertex  -1.856896e-02 -1.326019e-02 -3.256921e-02
    endloop
  endfacet
  facet normal -8.912420e-01  4.535088e-01 -4.170233e-03
    outer loop
      vertex  -2.099997e-02 -1.781173e-02 -8.000000e-03
      vertex  -1.863616e-02 -1.316633e-02 -8.000129e-03
      vertex  -1.856896e-02 -1.326019e-02 -3.256921e-02
    endloop
  endfacet
  facet normal -8.737737e-01 -4.863325e-01 -5.321463e-04
    outer loop
      vertex  -1.863616e-02 -1.316633e-02 -8.000129e-03
      vertex  -2.100000e-02 -8.919320e-03 -8.000000e-03
      vertex  -1.856896e-02 -1.326019e-02 -3.256921e-02
    endloop
  endfacet
  facet normal -8.724927e-01 -4.886271e-01 -1.991784e-18
    outer loop
      vertex  -1.856896e-02 -1.326019e-02 -3.256921e-02
      vertex  -2.100000e-02 -8.919320e-03 -8.000000e-03
      vertex  -2.100000e-02 -8.919320e-03 -3.500000e-02
    endloop
  endfacet
  facet normal  1.000000e+00  0.000000e+00 -0.000000e+00
    outer loop
      vertex  -1.600000e-02 -5.740732e-03 -7.805000e-02
      vertex  -1.600000e-02 -5.740732e-03 -7.450000e-02
      vertex  -1.600000e-02 -4.774073e-02 -7.805000e-02
    endloop
  endfacet
  facet normal  9.999649e-01  7.056678e-04 -8.348744e-03
    outer loop
      vertex  -1.600000e-02 -5.740732e-03 -7.450000e-02
      vertex  -1.597228e-02 -4.526363e-02 -7.452060e-02
      vertex  -1.600000e-02 -4.774073e-02 -7.805000e-02
    endloop
  endfacet
  facet normal  9.999374e-01 -1.118872e-02 -4.612724e-07
    outer loop
      vertex  -1.600000e-02 -4.774073e-02 -7.805000e-02
      vertex  -1.597228e-02 -4.526363e-02 -7.452060e-02
      vertex  -1.600000e-02 -4.774197e-02 -4.805000e-02
    endloop
  endfacet
  facet normal  9.995180e-01 -3.098893e-02 -1.854720e-03
    outer loop
      vertex  -1.597228e-02 -4.526363e-02 -7.452060e-02
      vertex  -1.591950e-02 -4.583773e-02 -3.648678e-02
      vertex  -1.600000e-02 -4.774197e-02 -4.805000e-02
    endloop
  endfacet
  facet normal  9.991081e-01 -4.222622e-02 -1.304001e-06
    outer loop
      vertex  -1.591950e-02 -4.583773e-02 -3.648678e-02
      vertex  -1.600000e-02 -4.774320e-02 -8.000000e-03
      vertex  -1.600000e-02 -4.774197e-02 -4.805000e-02
    endloop
  endfacet
  facet normal  1.000000e+00  1.255080e-05 -2.177217e-20
    outer loop
      vertex  -1.600000e-02 -5.740732e-03 -8.500000e-03
      vertex  -1.600000e-02 -5.740732e-03 -8.000000e-03
      vertex  -1.599959e-02 -3.841359e-02 -8.499761e-03
    endloop
  endfacet
  facet normal  9.999996e-01  0.000000e+00  8.205339e-04
    outer loop
      vertex  -1.600000e-02 -5.740732e-03 -8.000000e-03
      vertex  -1.600000e-02 -4.774320e-02 -8.000000e-03
      vertex  -1.599959e-02 -3.841359e-02 -8.499761e-03
    endloop
  endfacet
  facet normal  9.999924e-01  1.645621e-04  3.892602e-03
    outer loop
      vertex  -1.599959e-02 -3.841359e-02 -8.499761e-03
      vertex  -1.600000e-02 -4.774320e-02 -8.000000e-03
      vertex  -1.589036e-02 -3.983745e-02 -3.650000e-02
    endloop
  endfacet
  facet normal  9.999851e-01 -4.851410e-03  2.501168e-03
    outer loop
      vertex  -1.600000e-02 -4.774320e-02 -8.000000e-03
      vertex  -1.591950e-02 -4.583773e-02 -3.648678e-02
      vertex  -1.589036e-02 -3.983745e-02 -3.650000e-02
    endloop
  endfacet
  facet normal  4.882622e-01  7.258236e-01  4.845412e-01
    outer loop
      vertex  -8.128155e-03  1.821018e-02 -3.649320e-02
      vertex  -1.410224e-02  2.220337e-02 -3.645489e-02
      vertex  -1.359528e-02  2.033063e-02 -3.416044e-02
    endloop
  endfacet
  facet normal  8.648905e-01 -5.019605e-01  0.000000e+00
    outer loop
      vertex   2.100000e-02 -8.919320e-03 -3.500000e-02
      vertex   2.100000e-02 -8.919320e-03 -8.000000e-03
      vertex   1.864383e-02 -1.297907e-02 -8.000067e-03
    endloop
  endfacet
  facet normal  8.744450e-01 -4.851130e-01  3.366995e-03
    outer loop
      vertex   2.100000e-02 -8.919320e-03 -3.500000e-02
      vertex   1.864383e-02 -1.297907e-02 -8.000067e-03
      vertex   1.863264e-02 -1.317019e-02 -3.263286e-02
    endloop
  endfacet
  facet normal  8.991978e-01  4.375259e-01 -3.802851e-03
    outer loop
      vertex   1.864383e-02 -1.297907e-02 -8.000067e-03
      vertex   2.099996e-02 -1.782137e-02 -8.000000e-03
      vertex   1.863264e-02 -1.317019e-02 -3.263286e-02
    endloop
  endfacet
  facet normal  8.908593e-01  4.542793e-01  1.618856e-04
    outer loop
      vertex   1.863264e-02 -1.317019e-02 -3.263286e-02
      vertex   2.099996e-02 -1.782137e-02 -8.000000e-03
      vertex   2.099993e-02 -1.781168e-02 -3.499993e-02
    endloop
  endfacet
  facet normal -8.672773e-01  3.672686e-01 -3.360711e-01
    outer loop
      vertex   1.147804e-02  1.932062e-02 -3.428931e-02
      vertex   1.355416e-02  2.225329e-02 -3.644210e-02
      vertex   1.044834e-02  1.516506e-02 -3.617334e-02
    endloop
  endfacet
  facet normal  7.070745e-01  4.845466e-08  7.071391e-01
    outer loop
      vertex   2.099993e-02 -1.781168e-02 -3.499993e-02
      vertex   2.100000e-02 -8.919320e-03 -3.500000e-02
      vertex   1.863264e-02 -1.317019e-02 -3.263286e-02
    endloop
  endfacet
  facet normal -7.070702e-01  0.000000e+00  7.071434e-01
    outer loop
      vertex  -2.100000e-02 -8.919320e-03 -3.500000e-02
      vertex  -2.100000e-02 -1.779682e-02 -3.500000e-02
      vertex  -1.856896e-02 -1.326019e-02 -3.256921e-02
    endloop
  endfacet
  facet normal -5.394079e-01  8.202389e-01  1.903871e-01
    outer loop
      vertex   2.000606e-03 -8.100569e-02  2.195327e-02
      vertex  -2.327133e-03 -8.152860e-02  1.194468e-02
      vertex  -2.544120e-03 -8.395158e-02  2.176876e-02
    endloop
  endfacet
  facet normal -9.878175e-01 -1.446103e-01 -5.748451e-02
    outer loop
      vertex  -2.544120e-03 -8.395158e-02  2.176876e-02
      vertex  -2.327133e-03 -8.152860e-02  1.194468e-02
      vertex  -1.796015e-03 -8.514565e-02  1.191715e-02
    endloop
  endfacet
  facet normal  5.820374e-01 -7.775323e-01 -2.380671e-01
    outer loop
      vertex  -1.796015e-03 -8.514565e-02  1.191715e-02
      vertex   2.571145e-03 -8.187806e-02  1.192213e-02
      vertex   1.190519e-03 -8.615197e-02  2.250542e-02
    endloop
  endfacet
  facet normal  7.054318e-02  9.940962e-01 -8.244056e-02
    outer loop
      vertex   2.571145e-03 -8.187806e-02  1.192213e-02
      vertex  -2.327133e-03 -8.152860e-02  1.194468e-02
      vertex   2.000606e-03 -8.100569e-02  2.195327e-02
    endloop
  endfacet
  facet normal -1.928369e-01  9.812300e-01  1.286341e-03
    outer loop
      vertex  -1.483604e-02  1.462595e-02 -3.650000e-02
      vertex  -1.464528e-02  1.462614e-02 -8.049265e-03
      vertex  -1.014195e-02  1.554725e-02 -3.557814e-02
    endloop
  endfacet
  facet normal -4.435089e-01  8.952572e-01 -4.259662e-02
    outer loop
      vertex  -1.464528e-02  1.462614e-02 -8.049265e-03
      vertex  -7.564310e-03  1.813385e-02 -8.053359e-03
      vertex  -1.014195e-02  1.554725e-02 -3.557814e-02
    endloop
  endfacet
  facet normal  1.275681e-03  9.999386e-01 -1.100505e-02
    outer loop
      vertex   7.580855e-03 -4.774060e-02  1.371900e-02
      vertex   1.217067e-02 -4.782096e-02  6.950010e-03
      vertex  -7.580852e-03 -4.774073e-02  1.195000e-02
    endloop
  endfacet
  facet normal  1.674392e-05  9.998723e-01 -1.597718e-02
    outer loop
      vertex   1.217067e-02 -4.782096e-02  6.950010e-03
      vertex  -1.235837e-02 -4.782055e-02  6.950003e-03
      vertex  -7.580852e-03 -4.774073e-02  1.195000e-02
    endloop
  endfacet
  facet normal  9.765431e-02  9.892223e-01 -1.091002e-01
    outer loop
      vertex  -7.580852e-03 -4.774073e-02  1.195000e-02
      vertex  -1.235837e-02 -4.782055e-02  6.950003e-03
      vertex  -8.559672e-03 -4.725809e-02  1.545000e-02
    endloop
  endfacet
  facet normal -7.946044e-01  6.068786e-01  1.738262e-02
    outer loop
      vertex  -1.014195e-02  1.554725e-02 -3.557814e-02
      vertex  -7.564310e-03  1.813385e-02 -8.053359e-03
      vertex  -8.128155e-03  1.821018e-02 -3.649320e-02
    endloop
  endfacet
  facet normal  3.093259e-07  1.015965e-06 -1.000000e+00
    outer loop
      vertex   1.217067e-02 -4.782096e-02  6.950010e-03
      vertex  -2.004599e-05 -5.441046e-02  6.950000e-03
      vertex  -1.235837e-02 -4.782055e-02  6.950003e-03
    endloop
  endfacet
  facet normal  2.448283e-01 -9.681494e-01  5.240141e-02
    outer loop
      vertex   3.235495e-02 -6.142678e-02  1.545000e-02
      vertex   3.184117e-02 -6.174614e-02  1.195000e-02
      vertex   3.388027e-02 -6.123049e-02  1.195000e-02
    endloop
  endfacet
  facet normal  2.624093e-06  1.463345e-07  1.000000e+00
    outer loop
      vertex   3.235495e-02 -6.142678e-02  1.545000e-02
      vertex   3.208659e-02 -5.661453e-02  1.545000e-02
      vertex   1.928765e-02 -4.843596e-02  1.545003e-02
    endloop
  endfacet
  facet normal -1.380768e-05 -2.556834e-05  1.000000e+00
    outer loop
      vertex   3.208659e-02 -5.661453e-02  1.545000e-02
      vertex   2.580878e-02 -5.015958e-02  1.545008e-02
      vertex   1.928765e-02 -4.843596e-02  1.545003e-02
    endloop
  endfacet
  facet normal -1.076751e-01  4.248289e-01  8.988473e-01
    outer loop
      vertex   1.928765e-02 -4.843596e-02  1.545003e-02
      vertex   7.580855e-03 -4.774060e-02  1.371900e-02
      vertex   8.405358e-03 -5.119407e-02  1.545000e-02
    endloop
  endfacet
  facet normal  9.686928e-01  2.473562e-01 -2.119431e-02
    outer loop
      vertex  -8.409784e-03 -8.068854e-02  1.545000e-02
      vertex  -7.580852e-03 -8.410962e-02  1.340960e-02
      vertex  -8.393791e-03 -8.105107e-02  1.195000e-02
    endloop
  endfacet
  facet normal -2.557070e-02  9.943413e-01 -1.031096e-01
    outer loop
      vertex  -8.409784e-03 -8.068854e-02  1.545000e-02
      vertex  -8.393791e-03 -8.105107e-02  1.195000e-02
      vertex  -2.159058e-02 -8.120488e-02  1.373936e-02
    endloop
  endfacet
  facet normal  6.986993e-03 -6.586113e-03  9.999539e-01
    outer loop
      vertex  -2.327133e-03 -8.152860e-02  1.194468e-02
      vertex  -3.306917e-03 -8.664579e-02  1.191782e-02
      vertex  -1.796015e-03 -8.514565e-02  1.191715e-02
    endloop
  endfacet
  facet normal  7.092958e-04 -2.473515e-03  9.999967e-01
    outer loop
      vertex  -1.796015e-03 -8.514565e-02  1.191715e-02
      vertex   4.137601e-03 -8.513325e-02  1.191297e-02
      vertex   2.571145e-03 -8.187806e-02  1.192213e-02
    endloop
  endfacet
  facet normal  2.648979e-01 -9.311155e-01  2.507050e-01
    outer loop
      vertex   7.591807e-03 -5.236790e-02  1.195000e-02
      vertex   1.762264e-02 -4.951418e-02  1.195000e-02
      vertex   8.405358e-03 -5.119407e-02  1.545000e-02
    endloop
  endfacet
  facet normal  2.417207e-01 -9.537277e-01  1.788143e-01
    outer loop
      vertex   8.405358e-03 -5.119407e-02  1.545000e-02
      vertex   1.762264e-02 -4.951418e-02  1.195000e-02
      vertex   1.928765e-02 -4.843596e-02  1.545003e-02
    endloop
  endfacet
  facet normal -4.022929e-01 -8.034545e-01  4.388866e-01
    outer loop
      vertex   1.762264e-02 -4.951418e-02  1.195000e-02
      vertex   2.803881e-02 -5.472960e-02  1.195000e-02
      vertex   1.928765e-02 -4.843596e-02  1.545003e-02
    endloop
  endfacet
  facet normal -6.337163e-01 -6.374463e-01 -4.382533e-01
    outer loop
      vertex   1.928765e-02 -4.843596e-02  1.545003e-02
      vertex   2.803881e-02 -5.472960e-02  1.195000e-02
      vertex   3.235495e-02 -6.142678e-02  1.545000e-02
    endloop
  endfacet
  facet normal -8.663998e-01 -4.695143e-01  1.700226e-01
    outer loop
      vertex   2.803881e-02 -5.472960e-02  1.195000e-02
      vertex   3.184117e-02 -6.174614e-02  1.195000e-02
      vertex   3.235495e-02 -6.142678e-02  1.545000e-02
    endloop
  endfacet
  facet normal  3.959754e-01 -2.795774e-01  8.746656e-01
    outer loop
      vertex   1.098163e-02 -4.680879e-02 -3.467641e-02
      vertex   1.507080e-02 -4.669422e-02 -3.649103e-02
      vertex   1.435232e-02 -4.267730e-02 -3.488180e-02
    endloop
  endfacet
  facet normal -3.273943e-01  2.214980e-01  9.185596e-01
    outer loop
      vertex   1.045706e-02 -4.053739e-02 -3.637565e-02
      vertex   7.991729e-03 -4.371010e-02 -3.648929e-02
      vertex   1.098163e-02 -4.680879e-02 -3.467641e-02
    endloop
  endfacet
  facet normal -9.611262e-01 -1.005779e-01  2.571391e-01
    outer loop
      vertex   8.405358e-03 -5.119407e-02  1.545000e-02
      vertex   7.580855e-03 -4.774060e-02  1.371900e-02
      vertex   7.591807e-03 -5.236790e-02  1.195000e-02
    endloop
  endfacet
  facet normal  5.225508e-02  4.606832e-01  8.860251e-01
    outer loop
      vertex   3.368029e-02 -7.053062e-02  1.223113e-02
      vertex   2.907946e-02 -7.619956e-02  1.545000e-02
      vertex   3.144788e-02 -7.646821e-02  1.545000e-02
    endloop
  endfacet
  facet normal  0.000000e+00  0.000000e+00  1.000000e+00
    outer loop
      vertex   3.144788e-02 -7.646821e-02  1.545000e-02
      vertex   2.907946e-02 -7.619956e-02  1.545000e-02
      vertex   2.223494e-02 -8.352254e-02  1.545000e-02
    endloop
  endfacet
  facet normal  0.000000e+00  0.000000e+00  1.000000e+00
    outer loop
      vertex   2.907946e-02 -7.619956e-02  1.545000e-02
      vertex   1.899162e-02 -8.202229e-02  1.545000e-02
      vertex   2.223494e-02 -8.352254e-02  1.545000e-02
    endloop
  endfacet
  facet normal  1.899246e-16  4.105885e-16  1.000000e+00
    outer loop
      vertex   2.223494e-02 -8.352254e-02  1.545000e-02
      vertex   1.899162e-02 -8.202229e-02  1.545000e-02
      vertex   1.421176e-02 -8.403626e-02  1.545000e-02
    endloop
  endfacet
  facet normal -1.291063e-09  3.064155e-09  1.000000e+00
    outer loop
      vertex   1.421176e-02 -8.403626e-02  1.545000e-02
      vertex   1.899162e-02 -8.202229e-02  1.545000e-02
      vertex   1.065966e-02 -8.329441e-02  1.545000e-02
    endloop
  endfacet
  facet normal -4.577280e-10 -2.393923e-09  1.000000e+00
    outer loop
      vertex   1.899162e-02 -8.202229e-02  1.545000e-02
      vertex   7.668687e-03 -7.985730e-02  1.545000e-02
      vertex   1.065966e-02 -8.329441e-02  1.545000e-02
    endloop
  endfacet
  facet normal  2.240100e-09 -4.627040e-11  1.000000e+00
    outer loop
      vertex   1.065966e-02 -8.329441e-02  1.545000e-02
      vertex   7.668687e-03 -7.985730e-02  1.545000e-02
      vertex   7.580852e-03 -8.410962e-02  1.545000e-02
    endloop
  endfacet
  facet normal -6.114659e-01  7.027498e-01  3.636648e-01
    outer loop
      vertex   3.368029e-02 -7.053062e-02  1.223113e-02
      vertex   2.062024e-02 -8.174875e-02  1.195000e-02
      vertex   2.907946e-02 -7.619956e-02  1.545000e-02
    endloop
  endfacet
  facet normal -4.932412e-01  8.545362e-01 -1.627298e-01
    outer loop
      vertex   2.907946e-02 -7.619956e-02  1.545000e-02
      vertex   2.062024e-02 -8.174875e-02  1.195000e-02
      vertex   1.899162e-02 -8.202229e-02  1.545000e-02
    endloop
  endfacet
  facet normal  1.298574e-01  9.819984e-01  1.371722e-01
    outer loop
      vertex   2.062024e-02 -8.174875e-02  1.195000e-02
      vertex   7.858665e-03 -8.006119e-02  1.195000e-02
      vertex   1.899162e-02 -8.202229e-02  1.545000e-02
    endloop
  endfacet
  facet normal  1.875947e-01  9.811227e-01 -4.697184e-02
    outer loop
      vertex   1.899162e-02 -8.202229e-02  1.545000e-02
      vertex   7.858665e-03 -8.006119e-02  1.195000e-02
      vertex   7.668687e-03 -7.985730e-02  1.545000e-02
    endloop
  endfacet
  facet normal -6.555949e-01  4.747108e-01  5.872351e-01
    outer loop
      vertex  -1.464528e-02  1.462614e-02 -8.049265e-03
      vertex  -1.599830e-02  1.331711e-02 -8.501593e-03
      vertex  -1.549680e-02  1.338913e-02 -7.999938e-03
    endloop
  endfacet
  facet normal -9.997867e-01  2.065129e-02  0.000000e+00
    outer loop
      vertex   7.580852e-03 -8.410962e-02  1.545000e-02
      vertex   7.668687e-03 -7.985730e-02  1.545000e-02
      vertex   7.580852e-03 -8.410962e-02  1.195000e-02
    endloop
  endfacet
  facet normal -9.959719e-01  6.834591e-02 -5.804219e-02
    outer loop
      vertex   7.668687e-03 -7.985730e-02  1.545000e-02
      vertex   7.858665e-03 -8.006119e-02  1.195000e-02
      vertex   7.580852e-03 -8.410962e-02  1.195000e-02
    endloop
  endfacet
  facet normal -1.071710e-04  7.281999e-05  1.000000e+00
    outer loop
      vertex  -3.288484e-02 -6.149686e-02  1.545000e-02
      vertex  -2.695711e-02 -5.277287e-02  1.545000e-02
      vertex  -3.185173e-02 -5.614580e-02  1.544972e-02
    endloop
  endfacet
  facet normal -6.601203e-05  1.309214e-05  1.000000e+00
    outer loop
      vertex  -3.185173e-02 -5.614580e-02  1.544972e-02
      vertex  -2.695711e-02 -5.277287e-02  1.545000e-02
      vertex  -2.526367e-02 -4.988908e-02  1.545007e-02
    endloop
  endfacet
  facet normal  9.339288e-06 -3.115609e-05  1.000000e+00
    outer loop
      vertex  -2.526367e-02 -4.988908e-02  1.545007e-02
      vertex  -2.695711e-02 -5.277287e-02  1.545000e-02
      vertex  -8.559672e-03 -4.725809e-02  1.545000e-02
    endloop
  endfacet
  facet normal  3.701499e-17 -4.380419e-16  1.000000e+00
    outer loop
      vertex  -2.695711e-02 -5.277287e-02  1.545000e-02
      vertex  -8.108924e-03 -5.118018e-02  1.545000e-02
      vertex  -8.559672e-03 -4.725809e-02  1.545000e-02
    endloop
  endfacet
  facet normal  7.345496e-01  6.785104e-01 -7.777091e-03
    outer loop
      vertex   7.589802e-03  1.825595e-02 -3.650000e-02
      vertex   7.925201e-03  1.821936e-02 -8.013524e-03
      vertex   1.044834e-02  1.516506e-02 -3.617334e-02
    endloop
  endfacet
  facet normal  7.570124e-01  6.533935e-01 -3.040159e-03
    outer loop
      vertex   7.925201e-03  1.821936e-02 -8.013524e-03
      vertex   1.060267e-02  1.511726e-02 -8.018242e-03
      vertex   1.044834e-02  1.516506e-02 -3.617334e-02
    endloop
  endfacet
  facet normal  9.610028e-01  1.104435e-01  2.535269e-01
    outer loop
      vertex  -8.559672e-03 -4.725809e-02  1.545000e-02
      vertex  -8.108924e-03 -5.118018e-02  1.545000e-02
      vertex  -7.580852e-03 -4.774073e-02  1.195000e-02
    endloop
  endfacet
  facet normal  9.044001e-01 -3.645271e-01 -2.217669e-01
    outer loop
      vertex  -8.108924e-03 -5.118018e-02  1.545000e-02
      vertex  -8.828215e-03 -5.083547e-02  1.195000e-02
      vertex  -7.580852e-03 -4.774073e-02  1.195000e-02
    endloop
  endfacet
  facet normal -5.524214e-03  9.999838e-01  1.349455e-03
    outer loop
      vertex   7.925201e-03  1.821936e-02 -8.013524e-03
      vertex   7.589802e-03  1.825595e-02 -3.650000e-02
      vertex  -7.564310e-03  1.813385e-02 -8.053359e-03
    endloop
  endfacet
  facet normal -2.910750e-03  9.999920e-01  2.741737e-03
    outer loop
      vertex   7.589802e-03  1.825595e-02 -3.650000e-02
      vertex  -8.128155e-03  1.821018e-02 -3.649320e-02
      vertex  -7.564310e-03  1.813385e-02 -8.053359e-03
    endloop
  endfacet
  facet normal  8.136368e-01 -5.528455e-01 -1.798808e-01
    outer loop
      vertex  -3.288484e-02 -6.149686e-02  1.545000e-02
      vertex  -3.379352e-02 -6.169543e-02  1.195011e-02
      vertex  -2.695711e-02 -5.277287e-02  1.545000e-02
    endloop
  endfacet
  facet normal  6.415804e-01 -6.508178e-01  4.059691e-01
    outer loop
      vertex  -3.379352e-02 -6.169543e-02  1.195011e-02
      vertex  -2.319143e-02 -5.124388e-02  1.195000e-02
      vertex  -2.695711e-02 -5.277287e-02  1.545000e-02
    endloop
  endfacet
  facet normal  2.633449e-02 -9.261414e-01 -3.762560e-01
    outer loop
      vertex  -2.319143e-02 -5.124388e-02  1.195000e-02
      vertex  -8.828215e-03 -5.083547e-02  1.195000e-02
      vertex  -2.695711e-02 -5.277287e-02  1.545000e-02
    endloop
  endfacet
  facet normal  8.364541e-02 -9.898744e-01 -1.146825e-01
    outer loop
      vertex  -2.695711e-02 -5.277287e-02  1.545000e-02
      vertex  -8.828215e-03 -5.083547e-02  1.195000e-02
      vertex  -8.108924e-03 -5.118018e-02  1.545000e-02
    endloop
  endfacet
  facet normal -3.341883e-03  2.728439e-03  9.999907e-01
    outer loop
      vertex  -1.602011e-02  1.913814e-02 -3.651627e-02
      vertex  -1.599910e-02  1.320140e-02 -3.650000e-02
      vertex  -1.483604e-02  1.462595e-02 -3.650000e-02
    endloop
  endfacet
  facet normal -1.840474e-01 -4.475677e-02  9.818978e-01
    outer loop
      vertex  -1.014195e-02  1.554725e-02 -3.557814e-02
      vertex  -1.602011e-02  1.913814e-02 -3.651627e-02
      vertex  -1.483604e-02  1.462595e-02 -3.650000e-02
    endloop
  endfacet
  facet normal -4.435755e-04 -1.025907e-02  9.999472e-01
    outer loop
      vertex  -1.410224e-02  2.220337e-02 -3.645489e-02
      vertex  -8.128155e-03  1.821018e-02 -3.649320e-02
      vertex   1.355416e-02  2.225329e-02 -3.644210e-02
    endloop
  endfacet
  facet normal  2.066523e-02 -1.313409e-01  9.911218e-01
    outer loop
      vertex   1.621505e-02  1.943411e-02 -3.572785e-02
      vertex   1.044834e-02  1.516506e-02 -3.617334e-02
      vertex   1.600407e-02  1.357416e-02 -3.650000e-02
    endloop
  endfacet
  facet normal -4.957049e-02  5.952366e-02  9.969953e-01
    outer loop
      vertex   1.355416e-02  2.225329e-02 -3.644210e-02
      vertex   7.589802e-03  1.825595e-02 -3.650000e-02
      vertex   1.044834e-02  1.516506e-02 -3.617334e-02
    endloop
  endfacet
  facet normal  4.764969e-04 -1.519242e-02  9.998845e-01
    outer loop
      vertex   7.589802e-03  1.825595e-02 -3.650000e-02
      vertex   1.355416e-02  2.225329e-02 -3.644210e-02
      vertex  -8.128155e-03  1.821018e-02 -3.649320e-02
    endloop
  endfacet
  facet normal  8.981956e-05 -8.826135e-03  9.999610e-01
    outer loop
      vertex  -1.314092e-02 -4.773505e-02 -3.649768e-02
      vertex   1.318464e-02 -4.772969e-02 -3.650000e-02
      vertex   1.507080e-02 -4.669422e-02 -3.649103e-02
    endloop
  endfacet
  facet normal -1.970154e-04 -1.051715e-03  9.999994e-01
    outer loop
      vertex   1.507080e-02 -4.669422e-02 -3.649103e-02
      vertex   7.991729e-03 -4.371010e-02 -3.648929e-02
      vertex  -1.314092e-02 -4.773505e-02 -3.649768e-02
    endloop
  endfacet
  facet normal  3.594421e-03  2.186125e-03  9.999912e-01
    outer loop
      vertex  -1.591950e-02 -4.583773e-02 -3.648678e-02
      vertex  -1.048800e-02 -4.053707e-02 -3.651789e-02
      vertex  -1.589036e-02 -3.983745e-02 -3.650000e-02
    endloop
  endfacet
  facet normal  4.927983e-01 -2.462031e-01  8.345861e-01
    outer loop
      vertex   1.507080e-02 -4.669422e-02 -3.649103e-02
      vertex   1.599090e-02 -4.488296e-02 -3.650000e-02
      vertex   1.435232e-02 -4.267730e-02 -3.488180e-02
    endloop
  endfacet
  facet normal  2.768904e-03 -1.662371e-02  9.998580e-01
    outer loop
      vertex   7.991729e-03 -4.371010e-02 -3.648929e-02
      vertex  -8.070850e-03 -4.371060e-02 -3.644481e-02
      vertex  -1.314092e-02 -4.773505e-02 -3.649768e-02
    endloop
  endfacet
  facet normal  7.072033e-01  6.698424e-03  7.069785e-01
    outer loop
      vertex   1.593746e-02 -3.924008e-02 -3.650000e-02
      vertex   1.435232e-02 -4.267730e-02 -3.488180e-02
      vertex   1.599090e-02 -4.488296e-02 -3.650000e-02
    endloop
  endfacet
  facet normal -8.816711e-02  4.572795e-01  8.849418e-01
    outer loop
      vertex   1.045706e-02 -4.053739e-02 -3.637565e-02
      vertex   1.435232e-02 -4.267730e-02 -3.488180e-02
      vertex   1.593746e-02 -3.924008e-02 -3.650000e-02
    endloop
  endfacet
  facet normal -5.194031e-01 -5.276145e-01 -6.721930e-01
    outer loop
      vertex   9.869281e-03 -8.322925e-02 -1.809272e-02
      vertex   4.747845e-03 -8.483059e-02 -1.287848e-02
      vertex  -1.076673e-04 -7.781485e-02 -1.463338e-02
    endloop
  endfacet
  facet normal  2.803582e-01  8.898590e-01 -3.599310e-01
    outer loop
      vertex  -1.088231e-04 -2.019381e-02 -8.444300e-02
      vertex  -6.448880e-04 -2.148389e-02 -8.805001e-02
      vertex  -2.797003e-03 -2.080584e-02 -8.805000e-02
    endloop
  endfacet
  facet normal  6.768313e-01  6.554817e-01 -3.350270e-01
    outer loop
      vertex   1.362352e-03 -2.355650e-02 -8.805001e-02
      vertex  -6.448880e-04 -2.148389e-02 -8.805001e-02
      vertex  -1.088231e-04 -2.019381e-02 -8.444300e-02
    endloop
  endfacet
  facet normal -2.138164e-06 -3.255555e-07 -1.000000e+00
    outer loop
      vertex   1.362352e-03 -2.355650e-02 -8.805001e-02
      vertex  -7.933485e-04 -2.611369e-02 -8.805000e-02
      vertex  -1.232336e-03 -2.323053e-02 -8.805000e-02
    endloop
  endfacet
  facet normal  3.297958e-14  9.834849e-15 -1.000000e+00
    outer loop
      vertex  -7.933485e-04 -2.611369e-02 -8.805000e-02
      vertex  -2.797003e-03 -2.080584e-02 -8.805000e-02
      vertex  -1.232336e-03 -2.323053e-02 -8.805000e-02
    endloop
  endfacet
  facet normal -3.774539e-06 -2.435732e-06 -1.000000e+00
    outer loop
      vertex  -1.232336e-03 -2.323053e-02 -8.805000e-02
      vertex  -2.797003e-03 -2.080584e-02 -8.805000e-02
      vertex  -6.448880e-04 -2.148389e-02 -8.805001e-02
    endloop
  endfacet
  facet normal -3.200094e-01  6.243535e-01 -7.125846e-01
    outer loop
      vertex  -1.088231e-04 -2.019381e-02 -8.444300e-02
      vertex   3.353536e-03 -2.253592e-02 -8.805000e-02
      vertex   1.362352e-03 -2.355650e-02 -8.805001e-02
    endloop
  endfacet
  facet normal  6.732665e-06 -7.803642e-06 -1.000000e+00
    outer loop
      vertex   3.353536e-03 -2.253592e-02 -8.805000e-02
      vertex  -7.933485e-04 -2.611369e-02 -8.805000e-02
      vertex   1.362352e-03 -2.355650e-02 -8.805001e-02
    endloop
  endfacet
  facet normal  1.354930e-01 -1.511574e-01 -9.791798e-01
    outer loop
      vertex  -1.076673e-04 -7.781485e-02 -1.463338e-02
      vertex   4.747845e-03 -8.483059e-02 -1.287848e-02
      vertex  -5.462308e-04 -8.846493e-02 -1.305000e-02
    endloop
  endfacet
  facet normal -1.685327e-01 -1.381599e-01 -9.759654e-01
    outer loop
      vertex  -1.076673e-04 -7.781485e-02 -1.463338e-02
      vertex  -5.462308e-04 -8.846493e-02 -1.305000e-02
      vertex  -4.628832e-03 -8.486886e-02 -1.285407e-02
    endloop
  endfacet
  facet normal  9.588766e-01  1.537178e-01 -2.385927e-01
    outer loop
      vertex   7.068844e-03 -3.387666e-02 -7.897895e-02
      vertex   9.347653e-03 -4.812433e-02 -7.900000e-02
      vertex   7.198703e-03 -4.457552e-02 -8.535000e-02
    endloop
  endfacet
  facet normal  6.919774e-01  7.041171e-01  1.593309e-01
    outer loop
      vertex   7.198703e-03 -4.457552e-02 -8.535000e-02
      vertex   9.347653e-03 -4.812433e-02 -7.900000e-02
      vertex   1.234281e-02 -4.963095e-02 -8.535000e-02
    endloop
  endfacet
  facet normal  1.127905e-01  9.774168e-01 -1.787031e-01
    outer loop
      vertex   9.347653e-03 -4.812433e-02 -7.900000e-02
      vertex   2.611815e-02 -5.005959e-02 -7.900000e-02
      vertex   1.234281e-02 -4.963095e-02 -8.535000e-02
    endloop
  endfacet
  facet normal  2.559600e-01 -9.666874e-01 -6.490402e-18
    outer loop
      vertex   1.065966e-02 -8.329441e-02  1.545000e-02
      vertex   7.580852e-03 -8.410962e-02  1.545000e-02
      vertex   7.580852e-03 -8.410962e-02  1.195000e-02
    endloop
  endfacet
  facet normal  2.931423e-01 -9.560519e-01 -5.686697e-03
    outer loop
      vertex   4.747845e-03 -8.483059e-02 -1.287848e-02
      vertex   9.869281e-03 -8.322925e-02 -1.809272e-02
      vertex   7.580852e-03 -8.410962e-02  1.195000e-02
    endloop
  endfacet
  facet normal  2.645539e-01 -9.643368e-01 -8.107132e-03
    outer loop
      vertex   7.580852e-03 -8.410962e-02  1.195000e-02
      vertex   9.869281e-03 -8.322925e-02 -1.809272e-02
      vertex   1.065966e-02 -8.329441e-02  1.545000e-02
    endloop
  endfacet
  facet normal  2.850028e-01 -9.585152e-01 -4.686416e-03
    outer loop
      vertex   4.137601e-03 -8.513325e-02  1.191297e-02
      vertex   4.747845e-03 -8.483059e-02 -1.287848e-02
      vertex   7.580852e-03 -8.410962e-02  1.195000e-02
    endloop
  endfacet
  facet normal -1.490461e-01  9.484966e-01 -2.795342e-01
    outer loop
      vertex  -2.512703e-02 -4.955468e-02 -7.900000e-02
      vertex  -8.104776e-03 -4.687981e-02 -7.900000e-02
      vertex  -1.175088e-02 -4.932418e-02 -8.535000e-02
    endloop
  endfacet
  facet normal -7.701591e-01  6.021419e-01  2.104287e-01
    outer loop
      vertex  -1.175088e-02 -4.932418e-02 -8.535000e-02
      vertex  -8.104776e-03 -4.687981e-02 -7.900000e-02
      vertex  -7.422567e-03 -4.378813e-02 -8.535000e-02
    endloop
  endfacet
  facet normal  7.514371e-01 -6.597220e-01  1.044267e-02
    outer loop
      vertex   4.137601e-03 -8.513325e-02  1.191297e-02
      vertex   1.945212e-03 -8.762984e-02  1.195000e-02
      vertex   4.747845e-03 -8.483059e-02 -1.287848e-02
    endloop
  endfacet
  facet normal  5.663645e-01 -8.236469e-01 -2.892976e-02
    outer loop
      vertex   4.747845e-03 -8.483059e-02 -1.287848e-02
      vertex   1.945212e-03 -8.762984e-02  1.195000e-02
      vertex  -5.462308e-04 -8.846493e-02 -1.305000e-02
    endloop
  endfacet
  facet normal -1.842183e-01 -9.815537e-01  5.114627e-02
    outer loop
      vertex   1.945212e-03 -8.762984e-02  1.195000e-02
      vertex  -3.306917e-03 -8.664579e-02  1.191782e-02
      vertex  -5.462308e-04 -8.846493e-02 -1.305000e-02
    endloop
  endfacet
  facet normal -6.613652e-01 -7.498360e-01 -1.849452e-02
    outer loop
      vertex  -5.462308e-04 -8.846493e-02 -1.305000e-02
      vertex  -3.306917e-03 -8.664579e-02  1.191782e-02
      vertex  -4.628832e-03 -8.486886e-02 -1.285407e-02
    endloop
  endfacet
  facet normal -1.315582e-02  9.953207e-01  9.572668e-02
    outer loop
      vertex   2.611815e-02 -5.005959e-02 -7.900000e-02
      vertex   2.494204e-02 -4.976977e-02 -8.217500e-02
      vertex   1.234281e-02 -4.963095e-02 -8.535000e-02
    endloop
  endfacet
  facet normal -2.623551e-01 -9.649701e-01 -1.593047e-03
    outer loop
      vertex  -7.580852e-03 -8.410962e-02  1.340960e-02
      vertex  -1.046576e-02 -8.332826e-02  1.522061e-02
      vertex  -4.628832e-03 -8.486886e-02 -1.285407e-02
    endloop
  endfacet
  facet normal -5.186794e-01 -8.543082e-01 -3.360275e-02
    outer loop
      vertex  -3.306917e-03 -8.664579e-02  1.191782e-02
      vertex  -7.580852e-03 -8.410962e-02  1.340960e-02
      vertex  -4.628832e-03 -8.486886e-02 -1.285407e-02
    endloop
  endfacet
  facet normal  9.988449e-01  9.859493e-03 -4.702770e-02
    outer loop
      vertex   6.926996e-03 -1.631869e-02 -8.519682e-02
      vertex   7.219333e-03 -1.637732e-02 -7.900000e-02
      vertex   7.198703e-03 -4.457552e-02 -8.535000e-02
    endloop
  endfacet
  facet normal  9.993601e-01 -8.552439e-03  3.473185e-02
    outer loop
      vertex   7.219333e-03 -1.637732e-02 -7.900000e-02
      vertex   7.068844e-03 -3.387666e-02 -7.897895e-02
      vertex   7.198703e-03 -4.457552e-02 -8.535000e-02
    endloop
  endfacet
  facet normal  0.000000e+00  1.000000e+00  0.000000e+00
    outer loop
      vertex   1.600000e-02 -5.740732e-03 -8.500000e-03
      vertex   1.600000e-02 -5.740732e-03 -8.000000e-03
      vertex   2.100000e-02 -5.740732e-03 -8.000000e-03
    endloop
  endfacet
  facet normal -0.000000e+00  1.000000e+00  0.000000e+00
    outer loop
      vertex   1.600000e-02 -5.740732e-03 -8.500000e-03
      vertex   2.100000e-02 -5.740732e-03 -8.000000e-03
      vertex   1.600000e-02 -5.740732e-03 -7.450000e-02
    endloop
  endfacet
  facet normal  0.000000e+00  1.000000e+00  0.000000e+00
    outer loop
      vertex   2.100000e-02 -5.740732e-03 -8.000000e-03
      vertex   2.100000e-02 -5.740732e-03 -7.805000e-02
      vertex   1.600000e-02 -5.740732e-03 -7.450000e-02
    endloop
  endfacet
  facet normal  0.000000e+00  1.000000e+00  0.000000e+00
    outer loop
      vertex   1.600000e-02 -5.740732e-03 -7.450000e-02
      vertex   2.100000e-02 -5.740732e-03 -7.805000e-02
      vertex   1.600000e-02 -5.740732e-03 -7.805000e-02
    endloop
  endfacet
  facet normal -1.781251e-02  9.998406e-01 -1.229375e-03
    outer loop
      vertex  -1.175088e-02 -4.932418e-02 -8.535000e-02
      vertex  -2.624794e-02 -4.958245e-02 -8.535000e-02
      vertex  -2.512703e-02 -4.955468e-02 -7.900000e-02
    endloop
  endfacet
  facet normal  7.071068e-01  7.071067e-01 -0.000000e+00
    outer loop
      vertex   3.450000e-02 -5.774073e-02 -7.805000e-02
      vertex   2.450000e-02 -4.774073e-02 -7.805000e-02
      vertex   3.450000e-02 -5.774073e-02 -4.805000e-02
    endloop
  endfacet
  facet normal  7.071068e-01  7.071067e-01 -0.000000e+00
    outer loop
      vertex   2.450000e-02 -4.774073e-02 -7.805000e-02
      vertex   2.450000e-02 -4.774073e-02 -4.805000e-02
      vertex   3.450000e-02 -5.774073e-02 -4.805000e-02
    endloop
  endfacet
  facet normal -9.994147e-01  5.457892e-03  3.377159e-02
    outer loop
      vertex  -7.010510e-03 -1.619663e-02 -7.900215e-02
      vertex  -7.230812e-03 -1.725873e-02 -8.535000e-02
      vertex  -7.112159e-03 -3.499383e-02 -7.897245e-02
    endloop
  endfacet
  facet normal -9.992257e-01  7.222403e-03  3.867494e-02
    outer loop
      vertex  -7.230812e-03 -1.725873e-02 -8.535000e-02
      vertex  -7.422567e-03 -4.378813e-02 -8.535000e-02
      vertex  -7.112159e-03 -3.499383e-02 -7.897245e-02
    endloop
  endfacet
  facet normal -9.943243e-01  8.319128e-02 -6.632067e-02
    outer loop
      vertex  -7.112159e-03 -3.499383e-02 -7.897245e-02
      vertex  -7.422567e-03 -4.378813e-02 -8.535000e-02
      vertex  -8.104776e-03 -4.687981e-02 -7.900000e-02
    endloop
  endfacet
  facet normal  7.071070e-01 -7.071066e-01  0.000000e+00
    outer loop
      vertex   2.450000e-02 -8.474074e-02 -7.805000e-02
      vertex   3.450000e-02 -7.474073e-02 -7.805000e-02
      vertex   2.450000e-02 -8.474074e-02 -4.805000e-02
    endloop
  endfacet
  facet normal  7.071070e-01 -7.071066e-01  0.000000e+00
    outer loop
      vertex   3.450000e-02 -7.474073e-02 -7.805000e-02
      vertex   3.450000e-02 -7.474073e-02 -4.805000e-02
      vertex   2.450000e-02 -8.474074e-02 -4.805000e-02
    endloop
  endfacet
  facet normal -7.071068e-01  7.071067e-01  0.000000e+00
    outer loop
      vertex  -2.450000e-02 -4.774073e-02 -7.805000e-02
      vertex  -3.450000e-02 -5.774073e-02 -7.805000e-02
      vertex  -2.450000e-02 -4.774073e-02 -5.305000e-02
    endloop
  endfacet
  facet normal -7.071068e-01  7.071067e-01  0.000000e+00
    outer loop
      vertex  -3.450000e-02 -5.774073e-02 -7.805000e-02
      vertex  -3.450000e-02 -5.774073e-02 -6.305000e-02
      vertex  -2.450000e-02 -4.774073e-02 -5.305000e-02
    endloop
  endfacet
  facet normal -3.114955e-01  9.389200e-01 -1.462869e-01
    outer loop
      vertex  -1.343441e-03 -1.527594e-02 -8.516004e-02
      vertex  -7.230812e-03 -1.725873e-02 -8.535000e-02
      vertex  -7.010510e-03 -1.619663e-02 -7.900215e-02
    endloop
  endfacet
  facet normal -7.071070e-01 -7.071066e-01  0.000000e+00
    outer loop
      vertex  -3.450000e-02 -7.474073e-02 -7.805000e-02
      vertex  -2.450000e-02 -8.474074e-02 -7.805000e-02
      vertex  -3.450000e-02 -7.474073e-02 -6.305000e-02
    endloop
  endfacet
  facet normal -7.071070e-01 -7.071066e-01  0.000000e+00
    outer loop
      vertex  -2.450000e-02 -8.474074e-02 -7.805000e-02
      vertex  -2.450000e-02 -8.474074e-02 -5.305000e-02
      vertex  -3.450000e-02 -7.474073e-02 -6.305000e-02
    endloop
  endfacet
  facet normal -3.755350e-03 -1.170890e-03 -9.999923e-01
    outer loop
      vertex   1.332839e-02 -2.483322e-02 -7.901304e-02
      vertex   7.068844e-03 -3.387666e-02 -7.897895e-02
      vertex   7.219333e-03 -1.637732e-02 -7.900000e-02
    endloop
  endfacet
  facet normal -5.368789e-03 -1.550792e-03 -9.999844e-01
    outer loop
      vertex  -7.010510e-03 -1.619663e-02 -7.900215e-02
      vertex  -7.112159e-03 -3.499383e-02 -7.897245e-02
      vertex  -1.338710e-02 -2.373755e-02 -7.895622e-02
    endloop
  endfacet
  facet normal -2.749998e-02  2.616478e-02 -9.992793e-01
    outer loop
      vertex  -1.203722e-03 -9.735934e-03 -7.899279e-02
      vertex  -7.010510e-03 -1.619663e-02 -7.900215e-02
      vertex  -8.084412e-03 -1.189202e-02 -7.885989e-02
    endloop
  endfacet
  facet normal -3.570859e-02  2.411004e-02 -9.990714e-01
    outer loop
      vertex  -1.338710e-02 -2.373755e-02 -7.895622e-02
      vertex  -8.084412e-03 -1.189202e-02 -7.885989e-02
      vertex  -7.010510e-03 -1.619663e-02 -7.900215e-02
    endloop
  endfacet
  facet normal  3.543716e-02  2.714263e-02 -9.990032e-01
    outer loop
      vertex   1.332839e-02 -2.483322e-02 -7.901304e-02
      vertex   7.219333e-03 -1.637732e-02 -7.900000e-02
      vertex   8.895711e-03 -1.242527e-02 -7.883316e-02
    endloop
  endfacet
  facet normal  2.428256e-02  3.188234e-02 -9.991966e-01
    outer loop
      vertex   8.895711e-03 -1.242527e-02 -7.883316e-02
      vertex   7.219333e-03 -1.637732e-02 -7.900000e-02
      vertex  -1.203722e-03 -9.735934e-03 -7.899279e-02
    endloop
  endfacet
  facet normal  1.674063e-04  1.298733e-03 -9.999992e-01
    outer loop
      vertex  -7.010510e-03 -1.619663e-02 -7.900215e-02
      vertex  -1.203722e-03 -9.735934e-03 -7.899279e-02
      vertex   7.219333e-03 -1.637732e-02 -7.900000e-02
    endloop
  endfacet
  facet normal  5.976794e-01  7.876735e-01 -1.494983e-01
    outer loop
      vertex   2.494204e-02 -4.976977e-02 -8.217500e-02
      vertex   2.611815e-02 -5.005959e-02 -7.900000e-02
      vertex   2.866486e-02 -5.319722e-02 -8.535000e-02
    endloop
  endfacet
  facet normal  8.891293e-01  4.352176e-01  1.415439e-01
    outer loop
      vertex   2.611815e-02 -5.005959e-02 -7.900000e-02
      vertex   3.328039e-02 -6.469171e-02 -7.900000e-02
      vertex   2.866486e-02 -5.319722e-02 -8.535000e-02
    endloop
  endfacet
  facet normal  9.403815e-01  3.281102e-01 -8.959026e-02
    outer loop
      vertex   2.866486e-02 -5.319722e-02 -8.535000e-02
      vertex   3.328039e-02 -6.469171e-02 -7.900000e-02
      vertex   3.345360e-02 -6.692199e-02 -8.535000e-02
    endloop
  endfacet
  facet normal  9.146326e-01 -3.729953e-01  1.559539e-01
    outer loop
      vertex   3.328039e-02 -6.469171e-02 -7.900000e-02
      vertex   2.795295e-02 -7.775529e-02 -7.900000e-02
      vertex   3.345360e-02 -6.692199e-02 -8.535000e-02
    endloop
  endfacet
  facet normal  8.379647e-01 -5.208862e-01 -1.627659e-01
    outer loop
      vertex   3.345360e-02 -6.692199e-02 -8.535000e-02
      vertex   2.795295e-02 -7.775529e-02 -7.900000e-02
      vertex   2.509218e-02 -8.037325e-02 -8.535000e-02
    endloop
  endfacet
  facet normal -7.236820e-01 -2.609944e-02  6.896399e-01
    outer loop
      vertex  -2.259873e-02 -8.318035e-02 -5.099583e-02
      vertex  -2.849756e-02 -7.952661e-02 -5.704755e-02
      vertex  -2.450000e-02 -8.474074e-02 -5.305000e-02
    endloop
  endfacet
  facet normal -7.054154e-01 -6.912407e-02  7.054154e-01
    outer loop
      vertex  -2.450000e-02 -8.474074e-02 -5.305000e-02
      vertex  -1.950000e-02 -8.474074e-02 -4.805000e-02
      vertex  -2.259873e-02 -8.318035e-02 -5.099583e-02
    endloop
  endfacet
  facet normal -7.071241e-01 -6.798930e-05  7.070895e-01
    outer loop
      vertex  -3.215317e-02 -7.503162e-02 -6.070308e-02
      vertex  -3.462111e-02 -6.763189e-02 -6.317044e-02
      vertex  -3.450000e-02 -7.474073e-02 -6.305000e-02
    endloop
  endfacet
  facet normal -7.071074e-01 -1.035069e-06  7.071062e-01
    outer loop
      vertex  -2.450000e-02 -8.474074e-02 -5.305000e-02
      vertex  -2.849756e-02 -7.952661e-02 -5.704755e-02
      vertex  -3.450000e-02 -7.474073e-02 -6.305000e-02
    endloop
  endfacet
  facet normal -7.071222e-01 -3.822228e-05  7.070914e-01
    outer loop
      vertex  -3.450000e-02 -7.474073e-02 -6.305000e-02
      vertex  -2.849756e-02 -7.952661e-02 -5.704755e-02
      vertex  -3.215317e-02 -7.503162e-02 -6.070308e-02
    endloop
  endfacet
  facet normal  2.039788e-04 -9.999995e-01  9.443713e-04
    outer loop
      vertex   1.318464e-02 -4.772969e-02 -3.650000e-02
      vertex  -1.314092e-02 -4.773505e-02 -3.649768e-02
      vertex   1.250000e-02 -4.774073e-02 -4.805000e-02
    endloop
  endfacet
  facet normal -2.211369e-20 -9.999999e-01  4.916310e-04
    outer loop
      vertex  -1.314092e-02 -4.773505e-02 -3.649768e-02
      vertex  -1.250000e-02 -4.774073e-02 -4.805000e-02
      vertex   1.250000e-02 -4.774073e-02 -4.805000e-02
    endloop
  endfacet
  facet normal -9.662035e-01 -2.550416e-01  3.747903e-02
    outer loop
      vertex  -2.939264e-02 -7.716418e-02 -7.900000e-02
      vertex  -3.328895e-02 -6.240334e-02 -7.900000e-02
      vertex  -2.977060e-02 -7.666545e-02 -8.535000e-02
    endloop
  endfacet
  facet normal -9.734599e-01 -2.269229e-01 -2.969630e-02
    outer loop
      vertex  -2.977060e-02 -7.666545e-02 -8.535000e-02
      vertex  -3.328895e-02 -6.240334e-02 -7.900000e-02
      vertex  -3.321626e-02 -6.188418e-02 -8.535000e-02
    endloop
  endfacet
  facet normal -9.120091e-01  4.095221e-01  2.304230e-02
    outer loop
      vertex  -3.328895e-02 -6.240334e-02 -7.900000e-02
      vertex  -2.900830e-02 -5.287032e-02 -7.900000e-02
      vertex  -3.321626e-02 -6.188418e-02 -8.535000e-02
    endloop
  endfacet
  facet normal -8.635905e-01  4.891812e-01 -1.221198e-01
    outer loop
      vertex  -3.321626e-02 -6.188418e-02 -8.535000e-02
      vertex  -2.900830e-02 -5.287032e-02 -7.900000e-02
      vertex  -2.624794e-02 -4.958245e-02 -8.535000e-02
    endloop
  endfacet
  facet normal -6.455414e-01  7.556677e-01  1.106467e-01
    outer loop
      vertex  -2.900830e-02 -5.287032e-02 -7.900000e-02
      vertex  -2.512703e-02 -4.955468e-02 -7.900000e-02
      vertex  -2.624794e-02 -4.958245e-02 -8.535000e-02
    endloop
  endfacet
  facet normal -2.027440e-01  7.609393e-01  6.163329e-01
    outer loop
      vertex  -1.719992e-02 -8.412790e-02 -4.805000e-02
      vertex  -2.259873e-02 -8.318035e-02 -5.099583e-02
      vertex  -1.950000e-02 -8.474074e-02 -4.805000e-02
    endloop
  endfacet
  facet normal  3.554960e-06 -4.351391e-04  9.999999e-01
    outer loop
      vertex  -2.572038e-05 -7.769182e-02 -4.804798e-02
      vertex  -8.017186e-03 -8.223119e-02 -4.804993e-02
      vertex   8.057081e-03 -8.225501e-02 -4.805000e-02
    endloop
  endfacet
  facet normal -7.799216e-06  9.213723e-08  1.000000e+00
    outer loop
      vertex   3.450000e-02 -7.474073e-02 -4.805000e-02
      vertex   3.459313e-02 -6.685746e-02 -4.805000e-02
      vertex   3.285736e-02 -7.362667e-02 -4.805001e-02
    endloop
  endfacet
  facet normal  1.141963e-06 -1.489772e-05  1.000000e+00
    outer loop
      vertex   1.254320e-02 -8.375896e-02 -4.805002e-02
      vertex   8.057081e-03 -8.225501e-02 -4.805000e-02
      vertex  -1.950000e-02 -8.474074e-02 -4.805000e-02
    endloop
  endfacet
  facet normal -4.154307e-06  5.466394e-06  1.000000e+00
    outer loop
      vertex   3.450000e-02 -7.474073e-02 -4.805000e-02
      vertex   3.285736e-02 -7.362667e-02 -4.805001e-02
      vertex   2.967223e-02 -7.840970e-02 -4.805000e-02
    endloop
  endfacet
  facet normal  4.022408e-06 -1.197051e-04  1.000000e+00
    outer loop
      vertex  -8.017186e-03 -8.223119e-02 -4.804993e-02
      vertex  -1.342550e-02 -8.395968e-02 -4.805011e-02
      vertex   8.057081e-03 -8.225501e-02 -4.805000e-02
    endloop
  endfacet
  facet normal -4.404459e-05  4.860464e-04  9.999999e-01
    outer loop
      vertex   8.057081e-03 -8.225501e-02 -4.805000e-02
      vertex  -1.342550e-02 -8.395968e-02 -4.805011e-02
      vertex  -1.950000e-02 -8.474074e-02 -4.805000e-02
    endloop
  endfacet
  facet normal  3.566091e-05 -1.338426e-04  1.000000e+00
    outer loop
      vertex  -1.342550e-02 -8.395968e-02 -4.805011e-02
      vertex  -1.719992e-02 -8.412790e-02 -4.805000e-02
      vertex  -1.950000e-02 -8.474074e-02 -4.805000e-02
    endloop
  endfacet
  facet normal  0.000000e+00  0.000000e+00  1.000000e+00
    outer loop
      vertex   2.248251e-02 -8.334670e-02 -4.805000e-02
      vertex   1.550953e-02 -8.413919e-02 -4.805000e-02
      vertex   2.450000e-02 -8.474074e-02 -4.805000e-02
    endloop
  endfacet
  facet normal  0.000000e+00  0.000000e+00  1.000000e+00
    outer loop
      vertex   2.450000e-02 -8.474074e-02 -4.805000e-02
      vertex   1.550953e-02 -8.413919e-02 -4.805000e-02
      vertex  -1.950000e-02 -8.474074e-02 -4.805000e-02
    endloop
  endfacet
  facet normal -8.752732e-07  5.094056e-05  1.000000e+00
    outer loop
      vertex  -1.950000e-02 -8.474074e-02 -4.805000e-02
      vertex   1.550953e-02 -8.413919e-02 -4.805000e-02
      vertex   1.254320e-02 -8.375896e-02 -4.805002e-02
    endloop
  endfacet
  facet normal  0.000000e+00  0.000000e+00  1.000000e+00
    outer loop
      vertex   3.450000e-02 -7.474073e-02 -4.805000e-02
      vertex   2.967223e-02 -7.840970e-02 -4.805000e-02
      vertex   2.450000e-02 -8.474074e-02 -4.805000e-02
    endloop
  endfacet
  facet normal  0.000000e+00 -0.000000e+00  1.000000e+00
    outer loop
      vertex   2.450000e-02 -8.474074e-02 -4.805000e-02
      vertex   2.967223e-02 -7.840970e-02 -4.805000e-02
      vertex   2.248251e-02 -8.334670e-02 -4.805000e-02
    endloop
  endfacet
  facet normal -9.999936e-01 -3.540842e-03 -5.144113e-04
    outer loop
      vertex  -1.602011e-02  1.913814e-02 -3.651627e-02
      vertex  -1.599985e-02  1.893525e-02 -7.449993e-02
      vertex  -1.599910e-02  1.320140e-02 -3.650000e-02
    endloop
  endfacet
  facet normal -1.000000e+00  6.104238e-06  2.079164e-05
    outer loop
      vertex  -1.599985e-02  1.893525e-02 -7.449993e-02
      vertex  -1.600000e-02 -5.740732e-03 -7.450000e-02
      vertex  -1.599910e-02  1.320140e-02 -3.650000e-02
    endloop
  endfacet
  facet normal -1.000000e+00 -9.402776e-06  2.852153e-05
    outer loop
      vertex  -1.599910e-02  1.320140e-02 -3.650000e-02
      vertex  -1.600000e-02 -5.740732e-03 -7.450000e-02
      vertex  -1.599830e-02  1.331711e-02 -8.501593e-03
    endloop
  endfacet
  facet normal -1.000000e+00  8.936893e-05  0.000000e+00
    outer loop
      vertex  -1.600000e-02 -5.740732e-03 -7.450000e-02
      vertex  -1.600000e-02 -5.740732e-03 -8.500000e-03
      vertex  -1.599830e-02  1.331711e-02 -8.501593e-03
    endloop
  endfacet
  facet normal -5.193687e-01 -8.537856e-01 -3.614241e-02
    outer loop
      vertex  -2.977060e-02 -7.666545e-02 -8.535000e-02
      vertex  -1.112403e-02 -8.800840e-02 -8.535000e-02
      vertex  -2.939264e-02 -7.716418e-02 -7.900000e-02
    endloop
  endfacet
  facet normal -5.119929e-01 -8.589682e-01 -6.072076e-03
    outer loop
      vertex  -2.939264e-02 -7.716418e-02 -7.900000e-02
      vertex  -1.112403e-02 -8.800840e-02 -8.535000e-02
      vertex  -1.172898e-02 -8.769271e-02 -7.900000e-02
    endloop
  endfacet
  facet normal -3.415571e-02 -9.983398e-01  4.637929e-02
    outer loop
      vertex  -1.172898e-02 -8.769271e-02 -7.900000e-02
      vertex  -1.112403e-02 -8.800840e-02 -8.535000e-02
      vertex   1.048899e-02 -8.845284e-02 -7.900000e-02
    endloop
  endfacet
  facet normal -1.896858e-02 -9.998054e-01 -5.414607e-03
    outer loop
      vertex  -1.112403e-02 -8.800840e-02 -8.535000e-02
      vertex   9.345550e-03 -8.839676e-02 -8.535000e-02
      vertex   1.048899e-02 -8.845284e-02 -7.900000e-02
    endloop
  endfacet
  facet normal  4.521871e-01 -8.874452e-01 -8.926281e-02
    outer loop
      vertex   9.345550e-03 -8.839676e-02 -8.535000e-02
      vertex   2.509218e-02 -8.037325e-02 -8.535000e-02
      vertex   1.048899e-02 -8.845284e-02 -7.900000e-02
    endloop
  endfacet
  facet normal  5.188496e-01 -8.470322e-01  1.154624e-01
    outer loop
      vertex   1.048899e-02 -8.845284e-02 -7.900000e-02
      vertex   2.509218e-02 -8.037325e-02 -8.535000e-02
      vertex   2.795295e-02 -7.775529e-02 -7.900000e-02
    endloop
  endfacet
  facet normal -3.540437e-15 -2.430156e-15  1.000000e+00
    outer loop
      vertex   2.646874e-02 -5.060895e-02 -4.805000e-02
      vertex   2.450000e-02 -4.774073e-02 -4.805000e-02
      vertex   2.100000e-02 -4.835233e-02 -4.805000e-02
    endloop
  endfacet
  facet normal  0.000000e+00 -2.269111e-14  1.000000e+00
    outer loop
      vertex   2.450000e-02 -4.774073e-02 -4.805000e-02
      vertex   2.100000e-02 -4.774073e-02 -4.805000e-02
      vertex   2.100000e-02 -4.835233e-02 -4.805000e-02
    endloop
  endfacet
  facet normal  1.259147e-05  1.286260e-07  1.000000e+00
    outer loop
      vertex   3.371907e-02 -6.061163e-02 -4.804999e-02
      vertex   3.459313e-02 -6.685746e-02 -4.805000e-02
      vertex   3.450000e-02 -5.774073e-02 -4.805000e-02
    endloop
  endfacet
  facet normal  0.000000e+00  0.000000e+00  1.000000e+00
    outer loop
      vertex   2.450000e-02 -4.774073e-02 -4.805000e-02
      vertex   2.646874e-02 -5.060895e-02 -4.805000e-02
      vertex   3.450000e-02 -5.774073e-02 -4.805000e-02
    endloop
  endfacet
  facet normal  0.000000e+00  0.000000e+00  1.000000e+00
    outer loop
      vertex   2.646874e-02 -5.060895e-02 -4.805000e-02
      vertex   3.186683e-02 -5.635088e-02 -4.805000e-02
      vertex   3.450000e-02 -5.774073e-02 -4.805000e-02
    endloop
  endfacet
  facet normal  1.640244e-06  3.107549e-06  1.000000e+00
    outer loop
      vertex   3.450000e-02 -5.774073e-02 -4.805000e-02
      vertex   3.186683e-02 -5.635088e-02 -4.805000e-02
      vertex   3.371907e-02 -6.061163e-02 -4.804999e-02
    endloop
  endfacet
  facet normal  5.558550e-02 -6.962372e-02 -9.960235e-01
    outer loop
      vertex  -1.343441e-03 -1.527594e-02 -8.516004e-02
      vertex  -1.499625e-03 -1.973969e-02 -8.485673e-02
      vertex  -7.230812e-03 -1.725873e-02 -8.535000e-02
    endloop
  endfacet
  facet normal  3.380968e-12  1.933626e-11 -1.000000e+00
    outer loop
      vertex  -1.175088e-02 -4.932418e-02 -8.535000e-02
      vertex  -7.422567e-03 -4.378813e-02 -8.535000e-02
      vertex   7.198703e-03 -4.457552e-02 -8.535000e-02
    endloop
  endfacet
  facet normal  1.921062e-12 -7.772942e-12 -1.000000e+00
    outer loop
      vertex  -7.422567e-03 -4.378813e-02 -8.535000e-02
      vertex  -5.600443e-04 -2.643771e-02 -8.535000e-02
      vertex   7.198703e-03 -4.457552e-02 -8.535000e-02
    endloop
  endfacet
  facet normal -1.023202e-01 -6.387276e-02 -9.926988e-01
    outer loop
      vertex  -1.499625e-03 -1.973969e-02 -8.485673e-02
      vertex  -1.343441e-03 -1.527594e-02 -8.516004e-02
      vertex   2.108713e-03 -2.045383e-02 -8.518270e-02
    endloop
  endfacet
  facet normal -4.251882e-03  1.542325e-03 -9.999897e-01
    outer loop
      vertex  -1.343441e-03 -1.527594e-02 -8.516004e-02
      vertex   6.926996e-03 -1.631869e-02 -8.519682e-02
      vertex   2.108713e-03 -2.045383e-02 -8.518270e-02
    endloop
  endfacet
  facet normal  0.000000e+00  0.000000e+00 -1.000000e+00
    outer loop
      vertex  -2.977060e-02 -7.666545e-02 -8.535000e-02
      vertex  -3.321626e-02 -6.188418e-02 -8.535000e-02
      vertex  -1.175088e-02 -4.932418e-02 -8.535000e-02
    endloop
  endfacet
  facet normal  0.000000e+00  0.000000e+00 -1.000000e+00
    outer loop
      vertex  -1.112403e-02 -8.800840e-02 -8.535000e-02
      vertex  -2.977060e-02 -7.666545e-02 -8.535000e-02
      vertex   1.234281e-02 -4.963095e-02 -8.535000e-02
    endloop
  endfacet
  facet normal -1.197373e-11  1.865226e-11 -1.000000e+00
    outer loop
      vertex   1.234281e-02 -4.963095e-02 -8.535000e-02
      vertex  -2.977060e-02 -7.666545e-02 -8.535000e-02
      vertex   7.198703e-03 -4.457552e-02 -8.535000e-02
    endloop
  endfacet
  facet normal  0.000000e+00  0.000000e+00 -1.000000e+00
    outer loop
      vertex   9.345550e-03 -8.839676e-02 -8.535000e-02
      vertex  -1.112403e-02 -8.800840e-02 -8.535000e-02
      vertex   1.234281e-02 -4.963095e-02 -8.535000e-02
    endloop
  endfacet
  facet normal  1.240857e-01  9.017849e-02 -9.881653e-01
    outer loop
      vertex  -1.499625e-03 -1.973969e-02 -8.485673e-02
      vertex  -5.600443e-04 -2.643771e-02 -8.535000e-02
      vertex  -7.230812e-03 -1.725873e-02 -8.535000e-02
    endloop
  endfacet
  facet normal  3.537777e-11 -2.100591e-11 -1.000000e+00
    outer loop
      vertex  -7.230812e-03 -1.725873e-02 -8.535000e-02
      vertex  -5.600443e-04 -2.643771e-02 -8.535000e-02
      vertex  -7.422567e-03 -4.378813e-02 -8.535000e-02
    endloop
  endfacet
  facet normal -7.518449e-03  5.348653e-03 -9.999574e-01
    outer loop
      vertex   6.926996e-03 -1.631869e-02 -8.519682e-02
      vertex   7.198703e-03 -4.457552e-02 -8.535000e-02
      vertex   2.108713e-03 -2.045383e-02 -8.518270e-02
    endloop
  endfacet
  facet normal  0.000000e+00  0.000000e+00 -1.000000e+00
    outer loop
      vertex  -3.321626e-02 -6.188418e-02 -8.535000e-02
      vertex  -2.624794e-02 -4.958245e-02 -8.535000e-02
      vertex  -1.175088e-02 -4.932418e-02 -8.535000e-02
    endloop
  endfacet
  facet normal  9.853993e-12 -6.494439e-12 -1.000000e+00
    outer loop
      vertex  -1.175088e-02 -4.932418e-02 -8.535000e-02
      vertex   7.198703e-03 -4.457552e-02 -8.535000e-02
      vertex  -2.977060e-02 -7.666545e-02 -8.535000e-02
    endloop
  endfacet
  facet normal  0.000000e+00  0.000000e+00 -1.000000e+00
    outer loop
      vertex   1.234281e-02 -4.963095e-02 -8.535000e-02
      vertex   3.345360e-02 -6.692199e-02 -8.535000e-02
      vertex   2.509218e-02 -8.037325e-02 -8.535000e-02
    endloop
  endfacet
  facet normal  3.197753e-02  1.367892e-02 -9.993950e-01
    outer loop
      vertex  -5.600443e-04 -2.643771e-02 -8.535000e-02
      vertex   2.108713e-03 -2.045383e-02 -8.518270e-02
      vertex   7.198703e-03 -4.457552e-02 -8.535000e-02
    endloop
  endfacet
  facet normal  1.663303e-01  7.612563e-01 -6.267561e-01
    outer loop
      vertex   1.234281e-02 -4.963095e-02 -8.535000e-02
      vertex   2.494204e-02 -4.976977e-02 -8.217500e-02
      vertex   2.866486e-02 -5.319722e-02 -8.535000e-02
    endloop
  endfacet
  facet normal -0.000000e+00 -0.000000e+00 -1.000000e+00
    outer loop
      vertex   2.866486e-02 -5.319722e-02 -8.535000e-02
      vertex   3.345360e-02 -6.692199e-02 -8.535000e-02
      vertex   1.234281e-02 -4.963095e-02 -8.535000e-02
    endloop
  endfacet
  facet normal -0.000000e+00  0.000000e+00 -1.000000e+00
    outer loop
      vertex   2.509218e-02 -8.037325e-02 -8.535000e-02
      vertex   9.345550e-03 -8.839676e-02 -8.535000e-02
      vertex   1.234281e-02 -4.963095e-02 -8.535000e-02
    endloop
  endfacet
  facet normal -9.950898e-01 -9.896203e-02 -1.652762e-03
    outer loop
      vertex  -3.047148e-03 -6.750308e-02  1.195000e-02
      vertex  -3.556995e-03 -6.237643e-02  1.195000e-02
      vertex  -2.977189e-03 -6.670345e-02 -7.805000e-02
    endloop
  endfacet
  facet normal -9.869687e-01 -1.609066e-01  1.377725e-03
    outer loop
      vertex  -2.977189e-03 -6.670345e-02 -7.805000e-02
      vertex  -3.556995e-03 -6.237643e-02  1.195000e-02
      vertex  -3.817141e-03 -6.155136e-02 -7.805000e-02
    endloop
  endfacet
  facet normal -9.007697e-01 -4.342948e-01 -1.377719e-03
    outer loop
      vertex  -3.556995e-03 -6.237643e-02  1.195000e-02
      vertex  -5.824072e-03 -5.767430e-02  1.195000e-02
      vertex  -3.817141e-03 -6.155136e-02 -7.805000e-02
    endloop
  endfacet
  facet normal -8.718924e-01 -4.896948e-01  1.652769e-03
    outer loop
      vertex  -3.817141e-03 -6.155136e-02 -7.805000e-02
      vertex  -5.824072e-03 -5.767430e-02  1.195000e-02
      vertex  -6.340030e-03 -5.705940e-02 -7.805000e-02
    endloop
  endfacet
  facet normal -5.735707e-01 -8.191528e-01 -2.308376e-03
    outer loop
      vertex  -5.824072e-03 -5.767430e-02  1.195000e-02
      vertex  -1.243222e-02 -5.304727e-02  1.195000e-02
      vertex  -6.340030e-03 -5.705940e-02 -7.805000e-02
    endloop
  endfacet
  facet normal -5.362992e-01 -8.440269e-01  1.323430e-03
    outer loop
      vertex  -6.340030e-03 -5.705940e-02 -7.805000e-02
      vertex  -1.243222e-02 -5.304727e-02  1.195000e-02
      vertex  -1.265365e-02 -5.304769e-02 -7.805000e-02
    endloop
  endfacet
  facet normal -2.797899e-02 -9.996085e-01  7.356997e-05
    outer loop
      vertex  -1.265365e-02 -5.304769e-02 -7.805000e-02
      vertex  -1.243222e-02 -5.304727e-02  1.195000e-02
      vertex  -1.845509e-02 -5.288531e-02 -7.805000e-02
    endloop
  endfacet
  facet normal -2.452154e-03 -9.999956e-01 -1.635401e-03
    outer loop
      vertex  -1.243222e-02 -5.304727e-02  1.195000e-02
      vertex  -1.933037e-02 -5.303035e-02  1.195000e-02
      vertex  -1.845509e-02 -5.288531e-02 -7.805000e-02
    endloop
  endfacet
  facet normal  3.586041e-01 -9.334877e-01  1.983170e-03
    outer loop
      vertex  -1.845509e-02 -5.288531e-02 -7.805000e-02
      vertex  -1.933037e-02 -5.303035e-02  1.195000e-02
      vertex  -2.434436e-02 -5.514771e-02 -7.805000e-02
    endloop
  endfacet
  facet normal  4.215973e-01 -9.067806e-01 -2.154557e-03
    outer loop
      vertex  -1.933037e-02 -5.303035e-02  1.195000e-02
      vertex  -2.456644e-02 -5.546480e-02  1.195000e-02
      vertex  -2.434436e-02 -5.514771e-02 -7.805000e-02
    endloop
  endfacet
  facet normal  7.832057e-01 -6.217626e-01 -2.580604e-04
    outer loop
      vertex  -2.456644e-02 -5.546480e-02  1.195000e-02
      vertex  -2.813780e-02 -5.996349e-02  1.195000e-02
      vertex  -2.434436e-02 -5.514771e-02 -7.805000e-02
    endloop
  endfacet
  facet normal  8.021690e-01 -5.970941e-01  1.861208e-03
    outer loop
      vertex  -2.434436e-02 -5.514771e-02 -7.805000e-02
      vertex  -2.813780e-02 -5.996349e-02  1.195000e-02
      vertex  -2.848802e-02 -6.071453e-02 -7.805000e-02
    endloop
  endfacet
  facet normal  9.694313e-01 -2.453567e-01 -1.724875e-03
    outer loop
      vertex  -2.813780e-02 -5.996349e-02  1.195000e-02
      vertex  -2.969746e-02 -6.612588e-02  1.195000e-02
      vertex  -2.848802e-02 -6.071453e-02 -7.805000e-02
    endloop
  endfacet
  facet normal  9.797322e-01 -2.003088e-01  1.122103e-03
    outer loop
      vertex  -2.848802e-02 -6.071453e-02 -7.805000e-02
      vertex  -2.969746e-02 -6.612588e-02  1.195000e-02
      vertex  -2.963859e-02 -6.634208e-02 -7.805000e-02
    endloop
  endfacet
  facet normal  9.533600e-01  3.018355e-01 -1.014209e-04
    outer loop
      vertex  -2.963859e-02 -6.634208e-02 -7.805000e-02
      vertex  -2.969746e-02 -6.612588e-02  1.195000e-02
      vertex  -2.738076e-02 -7.347354e-02 -7.805000e-02
    endloop
  endfacet
  facet normal  9.540725e-01  2.995757e-01  1.014047e-04
    outer loop
      vertex  -2.969746e-02 -6.612588e-02  1.195000e-02
      vertex  -2.745653e-02 -7.326267e-02  1.195000e-02
      vertex  -2.738076e-02 -7.347354e-02 -7.805000e-02
    endloop
  endfacet
  facet normal  6.766505e-01  7.363034e-01 -1.155400e-03
    outer loop
      vertex  -2.745653e-02 -7.326267e-02  1.195000e-02
      vertex  -2.279766e-02 -7.754410e-02  1.195000e-02
      vertex  -2.738076e-02 -7.347354e-02 -7.805000e-02
    endloop
  endfacet
  facet normal  6.424196e-01  7.663506e-01  1.946737e-03
    outer loop
      vertex  -2.738076e-02 -7.347354e-02 -7.805000e-02
      vertex  -2.279766e-02 -7.754410e-02  1.195000e-02
      vertex  -2.207807e-02 -7.791869e-02 -7.805000e-02
    endloop
  endfacet
  facet normal  2.299398e-01  9.732023e-01 -2.212166e-03
    outer loop
      vertex  -2.279766e-02 -7.754410e-02  1.195000e-02
      vertex  -1.493050e-02 -7.940289e-02  1.195000e-02
      vertex  -2.207807e-02 -7.791869e-02 -7.805000e-02
    endloop
  endfacet
  facet normal  1.860289e-01  9.825432e-01  1.429169e-03
    outer loop
      vertex  -2.207807e-02 -7.791869e-02 -7.805000e-02
      vertex  -1.493050e-02 -7.940289e-02  1.195000e-02
      vertex  -1.472992e-02 -7.930995e-02 -7.805000e-02
    endloop
  endfacet
  facet normal -4.226135e-01  9.063100e-01 -6.028246e-06
    outer loop
      vertex  -1.472992e-02 -7.930995e-02 -7.805000e-02
      vertex  -1.493050e-02 -7.940289e-02  1.195000e-02
      vertex  -7.418683e-03 -7.590071e-02 -7.805000e-02
    endloop
  endfacet
  facet normal -4.203981e-01  9.073398e-01  2.189503e-04
    outer loop
      vertex  -1.493050e-02 -7.940289e-02  1.195000e-02
      vertex  -7.618736e-03 -7.601512e-02  1.195000e-02
      vertex  -7.418683e-03 -7.590071e-02 -7.805000e-02
    endloop
  endfacet
  facet normal -7.827306e-01  6.223600e-01 -9.487107e-04
    outer loop
      vertex  -7.618736e-03 -7.601512e-02  1.195000e-02
      vertex  -4.768996e-03 -7.243106e-02  1.195000e-02
      vertex  -7.418683e-03 -7.590071e-02 -7.805000e-02
    endloop
  endfacet
  facet normal -8.116705e-01  5.841140e-01  1.377759e-03
    outer loop
      vertex  -7.418683e-03 -7.590071e-02 -7.805000e-02
      vertex  -4.768996e-03 -7.243106e-02  1.195000e-02
      vertex  -4.369524e-03 -7.166368e-02 -7.805000e-02
    endloop
  endfacet
  facet normal -9.440331e-01  3.298478e-01 -1.377735e-03
    outer loop
      vertex  -4.768996e-03 -7.243106e-02  1.195000e-02
      vertex  -3.047148e-03 -6.750308e-02  1.195000e-02
      vertex  -4.369524e-03 -7.166368e-02 -7.805000e-02
    endloop
  endfacet
  facet normal -9.627876e-01  2.702543e-01  1.652760e-03
    outer loop
      vertex  -4.369524e-03 -7.166368e-02 -7.805000e-02
      vertex  -3.047148e-03 -6.750308e-02  1.195000e-02
      vertex  -2.977189e-03 -6.670345e-02 -7.805000e-02
    endloop
  endfacet
  facet normal -7.178898e-01 -6.952453e-01 -3.561246e-02
    outer loop
      vertex   1.362352e-03 -2.355650e-02 -8.805001e-02
      vertex   6.063284e-08 -2.260842e-02 -7.909738e-02
      vertex  -6.448880e-04 -2.148389e-02 -8.805001e-02
    endloop
  endfacet
  facet normal  1.241911e-01  9.885428e-01 -8.578893e-02
    outer loop
      vertex   1.362352e-03 -2.355650e-02 -8.805001e-02
      vertex  -1.232336e-03 -2.323053e-02 -8.805000e-02
      vertex   6.063284e-08 -2.260842e-02 -7.909738e-02
    endloop
  endfacet
  facet normal  9.423153e-01 -3.169289e-01 -1.076938e-01
    outer loop
      vertex  -1.232336e-03 -2.323053e-02 -8.805000e-02
      vertex  -6.448880e-04 -2.148389e-02 -8.805001e-02
      vertex   6.063284e-08 -2.260842e-02 -7.909738e-02
    endloop
  endfacet
  facet normal  2.690727e-01 -4.522057e-01  8.503587e-01
    outer loop
      vertex   1.044834e-02  1.516506e-02 -3.617334e-02
      vertex   1.621505e-02  1.943411e-02 -3.572785e-02
      vertex   1.147804e-02  1.932062e-02 -3.428931e-02
    endloop
  endfacet
  facet normal  2.492340e-01  4.522083e-01  8.563820e-01
    outer loop
      vertex   1.621505e-02  1.943411e-02 -3.572785e-02
      vertex   1.355416e-02  2.225329e-02 -3.644210e-02
      vertex   1.147804e-02  1.932062e-02 -3.428931e-02
    endloop
  endfacet
  facet normal -9.659262e-01 -2.588145e-01  1.258727e-03
    outer loop
      vertex   2.973875e-02 -6.671602e-02 -7.805000e-02
      vertex   2.975518e-02 -6.633965e-02  1.195000e-02
      vertex   2.765088e-02 -5.892386e-02 -7.805000e-02
    endloop
  endfacet
  facet normal -9.494092e-01 -3.140202e-01 -3.676278e-03
    outer loop
      vertex   2.975518e-02 -6.633965e-02  1.195000e-02
      vertex   2.686369e-02 -5.759750e-02  1.195000e-02
      vertex   2.765088e-02 -5.892386e-02 -7.805000e-02
    endloop
  endfacet
  facet normal -7.161799e-01 -6.979042e-01  4.021152e-03
    outer loop
      vertex   2.765088e-02 -5.892386e-02 -7.805000e-02
      vertex   2.686369e-02 -5.759750e-02  1.195000e-02
      vertex   2.400771e-02 -5.518529e-02 -7.805000e-02
    endloop
  endfacet
  facet normal -6.146129e-01 -7.888272e-01 -1.638822e-03
    outer loop
      vertex   2.686369e-02 -5.759750e-02  1.195000e-02
      vertex   2.290000e-02 -5.450920e-02  1.195000e-02
      vertex   2.400771e-02 -5.518529e-02 -7.805000e-02
    endloop
  endfacet
  facet normal -4.934142e-01 -8.697943e-01  4.611194e-04
    outer loop
      vertex   2.400771e-02 -5.518529e-02 -7.805000e-02
      vertex   2.290000e-02 -5.450920e-02  1.195000e-02
      vertex   2.187856e-02 -5.397747e-02 -7.805000e-02
    endloop
  endfacet
  facet normal -4.444209e-01 -8.958181e-01 -2.486715e-04
    outer loop
      vertex   2.290000e-02 -5.450920e-02  1.195000e-02
      vertex   2.126144e-02 -5.369630e-02  1.195000e-02
      vertex   2.187856e-02 -5.397747e-02 -7.805000e-02
    endloop
  endfacet
  facet normal -3.725589e-01 -9.280085e-01  3.446471e-04
    outer loop
      vertex   2.187856e-02 -5.397747e-02 -7.805000e-02
      vertex   2.126144e-02 -5.369630e-02  1.195000e-02
      vertex   2.036987e-02 -5.337179e-02 -7.805000e-02
    endloop
  endfacet
  facet normal -2.626712e-01 -9.648850e-01 -8.768987e-04
    outer loop
      vertex   2.126144e-02 -5.369630e-02  1.195000e-02
      vertex   1.786799e-02 -5.277250e-02  1.195000e-02
      vertex   2.036987e-02 -5.337179e-02 -7.805000e-02
    endloop
  endfacet
  facet normal -2.239680e-01 -9.745964e-01  2.636658e-04
    outer loop
      vertex   2.036987e-02 -5.337179e-02 -7.805000e-02
      vertex   1.786799e-02 -5.277250e-02  1.195000e-02
      vertex   1.812549e-02 -5.285602e-02 -7.805000e-02
    endloop
  endfacet
  facet normal -1.040160e-02 -9.999455e-01  8.982166e-04
    outer loop
      vertex   1.812549e-02 -5.285602e-02 -7.805000e-02
      vertex   1.786799e-02 -5.277250e-02  1.195000e-02
      vertex   1.416281e-02 -5.281480e-02 -7.805000e-02
    endloop
  endfacet
  facet normal  7.105611e-02 -9.974693e-01 -2.456457e-03
    outer loop
      vertex   1.786799e-02 -5.277250e-02  1.195000e-02
      vertex   1.268970e-02 -5.314138e-02  1.195000e-02
      vertex   1.416281e-02 -5.281480e-02 -7.805000e-02
    endloop
  endfacet
  facet normal  3.975687e-01 -9.175669e-01  3.177787e-03
    outer loop
      vertex   1.416281e-02 -5.281480e-02 -7.805000e-02
      vertex   1.268970e-02 -5.314138e-02  1.195000e-02
      vertex   7.830106e-03 -5.555867e-02 -7.805000e-02
    endloop
  endfacet
  facet normal  4.733512e-01 -8.808718e-01 -1.899712e-03
    outer loop
      vertex   1.268970e-02 -5.314138e-02  1.195000e-02
      vertex   7.618709e-03 -5.586636e-02  1.195000e-02
      vertex   7.830106e-03 -5.555867e-02 -7.805000e-02
    endloop
  endfacet
  facet normal  8.012761e-01 -5.982947e-01 -1.633860e-04
    outer loop
      vertex   7.618709e-03 -5.586636e-02  1.195000e-02
      vertex   4.174470e-03 -6.047912e-02  1.195000e-02
      vertex   7.830106e-03 -5.555867e-02 -7.805000e-02
    endloop
  endfacet
  facet normal  8.276987e-01 -5.611650e-01  2.939793e-03
    outer loop
      vertex   7.830106e-03 -5.555867e-02 -7.805000e-02
      vertex   4.174470e-03 -6.047912e-02  1.195000e-02
      vertex   3.628559e-03 -6.175580e-02 -7.805000e-02
    endloop
  endfacet
  facet normal  9.819926e-01 -1.888911e-01 -3.276960e-03
    outer loop
      vertex   4.174470e-03 -6.047912e-02  1.195000e-02
      vertex   2.977189e-03 -6.670345e-02  1.195000e-02
      vertex   3.628559e-03 -6.175580e-02 -7.805000e-02
    endloop
  endfacet
  facet normal  9.974206e-01 -7.170364e-02  3.276946e-03
    outer loop
      vertex   3.628559e-03 -6.175580e-02 -7.805000e-02
      vertex   2.977189e-03 -6.670345e-02  1.195000e-02
      vertex   3.174068e-03 -6.807792e-02 -7.805000e-02
    endloop
  endfacet
  facet normal  9.585440e-01  2.849357e-01 -2.254664e-03
    outer loop
      vertex   2.977189e-03 -6.670345e-02  1.195000e-02
      vertex   4.613853e-03 -7.220931e-02  1.195000e-02
      vertex   3.174068e-03 -6.807792e-02 -7.805000e-02
    endloop
  endfacet
  facet normal  9.340457e-01  3.571506e-01  1.452220e-03
    outer loop
      vertex   3.174068e-03 -6.807792e-02 -7.805000e-02
      vertex   4.613853e-03 -7.220931e-02  1.195000e-02
      vertex   5.028191e-03 -7.292695e-02 -7.805000e-02
    endloop
  endfacet
  facet normal  7.667658e-01  6.419250e-01 -1.588662e-03
    outer loop
      vertex   4.613853e-03 -7.220931e-02  1.195000e-02
      vertex   8.320545e-03 -7.663687e-02  1.195000e-02
      vertex   5.028191e-03 -7.292695e-02 -7.805000e-02
    endloop
  endfacet
  facet normal  7.260343e-01  6.876562e-01  1.786466e-03
    outer loop
      vertex   5.028191e-03 -7.292695e-02 -7.805000e-02
      vertex   8.320545e-03 -7.663687e-02  1.195000e-02
      vertex   8.978053e-03 -7.709726e-02 -7.805000e-02
    endloop
  endfacet
  facet normal  4.118401e-01  9.112546e-01 -1.652736e-03
    outer loop
      vertex   8.320545e-03 -7.663687e-02  1.195000e-02
      vertex   1.301530e-02 -7.875866e-02  1.195000e-02
      vertex   8.978053e-03 -7.709726e-02 -7.805000e-02
    endloop
  endfacet
  facet normal  3.541349e-01  9.351933e-01  1.377720e-03
    outer loop
      vertex   8.978053e-03 -7.709726e-02 -7.805000e-02
      vertex   1.301530e-02 -7.875866e-02  1.195000e-02
      vertex   1.385991e-02 -7.894590e-02 -7.805000e-02
    endloop
  endfacet
  facet normal  5.924764e-02  9.982421e-01 -1.520861e-03
    outer loop
      vertex   1.301530e-02 -7.875866e-02  1.195000e-02
      vertex   1.880878e-02 -7.910251e-02  1.195000e-02
      vertex   1.385991e-02 -7.894590e-02 -7.805000e-02
    endloop
  endfacet
  facet normal -2.843979e-03  9.999942e-01  1.896442e-03
    outer loop
      vertex   1.385991e-02 -7.894590e-02 -7.805000e-02
      vertex   1.880878e-02 -7.910251e-02  1.195000e-02
      vertex   1.958867e-02 -7.892961e-02 -7.805000e-02
    endloop
  endfacet
  facet normal -4.055628e-01  9.140655e-01 -1.758400e-03
    outer loop
      vertex   1.880878e-02 -7.910251e-02  1.195000e-02
      vertex   2.348432e-02 -7.702801e-02  1.195000e-02
      vertex   1.958867e-02 -7.892961e-02 -7.805000e-02
    endloop
  endfacet
  facet normal -5.255880e-01  8.507258e-01  4.775183e-03
    outer loop
      vertex   1.958867e-02 -7.892961e-02 -7.805000e-02
      vertex   2.348432e-02 -7.702801e-02  1.195000e-02
      vertex   2.644405e-02 -7.469428e-02 -7.805000e-02
    endloop
  endfacet
  facet normal -6.627176e-01  7.488656e-01 -2.375710e-03
    outer loop
      vertex   2.348432e-02 -7.702801e-02  1.195000e-02
      vertex   2.699614e-02 -7.392018e-02  1.195000e-02
      vertex   2.644405e-02 -7.469428e-02 -7.805000e-02
    endloop
  endfacet
  facet normal -9.242858e-01  3.816936e-01  2.386919e-03
    outer loop
      vertex   2.644405e-02 -7.469428e-02 -7.805000e-02
      vertex   2.699614e-02 -7.392018e-02  1.195000e-02
      vertex   2.973875e-02 -6.671602e-02 -7.805000e-02
    endloop
  endfacet
  facet normal -9.396936e-01  3.420151e-01 -1.258719e-03
    outer loop
      vertex   2.699614e-02 -7.392018e-02  1.195000e-02
      vertex   2.975518e-02 -6.633965e-02  1.195000e-02
      vertex   2.973875e-02 -6.671602e-02 -7.805000e-02
    endloop
  endfacet
  facet normal  3.972851e-01  1.486632e-02  9.175748e-01
    outer loop
      vertex  -8.128155e-03  1.821018e-02 -3.649320e-02
      vertex  -1.359528e-02  2.033063e-02 -3.416044e-02
      vertex  -1.014195e-02  1.554725e-02 -3.557814e-02
    endloop
  endfacet
  facet normal -9.999250e-01  1.224362e-02  0.000000e+00
    outer loop
      vertex  -3.450000e-02 -5.774073e-02 -6.305000e-02
      vertex  -3.450000e-02 -5.774073e-02 -7.805000e-02
      vertex  -3.462111e-02 -6.763189e-02 -6.317044e-02
    endloop
  endfacet
  facet normal -9.999669e-01 -0.000000e+00 -8.139258e-03
    outer loop
      vertex  -3.450000e-02 -5.774073e-02 -7.805000e-02
      vertex  -3.450000e-02 -7.474073e-02 -7.805000e-02
      vertex  -3.462111e-02 -6.763189e-02 -6.317044e-02
    endloop
  endfacet
  facet normal -9.998549e-01 -1.703443e-02 -3.623074e-19
    outer loop
      vertex  -3.462111e-02 -6.763189e-02 -6.317044e-02
      vertex  -3.450000e-02 -7.474073e-02 -7.805000e-02
      vertex  -3.450000e-02 -7.474073e-02 -6.305000e-02
    endloop
  endfacet
  facet normal  7.306373e-01 -1.774769e-01 -6.592959e-01
    outer loop
      vertex  -1.088231e-04 -2.019381e-02 -8.444300e-02
      vertex   1.775099e-03 -1.883366e-02 -8.272136e-02
      vertex   3.385803e-03 -2.212636e-02 -8.005000e-02
    endloop
  endfacet
  facet normal  1.767070e-01  6.708012e-01  7.202780e-01
    outer loop
      vertex   1.775099e-03 -1.883366e-02 -8.272136e-02
      vertex  -8.675274e-04 -2.024064e-02 -8.076271e-02
      vertex   3.385803e-03 -2.212636e-02 -8.005000e-02
    endloop
  endfacet
  facet normal -1.881415e-01  9.817899e-01 -2.629252e-02
    outer loop
      vertex  -2.342934e-03 -2.053729e-02 -8.128230e-02
      vertex  -8.675274e-04 -2.024064e-02 -8.076271e-02
      vertex  -1.088231e-04 -2.019381e-02 -8.444300e-02
    endloop
  endfacet
  facet normal -1.881942e-01  9.817788e-01 -2.633097e-02
    outer loop
      vertex  -2.342934e-03 -2.053729e-02 -8.128230e-02
      vertex  -1.088231e-04 -2.019381e-02 -8.444300e-02
      vertex  -2.797003e-03 -2.080584e-02 -8.805000e-02
    endloop
  endfacet
  facet normal -2.724679e-01 -2.649768e-01  9.249586e-01
    outer loop
      vertex   3.385803e-03 -2.212636e-02 -8.005000e-02
      vertex  -8.675274e-04 -2.024064e-02 -8.076271e-02
      vertex  -2.342934e-03 -2.053729e-02 -8.128230e-02
    endloop
  endfacet
  facet normal -9.012819e-16 -1.822077e-15 -1.000000e+00
    outer loop
      vertex  -3.450000e-02 -5.774073e-02 -7.805000e-02
      vertex  -2.434436e-02 -5.514771e-02 -7.805000e-02
      vertex  -2.848802e-02 -6.071453e-02 -7.805000e-02
    endloop
  endfacet
  facet normal  0.000000e+00  0.000000e+00 -1.000000e+00
    outer loop
      vertex   1.600000e-02 -5.740732e-03 -7.805000e-02
      vertex   2.100000e-02 -5.740732e-03 -7.805000e-02
      vertex   1.600000e-02 -4.774073e-02 -7.805000e-02
    endloop
  endfacet
  facet normal  0.000000e+00 -0.000000e+00 -1.000000e+00
    outer loop
      vertex   2.100000e-02 -5.740732e-03 -7.805000e-02
      vertex   2.100000e-02 -4.774073e-02 -7.805000e-02
      vertex   1.600000e-02 -4.774073e-02 -7.805000e-02
    endloop
  endfacet
  facet normal  7.579036e-15  5.525705e-14 -1.000000e+00
    outer loop
      vertex  -2.100000e-02 -4.774073e-02 -7.805000e-02
      vertex   1.812549e-02 -5.285602e-02 -7.805000e-02
      vertex   1.416281e-02 -5.281480e-02 -7.805000e-02
    endloop
  endfacet
  facet normal  0.000000e+00  0.000000e+00 -1.000000e+00
    outer loop
      vertex  -2.100000e-02 -4.774073e-02 -7.805000e-02
      vertex  -1.265365e-02 -5.304769e-02 -7.805000e-02
      vertex  -1.845509e-02 -5.288531e-02 -7.805000e-02
    endloop
  endfacet
  facet normal -0.000000e+00 -0.000000e+00 -1.000000e+00
    outer loop
      vertex  -2.100000e-02 -4.774073e-02 -7.805000e-02
      vertex  -1.845509e-02 -5.288531e-02 -7.805000e-02
      vertex  -2.450000e-02 -4.774073e-02 -7.805000e-02
    endloop
  endfacet
  facet normal  1.623590e-15  1.907727e-15 -1.000000e+00
    outer loop
      vertex  -1.845509e-02 -5.288531e-02 -7.805000e-02
      vertex  -2.434436e-02 -5.514771e-02 -7.805000e-02
      vertex  -2.450000e-02 -4.774073e-02 -7.805000e-02
    endloop
  endfacet
  facet normal  0.000000e+00  0.000000e+00 -1.000000e+00
    outer loop
      vertex   2.400771e-02 -5.518529e-02 -7.805000e-02
      vertex   2.187856e-02 -5.397747e-02 -7.805000e-02
      vertex   1.600000e-02 -4.774073e-02 -7.805000e-02
    endloop
  endfacet
  facet normal  0.000000e+00  0.000000e+00 -1.000000e+00
    outer loop
      vertex   2.187856e-02 -5.397747e-02 -7.805000e-02
      vertex   2.036987e-02 -5.337179e-02 -7.805000e-02
      vertex   1.600000e-02 -4.774073e-02 -7.805000e-02
    endloop
  endfacet
  facet normal -7.525399e-15 -5.839933e-15 -1.000000e+00
    outer loop
      vertex   2.036987e-02 -5.337179e-02 -7.805000e-02
      vertex   1.812549e-02 -5.285602e-02 -7.805000e-02
      vertex   1.600000e-02 -4.774073e-02 -7.805000e-02
    endloop
  endfacet
  facet normal -0.000000e+00 -2.713002e-15 -1.000000e+00
    outer loop
      vertex   1.600000e-02 -4.774073e-02 -7.805000e-02
      vertex   1.812549e-02 -5.285602e-02 -7.805000e-02
      vertex  -1.600000e-02 -4.774073e-02 -7.805000e-02
    endloop
  endfacet
  facet normal  0.000000e+00 -2.713002e-15 -1.000000e+00
    outer loop
      vertex   1.812549e-02 -5.285602e-02 -7.805000e-02
      vertex  -2.100000e-02 -4.774073e-02 -7.805000e-02
      vertex  -1.600000e-02 -4.774073e-02 -7.805000e-02
    endloop
  endfacet
  facet normal  0.000000e+00  0.000000e+00 -1.000000e+00
    outer loop
      vertex  -1.600000e-02 -4.774073e-02 -7.805000e-02
      vertex  -2.100000e-02 -4.774073e-02 -7.805000e-02
      vertex  -1.600000e-02 -5.740732e-03 -7.805000e-02
    endloop
  endfacet
  facet normal  0.000000e+00  0.000000e+00 -1.000000e+00
    outer loop
      vertex  -2.100000e-02 -4.774073e-02 -7.805000e-02
      vertex  -2.100000e-02 -5.740732e-03 -7.805000e-02
      vertex  -1.600000e-02 -5.740732e-03 -7.805000e-02
    endloop
  endfacet
  facet normal  0.000000e+00  0.000000e+00 -1.000000e+00
    outer loop
      vertex   2.765088e-02 -5.892386e-02 -7.805000e-02
      vertex   2.400771e-02 -5.518529e-02 -7.805000e-02
      vertex   2.100000e-02 -4.774073e-02 -7.805000e-02
    endloop
  endfacet
  facet normal -0.000000e+00 -0.000000e+00 -1.000000e+00
    outer loop
      vertex   2.100000e-02 -4.774073e-02 -7.805000e-02
      vertex   2.400771e-02 -5.518529e-02 -7.805000e-02
      vertex   1.600000e-02 -4.774073e-02 -7.805000e-02
    endloop
  endfacet
  facet normal -1.835052e-15  1.835051e-15 -1.000000e+00
    outer loop
      vertex  -2.450000e-02 -4.774073e-02 -7.805000e-02
      vertex  -2.434436e-02 -5.514771e-02 -7.805000e-02
      vertex  -3.450000e-02 -5.774073e-02 -7.805000e-02
    endloop
  endfacet
  facet normal  0.000000e+00  0.000000e+00 -1.000000e+00
    outer loop
      vertex  -3.450000e-02 -5.774073e-02 -7.805000e-02
      vertex  -2.848802e-02 -6.071453e-02 -7.805000e-02
      vertex  -2.963859e-02 -6.634208e-02 -7.805000e-02
    endloop
  endfacet
  facet normal  5.254222e-16  4.286232e-15 -1.000000e+00
    outer loop
      vertex  -6.340030e-03 -5.705940e-02 -7.805000e-02
      vertex  -1.265365e-02 -5.304769e-02 -7.805000e-02
      vertex   7.830106e-03 -5.555867e-02 -7.805000e-02
    endloop
  endfacet
  facet normal  0.000000e+00 -0.000000e+00 -1.000000e+00
    outer loop
      vertex  -2.963859e-02 -6.634208e-02 -7.805000e-02
      vertex  -2.738076e-02 -7.347354e-02 -7.805000e-02
      vertex  -3.450000e-02 -7.474073e-02 -7.805000e-02
    endloop
  endfacet
  facet normal  0.000000e+00  0.000000e+00 -1.000000e+00
    outer loop
      vertex  -3.450000e-02 -7.474073e-02 -7.805000e-02
      vertex  -2.738076e-02 -7.347354e-02 -7.805000e-02
      vertex  -2.450000e-02 -8.474074e-02 -7.805000e-02
    endloop
  endfacet
  facet normal  0.000000e+00  0.000000e+00 -1.000000e+00
    outer loop
      vertex  -2.450000e-02 -8.474074e-02 -7.805000e-02
      vertex  -2.738076e-02 -7.347354e-02 -7.805000e-02
      vertex  -2.207807e-02 -7.791869e-02 -7.805000e-02
    endloop
  endfacet
  facet normal  0.000000e+00 -0.000000e+00 -1.000000e+00
    outer loop
      vertex  -2.207807e-02 -7.791869e-02 -7.805000e-02
      vertex  -1.472992e-02 -7.930995e-02 -7.805000e-02
      vertex  -2.450000e-02 -8.474074e-02 -7.805000e-02
    endloop
  endfacet
  facet normal -5.105368e-16 -8.029301e-16 -1.000000e+00
    outer loop
      vertex  -2.100000e-02 -4.774073e-02 -7.805000e-02
      vertex   1.416281e-02 -5.281480e-02 -7.805000e-02
      vertex  -1.265365e-02 -5.304769e-02 -7.805000e-02
    endloop
  endfacet
  facet normal -4.832713e-16 -3.942377e-15 -1.000000e+00
    outer loop
      vertex   1.416281e-02 -5.281480e-02 -7.805000e-02
      vertex   7.830106e-03 -5.555867e-02 -7.805000e-02
      vertex  -1.265365e-02 -5.304769e-02 -7.805000e-02
    endloop
  endfacet
  facet normal  0.000000e+00  0.000000e+00 -1.000000e+00
    outer loop
      vertex  -3.450000e-02 -5.774073e-02 -7.805000e-02
      vertex  -2.963859e-02 -6.634208e-02 -7.805000e-02
      vertex  -3.450000e-02 -7.474073e-02 -7.805000e-02
    endloop
  endfacet
  facet normal  0.000000e+00 -0.000000e+00 -1.000000e+00
    outer loop
      vertex   5.028191e-03 -7.292695e-02 -7.805000e-02
      vertex   8.978053e-03 -7.709726e-02 -7.805000e-02
      vertex  -2.450000e-02 -8.474074e-02 -7.805000e-02
    endloop
  endfacet
  facet normal  1.055131e-15 -7.153602e-16 -1.000000e+00
    outer loop
      vertex   7.830106e-03 -5.555867e-02 -7.805000e-02
      vertex   3.628559e-03 -6.175580e-02 -7.805000e-02
      vertex  -6.340030e-03 -5.705940e-02 -7.805000e-02
    endloop
  endfacet
  facet normal  0.000000e+00  0.000000e+00 -1.000000e+00
    outer loop
      vertex   1.958867e-02 -7.892961e-02 -7.805000e-02
      vertex   2.644405e-02 -7.469428e-02 -7.805000e-02
      vertex   2.450000e-02 -8.474074e-02 -7.805000e-02
    endloop
  endfacet
  facet normal  0.000000e+00  0.000000e+00 -1.000000e+00
    outer loop
      vertex   2.450000e-02 -8.474074e-02 -7.805000e-02
      vertex   2.644405e-02 -7.469428e-02 -7.805000e-02
      vertex   3.450000e-02 -7.474073e-02 -7.805000e-02
    endloop
  endfacet
  facet normal -5.162552e-15  6.990553e-15 -1.000000e+00
    outer loop
      vertex  -7.418683e-03 -7.590071e-02 -7.805000e-02
      vertex  -4.369524e-03 -7.166368e-02 -7.805000e-02
      vertex   3.174068e-03 -6.807792e-02 -7.805000e-02
    endloop
  endfacet
  facet normal  9.464106e-16 -5.861285e-15 -1.000000e+00
    outer loop
      vertex  -4.369524e-03 -7.166368e-02 -7.805000e-02
      vertex  -2.977189e-03 -6.670345e-02 -7.805000e-02
      vertex   3.174068e-03 -6.807792e-02 -7.805000e-02
    endloop
  endfacet
  facet normal -1.069264e-15  4.683325e-15 -1.000000e+00
    outer loop
      vertex   8.978053e-03 -7.709726e-02 -7.805000e-02
      vertex   1.385991e-02 -7.894590e-02 -7.805000e-02
      vertex  -2.450000e-02 -8.474074e-02 -7.805000e-02
    endloop
  endfacet
  facet normal  0.000000e+00 -2.394855e-15 -1.000000e+00
    outer loop
      vertex  -2.450000e-02 -8.474074e-02 -7.805000e-02
      vertex   1.385991e-02 -7.894590e-02 -7.805000e-02
      vertex   2.450000e-02 -8.474074e-02 -7.805000e-02
    endloop
  endfacet
  facet normal  2.416668e-15  2.042470e-15 -1.000000e+00
    outer loop
      vertex   2.450000e-02 -8.474074e-02 -7.805000e-02
      vertex   1.385991e-02 -7.894590e-02 -7.805000e-02
      vertex   1.958867e-02 -7.892961e-02 -7.805000e-02
    endloop
  endfacet
  facet normal  0.000000e+00  0.000000e+00 -1.000000e+00
    outer loop
      vertex   2.644405e-02 -7.469428e-02 -7.805000e-02
      vertex   2.973875e-02 -6.671602e-02 -7.805000e-02
      vertex   3.450000e-02 -7.474073e-02 -7.805000e-02
    endloop
  endfacet
  facet normal  0.000000e+00  0.000000e+00 -1.000000e+00
    outer loop
      vertex   2.100000e-02 -4.774073e-02 -7.805000e-02
      vertex   2.450000e-02 -4.774073e-02 -7.805000e-02
      vertex   2.765088e-02 -5.892386e-02 -7.805000e-02
    endloop
  endfacet
  facet normal  0.000000e+00  0.000000e+00 -1.000000e+00
    outer loop
      vertex   2.765088e-02 -5.892386e-02 -7.805000e-02
      vertex   2.450000e-02 -4.774073e-02 -7.805000e-02
      vertex   3.450000e-02 -5.774073e-02 -7.805000e-02
    endloop
  endfacet
  facet normal -8.616016e-17 -3.137867e-15 -1.000000e+00
    outer loop
      vertex  -6.340030e-03 -5.705940e-02 -7.805000e-02
      vertex   3.628559e-03 -6.175580e-02 -7.805000e-02
      vertex  -3.817141e-03 -6.155136e-02 -7.805000e-02
    endloop
  endfacet
  facet normal  0.000000e+00 -0.000000e+00 -1.000000e+00
    outer loop
      vertex  -1.472992e-02 -7.930995e-02 -7.805000e-02
      vertex   5.028191e-03 -7.292695e-02 -7.805000e-02
      vertex  -2.450000e-02 -8.474074e-02 -7.805000e-02
    endloop
  endfacet
  facet normal  0.000000e+00 -0.000000e+00 -1.000000e+00
    outer loop
      vertex   3.174068e-03 -6.807792e-02 -7.805000e-02
      vertex   5.028191e-03 -7.292695e-02 -7.805000e-02
      vertex  -7.418683e-03 -7.590071e-02 -7.805000e-02
    endloop
  endfacet
  facet normal  0.000000e+00  0.000000e+00 -1.000000e+00
    outer loop
      vertex   5.028191e-03 -7.292695e-02 -7.805000e-02
      vertex  -1.472992e-02 -7.930995e-02 -7.805000e-02
      vertex  -7.418683e-03 -7.590071e-02 -7.805000e-02
    endloop
  endfacet
  facet normal  0.000000e+00  0.000000e+00 -1.000000e+00
    outer loop
      vertex   2.973875e-02 -6.671602e-02 -7.805000e-02
      vertex   2.765088e-02 -5.892386e-02 -7.805000e-02
      vertex   3.450000e-02 -5.774073e-02 -7.805000e-02
    endloop
  endfacet
  facet normal  2.220422e-15 -1.596241e-16 -1.000000e+00
    outer loop
      vertex   3.174068e-03 -6.807792e-02 -7.805000e-02
      vertex  -2.977189e-03 -6.670345e-02 -7.805000e-02
      vertex   3.628559e-03 -6.175580e-02 -7.805000e-02
    endloop
  endfacet
  facet normal  7.429456e-17  2.705733e-15 -1.000000e+00
    outer loop
      vertex   3.628559e-03 -6.175580e-02 -7.805000e-02
      vertex  -2.977189e-03 -6.670345e-02 -7.805000e-02
      vertex  -3.817141e-03 -6.155136e-02 -7.805000e-02
    endloop
  endfacet
  facet normal  0.000000e+00  0.000000e+00 -1.000000e+00
    outer loop
      vertex   3.450000e-02 -7.474073e-02 -7.805000e-02
      vertex   2.973875e-02 -6.671602e-02 -7.805000e-02
      vertex   3.450000e-02 -5.774073e-02 -7.805000e-02
    endloop
  endfacet
  facet normal -1.172820e-01 -8.367438e-01  5.348877e-01
    outer loop
      vertex  -1.499625e-03 -1.973969e-02 -8.485673e-02
      vertex   2.108713e-03 -2.045383e-02 -8.518270e-02
      vertex   1.775099e-03 -1.883366e-02 -8.272136e-02
    endloop
  endfacet
  facet normal -7.074936e-01  5.424662e-01 -4.529715e-01
    outer loop
      vertex   2.108713e-03 -2.045383e-02 -8.518270e-02
      vertex   7.979525e-05 -1.899483e-02 -8.026649e-02
      vertex   1.775099e-03 -1.883366e-02 -8.272136e-02
    endloop
  endfacet
  facet normal  5.526006e-01 -8.316167e-01 -5.519260e-02
    outer loop
      vertex  -2.342934e-03 -2.053729e-02 -8.128230e-02
      vertex  -1.499625e-03 -1.973969e-02 -8.485673e-02
      vertex   7.979525e-05 -1.899483e-02 -8.026649e-02
    endloop
  endfacet
  facet normal -2.320776e-01  2.362478e-01  9.435714e-01
    outer loop
      vertex   1.098163e-02 -4.680879e-02 -3.467641e-02
      vertex   1.435232e-02 -4.267730e-02 -3.488180e-02
      vertex   1.045706e-02 -4.053739e-02 -3.637565e-02
    endloop
  endfacet
  facet normal  9.999302e-01 -1.181283e-02  0.000000e+00
    outer loop
      vertex   3.450000e-02 -7.474073e-02 -4.805000e-02
      vertex   3.450000e-02 -7.474073e-02 -7.805000e-02
      vertex   3.459313e-02 -6.685746e-02 -4.805000e-02
    endloop
  endfacet
  facet normal  9.999952e-01  0.000000e+00 -3.104327e-03
    outer loop
      vertex   3.450000e-02 -7.474073e-02 -7.805000e-02
      vertex   3.450000e-02 -5.774073e-02 -7.805000e-02
      vertex   3.459313e-02 -6.685746e-02 -4.805000e-02
    endloop
  endfacet
  facet normal  9.999478e-01  1.021479e-02 -3.208647e-20
    outer loop
      vertex   3.459313e-02 -6.685746e-02 -4.805000e-02
      vertex   3.450000e-02 -5.774073e-02 -7.805000e-02
      vertex   3.450000e-02 -5.774073e-02 -4.805000e-02
    endloop
  endfacet
  facet normal  2.610316e-01  2.104452e-01 -9.421121e-01
    outer loop
      vertex  -2.342934e-03 -2.053729e-02 -8.128230e-02
      vertex   7.979525e-05 -1.899483e-02 -8.026649e-02
      vertex   3.385803e-03 -2.212636e-02 -8.005000e-02
    endloop
  endfacet
  facet normal -6.838600e-01 -7.265670e-01 -6.660254e-02
    outer loop
      vertex   3.385803e-03 -2.212636e-02 -8.005000e-02
      vertex   7.979525e-05 -1.899483e-02 -8.026649e-02
      vertex   2.108713e-03 -2.045383e-02 -8.518270e-02
    endloop
  endfacet
  facet normal  0.000000e+00 -1.000000e+00  0.000000e+00
    outer loop
      vertex  -2.450000e-02 -8.474074e-02 -5.305000e-02
      vertex  -2.450000e-02 -8.474074e-02 -7.805000e-02
      vertex  -1.950000e-02 -8.474074e-02 -4.805000e-02
    endloop
  endfacet
  facet normal  0.000000e+00 -1.000000e+00  0.000000e+00
    outer loop
      vertex  -2.450000e-02 -8.474074e-02 -7.805000e-02
      vertex   2.450000e-02 -8.474074e-02 -7.805000e-02
      vertex  -1.950000e-02 -8.474074e-02 -4.805000e-02
    endloop
  endfacet
  facet normal  0.000000e+00 -1.000000e+00  0.000000e+00
    outer loop
      vertex  -1.950000e-02 -8.474074e-02 -4.805000e-02
      vertex   2.450000e-02 -8.474074e-02 -7.805000e-02
      vertex   2.450000e-02 -8.474074e-02 -4.805000e-02
    endloop
  endfacet
  facet normal  1.269519e-02  9.998801e-01  8.860352e-03
    outer loop
      vertex   6.926996e-03 -1.631869e-02 -8.519682e-02
      vertex  -7.010510e-03 -1.619663e-02 -7.900215e-02
      vertex   7.219333e-03 -1.637732e-02 -7.900000e-02
    endloop
  endfacet
  facet normal -3.599827e-01  9.123788e-01 -1.948776e-01
    outer loop
      vertex  -7.010510e-03 -1.619663e-02 -7.900215e-02
      vertex  -3.274576e-04 -1.399244e-02 -8.102767e-02
      vertex  -1.343441e-03 -1.527594e-02 -8.516004e-02
    endloop
  endfacet
  facet normal  0.000000e+00  1.000000e+00  0.000000e+00
    outer loop
      vertex   2.450000e-02 -4.774073e-02 -4.805000e-02
      vertex   2.450000e-02 -4.774073e-02 -7.805000e-02
      vertex   2.100000e-02 -4.774073e-02 -4.805000e-02
    endloop
  endfacet
  facet normal  0.000000e+00  1.000000e+00  0.000000e+00
    outer loop
      vertex   2.450000e-02 -4.774073e-02 -7.805000e-02
      vertex   2.100000e-02 -4.774073e-02 -7.805000e-02
      vertex   2.100000e-02 -4.774073e-02 -4.805000e-02
    endloop
  endfacet
  facet normal -1.065961e-04 -1.494840e-03  9.999989e-01
    outer loop
      vertex   9.347653e-03 -4.812433e-02 -7.900000e-02
      vertex   7.068844e-03 -3.387666e-02 -7.897895e-02
      vertex  -8.104776e-03 -4.687981e-02 -7.900000e-02
    endloop
  endfacet
  facet normal -0.000000e+00  0.000000e+00  1.000000e+00
    outer loop
      vertex  -3.328895e-02 -6.240334e-02 -7.900000e-02
      vertex  -2.939264e-02 -7.716418e-02 -7.900000e-02
      vertex  -2.512703e-02 -4.955468e-02 -7.900000e-02
    endloop
  endfacet
  facet normal  6.447809e-04 -2.371633e-03  9.999970e-01
    outer loop
      vertex  -7.112159e-03 -3.499383e-02 -7.897245e-02
      vertex  -8.104776e-03 -4.687981e-02 -7.900000e-02
      vertex   7.068844e-03 -3.387666e-02 -7.897895e-02
    endloop
  endfacet
  facet normal -0.000000e+00  0.000000e+00  1.000000e+00
    outer loop
      vertex  -1.172898e-02 -8.769271e-02 -7.900000e-02
      vertex   1.048899e-02 -8.845284e-02 -7.900000e-02
      vertex   9.347653e-03 -4.812433e-02 -7.900000e-02
    endloop
  endfacet
  facet normal  0.000000e+00  0.000000e+00  1.000000e+00
    outer loop
      vertex  -2.939264e-02 -7.716418e-02 -7.900000e-02
      vertex  -8.104776e-03 -4.687981e-02 -7.900000e-02
      vertex  -2.512703e-02 -4.955468e-02 -7.900000e-02
    endloop
  endfacet
  facet normal -2.114010e-15  8.621121e-16  1.000000e+00
    outer loop
      vertex   2.795295e-02 -7.775529e-02 -7.900000e-02
      vertex   3.328039e-02 -6.469171e-02 -7.900000e-02
      vertex   2.611815e-02 -5.005959e-02 -7.900000e-02
    endloop
  endfacet
  facet normal -0.000000e+00  0.000000e+00  1.000000e+00
    outer loop
      vertex  -2.939264e-02 -7.716418e-02 -7.900000e-02
      vertex  -1.172898e-02 -8.769271e-02 -7.900000e-02
      vertex   9.347653e-03 -4.812433e-02 -7.900000e-02
    endloop
  endfacet
  facet normal  0.000000e+00  0.000000e+00  1.000000e+00
    outer loop
      vertex  -8.104776e-03 -4.687981e-02 -7.900000e-02
      vertex  -2.939264e-02 -7.716418e-02 -7.900000e-02
      vertex   9.347653e-03 -4.812433e-02 -7.900000e-02
    endloop
  endfacet
  facet normal  7.818185e-15 -4.966381e-15  1.000000e+00
    outer loop
      vertex  -2.512703e-02 -4.955468e-02 -7.900000e-02
      vertex  -2.900830e-02 -5.287032e-02 -7.900000e-02
      vertex  -3.328895e-02 -6.240334e-02 -7.900000e-02
    endloop
  endfacet
  facet normal  1.660447e-15  4.699221e-17  1.000000e+00
    outer loop
      vertex   9.347653e-03 -4.812433e-02 -7.900000e-02
      vertex   1.048899e-02 -8.845284e-02 -7.900000e-02
      vertex   2.611815e-02 -5.005959e-02 -7.900000e-02
    endloop
  endfacet
  facet normal -5.899344e-16  9.630796e-16  1.000000e+00
    outer loop
      vertex   1.048899e-02 -8.845284e-02 -7.900000e-02
      vertex   2.795295e-02 -7.775529e-02 -7.900000e-02
      vertex   2.611815e-02 -5.005959e-02 -7.900000e-02
    endloop
  endfacet
  facet normal  3.722370e-01  3.037132e-01  8.770393e-01
    outer loop
      vertex  -8.070850e-03 -4.371060e-02 -3.644481e-02
      vertex  -1.048800e-02 -4.053707e-02 -3.651789e-02
      vertex  -1.310093e-02 -4.502527e-02 -3.385466e-02
    endloop
  endfacet
  facet normal  9.351950e-01  2.274901e-01  2.714010e-01
    outer loop
      vertex  -2.342934e-03 -2.053729e-02 -8.128230e-02
      vertex  -1.353587e-03 -2.607459e-02 -8.005000e-02
      vertex  -1.499625e-03 -1.973969e-02 -8.485673e-02
    endloop
  endfacet
  facet normal  9.821367e-01  1.275861e-01  1.383091e-01
    outer loop
      vertex  -1.499625e-03 -1.973969e-02 -8.485673e-02
      vertex  -1.353587e-03 -2.607459e-02 -8.005000e-02
      vertex  -5.600443e-04 -2.643771e-02 -8.535000e-02
    endloop
  endfacet
  facet normal -6.331235e-01  7.599906e-01 -1.468641e-01
    outer loop
      vertex  -1.353587e-03 -2.607459e-02 -8.005000e-02
      vertex   3.385803e-03 -2.212636e-02 -8.005000e-02
      vertex  -5.600443e-04 -2.643771e-02 -8.535000e-02
    endloop
  endfacet
  facet normal -8.632748e-01  3.755862e-01  3.371821e-01
    outer loop
      vertex  -5.600443e-04 -2.643771e-02 -8.535000e-02
      vertex   3.385803e-03 -2.212636e-02 -8.005000e-02
      vertex   2.108713e-03 -2.045383e-02 -8.518270e-02
    endloop
  endfacet
  facet normal -7.069957e-01 -2.221606e-04  7.072178e-01
    outer loop
      vertex  -2.450000e-02 -4.774073e-02 -5.305000e-02
      vertex  -3.450000e-02 -5.774073e-02 -6.305000e-02
      vertex  -3.145412e-02 -5.555847e-02 -6.000439e-02
    endloop
  endfacet
  facet normal -7.071310e-01  1.842004e-05  7.070826e-01
    outer loop
      vertex  -3.145412e-02 -5.555847e-02 -6.000439e-02
      vertex  -2.536691e-02 -5.000487e-02 -5.391691e-02
      vertex  -2.450000e-02 -4.774073e-02 -5.305000e-02
    endloop
  endfacet
  facet normal -7.070239e-01  4.641840e-05  7.071897e-01
    outer loop
      vertex  -3.450000e-02 -5.774073e-02 -6.305000e-02
      vertex  -3.462111e-02 -6.763189e-02 -6.317044e-02
      vertex  -3.383065e-02 -6.098285e-02 -6.238060e-02
    endloop
  endfacet
  facet normal -7.071068e-01 -1.208093e-07  7.071068e-01
    outer loop
      vertex  -2.450000e-02 -4.774073e-02 -5.305000e-02
      vertex  -2.536691e-02 -5.000487e-02 -5.391691e-02
      vertex  -2.100000e-02 -4.774073e-02 -4.955000e-02
    endloop
  endfacet
  facet normal -7.071068e-01 -9.605821e-08  7.071068e-01
    outer loop
      vertex  -2.536691e-02 -5.000487e-02 -5.391691e-02
      vertex  -2.100021e-02 -4.835301e-02 -4.955021e-02
      vertex  -2.100000e-02 -4.774073e-02 -4.955000e-02
    endloop
  endfacet
  facet normal -7.070832e-01  2.191821e-05  7.071304e-01
    outer loop
      vertex  -3.383065e-02 -6.098285e-02 -6.238060e-02
      vertex  -3.145412e-02 -5.555847e-02 -6.000439e-02
      vertex  -3.450000e-02 -5.774073e-02 -6.305000e-02
    endloop
  endfacet
  facet normal  0.000000e+00  0.000000e+00  1.000000e+00
    outer loop
      vertex   1.600000e-02 -4.774197e-02 -4.805000e-02
      vertex   1.250000e-02 -4.774073e-02 -4.805000e-02
      vertex   1.385215e-02 -4.789141e-02 -4.805000e-02
    endloop
  endfacet
  facet normal  0.000000e+00  0.000000e+00  1.000000e+00
    outer loop
      vertex  -1.250000e-02 -4.774073e-02 -4.805000e-02
      vertex  -1.600000e-02 -4.774197e-02 -4.805000e-02
      vertex  -1.358486e-02 -4.792968e-02 -4.805000e-02
    endloop
  endfacet
  facet normal  0.000000e+00  0.000000e+00  1.000000e+00
    outer loop
      vertex   1.019538e-02 -4.875173e-02 -4.805000e-02
      vertex  -1.250000e-02 -4.774073e-02 -4.805000e-02
      vertex  -1.061772e-02 -4.863519e-02 -4.805000e-02
    endloop
  endfacet
  facet normal  0.000000e+00  0.000000e+00  1.000000e+00
    outer loop
      vertex  -1.061772e-02 -4.863519e-02 -4.805000e-02
      vertex  -1.250000e-02 -4.774073e-02 -4.805000e-02
      vertex  -1.358486e-02 -4.792968e-02 -4.805000e-02
    endloop
  endfacet
  facet normal -0.000000e+00  0.000000e+00  1.000000e+00
    outer loop
      vertex  -1.250000e-02 -4.774073e-02 -4.805000e-02
      vertex   1.019538e-02 -4.875173e-02 -4.805000e-02
      vertex   1.250000e-02 -4.774073e-02 -4.805000e-02
    endloop
  endfacet
  facet normal  0.000000e+00  0.000000e+00  1.000000e+00
    outer loop
      vertex   1.019538e-02 -4.875173e-02 -4.805000e-02
      vertex   1.385215e-02 -4.789141e-02 -4.805000e-02
      vertex   1.250000e-02 -4.774073e-02 -4.805000e-02
    endloop
  endfacet
  facet normal -6.898671e-18 -1.232048e-15  1.000000e+00
    outer loop
      vertex  -1.061772e-02 -4.863519e-02 -4.805000e-02
      vertex   7.995773e-05 -5.432709e-02 -4.805000e-02
      vertex   1.019538e-02 -4.875173e-02 -4.805000e-02
    endloop
  endfacet
  facet normal  0.000000e+00  1.000000e+00 -0.000000e+00
    outer loop
      vertex  -2.100000e-02 -4.774073e-02 -7.805000e-02
      vertex  -2.450000e-02 -4.774073e-02 -7.805000e-02
      vertex  -2.100000e-02 -4.774073e-02 -4.955000e-02
    endloop
  endfacet
  facet normal  0.000000e+00  1.000000e+00  0.000000e+00
    outer loop
      vertex  -2.450000e-02 -4.774073e-02 -7.805000e-02
      vertex  -2.450000e-02 -4.774073e-02 -5.305000e-02
      vertex  -2.100000e-02 -4.774073e-02 -4.955000e-02
    endloop
  endfacet
  facet normal  6.444173e-01 -6.502720e-01  4.023341e-01
    outer loop
      vertex  -8.675274e-04 -2.024064e-02 -8.076271e-02
      vertex   1.775099e-03 -1.883366e-02 -8.272136e-02
      vertex   7.979525e-05 -1.899483e-02 -8.026649e-02
    endloop
  endfacet
  facet normal -8.165524e-01  5.441740e-01  1.926573e-01
    outer loop
      vertex  -1.499625e-03 -1.973969e-02 -8.485673e-02
      vertex  -8.675274e-04 -2.024064e-02 -8.076271e-02
      vertex   7.979525e-05 -1.899483e-02 -8.026649e-02
    endloop
  endfacet
  facet normal -2.901728e-01 -9.542647e-01 -7.196327e-02
    outer loop
      vertex  -1.499625e-03 -1.973969e-02 -8.485673e-02
      vertex  -1.088231e-04 -2.019381e-02 -8.444300e-02
      vertex  -8.675274e-04 -2.024064e-02 -8.076271e-02
    endloop
  endfacet
  facet normal -2.455939e-01  9.196606e-01 -3.064443e-01
    outer loop
      vertex   2.044950e-02 -4.792596e-02 -9.439096e-09
      vertex   2.305779e-03 -5.277120e-02 -3.358056e-19
      vertex   1.217067e-02 -4.782096e-02  6.950010e-03
    endloop
  endfacet
  facet normal -4.749580e-01  8.786817e-01  4.830430e-02
    outer loop
      vertex   1.217067e-02 -4.782096e-02  6.950010e-03
      vertex   2.305779e-03 -5.277120e-02 -3.358056e-19
      vertex  -2.004599e-05 -5.441046e-02  6.950000e-03
    endloop
  endfacet
  facet normal  4.304824e-02  9.984171e-01  3.619495e-02
    outer loop
      vertex   2.044950e-02 -4.792596e-02 -9.439096e-09
      vertex   1.217067e-02 -4.782096e-02  6.950010e-03
      vertex   1.928765e-02 -4.843596e-02  1.545003e-02
    endloop
  endfacet
  facet normal  5.547637e-02  9.981275e-01  2.576804e-02
    outer loop
      vertex   1.928765e-02 -4.843596e-02  1.545003e-02
      vertex   1.217067e-02 -4.782096e-02  6.950010e-03
      vertex   7.580855e-03 -4.774060e-02  1.371900e-02
    endloop
  endfacet
  facet normal  2.552037e-01  9.655380e-01  5.106375e-02
    outer loop
      vertex   2.580878e-02 -5.015958e-02  1.545008e-02
      vertex   2.044950e-02 -4.792596e-02 -9.439096e-09
      vertex   1.928765e-02 -4.843596e-02  1.545003e-02
    endloop
  endfacet
  facet normal -4.781541e-01 -8.782649e-01 -4.406416e-03
    outer loop
      vertex  -1.076673e-04 -7.781485e-02 -1.463338e-02
      vertex  -2.572038e-05 -7.769182e-02 -4.804798e-02
      vertex   9.869281e-03 -8.322925e-02 -1.809272e-02
    endloop
  endfacet
  facet normal -4.916197e-01 -8.708088e-01  1.419923e-03
    outer loop
      vertex  -2.572038e-05 -7.769182e-02 -4.804798e-02
      vertex   8.057081e-03 -8.225501e-02 -4.805000e-02
      vertex   9.869281e-03 -8.322925e-02 -1.809272e-02
    endloop
  endfacet
  facet normal  9.686611e-01 -2.483858e-01 -4.667128e-04
    outer loop
      vertex   3.285736e-02 -7.362667e-02 -4.805001e-02
      vertex   3.459313e-02 -6.685746e-02 -4.805000e-02
      vertex   3.368029e-02 -7.053062e-02  1.223113e-02
    endloop
  endfacet
  facet normal  9.811090e-01 -1.934316e-01  3.070354e-03
    outer loop
      vertex   3.368029e-02 -7.053062e-02  1.223113e-02
      vertex   3.459313e-02 -6.685746e-02 -4.805000e-02
      vertex   3.463332e-02 -6.570124e-02  1.195000e-02
    endloop
  endfacet
  facet normal  9.903439e-01  1.385921e-01 -3.334008e-03
    outer loop
      vertex   3.459313e-02 -6.685746e-02 -4.805000e-02
      vertex   3.371907e-02 -6.061163e-02 -4.804999e-02
      vertex   3.463332e-02 -6.570124e-02  1.195000e-02
    endloop
  endfacet
  facet normal  9.861086e-01  1.660994e-01 -9.361123e-04
    outer loop
      vertex   3.463332e-02 -6.570124e-02  1.195000e-02
      vertex   3.371907e-02 -6.061163e-02 -4.804999e-02
      vertex   3.388027e-02 -6.123049e-02  1.195000e-02
    endloop
  endfacet
  facet normal  9.144836e-01  5.099684e-02  4.013964e-01
    outer loop
      vertex   3.208659e-02 -5.661453e-02  1.545000e-02
      vertex   3.235495e-02 -6.142678e-02  1.545000e-02
      vertex   3.388027e-02 -6.123049e-02  1.195000e-02
    endloop
  endfacet
  facet normal  9.324133e-01  3.613915e-01  1.222465e-03
    outer loop
      vertex   3.388027e-02 -6.123049e-02  1.195000e-02
      vertex   3.371907e-02 -6.061163e-02 -4.804999e-02
      vertex   3.208659e-02 -5.661453e-02  1.545000e-02
    endloop
  endfacet
  facet normal  9.170898e-01  3.986777e-01 -1.518512e-03
    outer loop
      vertex   3.371907e-02 -6.061163e-02 -4.804999e-02
      vertex   3.186683e-02 -5.635088e-02 -4.805000e-02
      vertex   3.208659e-02 -5.661453e-02  1.545000e-02
    endloop
  endfacet
  facet normal  7.285849e-01  6.849554e-01  3.224747e-04
    outer loop
      vertex   3.186683e-02 -5.635088e-02 -4.805000e-02
      vertex   2.646874e-02 -5.060895e-02 -4.805000e-02
      vertex   3.208659e-02 -5.661453e-02  1.545000e-02
    endloop
  endfacet
  facet normal  7.168725e-01  6.971998e-01  2.516711e-03
    outer loop
      vertex   3.208659e-02 -5.661453e-02  1.545000e-02
      vertex   2.646874e-02 -5.060895e-02 -4.805000e-02
      vertex   2.580878e-02 -5.015958e-02  1.545008e-02
    endloop
  endfacet
  facet normal  3.814405e-01  9.243898e-01 -2.577232e-03
    outer loop
      vertex   2.646874e-02 -5.060895e-02 -4.805000e-02
      vertex   2.100000e-02 -4.835233e-02 -4.805000e-02
      vertex   2.580878e-02 -5.015958e-02  1.545008e-02
    endloop
  endfacet
  facet normal  3.502443e-01  9.366584e-01  1.343823e-04
    outer loop
      vertex   2.100000e-02 -4.835233e-02 -4.805000e-02
      vertex   2.100000e-02 -4.835807e-02 -8.000000e-03
      vertex   2.580878e-02 -5.015958e-02  1.545008e-02
    endloop
  endfacet
  facet normal  4.309818e-01  9.021590e-01 -1.907234e-02
    outer loop
      vertex   2.580878e-02 -5.015958e-02  1.545008e-02
      vertex   2.100000e-02 -4.835807e-02 -8.000000e-03
      vertex   2.044950e-02 -4.792596e-02 -9.439096e-09
    endloop
  endfacet
  facet normal -3.178366e-01 -9.480745e-01 -1.160546e-02
    outer loop
      vertex   8.057081e-03 -8.225501e-02 -4.805000e-02
      vertex   1.254320e-02 -8.375896e-02 -4.805002e-02
      vertex   9.869281e-03 -8.322925e-02 -1.809272e-02
    endloop
  endfacet
  facet normal -1.713715e-01 -9.852042e-01  2.124201e-03
    outer loop
      vertex   9.869281e-03 -8.322925e-02 -1.809272e-02
      vertex   1.254320e-02 -8.375896e-02 -4.805002e-02
      vertex   1.065966e-02 -8.329441e-02  1.545000e-02
    endloop
  endfacet
  facet normal -2.044369e-01 -9.788792e-01  1.097142e-03
    outer loop
      vertex   1.065966e-02 -8.329441e-02  1.545000e-02
      vertex   1.254320e-02 -8.375896e-02 -4.805002e-02
      vertex   1.421176e-02 -8.403626e-02  1.545000e-02
    endloop
  endfacet
  facet normal -1.271442e-01 -9.918838e-01 -9.906291e-04
    outer loop
      vertex   1.254320e-02 -8.375896e-02 -4.805002e-02
      vertex   1.550953e-02 -8.413919e-02 -4.805000e-02
      vertex   1.421176e-02 -8.403626e-02  1.545000e-02
    endloop
  endfacet
  facet normal  6.389738e-02 -9.979522e-01  2.923589e-03
    outer loop
      vertex   1.421176e-02 -8.403626e-02  1.545000e-02
      vertex   1.550953e-02 -8.413919e-02 -4.805000e-02
      vertex   2.223494e-02 -8.352254e-02  1.545000e-02
    endloop
  endfacet
  facet normal  1.129248e-01 -9.936008e-01 -2.311250e-03
    outer loop
      vertex   1.550953e-02 -8.413919e-02 -4.805000e-02
      vertex   2.248251e-02 -8.334670e-02 -4.805000e-02
      vertex   2.223494e-02 -8.352254e-02  1.545000e-02
    endloop
  endfacet
  facet normal  5.660670e-01 -8.243592e-01 -7.583102e-05
    outer loop
      vertex   2.248251e-02 -8.334670e-02 -4.805000e-02
      vertex   2.967223e-02 -7.840970e-02 -4.805000e-02
      vertex   2.223494e-02 -8.352254e-02  1.545000e-02
    endloop
  endfacet
  facet normal  6.079316e-01 -7.939561e-01  7.275425e-03
    outer loop
      vertex   2.223494e-02 -8.352254e-02  1.545000e-02
      vertex   2.967223e-02 -7.840970e-02 -4.805000e-02
      vertex   3.144788e-02 -7.646821e-02  1.545000e-02
    endloop
  endfacet
  facet normal  8.323197e-01 -5.542597e-01 -6.327759e-03
    outer loop
      vertex   2.967223e-02 -7.840970e-02 -4.805000e-02
      vertex   3.285736e-02 -7.362667e-02 -4.805001e-02
      vertex   3.144788e-02 -7.646821e-02  1.545000e-02
    endloop
  endfacet
  facet normal  9.369325e-01 -3.494723e-01  5.158250e-03
    outer loop
      vertex   3.285736e-02 -7.362667e-02 -4.805001e-02
      vertex   3.368029e-02 -7.053062e-02  1.223113e-02
      vertex   3.144788e-02 -7.646821e-02  1.545000e-02
    endloop
  endfacet
  facet normal  3.887365e-01  4.669284e-01 -7.942681e-01
    outer loop
      vertex  -1.499625e-03 -1.973969e-02 -8.485673e-02
      vertex   1.775099e-03 -1.883366e-02 -8.272136e-02
      vertex  -1.088231e-04 -2.019381e-02 -8.444300e-02
    endloop
  endfacet
  facet normal -2.149554e-01  7.455118e-01 -6.308775e-01
    outer loop
      vertex   2.100001e-02 -1.030278e-02 -6.303850e-02
      vertex   2.100000e-02 -7.872328e-03 -6.016642e-02
      vertex   2.407014e-02 -8.122334e-03 -6.150792e-02
    endloop
  endfacet
  facet normal  3.881645e-01  4.493956e-01  8.045943e-01
    outer loop
      vertex   2.100000e-02 -7.872328e-03 -6.016642e-02
      vertex   2.100000e-02 -1.288652e-02 -5.736581e-02
      vertex   2.407014e-02 -8.122334e-03 -6.150792e-02
    endloop
  endfacet
  facet normal  4.243076e-01  4.227748e-01  8.007649e-01
    outer loop
      vertex   2.407014e-02 -8.122334e-03 -6.150792e-02
      vertex   2.100000e-02 -1.288652e-02 -5.736581e-02
      vertex   2.355506e-02 -1.248623e-02 -5.893101e-02
    endloop
  endfacet
  facet normal -1.106630e-01 -9.044597e-01 -4.119544e-01
    outer loop
      vertex   2.100000e-02 -1.288652e-02 -5.736581e-02
      vertex   2.100001e-02 -1.030278e-02 -6.303850e-02
      vertex   2.355506e-02 -1.248623e-02 -5.893101e-02
    endloop
  endfacet
  facet normal  6.328830e-01 -4.477099e-01 -6.316764e-01
    outer loop
      vertex   2.355506e-02 -1.248623e-02 -5.893101e-02
      vertex   2.100001e-02 -1.030278e-02 -6.303850e-02
      vertex   2.407014e-02 -8.122334e-03 -6.150792e-02
    endloop
  endfacet
  facet normal -4.827076e-01  8.757804e-01 -1.443650e-03
    outer loop
      vertex   7.995773e-05 -5.432709e-02 -4.805000e-02
      vertex   3.290634e-05 -5.428701e-02 -8.000000e-03
      vertex   1.019538e-02 -4.875173e-02 -4.805000e-02
    endloop
  endfacet
  facet normal -4.549085e-01  8.905054e-01  7.645354e-03
    outer loop
      vertex   3.290634e-05 -5.428701e-02 -8.000000e-03
      vertex   1.199221e-02 -4.817768e-02 -8.000000e-03
      vertex   1.019538e-02 -4.875173e-02 -4.805000e-02
    endloop
  endfacet
  facet normal -2.290135e-01  9.734163e-01 -3.677728e-03
    outer loop
      vertex   1.019538e-02 -4.875173e-02 -4.805000e-02
      vertex   1.199221e-02 -4.817768e-02 -8.000000e-03
      vertex   1.385215e-02 -4.789141e-02 -4.805000e-02
    endloop
  endfacet
  facet normal -1.077759e-01  9.941730e-01  2.100987e-03
    outer loop
      vertex   1.199221e-02 -4.817768e-02 -8.000000e-03
      vertex   1.600000e-02 -4.774320e-02 -8.000000e-03
      vertex   1.385215e-02 -4.789141e-02 -4.805000e-02
    endloop
  endfacet
  facet normal -6.940977e-02  9.975882e-01  3.080683e-05
    outer loop
      vertex   1.385215e-02 -4.789141e-02 -4.805000e-02
      vertex   1.600000e-02 -4.774320e-02 -8.000000e-03
      vertex   1.600000e-02 -4.774197e-02 -4.805000e-02
    endloop
  endfacet
  facet normal -9.538441e-01  1.841665e-01  2.372008e-01
    outer loop
      vertex  -3.379352e-02 -6.169543e-02  1.195011e-02
      vertex  -3.288484e-02 -6.149686e-02  1.545000e-02
      vertex  -3.185173e-02 -5.614580e-02  1.544972e-02
    endloop
  endfacet
  facet normal -9.808428e-01  1.947864e-01  2.357243e-03
    outer loop
      vertex  -3.383065e-02 -6.098285e-02 -6.238060e-02
      vertex  -3.463660e-02 -6.594073e-02  1.195000e-02
      vertex  -3.379352e-02 -6.169543e-02  1.195011e-02
    endloop
  endfacet
  facet normal -9.929633e-01  1.183880e-01 -2.869985e-03
    outer loop
      vertex  -3.383065e-02 -6.098285e-02 -6.238060e-02
      vertex  -3.462111e-02 -6.763189e-02 -6.317044e-02
      vertex  -3.463660e-02 -6.594073e-02  1.195000e-02
    endloop
  endfacet
  facet normal -9.833845e-01 -1.814936e-01  3.883115e-03
    outer loop
      vertex  -3.463660e-02 -6.594073e-02  1.195000e-02
      vertex  -3.462111e-02 -6.763189e-02 -6.317044e-02
      vertex  -3.338017e-02 -7.267971e-02  1.516131e-02
    endloop
  endfacet
  facet normal  3.382559e-01 -9.410322e-01 -6.432233e-03
    outer loop
      vertex  -1.046576e-02 -8.332826e-02  1.522061e-02
      vertex  -1.342550e-02 -8.395968e-02 -4.805011e-02
      vertex  -7.722612e-03 -8.212544e-02 -1.649643e-02
    endloop
  endfacet
  facet normal  3.044281e-01 -9.525353e-01  3.503537e-04
    outer loop
      vertex  -1.342550e-02 -8.395968e-02 -4.805011e-02
      vertex  -8.017186e-03 -8.223119e-02 -4.804993e-02
      vertex  -7.722612e-03 -8.212544e-02 -1.649643e-02
    endloop
  endfacet
  facet normal  4.939074e-01 -8.695129e-01 -1.696822e-03
    outer loop
      vertex  -8.017186e-03 -8.223119e-02 -4.804993e-02
      vertex  -2.572038e-05 -7.769182e-02 -4.804798e-02
      vertex  -7.722612e-03 -8.212544e-02 -1.649643e-02
    endloop
  endfacet
  facet normal  4.929876e-01 -8.700340e-01 -1.994453e-03
    outer loop
      vertex  -7.722612e-03 -8.212544e-02 -1.649643e-02
      vertex  -2.572038e-05 -7.769182e-02 -4.804798e-02
      vertex  -1.076673e-04 -7.781485e-02 -1.463338e-02
    endloop
  endfacet
  facet normal  4.452666e-02 -9.990032e-01 -3.149532e-03
    outer loop
      vertex  -1.719992e-02 -8.412790e-02 -4.805000e-02
      vertex  -1.342550e-02 -8.395968e-02 -4.805011e-02
      vertex  -1.514594e-02 -8.423655e-02  1.545004e-02
    endloop
  endfacet
  facet normal  1.905582e-01 -9.816755e-01  8.825251e-04
    outer loop
      vertex  -1.342550e-02 -8.395968e-02 -4.805011e-02
      vertex  -1.046576e-02 -8.332826e-02  1.522061e-02
      vertex  -1.514594e-02 -8.423655e-02  1.545004e-02
    endloop
  endfacet
  facet normal -1.749727e-01 -9.845653e-01  3.975132e-03
    outer loop
      vertex  -2.259873e-02 -8.318035e-02 -5.099583e-02
      vertex  -1.719992e-02 -8.412790e-02 -4.805000e-02
      vertex  -1.514594e-02 -8.423655e-02  1.545004e-02
    endloop
  endfacet
  facet normal -5.265090e-01 -8.501696e-01 -8.496634e-05
    outer loop
      vertex  -2.849756e-02 -7.952661e-02 -5.704755e-02
      vertex  -2.259873e-02 -8.318035e-02 -5.099583e-02
      vertex  -2.862201e-02 -7.945678e-02  1.545013e-02
    endloop
  endfacet
  facet normal -5.242015e-01 -8.515943e-01  2.040492e-04
    outer loop
      vertex  -2.862201e-02 -7.945678e-02  1.545013e-02
      vertex  -2.259873e-02 -8.318035e-02 -5.099583e-02
      vertex  -2.269439e-02 -8.310554e-02  1.545000e-02
    endloop
  endfacet
  facet normal -1.481791e-01 -9.889601e-01  9.000101e-04
    outer loop
      vertex  -2.259873e-02 -8.318035e-02 -5.099583e-02
      vertex  -1.514594e-02 -8.423655e-02  1.545004e-02
      vertex  -2.269439e-02 -8.310554e-02  1.545000e-02
    endloop
  endfacet
  facet normal -8.185076e-01 -5.744774e-01  4.571321e-03
    outer loop
      vertex  -3.338017e-02 -7.267971e-02  1.516131e-02
      vertex  -3.215317e-02 -7.503162e-02 -6.070308e-02
      vertex  -2.862201e-02 -7.945678e-02  1.545013e-02
    endloop
  endfacet
  facet normal -7.755360e-01 -6.313029e-01 -7.232837e-04
    outer loop
      vertex  -3.215317e-02 -7.503162e-02 -6.070308e-02
      vertex  -2.849756e-02 -7.952661e-02 -5.704755e-02
      vertex  -2.862201e-02 -7.945678e-02  1.545013e-02
    endloop
  endfacet
  facet normal -9.480670e-01 -3.180234e-01 -5.474586e-03
    outer loop
      vertex  -3.462111e-02 -6.763189e-02 -6.317044e-02
      vertex  -3.215317e-02 -7.503162e-02 -6.070308e-02
      vertex  -3.338017e-02 -7.267971e-02  1.516131e-02
    endloop
  endfacet
  facet normal -9.156736e-01  4.019192e-01 -1.696754e-03
    outer loop
      vertex  -3.145412e-02 -5.555847e-02 -6.000439e-02
      vertex  -3.383065e-02 -6.098285e-02 -6.238060e-02
      vertex  -3.185173e-02 -5.614580e-02  1.544972e-02
    endloop
  endfacet
  facet normal -9.445919e-01  3.282271e-01  3.618384e-03
    outer loop
      vertex  -3.185173e-02 -5.614580e-02  1.544972e-02
      vertex  -3.383065e-02 -6.098285e-02 -6.238060e-02
      vertex  -3.379352e-02 -6.169543e-02  1.195011e-02
    endloop
  endfacet
  facet normal -6.886361e-01  7.251044e-01  2.015310e-03
    outer loop
      vertex  -3.185173e-02 -5.614580e-02  1.544972e-02
      vertex  -2.526367e-02 -4.988908e-02  1.545007e-02
      vertex  -3.145412e-02 -5.555847e-02 -6.000439e-02
    endloop
  endfacet
  facet normal -6.738600e-01  7.388591e-01 -2.304263e-04
    outer loop
      vertex  -3.145412e-02 -5.555847e-02 -6.000439e-02
      vertex  -2.526367e-02 -4.988908e-02  1.545007e-02
      vertex  -2.536691e-02 -5.000487e-02 -5.391691e-02
    endloop
  endfacet
  facet normal -3.529088e-01  9.356571e-01 -1.036557e-03
    outer loop
      vertex  -2.536691e-02 -5.000487e-02 -5.391691e-02
      vertex  -2.526367e-02 -4.988908e-02  1.545007e-02
      vertex  -2.100021e-02 -4.835301e-02 -4.955021e-02
    endloop
  endfacet
  facet normal -3.483570e-01  9.373595e-01 -2.139500e-03
    outer loop
      vertex  -1.960077e-02 -4.781981e-02 -1.243828e-08
      vertex  -2.100000e-02 -4.835807e-02 -8.000000e-03
      vertex  -2.526367e-02 -4.988908e-02  1.545007e-02
    endloop
  endfacet
  facet normal -3.373885e-01  9.413655e-01  1.163439e-04
    outer loop
      vertex  -2.100000e-02 -4.835807e-02 -8.000000e-03
      vertex  -2.100021e-02 -4.835301e-02 -4.955021e-02
      vertex  -2.526367e-02 -4.988908e-02  1.545007e-02
    endloop
  endfacet
  facet normal -1.551493e-01  9.850352e-01  7.506209e-02
    outer loop
      vertex  -2.526367e-02 -4.988908e-02  1.545007e-02
      vertex  -8.559672e-03 -4.725809e-02  1.545000e-02
      vertex  -1.960077e-02 -4.781981e-02 -1.243828e-08
    endloop
  endfacet
  facet normal  1.099484e-01  9.873238e-01 -1.144689e-01
    outer loop
      vertex  -8.559672e-03 -4.725809e-02  1.545000e-02
      vertex  -1.235837e-02 -4.782055e-02  6.950003e-03
      vertex  -1.960077e-02 -4.781981e-02 -1.243828e-08
    endloop
  endfacet
  facet normal  1.941887e-01  9.598871e-01 -2.022561e-01
    outer loop
      vertex  -1.960077e-02 -4.781981e-02 -1.243828e-08
      vertex  -1.235837e-02 -4.782055e-02  6.950003e-03
      vertex  -6.935937e-03 -5.038195e-02  6.423989e-19
    endloop
  endfacet
  facet normal  4.706910e-01  8.812766e-01  4.244419e-02
    outer loop
      vertex  -1.235837e-02 -4.782055e-02  6.950003e-03
      vertex  -2.004599e-05 -5.441046e-02  6.950000e-03
      vertex  -6.935937e-03 -5.038195e-02  6.423989e-19
    endloop
  endfacet
  facet normal  8.072972e-02  9.967360e-01  3.078051e-05
    outer loop
      vertex  -1.600000e-02 -4.774197e-02 -4.805000e-02
      vertex  -1.600000e-02 -4.774320e-02 -8.000000e-03
      vertex  -1.314898e-02 -4.797412e-02 -8.000000e-03
    endloop
  endfacet
  facet normal  7.748929e-02  9.969931e-01  2.629454e-04
    outer loop
      vertex  -1.600000e-02 -4.774197e-02 -4.805000e-02
      vertex  -1.314898e-02 -4.797412e-02 -8.000000e-03
      vertex  -1.358486e-02 -4.792968e-02 -4.805000e-02
    endloop
  endfacet
  facet normal  2.313251e-01  9.728754e-01 -1.438088e-03
    outer loop
      vertex  -1.358486e-02 -4.792968e-02 -4.805000e-02
      vertex  -1.314898e-02 -4.797412e-02 -8.000000e-03
      vertex  -1.061772e-02 -4.863519e-02 -4.805000e-02
    endloop
  endfacet
  facet normal  3.076198e-01  9.515020e-01  3.736719e-03
    outer loop
      vertex  -1.314898e-02 -4.797412e-02 -8.000000e-03
      vertex  -8.094114e-03 -4.960835e-02 -8.000000e-03
      vertex  -1.061772e-02 -4.863519e-02 -4.805000e-02
    endloop
  endfacet
  facet normal  4.697033e-01  8.827868e-01 -8.146078e-03
    outer loop
      vertex  -1.061772e-02 -4.863519e-02 -4.805000e-02
      vertex  -8.094114e-03 -4.960835e-02 -8.000000e-03
      vertex   7.995773e-05 -5.432709e-02 -4.805000e-02
    endloop
  endfacet
  facet normal  4.989210e-01  8.666474e-01 -2.812760e-04
    outer loop
      vertex  -8.094114e-03 -4.960835e-02 -8.000000e-03
      vertex   3.290634e-05 -5.428701e-02 -8.000000e-03
      vertex   7.995773e-05 -5.432709e-02 -4.805000e-02
    endloop
  endfacet
  facet normal  0.000000e+00  1.000000e+00  0.000000e+00
    outer loop
      vertex  -1.600000e-02 -5.740732e-03 -7.450000e-02
      vertex  -1.600000e-02 -5.740732e-03 -7.805000e-02
      vertex  -2.100000e-02 -5.740732e-03 -7.805000e-02
    endloop
  endfacet
  facet normal -1.734724e-16  1.000000e+00  0.000000e+00
    outer loop
      vertex  -2.100000e-02 -5.740732e-03 -7.805000e-02
      vertex  -2.100000e-02 -5.740732e-03 -8.000000e-03
      vertex  -1.600000e-02 -5.740732e-03 -8.000000e-03
    endloop
  endfacet
  facet normal  0.000000e+00  1.000000e+00 -0.000000e+00
    outer loop
      vertex  -1.600000e-02 -5.740732e-03 -7.450000e-02
      vertex  -2.100000e-02 -5.740732e-03 -7.805000e-02
      vertex  -1.600000e-02 -5.740732e-03 -8.500000e-03
    endloop
  endfacet
  facet normal  2.413001e-14  1.000000e+00 -1.734723e-15
    outer loop
      vertex  -2.100000e-02 -5.740732e-03 -7.805000e-02
      vertex  -1.600000e-02 -5.740732e-03 -8.000000e-03
      vertex  -1.600000e-02 -5.740732e-03 -8.500000e-03
    endloop
  endfacet
  facet normal -7.270344e-01  4.444137e-01  5.233712e-01
    outer loop
      vertex  -1.410224e-02  2.220337e-02 -3.645489e-02
      vertex  -1.602011e-02  1.913814e-02 -3.651627e-02
      vertex  -1.359528e-02  2.033063e-02 -3.416044e-02
    endloop
  endfacet
  facet normal -4.405459e-01 -5.323015e-01  7.228931e-01
    outer loop
      vertex  -1.602011e-02  1.913814e-02 -3.651627e-02
      vertex  -1.014195e-02  1.554725e-02 -3.557814e-02
      vertex  -1.359528e-02  2.033063e-02 -3.416044e-02
    endloop
  endfacet
  facet normal -6.453983e-19 -2.616007e-18  1.000000e+00
    outer loop
      vertex   2.714427e-02 -4.172844e-02 -4.386898e-20
      vertex   3.578496e-02 -2.709075e-02  0.000000e+00
      vertex  -2.187882e-02 -1.475701e-02 -4.950963e-21
    endloop
  endfacet
  facet normal  0.000000e+00  0.000000e+00  1.000000e+00
    outer loop
      vertex   2.141423e-02  3.703471e-02 -0.000000e+00
      vertex   2.737999e-02  4.035864e-02 -0.000000e+00
      vertex   2.377845e-02  4.721467e-02 -0.000000e+00
    endloop
  endfacet
  facet normal  0.000000e+00  0.000000e+00  1.000000e+00
    outer loop
      vertex   3.578496e-02 -2.709075e-02  0.000000e+00
      vertex   2.867501e-02 -1.518600e-02  0.000000e+00
      vertex   2.157607e-02 -1.426434e-02  0.000000e+00
    endloop
  endfacet
  facet normal  0.000000e+00 -0.000000e+00  1.000000e+00
    outer loop
      vertex  -3.157232e-02 -3.533831e-02  0.000000e+00
      vertex  -2.646991e-02 -1.643196e-02  0.000000e+00
      vertex  -3.849957e-02 -1.850664e-02  0.000000e+00
    endloop
  endfacet
  facet normal  0.000000e+00  0.000000e+00  1.000000e+00
    outer loop
      vertex   3.941865e-02 -1.212333e-02  0.000000e+00
      vertex   2.867501e-02 -1.518600e-02  0.000000e+00
      vertex   3.578496e-02 -2.709075e-02  0.000000e+00
    endloop
  endfacet
  facet normal -7.837028e-18  2.115042e-18  1.000000e+00
    outer loop
      vertex  -3.157232e-02 -3.533831e-02  0.000000e+00
      vertex  -2.510683e-02 -4.405962e-02  6.911617e-20
      vertex  -2.646991e-02 -1.643196e-02  0.000000e+00
    endloop
  endfacet
  facet normal  2.129411e-07  5.105335e-06  1.000000e+00
    outer loop
      vertex  -3.281633e-02  4.120670e-02  0.000000e+00
      vertex  -2.544997e-02  4.089944e-02  0.000000e+00
      vertex  -2.008628e-02  4.738177e-02 -3.423659e-08
    endloop
  endfacet
  facet normal -7.643868e-07  4.230830e-06  1.000000e+00
    outer loop
      vertex  -2.008628e-02  4.738177e-02 -3.423659e-08
      vertex  -2.246989e-02  3.885895e-02  0.000000e+00
      vertex   2.377845e-02  4.721467e-02 -0.000000e+00
    endloop
  endfacet
  facet normal  1.627707e-19  2.509732e-18  1.000000e+00
    outer loop
      vertex  -2.646991e-02 -1.643196e-02  0.000000e+00
      vertex  -2.510683e-02 -4.405962e-02  6.911617e-20
      vertex  -2.187882e-02 -1.475701e-02 -4.950963e-21
    endloop
  endfacet
  facet normal  2.100958e-06 -2.314445e-07  1.000000e+00
    outer loop
      vertex  -2.510683e-02 -4.405962e-02  6.911617e-20
      vertex  -1.960077e-02 -4.781981e-02 -1.243828e-08
      vertex  -2.187882e-02 -1.475701e-02 -4.950963e-21
    endloop
  endfacet
  facet normal  0.000000e+00  0.000000e+00  1.000000e+00
    outer loop
      vertex  -2.646991e-02 -1.643196e-02  0.000000e+00
      vertex  -2.901061e-02 -1.293591e-02  0.000000e+00
      vertex  -3.849957e-02 -1.850664e-02  0.000000e+00
    endloop
  endfacet
  facet normal  2.308454e-06  3.371437e-06  1.000000e+00
    outer loop
      vertex  -2.008628e-02  4.738177e-02 -3.423659e-08
      vertex  -2.544997e-02  4.089944e-02  0.000000e+00
      vertex  -2.246989e-02  3.885895e-02  0.000000e+00
    endloop
  endfacet
  facet normal -5.255810e-07 -9.552928e-07  1.000000e+00
    outer loop
      vertex  -2.187882e-02 -1.475701e-02 -4.950963e-21
      vertex   2.044950e-02 -4.792596e-02 -9.439096e-09
      vertex   2.714427e-02 -4.172844e-02 -4.386898e-20
    endloop
  endfacet
  facet normal -1.073177e-06 -4.501441e-07  1.000000e+00
    outer loop
      vertex  -1.960077e-02 -4.781981e-02 -1.243828e-08
      vertex  -6.935937e-03 -5.038195e-02  6.423989e-19
      vertex  -2.187882e-02 -1.475701e-02 -4.950963e-21
    endloop
  endfacet
  facet normal  0.000000e+00  0.000000e+00  1.000000e+00
    outer loop
      vertex  -2.544997e-02  4.089944e-02  0.000000e+00
      vertex  -3.281633e-02  4.120670e-02  0.000000e+00
      vertex  -2.901195e-02  3.658598e-02  0.000000e+00
    endloop
  endfacet
  facet normal  0.000000e+00 -0.000000e+00  1.000000e+00
    outer loop
      vertex   2.141423e-02  3.703471e-02 -0.000000e+00
      vertex   2.377845e-02  4.721467e-02 -0.000000e+00
      vertex  -2.246989e-02  3.885895e-02  0.000000e+00
    endloop
  endfacet
  facet normal  7.899537e-06  4.149710e-06  1.000000e+00
    outer loop
      vertex   2.377845e-02  4.721467e-02 -0.000000e+00
      vertex   2.737999e-02  4.035864e-02 -0.000000e+00
      vertex   3.893219e-02  3.149747e-02 -5.448574e-08
    endloop
  endfacet
  facet normal  5.233007e-06  6.733877e-07  1.000000e+00
    outer loop
      vertex   2.737999e-02  4.035864e-02 -0.000000e+00
      vertex   2.805996e-02  3.507450e-02 -0.000000e+00
      vertex   3.893219e-02  3.149747e-02 -5.448574e-08
    endloop
  endfacet
  facet normal  4.446895e-07  2.829111e-07  1.000000e+00
    outer loop
      vertex  -2.187882e-02 -1.475701e-02 -4.950963e-21
      vertex   2.305779e-03 -5.277120e-02 -3.358056e-19
      vertex   2.044950e-02 -4.792596e-02 -9.439096e-09
    endloop
  endfacet
  facet normal -1.125202e-19 -1.246481e-19  1.000000e+00
    outer loop
      vertex   3.578496e-02 -2.709075e-02  0.000000e+00
      vertex   2.157607e-02 -1.426434e-02  0.000000e+00
      vertex  -2.187882e-02 -1.475701e-02 -4.950963e-21
    endloop
  endfacet
  facet normal  0.000000e+00 -0.000000e+00  1.000000e+00
    outer loop
      vertex  -2.314543e-02  3.459033e-02  0.000000e+00
      vertex   2.141423e-02  3.703471e-02 -0.000000e+00
      vertex  -2.246989e-02  3.885895e-02  0.000000e+00
    endloop
  endfacet
  facet normal  1.239900e-16  7.017885e-17  1.000000e+00
    outer loop
      vertex  -2.187882e-02 -1.475701e-02 -4.950963e-21
      vertex  -6.935937e-03 -5.038195e-02  6.423989e-19
      vertex   2.305779e-03 -5.277120e-02 -3.358056e-19
    endloop
  endfacet
  facet normal  5.879542e-06  2.638503e-06  1.000000e+00
    outer loop
      vertex   3.893219e-02  3.149747e-02 -5.448574e-08
      vertex   2.805996e-02  3.507450e-02 -0.000000e+00
      vertex   3.809029e-02  1.272329e-02 -0.000000e+00
    endloop
  endfacet
  facet normal -0.000000e+00  0.000000e+00  1.000000e+00
    outer loop
      vertex   3.941865e-02 -1.212333e-02  0.000000e+00
      vertex   3.980775e-02 -1.681396e-03  0.000000e+00
      vertex   2.805996e-02  3.507450e-02 -0.000000e+00
    endloop
  endfacet
  facet normal  0.000000e+00  0.000000e+00  1.000000e+00
    outer loop
      vertex   2.805996e-02  3.507450e-02 -0.000000e+00
      vertex   3.980775e-02 -1.681396e-03  0.000000e+00
      vertex   3.809029e-02  1.272329e-02 -0.000000e+00
    endloop
  endfacet
  facet normal  0.000000e+00  0.000000e+00  1.000000e+00
    outer loop
      vertex   3.941865e-02 -1.212333e-02  0.000000e+00
      vertex   2.805996e-02  3.507450e-02 -0.000000e+00
      vertex   2.141423e-02  3.703471e-02 -0.000000e+00
    endloop
  endfacet
  facet normal  0.000000e+00  0.000000e+00  1.000000e+00
    outer loop
      vertex   2.141423e-02  3.703471e-02 -0.000000e+00
      vertex  -2.314543e-02  3.459033e-02  0.000000e+00
      vertex   3.941865e-02 -1.212333e-02  0.000000e+00
    endloop
  endfacet
  facet normal -3.186082e-06 -2.623200e-06  1.000000e+00
    outer loop
      vertex  -3.281633e-02  4.120670e-02  0.000000e+00
      vertex  -3.911730e-02  2.762391e-02 -5.570575e-08
      vertex  -2.901195e-02  3.658598e-02  0.000000e+00
    endloop
  endfacet
  facet normal -8.005724e-06  2.811272e-06  1.000000e+00
    outer loop
      vertex  -3.911730e-02  2.762391e-02 -5.570575e-08
      vertex  -3.870002e-02  8.997037e-03  0.000000e+00
      vertex  -2.901195e-02  3.658598e-02  0.000000e+00
    endloop
  endfacet
  facet normal -1.153678e-19  1.265180e-19  1.000000e+00
    outer loop
      vertex   2.624660e-02 -1.000543e-02  0.000000e+00
      vertex  -2.187882e-02 -1.475701e-02 -4.950963e-21
      vertex   2.157607e-02 -1.426434e-02  0.000000e+00
    endloop
  endfacet
  facet normal  0.000000e+00 -0.000000e+00  1.000000e+00
    outer loop
      vertex  -3.849957e-02 -1.850664e-02  0.000000e+00
      vertex  -2.901061e-02 -1.293591e-02  0.000000e+00
      vertex  -3.870002e-02  8.997037e-03  0.000000e+00
    endloop
  endfacet
  facet normal  0.000000e+00  0.000000e+00  1.000000e+00
    outer loop
      vertex   2.624660e-02 -1.000543e-02  0.000000e+00
      vertex   2.867501e-02 -1.518600e-02  0.000000e+00
      vertex   3.941865e-02 -1.212333e-02  0.000000e+00
    endloop
  endfacet
  facet normal  0.000000e+00  0.000000e+00  1.000000e+00
    outer loop
      vertex  -2.901195e-02  3.658598e-02  0.000000e+00
      vertex  -3.870002e-02  8.997037e-03  0.000000e+00
      vertex  -2.314543e-02  3.459033e-02  0.000000e+00
    endloop
  endfacet
  facet normal -0.000000e+00  0.000000e+00  1.000000e+00
    outer loop
      vertex  -3.870002e-02  8.997037e-03  0.000000e+00
      vertex  -2.901061e-02 -1.293591e-02  0.000000e+00
      vertex  -2.314543e-02  3.459033e-02  0.000000e+00
    endloop
  endfacet
  facet normal  1.565670e-18 -6.014229e-20  1.000000e+00
    outer loop
      vertex  -2.314543e-02  3.459033e-02  0.000000e+00
      vertex  -2.485848e-02 -1.000502e-02  0.000000e+00
      vertex  -2.187882e-02 -1.475701e-02 -4.950963e-21
    endloop
  endfacet
  facet normal -9.273544e-20 -1.027091e-19  1.000000e+00
    outer loop
      vertex  -2.187882e-02 -1.475701e-02 -4.950963e-21
      vertex   2.624660e-02 -1.000543e-02  0.000000e+00
      vertex  -2.314543e-02  3.459033e-02  0.000000e+00
    endloop
  endfacet
  facet normal  0.000000e+00  0.000000e+00  1.000000e+00
    outer loop
      vertex   3.941865e-02 -1.212333e-02  0.000000e+00
      vertex  -2.314543e-02  3.459033e-02  0.000000e+00
      vertex   2.624660e-02 -1.000543e-02  0.000000e+00
    endloop
  endfacet
  facet normal  0.000000e+00  0.000000e+00  1.000000e+00
    outer loop
      vertex  -2.901061e-02 -1.293591e-02  0.000000e+00
      vertex  -2.485848e-02 -1.000502e-02  0.000000e+00
      vertex  -2.314543e-02  3.459033e-02  0.000000e+00
    endloop
  endfacet
  facet normal  2.389324e-01  9.241973e-01  2.979439e-01
    outer loop
      vertex   2.305779e-03 -5.277120e-02 -3.358056e-19
      vertex  -6.935937e-03 -5.038195e-02  6.423989e-19
      vertex  -2.004599e-05 -5.441046e-02  6.950000e-03
    endloop
  endfacet
  facet normal  5.025198e-01  3.857919e-01  7.737173e-01
    outer loop
      vertex  -3.338017e-02 -7.267971e-02  1.516131e-02
      vertex  -2.862201e-02 -7.945678e-02  1.545013e-02
      vertex  -3.222583e-02 -7.052520e-02  1.333729e-02
    endloop
  endfacet
  facet normal  4.983052e-01  3.848460e-01  7.769076e-01
    outer loop
      vertex  -3.222583e-02 -7.052520e-02  1.333729e-02
      vertex  -2.862201e-02 -7.945678e-02  1.545013e-02
      vertex  -2.674410e-02 -7.811332e-02  1.358015e-02
    endloop
  endfacet
  facet normal  3.259388e-01  5.817047e-01  7.452406e-01
    outer loop
      vertex  -2.674410e-02 -7.811332e-02  1.358015e-02
      vertex  -2.862201e-02 -7.945678e-02  1.545013e-02
      vertex  -2.159058e-02 -8.120488e-02  1.373936e-02
    endloop
  endfacet
  facet normal  3.220404e-01  5.231447e-01  7.890562e-01
    outer loop
      vertex  -2.862201e-02 -7.945678e-02  1.545013e-02
      vertex  -2.269439e-02 -8.310554e-02  1.545000e-02
      vertex  -2.159058e-02 -8.120488e-02  1.373936e-02
    endloop
  endfacet
  facet normal  9.511864e-02  6.348559e-01  7.667532e-01
    outer loop
      vertex  -2.269439e-02 -8.310554e-02  1.545000e-02
      vertex  -1.514594e-02 -8.423655e-02  1.545004e-02
      vertex  -2.159058e-02 -8.120488e-02  1.373936e-02
    endloop
  endfacet
  facet normal -1.342654e-01  2.549227e-01  9.575945e-01
    outer loop
      vertex  -2.159058e-02 -8.120488e-02  1.373936e-02
      vertex  -1.514594e-02 -8.423655e-02  1.545004e-02
      vertex  -8.409784e-03 -8.068854e-02  1.545000e-02
    endloop
  endfacet
  facet normal  7.656500e-02 -1.453535e-01  9.864128e-01
    outer loop
      vertex  -1.514594e-02 -8.423655e-02  1.545004e-02
      vertex  -1.046576e-02 -8.332826e-02  1.522061e-02
      vertex  -8.409784e-03 -8.068854e-02  1.545000e-02
    endloop
  endfacet
  facet normal  4.108254e-01 -3.915264e-01  8.233648e-01
    outer loop
      vertex  -1.046576e-02 -8.332826e-02  1.522061e-02
      vertex  -7.580852e-03 -8.410962e-02  1.340960e-02
      vertex  -8.409784e-03 -8.068854e-02  1.545000e-02
    endloop
  endfacet
  facet normal -5.830269e-08 -4.115932e-08  1.000000e+00
    outer loop
      vertex   3.388027e-02 -6.123049e-02  1.195000e-02
      vertex   3.184117e-02 -6.174614e-02  1.195000e-02
      vertex   3.463332e-02 -6.570124e-02  1.195000e-02
    endloop
  endfacet
  facet normal  1.808954e-16  2.439041e-16  1.000000e+00
    outer loop
      vertex  -8.828215e-03 -5.083547e-02  1.195000e-02
      vertex   2.977189e-03 -6.670345e-02  1.195000e-02
      vertex   4.174470e-03 -6.047912e-02  1.195000e-02
    endloop
  endfacet
  facet normal -1.226158e-16  1.997957e-16  1.000000e+00
    outer loop
      vertex  -8.828215e-03 -5.083547e-02  1.195000e-02
      vertex  -1.243222e-02 -5.304727e-02  1.195000e-02
      vertex  -5.824072e-03 -5.767430e-02  1.195000e-02
    endloop
  endfacet
  facet normal  0.000000e+00  0.000000e+00  1.000000e+00
    outer loop
      vertex   4.174470e-03 -6.047912e-02  1.195000e-02
      vertex   7.618709e-03 -5.586636e-02  1.195000e-02
      vertex   7.591807e-03 -5.236790e-02  1.195000e-02
    endloop
  endfacet
  facet normal -0.000000e+00  0.000000e+00  1.000000e+00
    outer loop
      vertex  -8.828215e-03 -5.083547e-02  1.195000e-02
      vertex   4.174470e-03 -6.047912e-02  1.195000e-02
      vertex  -7.580852e-03 -4.774073e-02  1.195000e-02
    endloop
  endfacet
  facet normal  0.000000e+00 -0.000000e+00  1.000000e+00
    outer loop
      vertex   4.174470e-03 -6.047912e-02  1.195000e-02
      vertex   7.591807e-03 -5.236790e-02  1.195000e-02
      vertex  -7.580852e-03 -4.774073e-02  1.195000e-02
    endloop
  endfacet
  facet normal -1.083285e-01 -3.552130e-01  9.284873e-01
    outer loop
      vertex  -7.580852e-03 -4.774073e-02  1.195000e-02
      vertex   7.591807e-03 -5.236790e-02  1.195000e-02
      vertex   7.580855e-03 -4.774060e-02  1.371900e-02
    endloop
  endfacet
  facet normal  0.000000e+00  0.000000e+00  1.000000e+00
    outer loop
      vertex   3.463332e-02 -6.570124e-02  1.195000e-02
      vertex   3.184117e-02 -6.174614e-02  1.195000e-02
      vertex   2.975518e-02 -6.633965e-02  1.195000e-02
    endloop
  endfacet
  facet normal -4.386269e-08 -2.404617e-05  1.000000e+00
    outer loop
      vertex  -3.379352e-02 -6.169543e-02  1.195011e-02
      vertex  -3.463660e-02 -6.594073e-02  1.195000e-02
      vertex  -2.969746e-02 -6.612588e-02  1.195000e-02
    endloop
  endfacet
  facet normal  4.736998e-16  4.617437e-16  1.000000e+00
    outer loop
      vertex  -8.828215e-03 -5.083547e-02  1.195000e-02
      vertex  -5.824072e-03 -5.767430e-02  1.195000e-02
      vertex   2.977189e-03 -6.670345e-02  1.195000e-02
    endloop
  endfacet
  facet normal -1.497789e-15 -1.459985e-15  1.000000e+00
    outer loop
      vertex   2.977189e-03 -6.670345e-02  1.195000e-02
      vertex  -5.824072e-03 -5.767430e-02  1.195000e-02
      vertex  -3.556995e-03 -6.237643e-02  1.195000e-02
    endloop
  endfacet
  facet normal -5.684020e-16 -5.652778e-17  1.000000e+00
    outer loop
      vertex  -3.047148e-03 -6.750308e-02  1.195000e-02
      vertex   2.977189e-03 -6.670345e-02  1.195000e-02
      vertex  -3.556995e-03 -6.237643e-02  1.195000e-02
    endloop
  endfacet
  facet normal  2.046896e-15 -6.594955e-16  1.000000e+00
    outer loop
      vertex  -4.768996e-03 -7.243106e-02  1.195000e-02
      vertex  -7.618736e-03 -7.601512e-02  1.195000e-02
      vertex  -8.393791e-03 -8.105107e-02  1.195000e-02
    endloop
  endfacet
  facet normal -3.692790e-03 -4.591838e-03  9.999827e-01
    outer loop
      vertex   2.571145e-03 -8.187806e-02  1.192213e-02
      vertex   4.137601e-03 -8.513325e-02  1.191297e-02
      vertex   7.858665e-03 -8.006119e-02  1.195000e-02
    endloop
  endfacet
  facet normal -7.806031e-03  5.964680e-02  9.981890e-01
    outer loop
      vertex   2.975518e-02 -6.633965e-02  1.195000e-02
      vertex   3.368029e-02 -7.053062e-02  1.223113e-02
      vertex   3.463332e-02 -6.570124e-02  1.195000e-02
    endloop
  endfacet
  facet normal -2.504760e-16  4.081369e-16  1.000000e+00
    outer loop
      vertex  -1.243222e-02 -5.304727e-02  1.195000e-02
      vertex  -8.828215e-03 -5.083547e-02  1.195000e-02
      vertex  -1.933037e-02 -5.303035e-02  1.195000e-02
    endloop
  endfacet
  facet normal  2.601236e-17 -9.148126e-16  1.000000e+00
    outer loop
      vertex  -8.828215e-03 -5.083547e-02  1.195000e-02
      vertex  -2.319143e-02 -5.124388e-02  1.195000e-02
      vertex  -1.933037e-02 -5.303035e-02  1.195000e-02
    endloop
  endfacet
  facet normal  5.556873e-16  2.299609e-16  1.000000e+00
    outer loop
      vertex  -1.933037e-02 -5.303035e-02  1.195000e-02
      vertex  -2.319143e-02 -5.124388e-02  1.195000e-02
      vertex  -2.456644e-02 -5.546480e-02  1.195000e-02
    endloop
  endfacet
  facet normal  1.477697e-05 -4.813751e-06  1.000000e+00
    outer loop
      vertex  -2.319143e-02 -5.124388e-02  1.195000e-02
      vertex  -3.379352e-02 -6.169543e-02  1.195011e-02
      vertex  -2.456644e-02 -5.546480e-02  1.195000e-02
    endloop
  endfacet
  facet normal  2.484488e-05 -1.972357e-05  1.000000e+00
    outer loop
      vertex  -2.456644e-02 -5.546480e-02  1.195000e-02
      vertex  -3.379352e-02 -6.169543e-02  1.195011e-02
      vertex  -2.813780e-02 -5.996349e-02  1.195000e-02
    endloop
  endfacet
  facet normal  2.038489e-05 -5.159281e-06  1.000000e+00
    outer loop
      vertex  -2.813780e-02 -5.996349e-02  1.195000e-02
      vertex  -3.379352e-02 -6.169543e-02  1.195011e-02
      vertex  -2.969746e-02 -6.612588e-02  1.195000e-02
    endloop
  endfacet
  facet normal  1.105686e-02  2.949395e-01  9.554520e-01
    outer loop
      vertex  -2.969746e-02 -6.612588e-02  1.195000e-02
      vertex  -3.463660e-02 -6.594073e-02  1.195000e-02
      vertex  -3.222583e-02 -7.052520e-02  1.333729e-02
    endloop
  endfacet
  facet normal  4.063940e-01  4.536998e-01  7.930954e-01
    outer loop
      vertex  -3.463660e-02 -6.594073e-02  1.195000e-02
      vertex  -3.338017e-02 -7.267971e-02  1.516131e-02
      vertex  -3.222583e-02 -7.052520e-02  1.333729e-02
    endloop
  endfacet
  facet normal  8.487062e-04 -3.568890e-04  9.999996e-01
    outer loop
      vertex  -2.327133e-03 -8.152860e-02  1.194468e-02
      vertex  -4.768996e-03 -7.243106e-02  1.195000e-02
      vertex  -8.393791e-03 -8.105107e-02  1.195000e-02
    endloop
  endfacet
  facet normal -5.526770e-03  7.454629e-04  9.999844e-01
    outer loop
      vertex   8.320545e-03 -7.663687e-02  1.195000e-02
      vertex   2.571145e-03 -8.187806e-02  1.192213e-02
      vertex   7.858665e-03 -8.006119e-02  1.195000e-02
    endloop
  endfacet
  facet normal  0.000000e+00 -0.000000e+00  1.000000e+00
    outer loop
      vertex   7.618709e-03 -5.586636e-02  1.195000e-02
      vertex   1.268970e-02 -5.314138e-02  1.195000e-02
      vertex   7.591807e-03 -5.236790e-02  1.195000e-02
    endloop
  endfacet
  facet normal  6.015120e-17  3.964492e-16  1.000000e+00
    outer loop
      vertex   7.591807e-03 -5.236790e-02  1.195000e-02
      vertex   1.268970e-02 -5.314138e-02  1.195000e-02
      vertex   1.762264e-02 -4.951418e-02  1.195000e-02
    endloop
  endfacet
  facet normal -3.772377e-17  5.295575e-16  1.000000e+00
    outer loop
      vertex   1.268970e-02 -5.314138e-02  1.195000e-02
      vertex   1.786799e-02 -5.277250e-02  1.195000e-02
      vertex   1.762264e-02 -4.951418e-02  1.195000e-02
    endloop
  endfacet
  facet normal -3.739283e-16  5.042411e-16  1.000000e+00
    outer loop
      vertex   1.786799e-02 -5.277250e-02  1.195000e-02
      vertex   2.126144e-02 -5.369630e-02  1.195000e-02
      vertex   1.762264e-02 -4.951418e-02  1.195000e-02
    endloop
  endfacet
  facet normal  4.409324e-16  1.213239e-15  1.000000e+00
    outer loop
      vertex   1.762264e-02 -4.951418e-02  1.195000e-02
      vertex   2.126144e-02 -5.369630e-02  1.195000e-02
      vertex   2.803881e-02 -5.472960e-02  1.195000e-02
    endloop
  endfacet
  facet normal -1.001863e-16 -2.335940e-15  1.000000e+00
    outer loop
      vertex   2.126144e-02 -5.369630e-02  1.195000e-02
      vertex   2.290000e-02 -5.450920e-02  1.195000e-02
      vertex   2.803881e-02 -5.472960e-02  1.195000e-02
    endloop
  endfacet
  facet normal  0.000000e+00  0.000000e+00  1.000000e+00
    outer loop
      vertex   2.290000e-02 -5.450920e-02  1.195000e-02
      vertex   2.686369e-02 -5.759750e-02  1.195000e-02
      vertex   2.803881e-02 -5.472960e-02  1.195000e-02
    endloop
  endfacet
  facet normal  0.000000e+00  0.000000e+00  1.000000e+00
    outer loop
      vertex   2.803881e-02 -5.472960e-02  1.195000e-02
      vertex   2.686369e-02 -5.759750e-02  1.195000e-02
      vertex   3.184117e-02 -6.174614e-02  1.195000e-02
    endloop
  endfacet
  facet normal  0.000000e+00  0.000000e+00  1.000000e+00
    outer loop
      vertex   2.686369e-02 -5.759750e-02  1.195000e-02
      vertex   2.975518e-02 -6.633965e-02  1.195000e-02
      vertex   3.184117e-02 -6.174614e-02  1.195000e-02
    endloop
  endfacet
  facet normal -8.361052e-17 -3.316004e-16  1.000000e+00
    outer loop
      vertex  -7.618736e-03 -7.601512e-02  1.195000e-02
      vertex  -1.493050e-02 -7.940289e-02  1.195000e-02
      vertex  -8.393791e-03 -8.105107e-02  1.195000e-02
    endloop
  endfacet
  facet normal  1.145069e-01  4.541359e-01  8.835433e-01
    outer loop
      vertex  -8.393791e-03 -8.105107e-02  1.195000e-02
      vertex  -1.493050e-02 -7.940289e-02  1.195000e-02
      vertex  -2.159058e-02 -8.120488e-02  1.373936e-02
    endloop
  endfacet
  facet normal  1.099875e-01  4.655135e-01  8.781799e-01
    outer loop
      vertex  -1.493050e-02 -7.940289e-02  1.195000e-02
      vertex  -2.279766e-02 -7.754410e-02  1.195000e-02
      vertex  -2.159058e-02 -8.120488e-02  1.373936e-02
    endloop
  endfacet
  facet normal  2.703721e-01  4.932769e-01  8.267871e-01
    outer loop
      vertex  -2.159058e-02 -8.120488e-02  1.373936e-02
      vertex  -2.279766e-02 -7.754410e-02  1.195000e-02
      vertex  -2.674410e-02 -7.811332e-02  1.358015e-02
    endloop
  endfacet
  facet normal  3.157711e-01  3.436092e-01  8.844328e-01
    outer loop
      vertex  -2.279766e-02 -7.754410e-02  1.195000e-02
      vertex  -2.745653e-02 -7.326267e-02  1.195000e-02
      vertex  -2.674410e-02 -7.811332e-02  1.358015e-02
    endloop
  endfacet
  facet normal  4.387054e-01  3.435022e-01  8.303878e-01
    outer loop
      vertex  -2.674410e-02 -7.811332e-02  1.358015e-02
      vertex  -2.745653e-02 -7.326267e-02  1.195000e-02
      vertex  -3.222583e-02 -7.052520e-02  1.333729e-02
    endloop
  endfacet
  facet normal  3.325737e-01  1.044271e-01  9.372778e-01
    outer loop
      vertex  -2.745653e-02 -7.326267e-02  1.195000e-02
      vertex  -2.969746e-02 -6.612588e-02  1.195000e-02
      vertex  -3.222583e-02 -7.052520e-02  1.333729e-02
    endloop
  endfacet
  facet normal  4.650894e-03  6.636599e-04  9.999890e-01
    outer loop
      vertex  -2.327133e-03 -8.152860e-02  1.194468e-02
      vertex   2.571145e-03 -8.187806e-02  1.192213e-02
      vertex  -4.768996e-03 -7.243106e-02  1.195000e-02
    endloop
  endfacet
  facet normal  2.446404e-04 -1.843094e-03  9.999983e-01
    outer loop
      vertex   2.977189e-03 -6.670345e-02  1.195000e-02
      vertex  -3.047148e-03 -6.750308e-02  1.195000e-02
      vertex   2.571145e-03 -8.187806e-02  1.192213e-02
    endloop
  endfacet
  facet normal -2.749145e-03 -2.301543e-03  9.999936e-01
    outer loop
      vertex   8.320545e-03 -7.663687e-02  1.195000e-02
      vertex   4.613853e-03 -7.220931e-02  1.195000e-02
      vertex   2.571145e-03 -8.187806e-02  1.192213e-02
    endloop
  endfacet
  facet normal -5.667969e-03 -1.684854e-03  9.999825e-01
    outer loop
      vertex   4.613853e-03 -7.220931e-02  1.195000e-02
      vertex   2.977189e-03 -6.670345e-02  1.195000e-02
      vertex   2.571145e-03 -8.187806e-02  1.192213e-02
    endloop
  endfacet
  facet normal  2.619017e-03 -9.150917e-04  9.999961e-01
    outer loop
      vertex  -4.768996e-03 -7.243106e-02  1.195000e-02
      vertex   2.571145e-03 -8.187806e-02  1.192213e-02
      vertex  -3.047148e-03 -6.750308e-02  1.195000e-02
    endloop
  endfacet
  facet normal -5.150085e-02  1.874448e-02  9.984970e-01
    outer loop
      vertex   2.975518e-02 -6.633965e-02  1.195000e-02
      vertex   2.699614e-02 -7.392018e-02  1.195000e-02
      vertex   3.368029e-02 -7.053062e-02  1.223113e-02
    endloop
  endfacet
  facet normal -7.134695e-02  5.810781e-02  9.957575e-01
    outer loop
      vertex   3.368029e-02 -7.053062e-02  1.223113e-02
      vertex   2.699614e-02 -7.392018e-02  1.195000e-02
      vertex   2.062024e-02 -8.174875e-02  1.195000e-02
    endloop
  endfacet
  facet normal -1.066671e-15  6.471507e-16  1.000000e+00
    outer loop
      vertex   2.699614e-02 -7.392018e-02  1.195000e-02
      vertex   2.348432e-02 -7.702801e-02  1.195000e-02
      vertex   2.062024e-02 -8.174875e-02  1.195000e-02
    endloop
  endfacet
  facet normal  0.000000e+00  0.000000e+00  1.000000e+00
    outer loop
      vertex   2.348432e-02 -7.702801e-02  1.195000e-02
      vertex   1.880878e-02 -7.910251e-02  1.195000e-02
      vertex   2.062024e-02 -8.174875e-02  1.195000e-02
    endloop
  endfacet
  facet normal  0.000000e+00  0.000000e+00  1.000000e+00
    outer loop
      vertex   2.062024e-02 -8.174875e-02  1.195000e-02
      vertex   1.880878e-02 -7.910251e-02  1.195000e-02
      vertex   7.858665e-03 -8.006119e-02  1.195000e-02
    endloop
  endfacet
  facet normal -1.784513e-16  2.038275e-15  1.000000e+00
    outer loop
      vertex   1.880878e-02 -7.910251e-02  1.195000e-02
      vertex   1.301530e-02 -7.875866e-02  1.195000e-02
      vertex   7.858665e-03 -8.006119e-02  1.195000e-02
    endloop
  endfacet
  facet normal  3.482721e-16 -4.697570e-17  1.000000e+00
    outer loop
      vertex   1.301530e-02 -7.875866e-02  1.195000e-02
      vertex   8.320545e-03 -7.663687e-02  1.195000e-02
      vertex   7.858665e-03 -8.006119e-02  1.195000e-02
    endloop
  endfacet
  facet normal  2.960855e-01 -6.169392e-02  9.531670e-01
    outer loop
      vertex  -3.306917e-03 -8.664579e-02  1.191782e-02
      vertex  -2.327133e-03 -8.152860e-02  1.194468e-02
      vertex  -7.580852e-03 -8.410962e-02  1.340960e-02
    endloop
  endfacet
  facet normal -1.097820e-02  7.533498e-04  9.999394e-01
    outer loop
      vertex   7.858665e-03 -8.006119e-02  1.195000e-02
      vertex   4.137601e-03 -8.513325e-02  1.191297e-02
      vertex   7.580852e-03 -8.410962e-02  1.195000e-02
    endloop
  endfacet
  facet normal  3.526764e-02  4.380427e-01  8.982621e-01
    outer loop
      vertex  -7.580852e-03 -8.410962e-02  1.340960e-02
      vertex  -2.327133e-03 -8.152860e-02  1.194468e-02
      vertex  -8.393791e-03 -8.105107e-02  1.195000e-02
    endloop
  endfacet
  facet normal -5.082692e-03  5.570188e-03  9.999716e-01
    outer loop
      vertex  -3.306917e-03 -8.664579e-02  1.191782e-02
      vertex   1.945212e-03 -8.762984e-02  1.195000e-02
      vertex  -1.796015e-03 -8.514565e-02  1.191715e-02
    endloop
  endfacet
  facet normal  6.742748e-04  1.423933e-02  9.998984e-01
    outer loop
      vertex  -1.796015e-03 -8.514565e-02  1.191715e-02
      vertex   1.945212e-03 -8.762984e-02  1.195000e-02
      vertex   4.137601e-03 -8.513325e-02  1.191297e-02
    endloop
  endfacet
  facet normal  9.999999e-01  1.494121e-04  2.482994e-04
    outer loop
      vertex   1.599717e-02  1.320593e-02 -8.500177e-03
      vertex   1.600000e-02 -5.740732e-03 -8.500000e-03
      vertex   1.600407e-02  1.357416e-02 -3.650000e-02
    endloop
  endfacet
  facet normal  1.000000e+00 -2.105374e-04  0.000000e+00
    outer loop
      vertex   1.600000e-02 -5.740732e-03 -8.500000e-03
      vertex   1.600000e-02 -5.740732e-03 -7.450000e-02
      vertex   1.600407e-02  1.357416e-02 -3.650000e-02
    endloop
  endfacet
  facet normal  9.999989e-01  1.263430e-03 -7.491979e-04
    outer loop
      vertex   1.600000e-02 -5.740732e-03 -7.450000e-02
      vertex   1.596729e-02  1.989064e-02 -7.493269e-02
      vertex   1.600407e-02  1.357416e-02 -3.650000e-02
    endloop
  endfacet
  facet normal -1.084725e-02  9.998409e-01 -1.416224e-02
    outer loop
      vertex   4.815408e-03  2.215424e-02 -5.441333e-02
      vertex  -7.478592e-03  2.200308e-02 -5.566884e-02
      vertex  -1.410224e-02  2.220337e-02 -3.645489e-02
    endloop
  endfacet
  facet normal -1.802786e-03  9.999877e-01 -4.635081e-03
    outer loop
      vertex   1.355416e-02  2.225329e-02 -3.644210e-02
      vertex   4.815408e-03  2.215424e-02 -5.441333e-02
      vertex  -1.410224e-02  2.220337e-02 -3.645489e-02
    endloop
  endfacet
  facet normal -3.165348e-04  9.931109e-01  1.171777e-01
    outer loop
      vertex  -7.242593e-03  2.166951e-02 -7.027889e-02
      vertex   5.496101e-03  2.179371e-02 -7.129709e-02
      vertex  -1.301477e-02  2.222237e-02 -7.498012e-02
    endloop
  endfacet
  facet normal  2.260015e-03  9.945335e-01  1.043935e-01
    outer loop
      vertex  -1.301477e-02  2.222237e-02 -7.498012e-02
      vertex   5.496101e-03  2.179371e-02 -7.129709e-02
      vertex   1.366859e-02  2.216283e-02 -7.499052e-02
    endloop
  endfacet
  facet normal  1.121532e-01  9.934717e-01 -2.087051e-02
    outer loop
      vertex  -7.478592e-03  2.200308e-02 -5.566884e-02
      vertex  -7.242593e-03  2.166951e-02 -7.027889e-02
      vertex  -1.301477e-02  2.222237e-02 -7.498012e-02
    endloop
  endfacet
  facet normal  3.447413e-02  9.994045e-01  1.465999e-03
    outer loop
      vertex  -1.410224e-02  2.220337e-02 -3.645489e-02
      vertex  -7.478592e-03  2.200308e-02 -5.566884e-02
      vertex  -1.301477e-02  2.222237e-02 -7.498012e-02
    endloop
  endfacet
  facet normal -3.891622e-02  9.991480e-01  1.374347e-02
    outer loop
      vertex   1.366859e-02  2.216283e-02 -7.499052e-02
      vertex   5.496101e-03  2.179371e-02 -7.129709e-02
      vertex   9.985628e-03  2.185321e-02 -6.291009e-02
    endloop
  endfacet
  facet normal  2.731235e-02  9.994503e-01 -1.878976e-02
    outer loop
      vertex   1.355416e-02  2.225329e-02 -3.644210e-02
      vertex   9.985628e-03  2.185321e-02 -6.291009e-02
      vertex   4.815408e-03  2.215424e-02 -5.441333e-02
    endloop
  endfacet
  facet normal -9.227175e-02  9.957305e-01 -2.610645e-03
    outer loop
      vertex   1.366859e-02  2.216283e-02 -7.499052e-02
      vertex   9.985628e-03  2.185321e-02 -6.291009e-02
      vertex   1.355416e-02  2.225329e-02 -3.644210e-02
    endloop
  endfacet
  facet normal  9.993613e-01 -3.509563e-02 -6.724266e-03
    outer loop
      vertex   1.600407e-02  1.357416e-02 -3.650000e-02
      vertex   1.596729e-02  1.989064e-02 -7.493269e-02
      vertex   1.621505e-02  1.943411e-02 -3.572785e-02
    endloop
  endfacet
  facet normal  7.029393e-01  7.112394e-01  3.839910e-03
    outer loop
      vertex   1.596729e-02  1.989064e-02 -7.493269e-02
      vertex   1.366859e-02  2.216283e-02 -7.499052e-02
      vertex   1.621505e-02  1.943411e-02 -3.572785e-02
    endloop
  endfacet
  facet normal  7.271588e-01  6.864690e-01  5.475903e-04
    outer loop
      vertex   1.621505e-02  1.943411e-02 -3.572785e-02
      vertex   1.366859e-02  2.216283e-02 -7.499052e-02
      vertex   1.355416e-02  2.225329e-02 -3.644210e-02
    endloop
  endfacet
  facet normal -4.230277e-01  9.060438e-01 -1.149410e-02
    outer loop
      vertex  -1.301477e-02  2.222237e-02 -7.498012e-02
      vertex  -1.528828e-02  2.116684e-02 -7.451041e-02
      vertex  -1.410224e-02  2.220337e-02 -3.645489e-02
    endloop
  endfacet
  facet normal -8.477843e-01  5.302057e-01  1.198081e-02
    outer loop
      vertex  -1.410224e-02  2.220337e-02 -3.645489e-02
      vertex  -1.528828e-02  2.116684e-02 -7.451041e-02
      vertex  -1.602011e-02  1.913814e-02 -3.651627e-02
    endloop
  endfacet
  facet normal -9.527395e-01  3.037811e-01 -2.130740e-03
    outer loop
      vertex  -1.528828e-02  2.116684e-02 -7.451041e-02
      vertex  -1.599985e-02  1.893525e-02 -7.449993e-02
      vertex  -1.602011e-02  1.913814e-02 -3.651627e-02
    endloop
  endfacet
  facet normal -3.908693e-01 -3.146877e-02 -9.199081e-01
    outer loop
      vertex  -1.468490e-02 -4.703794e-02 -7.500692e-02
      vertex  -1.597228e-02 -4.526363e-02 -7.452060e-02
      vertex  -1.550000e-02 -3.711573e-02 -7.500000e-02
    endloop
  endfacet
  facet normal -7.112499e-01 -1.324420e-04 -7.029392e-01
    outer loop
      vertex  -1.597228e-02 -4.526363e-02 -7.452060e-02
      vertex  -1.600000e-02 -5.740732e-03 -7.450000e-02
      vertex  -1.550000e-02 -3.711573e-02 -7.500000e-02
    endloop
  endfacet
  facet normal -7.061592e-01  3.018292e-05 -7.080531e-01
    outer loop
      vertex  -1.550000e-02 -3.711573e-02 -7.500000e-02
      vertex  -1.600000e-02 -5.740732e-03 -7.450000e-02
      vertex  -1.549756e-02  1.952803e-02 -7.500003e-02
    endloop
  endfacet
  facet normal -7.055542e-01  6.226890e-06 -7.086559e-01
    outer loop
      vertex  -1.600000e-02 -5.740732e-03 -7.450000e-02
      vertex  -1.599985e-02  1.893525e-02 -7.449993e-02
      vertex  -1.549756e-02  1.952803e-02 -7.500003e-02
    endloop
  endfacet
  facet normal  4.884645e-01 -2.540281e-02 -8.722139e-01
    outer loop
      vertex   1.599783e-02 -4.466693e-02 -7.450128e-02
      vertex   1.497211e-02 -4.699508e-02 -7.500790e-02
      vertex   1.550000e-02 -3.711573e-02 -7.500000e-02
    endloop
  endfacet
  facet normal  7.076163e-01 -1.624530e-05 -7.065969e-01
    outer loop
      vertex   1.599783e-02 -4.466693e-02 -7.450128e-02
      vertex   1.550000e-02 -3.711573e-02 -7.500000e-02
      vertex   1.600000e-02 -5.740732e-03 -7.450000e-02
    endloop
  endfacet
  facet normal  8.855644e-01 -6.710710e-03 -4.644682e-01
    outer loop
      vertex   1.550000e-02 -3.711573e-02 -7.500000e-02
      vertex   1.596729e-02  1.989064e-02 -7.493269e-02
      vertex   1.600000e-02 -5.740732e-03 -7.450000e-02
    endloop
  endfacet
  facet normal  3.191405e-03  2.097626e-03 -9.999927e-01
    outer loop
      vertex   1.250738e-02 -5.461673e-03 -7.499691e-02
      vertex   1.087494e-02 -3.455656e-03 -7.499792e-02
      vertex   1.596729e-02  1.989064e-02 -7.493269e-02
    endloop
  endfacet
  facet normal -1.561729e-03 -4.997842e-05 -9.999988e-01
    outer loop
      vertex   1.250738e-02 -5.461673e-03 -7.499691e-02
      vertex   1.550000e-02 -3.711573e-02 -7.500000e-02
      vertex   1.175108e-02 -6.528530e-03 -7.499567e-02
    endloop
  endfacet
  facet normal  2.473716e-05  2.859442e-04 -9.999999e-01
    outer loop
      vertex   1.366859e-02  2.216283e-02 -7.499052e-02
      vertex   1.087494e-02 -3.455656e-03 -7.499792e-02
      vertex  -1.312673e-03 -9.709391e-03 -7.500000e-02
    endloop
  endfacet
  facet normal  2.866174e-03 -5.251604e-03 -9.999821e-01
    outer loop
      vertex   1.087494e-02 -3.455656e-03 -7.499792e-02
      vertex   9.781023e-03 -6.407282e-03 -7.498555e-02
      vertex  -1.312673e-03 -9.709391e-03 -7.500000e-02
    endloop
  endfacet
  facet normal  1.054211e-02  1.094329e-03 -9.999439e-01
    outer loop
      vertex   1.550000e-02 -3.711573e-02 -7.500000e-02
      vertex   1.250738e-02 -5.461673e-03 -7.499691e-02
      vertex   1.596729e-02  1.989064e-02 -7.493269e-02
    endloop
  endfacet
  facet normal  6.080683e-04  2.334745e-03 -9.999971e-01
    outer loop
      vertex  -1.312673e-03 -9.709391e-03 -7.500000e-02
      vertex   9.781023e-03 -6.407282e-03 -7.498555e-02
      vertex   9.170121e-03 -1.243956e-02 -7.500000e-02
    endloop
  endfacet
  facet normal -4.963099e-03  2.898917e-03 -9.999835e-01
    outer loop
      vertex   1.175108e-02 -6.528530e-03 -7.499567e-02
      vertex   9.170121e-03 -1.243956e-02 -7.500000e-02
      vertex   9.781023e-03 -6.407282e-03 -7.498555e-02
    endloop
  endfacet
  facet normal  1.176244e-03  2.182794e-04 -9.999993e-01
    outer loop
      vertex   1.236242e-02 -2.964192e-02 -7.500000e-02
      vertex   9.170121e-03 -1.243956e-02 -7.500000e-02
      vertex   1.175108e-02 -6.528530e-03 -7.499567e-02
    endloop
  endfacet
  facet normal  2.296104e-02 -2.215301e-03 -9.997339e-01
    outer loop
      vertex   1.366859e-02  2.216283e-02 -7.499052e-02
      vertex   1.596729e-02  1.989064e-02 -7.493269e-02
      vertex   1.087494e-02 -3.455656e-03 -7.499792e-02
    endloop
  endfacet
  facet normal  2.699760e-15  1.133386e-15 -1.000000e+00
    outer loop
      vertex   1.550000e-02 -3.711573e-02 -7.500000e-02
      vertex  -3.928647e-04 -3.599205e-02 -7.500000e-02
      vertex   1.236242e-02 -2.964192e-02 -7.500000e-02
    endloop
  endfacet
  facet normal  4.758194e-04  1.997537e-04 -9.999999e-01
    outer loop
      vertex   1.236242e-02 -2.964192e-02 -7.500000e-02
      vertex   1.175108e-02 -6.528530e-03 -7.499567e-02
      vertex   1.550000e-02 -3.711573e-02 -7.500000e-02
    endloop
  endfacet
  facet normal -1.086182e-03 -2.968479e-04 -9.999993e-01
    outer loop
      vertex  -1.074545e-02 -3.519886e-03 -7.499834e-02
      vertex  -1.255940e-02 -5.367462e-03 -7.499582e-02
      vertex  -1.549756e-02  1.952803e-02 -7.500003e-02
    endloop
  endfacet
  facet normal -3.367898e-03 -4.864416e-03 -9.999825e-01
    outer loop
      vertex  -1.010922e-02 -6.824224e-03 -7.498441e-02
      vertex  -1.074545e-02 -3.519886e-03 -7.499834e-02
      vertex  -1.312673e-03 -9.709391e-03 -7.500000e-02
    endloop
  endfacet
  facet normal  1.470574e-05  2.906594e-04 -9.999999e-01
    outer loop
      vertex  -1.312673e-03 -9.709391e-03 -7.500000e-02
      vertex  -1.074545e-02 -3.519886e-03 -7.499834e-02
      vertex   1.366859e-02  2.216283e-02 -7.499052e-02
    endloop
  endfacet
  facet normal -1.027937e-03  2.269941e-03 -9.999969e-01
    outer loop
      vertex  -1.010922e-02 -6.824224e-03 -7.498441e-02
      vertex  -1.312673e-03 -9.709391e-03 -7.500000e-02
      vertex  -1.014446e-02 -1.370884e-02 -7.500000e-02
    endloop
  endfacet
  facet normal -3.880449e-04  6.735148e-04 -9.999997e-01
    outer loop
      vertex   1.366859e-02  2.216283e-02 -7.499052e-02
      vertex  -1.074545e-02 -3.519886e-03 -7.499834e-02
      vertex  -1.301477e-02  2.222237e-02 -7.498012e-02
    endloop
  endfacet
  facet normal  1.425587e-03 -4.100181e-07 -9.999990e-01
    outer loop
      vertex  -1.549756e-02  1.952803e-02 -7.500003e-02
      vertex  -1.255940e-02 -5.367462e-03 -7.499582e-02
      vertex  -1.550000e-02 -3.711573e-02 -7.500000e-02
    endloop
  endfacet
  facet normal -2.786559e-15  4.125346e-16 -1.000000e+00
    outer loop
      vertex  -9.752885e-03 -3.193584e-02 -7.500000e-02
      vertex  -3.928647e-04 -3.599205e-02 -7.500000e-02
      vertex  -1.550000e-02 -3.711573e-02 -7.500000e-02
    endloop
  endfacet
  facet normal  6.613668e-03  1.290740e-03 -9.999773e-01
    outer loop
      vertex  -1.549756e-02  1.952803e-02 -7.500003e-02
      vertex  -1.301477e-02  2.222237e-02 -7.498012e-02
      vertex  -1.074545e-02 -3.519886e-03 -7.499834e-02
    endloop
  endfacet
  facet normal  5.985926e-03  2.234005e-03 -9.999796e-01
    outer loop
      vertex  -1.010922e-02 -6.824224e-03 -7.498441e-02
      vertex  -1.014446e-02 -1.370884e-02 -7.500000e-02
      vertex  -1.255940e-02 -5.367462e-03 -7.499582e-02
    endloop
  endfacet
  facet normal -8.437746e-04  2.567185e-04 -9.999996e-01
    outer loop
      vertex  -1.014446e-02 -1.370884e-02 -7.500000e-02
      vertex  -1.312095e-02 -2.349189e-02 -7.500000e-02
      vertex  -1.255940e-02 -5.367462e-03 -7.499582e-02
    endloop
  endfacet
  facet normal -1.605221e-03  2.803101e-04 -9.999987e-01
    outer loop
      vertex  -1.255940e-02 -5.367462e-03 -7.499582e-02
      vertex  -1.312095e-02 -2.349189e-02 -7.500000e-02
      vertex  -1.550000e-02 -3.711573e-02 -7.500000e-02
    endloop
  endfacet
  facet normal -2.865783e-15  5.004346e-16 -1.000000e+00
    outer loop
      vertex  -1.550000e-02 -3.711573e-02 -7.500000e-02
      vertex  -1.312095e-02 -2.349189e-02 -7.500000e-02
      vertex  -9.752885e-03 -3.193584e-02 -7.500000e-02
    endloop
  endfacet
  facet normal  1.416870e-02  1.860440e-03 -9.998979e-01
    outer loop
      vertex  -1.468490e-02 -4.703794e-02 -7.500692e-02
      vertex  -1.550000e-02 -3.711573e-02 -7.500000e-02
      vertex  -1.159436e-02 -3.854160e-02 -7.494731e-02
    endloop
  endfacet
  facet normal  2.282315e-03 -3.068423e-02 -9.995265e-01
    outer loop
      vertex  -3.928647e-04 -3.599205e-02 -7.500000e-02
      vertex  -1.159436e-02 -3.854160e-02 -7.494731e-02
      vertex  -1.550000e-02 -3.711573e-02 -7.500000e-02
    endloop
  endfacet
  facet normal -1.807634e-02  1.358846e-02 -9.997443e-01
    outer loop
      vertex  -1.159436e-02 -3.854160e-02 -7.494731e-02
      vertex  -1.161565e-02 -4.164151e-02 -7.498906e-02
      vertex  -1.468490e-02 -4.703794e-02 -7.500692e-02
    endloop
  endfacet
  facet normal -3.813599e-05  3.329975e-03 -9.999945e-01
    outer loop
      vertex  -1.468490e-02 -4.703794e-02 -7.500692e-02
      vertex  -1.161565e-02 -4.164151e-02 -7.498906e-02
      vertex   1.497211e-02 -4.699508e-02 -7.500790e-02
    endloop
  endfacet
  facet normal -1.518273e-03 -4.020932e-03 -9.999908e-01
    outer loop
      vertex  -1.161565e-02 -4.164151e-02 -7.498906e-02
      vertex  -9.548984e-03 -4.056862e-02 -7.499652e-02
      vertex   1.497211e-02 -4.699508e-02 -7.500790e-02
    endloop
  endfacet
  facet normal -4.358106e-04  1.093810e-04 -9.999999e-01
    outer loop
      vertex   1.497211e-02 -4.699508e-02 -7.500790e-02
      vertex  -9.548984e-03 -4.056862e-02 -7.499652e-02
      vertex  -3.928647e-04 -3.599205e-02 -7.500000e-02
    endloop
  endfacet
  facet normal -8.316712e-03  1.587643e-02 -9.998394e-01
    outer loop
      vertex  -9.548984e-03 -4.056862e-02 -7.499652e-02
      vertex  -1.159436e-02 -3.854160e-02 -7.494731e-02
      vertex  -3.928647e-04 -3.599205e-02 -7.500000e-02
    endloop
  endfacet
  facet normal  8.805099e-03  9.437421e-03 -9.999167e-01
    outer loop
      vertex   1.497211e-02 -4.699508e-02 -7.500790e-02
      vertex   9.247529e-03 -3.998513e-02 -7.499215e-02
      vertex   1.189764e-02 -4.169368e-02 -7.498494e-02
    endloop
  endfacet
  facet normal  4.357852e-03  8.554770e-03 -9.999539e-01
    outer loop
      vertex   1.199811e-02 -3.894506e-02 -7.497127e-02
      vertex   9.247529e-03 -3.998513e-02 -7.499215e-02
      vertex  -3.928647e-04 -3.599205e-02 -7.500000e-02
    endloop
  endfacet
  facet normal  2.637246e-03  4.400684e-03 -9.999868e-01
    outer loop
      vertex  -3.928647e-04 -3.599205e-02 -7.500000e-02
      vertex   9.247529e-03 -3.998513e-02 -7.499215e-02
      vertex   1.497211e-02 -4.699508e-02 -7.500790e-02
    endloop
  endfacet
  facet normal -9.781840e-04 -1.383504e-02 -9.999038e-01
    outer loop
      vertex   1.550000e-02 -3.711573e-02 -7.500000e-02
      vertex   1.199811e-02 -3.894506e-02 -7.497127e-02
      vertex  -3.928647e-04 -3.599205e-02 -7.500000e-02
    endloop
  endfacet
  facet normal -5.576072e-03  1.097556e-03 -9.999838e-01
    outer loop
      vertex   1.497211e-02 -4.699508e-02 -7.500790e-02
      vertex   1.189764e-02 -4.169368e-02 -7.498494e-02
      vertex   1.550000e-02 -3.711573e-02 -7.500000e-02
    endloop
  endfacet
  facet normal -1.101453e-02  5.377229e-03 -9.999249e-01
    outer loop
      vertex   1.189764e-02 -4.169368e-02 -7.498494e-02
      vertex   1.199811e-02 -3.894506e-02 -7.497127e-02
      vertex   1.550000e-02 -3.711573e-02 -7.500000e-02
    endloop
  endfacet
  facet normal -2.143426e-01  4.190108e-01  8.823192e-01
    outer loop
      vertex  -9.548984e-03 -4.056862e-02 -7.499652e-02
      vertex  -1.161565e-02 -4.164151e-02 -7.498906e-02
      vertex  -1.031922e-02 -4.159408e-02 -7.469664e-02
    endloop
  endfacet
  facet normal  5.412594e-01  8.397228e-01  4.363356e-02
    outer loop
      vertex   9.247529e-03 -3.998513e-02 -7.499215e-02
      vertex   9.675568e-03 -4.111277e-02 -5.860042e-02
      vertex   1.189764e-02 -4.169368e-02 -7.498494e-02
    endloop
  endfacet
  facet normal -5.529730e-01  8.266448e-01 -1.043031e-01
    outer loop
      vertex   9.675568e-03 -4.111277e-02 -5.860042e-02
      vertex   1.245168e-02 -3.930436e-02 -5.898581e-02
      vertex   1.189764e-02 -4.169368e-02 -7.498494e-02
    endloop
  endfacet
  facet normal -9.989129e-01  3.636759e-02  2.916011e-02
    outer loop
      vertex   1.189764e-02 -4.169368e-02 -7.498494e-02
      vertex   1.245168e-02 -3.930436e-02 -5.898581e-02
      vertex   1.199811e-02 -3.894506e-02 -7.497127e-02
    endloop
  endfacet
  facet normal  5.421613e-01 -8.395759e-01 -3.425400e-02
    outer loop
      vertex   1.245168e-02 -3.930436e-02 -5.898581e-02
      vertex   9.675568e-03 -4.111277e-02 -5.860042e-02
      vertex   1.199811e-02 -3.894506e-02 -7.497127e-02
    endloop
  endfacet
  facet normal  3.532202e-01 -9.326576e-01 -7.338446e-02
    outer loop
      vertex   1.199811e-02 -3.894506e-02 -7.497127e-02
      vertex   9.675568e-03 -4.111277e-02 -5.860042e-02
      vertex   9.247529e-03 -3.998513e-02 -7.499215e-02
    endloop
  endfacet
  facet normal -9.818512e-01 -1.889809e-01  1.595041e-02
    outer loop
      vertex  -1.074545e-02 -3.519886e-03 -7.499834e-02
      vertex  -1.010922e-02 -6.824224e-03 -7.498441e-02
      vertex  -1.048526e-02 -3.521395e-03 -5.900000e-02
    endloop
  endfacet
  facet normal -9.548022e-01  2.858435e-01 -8.152531e-02
    outer loop
      vertex  -1.048526e-02 -3.521395e-03 -5.900000e-02
      vertex  -1.010922e-02 -6.824224e-03 -7.498441e-02
      vertex  -1.150670e-02 -6.933299e-03 -5.900000e-02
    endloop
  endfacet
  facet normal  5.102236e-01  8.585598e-01  5.046622e-02
    outer loop
      vertex  -1.010922e-02 -6.824224e-03 -7.498441e-02
      vertex  -1.255940e-02 -5.367462e-03 -7.499582e-02
      vertex  -1.150670e-02 -6.933299e-03 -5.900000e-02
    endloop
  endfacet
  facet normal  9.540384e-01 -2.856148e-01 -9.074561e-02
    outer loop
      vertex  -1.150670e-02 -6.933299e-03 -5.900000e-02
      vertex  -1.255940e-02 -5.367462e-03 -7.499582e-02
      vertex  -1.048526e-02 -3.521395e-03 -5.900000e-02
    endloop
  endfacet
  facet normal  7.135124e-01 -7.005454e-01 -1.167024e-02
    outer loop
      vertex  -1.255940e-02 -5.367462e-03 -7.499582e-02
      vertex  -1.074545e-02 -3.519886e-03 -7.499834e-02
      vertex  -1.048526e-02 -3.521395e-03 -5.900000e-02
    endloop
  endfacet
  facet normal -7.749966e-01 -6.306528e-01  4.070966e-02
    outer loop
      vertex   1.087494e-02 -3.455656e-03 -7.499792e-02
      vertex   1.250738e-02 -5.461673e-03 -7.499691e-02
      vertex   1.182733e-02 -3.593345e-03 -5.900000e-02
    endloop
  endfacet
  facet normal -8.900067e-01  4.469690e-01 -9.003832e-02
    outer loop
      vertex   1.182733e-02 -3.593345e-03 -5.900000e-02
      vertex   1.250738e-02 -5.461673e-03 -7.499691e-02
      vertex   1.017267e-02 -6.888120e-03 -5.900000e-02
    endloop
  endfacet
  facet normal -8.139881e-01  5.769636e-01 -6.735195e-02
    outer loop
      vertex   1.250738e-02 -5.461673e-03 -7.499691e-02
      vertex   1.175108e-02 -6.528530e-03 -7.499567e-02
      vertex   1.017267e-02 -6.888120e-03 -5.900000e-02
    endloop
  endfacet
  facet normal  6.155041e-02  9.976969e-01  2.850226e-02
    outer loop
      vertex   1.175108e-02 -6.528530e-03 -7.499567e-02
      vertex   9.781023e-03 -6.407282e-03 -7.498555e-02
      vertex   1.017267e-02 -6.888120e-03 -5.900000e-02
    endloop
  endfacet
  facet normal  9.371053e-01 -3.474441e-01 -3.340998e-02
    outer loop
      vertex   9.781023e-03 -6.407282e-03 -7.498555e-02
      vertex   1.087494e-02 -3.455656e-03 -7.499792e-02
      vertex   1.017267e-02 -6.888120e-03 -5.900000e-02
    endloop
  endfacet
  facet normal  8.921850e-01 -4.480630e-01 -5.697033e-02
    outer loop
      vertex   1.017267e-02 -6.888120e-03 -5.900000e-02
      vertex   1.087494e-02 -3.455656e-03 -7.499792e-02
      vertex   1.182733e-02 -3.593345e-03 -5.900000e-02
    endloop
  endfacet
  facet normal -7.427707e-01 -5.648857e-02  6.671587e-01
    outer loop
      vertex  -8.288415e-03  3.142179e-02 -6.315009e-02
      vertex  -8.768913e-04  2.871248e-02 -5.512799e-02
      vertex  -7.508078e-04  3.212716e-02 -5.469849e-02
    endloop
  endfacet
  facet normal  5.406411e-01 -1.246075e-01  8.319737e-01
    outer loop
      vertex  -7.508078e-04  3.212716e-02 -5.469849e-02
      vertex  -8.768913e-04  2.871248e-02 -5.512799e-02
      vertex   8.145263e-03  3.054704e-02 -6.071608e-02
    endloop
  endfacet
  facet normal -9.218028e-01  3.577749e-01  1.492535e-01
    outer loop
      vertex  -6.140907e-03  3.468404e-02 -5.770681e-02
      vertex  -7.320033e-03  3.492619e-02 -6.556968e-02
      vertex  -8.288415e-03  3.142179e-02 -6.315009e-02
    endloop
  endfacet
  facet normal -9.266723e-01 -3.434957e-03 -3.758546e-01
    outer loop
      vertex  -8.288415e-03  3.142179e-02 -6.315009e-02
      vertex  -7.320033e-03  3.492619e-02 -6.556968e-02
      vertex  -5.728042e-03  3.110271e-02 -6.945980e-02
    endloop
  endfacet
  facet normal  5.631612e-01  2.505522e-02  8.259671e-01
    outer loop
      vertex   8.132107e-03  3.425696e-02 -6.081965e-02
      vertex  -7.508078e-04  3.212716e-02 -5.469849e-02
      vertex   8.145263e-03  3.054704e-02 -6.071608e-02
    endloop
  endfacet
  facet normal  5.693269e-01 -5.008541e-01  6.519295e-01
    outer loop
      vertex   8.132107e-03  3.425696e-02 -6.081965e-02
      vertex   3.299731e-03  3.570886e-02 -5.548411e-02
      vertex  -7.508078e-04  3.212716e-02 -5.469849e-02
    endloop
  endfacet
  facet normal -2.503276e-01  4.688871e-01  8.470425e-01
    outer loop
      vertex  -7.508078e-04  3.212716e-02 -5.469849e-02
      vertex   3.299731e-03  3.570886e-02 -5.548411e-02
      vertex  -6.140907e-03  3.468404e-02 -5.770681e-02
    endloop
  endfacet
  facet normal -6.506097e-01 -6.963588e-02 -7.562128e-01
    outer loop
      vertex  -2.994717e-03  3.745361e-02 -6.952371e-02
      vertex  -5.601000e-04  3.455139e-02 -7.135109e-02
      vertex  -7.320033e-03  3.492619e-02 -6.556968e-02
    endloop
  endfacet
  facet normal -5.933190e-01  7.969229e-01  1.135184e-01
    outer loop
      vertex  -7.320033e-03  3.492619e-02 -6.556968e-02
      vertex  -6.140907e-03  3.468404e-02 -5.770681e-02
      vertex  -1.343127e-03  3.797631e-02 -5.574301e-02
    endloop
  endfacet
  facet normal -1.906001e-01 -2.829454e-01  9.400072e-01
    outer loop
      vertex  -6.140907e-03  3.468404e-02 -5.770681e-02
      vertex   3.299731e-03  3.570886e-02 -5.548411e-02
      vertex  -1.343127e-03  3.797631e-02 -5.574301e-02
    endloop
  endfacet
  facet normal  7.447194e-01  3.134270e-01  5.891998e-01
    outer loop
      vertex   3.299731e-03  3.570886e-02 -5.548411e-02
      vertex   8.132107e-03  3.425696e-02 -6.081965e-02
      vertex   6.812855e-03  3.793260e-02 -6.110745e-02
    endloop
  endfacet
  facet normal  9.015733e-01  2.991174e-01 -3.125611e-01
    outer loop
      vertex   8.132107e-03  3.425696e-02 -6.081965e-02
      vertex   4.402431e-03  3.739522e-02 -6.857450e-02
      vertex   6.812855e-03  3.793260e-02 -6.110745e-02
    endloop
  endfacet
  facet normal  8.960912e-01 -9.210862e-03 -4.437744e-01
    outer loop
      vertex   8.132107e-03  3.425696e-02 -6.081965e-02
      vertex   8.145263e-03  3.054704e-02 -6.071608e-02
      vertex   3.457135e-03  3.127570e-02 -7.019771e-02
    endloop
  endfacet
  facet normal -5.897815e-01 -5.686009e-01  5.734552e-01
    outer loop
      vertex  -8.288415e-03  3.142179e-02 -6.315009e-02
      vertex  -7.508078e-04  3.212716e-02 -5.469849e-02
      vertex  -6.140907e-03  3.468404e-02 -5.770681e-02
    endloop
  endfacet
  facet normal  6.285131e-01  5.939902e-01 -5.021423e-01
    outer loop
      vertex   8.132107e-03  3.425696e-02 -6.081965e-02
      vertex   3.457135e-03  3.127570e-02 -7.019771e-02
      vertex  -5.601000e-04  3.455139e-02 -7.135109e-02
    endloop
  endfacet
  facet normal -6.578708e-02 -4.022135e-01 -9.131793e-01
    outer loop
      vertex   3.457135e-03  3.127570e-02 -7.019771e-02
      vertex  -5.728042e-03  3.110271e-02 -6.945980e-02
      vertex  -5.601000e-04  3.455139e-02 -7.135109e-02
    endloop
  endfacet
  facet normal -5.606924e-01  4.641783e-01 -6.856840e-01
    outer loop
      vertex  -5.728042e-03  3.110271e-02 -6.945980e-02
      vertex  -7.320033e-03  3.492619e-02 -6.556968e-02
      vertex  -5.601000e-04  3.455139e-02 -7.135109e-02
    endloop
  endfacet
  facet normal  6.250176e-01 -5.714028e-01 -5.318381e-01
    outer loop
      vertex   8.132107e-03  3.425696e-02 -6.081965e-02
      vertex  -5.601000e-04  3.455139e-02 -7.135109e-02
      vertex   4.402431e-03  3.739522e-02 -6.857450e-02
    endloop
  endfacet
  facet normal  1.071245e-01  5.925575e-01 -7.983733e-01
    outer loop
      vertex   4.402431e-03  3.739522e-02 -6.857450e-02
      vertex  -5.601000e-04  3.455139e-02 -7.135109e-02
      vertex  -2.994717e-03  3.745361e-02 -6.952371e-02
    endloop
  endfacet
  facet normal -6.323323e-01 -1.161370e-01 -7.659426e-01
    outer loop
      vertex  -2.994717e-03  3.745361e-02 -6.952371e-02
      vertex  -7.320033e-03  3.492619e-02 -6.556968e-02
      vertex  -8.299762e-03  3.782899e-02 -6.520098e-02
    endloop
  endfacet
  facet normal -7.586680e-01 -3.275841e-01  5.631266e-01
    outer loop
      vertex  -7.320033e-03  3.492619e-02 -6.556968e-02
      vertex  -1.343127e-03  3.797631e-02 -5.574301e-02
      vertex  -8.299762e-03  3.782899e-02 -6.520098e-02
    endloop
  endfacet
  facet normal  3.496090e-01  7.758356e-01  5.252168e-01
    outer loop
      vertex   3.299731e-03  3.570886e-02 -5.548411e-02
      vertex   6.812855e-03  3.793260e-02 -6.110745e-02
      vertex  -1.343127e-03  3.797631e-02 -5.574301e-02
    endloop
  endfacet
  facet normal -1.018188e-01  2.000827e-02  9.946017e-01
    outer loop
      vertex  -7.478592e-03  2.200308e-02 -5.566884e-02
      vertex   4.815408e-03  2.215424e-02 -5.441333e-02
      vertex  -8.768913e-04  2.871248e-02 -5.512799e-02
    endloop
  endfacet
  facet normal -7.449801e-02 -2.573726e-01 -9.634362e-01
    outer loop
      vertex   5.496101e-03  2.179371e-02 -7.129709e-02
      vertex  -7.242593e-03  2.166951e-02 -7.027889e-02
      vertex  -1.800829e-03  2.575927e-02 -7.179222e-02
    endloop
  endfacet
  facet normal  9.483347e-01 -5.795118e-02  3.119342e-01
    outer loop
      vertex   7.099524e-03  2.626435e-02 -5.833249e-02
      vertex   9.200850e-03  2.602484e-02 -6.476539e-02
      vertex   8.145263e-03  3.054704e-02 -6.071608e-02
    endloop
  endfacet
  facet normal  5.276569e-01  6.316996e-01 -5.679206e-01
    outer loop
      vertex   9.200850e-03  2.602484e-02 -6.476539e-02
      vertex   9.451979e-04  2.771460e-02 -7.055622e-02
      vertex   8.145263e-03  3.054704e-02 -6.071608e-02
    endloop
  endfacet
  facet normal -9.236569e-01  6.307415e-02 -3.779942e-01
    outer loop
      vertex  -5.728042e-03  3.110271e-02 -6.945980e-02
      vertex  -6.990433e-03  2.659735e-02 -6.712684e-02
      vertex  -8.288415e-03  3.142179e-02 -6.315009e-02
    endloop
  endfacet
  facet normal -9.774001e-01 -1.188635e-01 -1.748158e-01
    outer loop
      vertex  -6.990433e-03  2.659735e-02 -6.712684e-02
      vertex  -8.315375e-03  2.602227e-02 -5.932803e-02
      vertex  -8.288415e-03  3.142179e-02 -6.315009e-02
    endloop
  endfacet
  facet normal -5.564596e-01  4.818916e-01  6.768554e-01
    outer loop
      vertex  -8.315375e-03  2.602227e-02 -5.932803e-02
      vertex  -8.768913e-04  2.871248e-02 -5.512799e-02
      vertex  -8.288415e-03  3.142179e-02 -6.315009e-02
    endloop
  endfacet
  facet normal  4.399783e-01  3.522987e-01  8.260174e-01
    outer loop
      vertex  -8.768913e-04  2.871248e-02 -5.512799e-02
      vertex   7.099524e-03  2.626435e-02 -5.833249e-02
      vertex   8.145263e-03  3.054704e-02 -6.071608e-02
    endloop
  endfacet
endsolid vcg
