solid STL generated by MeshLab
  facet normal  3.464276e-01 -7.987759e-01  4.918792e-01
    outer loop
      vertex  -4.566126e-03  4.788253e-02  1.226568e-02
      vertex  -1.048867e-04  4.481467e-02  4.141684e-03
      vertex   8.734761e-03  4.762338e-02  2.477114e-03
    endloop
  endfacet
  facet normal  1.612350e-02  9.382908e-01 -3.454714e-01
    outer loop
      vertex  -4.566126e-03  4.788253e-02  1.226568e-02
      vertex   4.002110e-03  4.743752e-02  1.145693e-02
      vertex  -1.048867e-04  4.481467e-02  4.141684e-03
    endloop
  endfacet
  facet normal -2.993262e-01  9.501702e-01 -8.706583e-02
    outer loop
      vertex   1.521352e-02  4.899042e-02 -4.877554e-03
      vertex   6.918223e-03  4.602331e-02 -8.739680e-03
      vertex   8.734761e-03  4.762338e-02  2.477114e-03
    endloop
  endfacet
  facet normal -4.795346e-02  9.697048e-01  2.395267e-01
    outer loop
      vertex   5.026451e-03  4.867881e-02 -1.986898e-02
      vertex  -1.437029e-03  4.647265e-02 -1.223152e-02
      vertex   6.918223e-03  4.602331e-02 -8.739680e-03
    endloop
  endfacet
  facet normal -3.121534e-01  9.448217e-01 -9.935955e-02
    outer loop
      vertex   1.521352e-02  4.899042e-02 -4.877554e-03
      vertex   8.734761e-03  4.762338e-02  2.477114e-03
      vertex   9.938668e-03  4.918515e-02  1.354589e-02
    endloop
  endfacet
  facet normal -9.509254e-02  9.954637e-01  3.057763e-03
    outer loop
      vertex  -9.037148e-03  4.748784e-02  1.714495e-03
      vertex  -4.566126e-03  4.788253e-02  1.226568e-02
      vertex  -1.012869e-03  4.827727e-02 -5.742590e-03
    endloop
  endfacet
  facet normal  4.161009e-02  9.986804e-01  3.010141e-02
    outer loop
      vertex  -4.566126e-03  4.788253e-02  1.226568e-02
      vertex   8.734761e-03  4.762338e-02  2.477114e-03
      vertex  -1.012869e-03  4.827727e-02 -5.742590e-03
    endloop
  endfacet
  facet normal -4.357398e-01  8.559657e-01  2.783045e-01
    outer loop
      vertex   5.026451e-03  4.867881e-02 -1.986898e-02
      vertex   6.918223e-03  4.602331e-02 -8.739680e-03
      vertex   1.521352e-02  4.899042e-02 -4.877554e-03
    endloop
  endfacet
  facet normal  1.672987e-01  9.469805e-01 -2.742974e-01
    outer loop
      vertex  -1.012869e-03  4.827727e-02 -5.742590e-03
      vertex  -1.437029e-03  4.647265e-02 -1.223152e-02
      vertex  -1.385107e-02  4.879596e-02 -1.178211e-02
    endloop
  endfacet
  facet normal  1.820107e-01  8.928474e-01  4.119412e-01
    outer loop
      vertex  -1.385107e-02  4.879596e-02 -1.178211e-02
      vertex  -1.437029e-03  4.647265e-02 -1.223152e-02
      vertex   5.026451e-03  4.867881e-02 -1.986898e-02
    endloop
  endfacet
  facet normal -8.287615e-02  9.965575e-01 -2.159799e-03
    outer loop
      vertex  -9.037148e-03  4.748784e-02  1.714495e-03
      vertex  -1.359663e-02  4.713820e-02  1.534576e-02
      vertex  -4.566126e-03  4.788253e-02  1.226568e-02
    endloop
  endfacet
  facet normal -1.010119e-01  9.933012e-01 -5.611898e-02
    outer loop
      vertex   4.543959e-03  4.930957e-02  2.112640e-02
      vertex  -4.566126e-03  4.788253e-02  1.226568e-02
      vertex  -1.359663e-02  4.713820e-02  1.534576e-02
    endloop
  endfacet
  facet normal -2.214920e-01  9.596260e-01 -1.733759e-01
    outer loop
      vertex   4.002110e-03  4.743752e-02  1.145693e-02
      vertex   4.543959e-03  4.930957e-02  2.112640e-02
      vertex   9.938668e-03  4.918515e-02  1.354589e-02
    endloop
  endfacet
  facet normal -3.251953e-01  9.333396e-01 -1.520699e-01
    outer loop
      vertex  -1.048867e-04  4.481467e-02  4.141684e-03
      vertex   4.002110e-03  4.743752e-02  1.145693e-02
      vertex   8.734761e-03  4.762338e-02  2.477114e-03
    endloop
  endfacet
  facet normal  2.089396e-01  9.628293e-01 -1.711843e-01
    outer loop
      vertex  -1.012869e-03  4.827727e-02 -5.742590e-03
      vertex   8.734761e-03  4.762338e-02  2.477114e-03
      vertex   6.918223e-03  4.602331e-02 -8.739680e-03
    endloop
  endfacet
  facet normal -3.767373e-01  8.718011e-01 -3.131005e-01
    outer loop
      vertex  -9.037148e-03  4.748784e-02  1.714495e-03
      vertex  -1.012869e-03  4.827727e-02 -5.742590e-03
      vertex  -9.406206e-03  4.483210e-02 -5.236108e-03
    endloop
  endfacet
  facet normal  8.195541e-01  5.194035e-01 -2.419735e-01
    outer loop
      vertex  -1.385107e-02  4.879596e-02 -1.178211e-02
      vertex  -9.037148e-03  4.748784e-02  1.714495e-03
      vertex  -9.406206e-03  4.483210e-02 -5.236108e-03
    endloop
  endfacet
  facet normal -2.640518e-01  7.350977e-01  6.244261e-01
    outer loop
      vertex  -9.406206e-03  4.483210e-02 -5.236108e-03
      vertex  -1.012869e-03  4.827727e-02 -5.742590e-03
      vertex  -1.385107e-02  4.879596e-02 -1.178211e-02
    endloop
  endfacet
  facet normal -1.700361e-01  6.308395e-01  7.570530e-01
    outer loop
      vertex  -1.885172e-02 -2.885538e-03  4.879330e-02
      vertex  -1.303059e-02  8.593884e-04  4.698016e-02
      vertex  -1.985158e-02  7.323211e-04  4.555403e-02
    endloop
  endfacet
  facet normal -1.630124e-01  3.759474e-01 -9.121900e-01
    outer loop
      vertex  -3.263978e-03 -4.356559e-02  1.481638e-02
      vertex   3.890097e-04 -3.831797e-02  1.632632e-02
      vertex   6.231287e-04 -3.995880e-02  1.560823e-02
    endloop
  endfacet
  facet normal  4.955545e-01 -2.394290e-01 -8.349249e-01
    outer loop
      vertex   6.231287e-04 -3.995880e-02  1.560823e-02
      vertex   2.638398e-03 -4.315301e-02  1.772035e-02
      vertex  -4.019735e-04 -4.538454e-02  1.655572e-02
    endloop
  endfacet
  facet normal  8.888080e-01 -1.073189e-02  4.581541e-01
    outer loop
      vertex   4.423573e-04 -3.605640e-02  1.559108e-02
      vertex   4.370948e-06 -3.624848e-02  1.643626e-02
      vertex  -1.288465e-04 -3.984042e-02  1.661056e-02
    endloop
  endfacet
  facet normal -7.085745e-01  6.039514e-02  7.030466e-01
    outer loop
      vertex   4.370948e-06 -3.624848e-02  1.643626e-02
      vertex  -5.819116e-04 -3.621588e-02  1.584257e-02
      vertex  -1.288465e-04 -3.984042e-02  1.661056e-02
    endloop
  endfacet
  facet normal -7.814800e-01  3.431818e-02  6.229858e-01
    outer loop
      vertex  -1.288465e-04 -3.984042e-02  1.661056e-02
      vertex  -5.819116e-04 -3.621588e-02  1.584257e-02
      vertex  -1.221904e-03 -3.787390e-02  1.513109e-02
    endloop
  endfacet
  facet normal -2.787645e-01  4.675637e-01 -8.388531e-01
    outer loop
      vertex  -5.819116e-04 -3.621588e-02  1.584257e-02
      vertex   4.423573e-04 -3.605640e-02  1.559108e-02
      vertex  -1.221904e-03 -3.787390e-02  1.513109e-02
    endloop
  endfacet
  facet normal  2.585437e-01  7.730144e-03 -9.659686e-01
    outer loop
      vertex  -1.221904e-03 -3.787390e-02  1.513109e-02
      vertex   4.423573e-04 -3.605640e-02  1.559108e-02
      vertex   6.231287e-04 -3.995880e-02  1.560823e-02
    endloop
  endfacet
  facet normal  8.015283e-01  3.975211e-02  5.966340e-01
    outer loop
      vertex  -1.288465e-04 -3.984042e-02  1.661056e-02
      vertex   6.231287e-04 -3.995880e-02  1.560823e-02
      vertex   4.423573e-04 -3.605640e-02  1.559108e-02
    endloop
  endfacet
  facet normal -4.369170e-01 -6.440806e-02  8.971929e-01
    outer loop
      vertex  -1.288465e-04 -3.984042e-02  1.661056e-02
      vertex  -3.263978e-03 -4.356559e-02  1.481638e-02
      vertex   2.638398e-03 -4.315301e-02  1.772035e-02
    endloop
  endfacet
  facet normal  6.342852e-01  6.630512e-01  3.975494e-01
    outer loop
      vertex   2.638398e-03 -4.315301e-02  1.772035e-02
      vertex   6.231287e-04 -3.995880e-02  1.560823e-02
      vertex  -1.288465e-04 -3.984042e-02  1.661056e-02
    endloop
  endfacet
  facet normal -7.466871e-01  3.585823e-01  5.602474e-01
    outer loop
      vertex  -3.263978e-03 -4.356559e-02  1.481638e-02
      vertex  -1.288465e-04 -3.984042e-02  1.661056e-02
      vertex   3.890097e-04 -3.831797e-02  1.632632e-02
    endloop
  endfacet
  facet normal  1.655685e-01  9.472922e-01 -2.742709e-01
    outer loop
      vertex  -1.012869e-03  4.827727e-02 -5.742590e-03
      vertex   6.918223e-03  4.602331e-02 -8.739680e-03
      vertex  -1.437029e-03  4.647265e-02 -1.223152e-02
    endloop
  endfacet
  facet normal -2.451391e-01  9.633119e-01 -1.092573e-01
    outer loop
      vertex   9.938668e-03  4.918515e-02  1.354589e-02
      vertex   8.734761e-03  4.762338e-02  2.477114e-03
      vertex   4.002110e-03  4.743752e-02  1.145693e-02
    endloop
  endfacet
  facet normal -6.852283e-01 -5.738859e-01 -4.484609e-01
    outer loop
      vertex  -1.385107e-02  4.879596e-02 -1.178211e-02
      vertex  -4.482529e-03  4.584530e-02 -2.232092e-02
      vertex  -1.638021e-02  4.350797e-02 -1.150765e-03
    endloop
  endfacet
  facet normal  5.963316e-02  5.312071e-01 -8.451408e-01
    outer loop
      vertex   1.548842e-02  4.223848e-02 -2.317881e-02
      vertex  -4.482529e-03  4.584530e-02 -2.232092e-02
      vertex   5.026451e-03  4.867881e-02 -1.986898e-02
    endloop
  endfacet
  facet normal  5.092862e-01  8.584598e-01 -6.061646e-02
    outer loop
      vertex   1.467821e-02  4.368544e-02 -9.493907e-03
      vertex   1.548842e-02  4.223848e-02 -2.317881e-02
      vertex   5.026451e-03  4.867881e-02 -1.986898e-02
    endloop
  endfacet
  facet normal -1.434762e-01  9.864377e-01  7.971916e-02
    outer loop
      vertex  -9.642922e-03  4.718181e-02  2.192188e-02
      vertex   4.543959e-03  4.930957e-02  2.112640e-02
      vertex  -1.359663e-02  4.713820e-02  1.534576e-02
    endloop
  endfacet
  facet normal  6.280352e-01  6.443244e-01  4.363689e-01
    outer loop
      vertex   1.439468e-02  4.563565e-02  1.237371e-02
      vertex   9.938668e-03  4.918515e-02  1.354589e-02
      vertex   4.543959e-03  4.930957e-02  2.112640e-02
    endloop
  endfacet
  facet normal  6.412258e-01  7.469676e-01  1.756954e-01
    outer loop
      vertex   1.439468e-02  4.563565e-02  1.237371e-02
      vertex   1.521352e-02  4.899042e-02 -4.877554e-03
      vertex   9.938668e-03  4.918515e-02  1.354589e-02
    endloop
  endfacet
  facet normal  7.612948e-01  3.802251e-01 -5.252228e-01
    outer loop
      vertex   1.467821e-02  4.368544e-02 -9.493907e-03
      vertex   5.026451e-03  4.867881e-02 -1.986898e-02
      vertex   1.521352e-02  4.899042e-02 -4.877554e-03
    endloop
  endfacet
  facet normal  1.023929e-01  9.929499e-01  5.971783e-02
    outer loop
      vertex  -9.037148e-03  4.748784e-02  1.714495e-03
      vertex  -1.385107e-02  4.879596e-02 -1.178211e-02
      vertex  -1.359663e-02  4.713820e-02  1.534576e-02
    endloop
  endfacet
  facet normal  9.924071e-01 -1.207051e-01  2.363196e-02
    outer loop
      vertex   1.467821e-02  4.368544e-02 -9.493907e-03
      vertex   1.521352e-02  4.899042e-02 -4.877554e-03
      vertex   1.439468e-02  4.563565e-02  1.237371e-02
    endloop
  endfacet
  facet normal -8.693465e-01  4.927196e-01  3.826313e-02
    outer loop
      vertex  -1.385107e-02  4.879596e-02 -1.178211e-02
      vertex  -1.638021e-02  4.350797e-02 -1.150765e-03
      vertex  -1.359663e-02  4.713820e-02  1.534576e-02
    endloop
  endfacet
  facet normal -1.656072e-01  9.015868e-01 -3.996441e-01
    outer loop
      vertex  -1.385107e-02  4.879596e-02 -1.178211e-02
      vertex   5.026451e-03  4.867881e-02 -1.986898e-02
      vertex  -4.482529e-03  4.584530e-02 -2.232092e-02
    endloop
  endfacet
  facet normal -6.165445e-02 -9.502551e-01 -3.053097e-01
    outer loop
      vertex   5.619790e-03 -4.618113e-02  2.386010e-03
      vertex  -2.154564e-03 -4.877227e-02  1.202072e-02
      vertex  -9.736332e-03 -4.496917e-02  1.714899e-03
    endloop
  endfacet
  facet normal -3.351212e-01 -9.369370e-01 -9.921140e-02
    outer loop
      vertex  -9.736332e-03 -4.496917e-02  1.714899e-03
      vertex  -2.154564e-03 -4.877227e-02  1.202072e-02
      vertex  -5.503291e-03 -4.839348e-02  1.975499e-02
    endloop
  endfacet
  facet normal  8.519284e-01 -1.580275e-01 -4.992447e-01
    outer loop
      vertex   1.950503e-02  3.309533e-04  2.705126e-02
      vertex   2.035246e-02 -2.484818e-03  2.938863e-02
      vertex   1.717664e-02 -1.038427e-02  2.646974e-02
    endloop
  endfacet
  facet normal  9.628584e-01  2.365771e-01 -1.301344e-01
    outer loop
      vertex   1.988400e-02  3.570266e-03  3.574416e-02
      vertex   1.950503e-02  3.309533e-04  2.705126e-02
      vertex   1.695874e-02  1.037808e-02  2.647651e-02
    endloop
  endfacet
  facet normal  6.091769e-01  7.916027e-01 -4.763109e-02
    outer loop
      vertex   4.947145e-03  1.969720e-02  2.773316e-02
      vertex   1.603193e-02  1.231193e-02  4.676269e-02
      vertex   1.695874e-02  1.037808e-02  2.647651e-02
    endloop
  endfacet
  facet normal  9.168612e-01  3.991876e-01  3.834372e-03
    outer loop
      vertex   1.695874e-02  1.037808e-02  2.647651e-02
      vertex   1.603193e-02  1.231193e-02  4.676269e-02
      vertex   1.988400e-02  3.570266e-03  3.574416e-02
    endloop
  endfacet
  facet normal  2.221846e-01 -9.736247e-01 -5.185509e-02
    outer loop
      vertex   7.396286e-03 -1.823744e-02  2.683478e-02
      vertex   3.122162e-03 -1.976945e-02  3.728624e-02
      vertex   5.462838e-04 -1.978516e-02  2.654427e-02
    endloop
  endfacet
  facet normal -2.616375e-01 -9.553367e-01 -1.373960e-01
    outer loop
      vertex   5.462838e-04 -1.978516e-02  2.654427e-02
      vertex  -3.780154e-03 -1.978617e-02  3.478995e-02
      vertex  -1.237309e-02 -1.623591e-02  2.646759e-02
    endloop
  endfacet
  facet normal -1.209459e-01  8.375036e-02  9.891198e-01
    outer loop
      vertex   6.709212e-03 -1.694904e-02  4.115734e-02
      vertex   1.163276e-02 -1.634138e-02  4.170793e-02
      vertex   1.601306e-02 -9.040008e-03  4.162531e-02
    endloop
  endfacet
  facet normal -2.108736e-01 -9.775099e-01  2.618285e-03
    outer loop
      vertex   2.605931e-03 -1.955527e-02 -6.388834e-03
      vertex  -1.237309e-02 -1.623591e-02  2.646759e-02
      vertex  -1.203519e-02 -1.641154e-02 -1.188819e-02
    endloop
  endfacet
  facet normal -7.664007e-01 -6.423515e-01 -3.810467e-03
    outer loop
      vertex  -1.203519e-02 -1.641154e-02 -1.188819e-02
      vertex  -1.237309e-02 -1.623591e-02  2.646759e-02
      vertex  -1.696195e-02 -1.055595e-02 -8.076234e-03
    endloop
  endfacet
  facet normal -8.964888e-01 -4.406044e-01  4.664339e-02
    outer loop
      vertex  -1.237309e-02 -1.623591e-02  2.646759e-02
      vertex  -2.012450e-02 -5.107274e-04  2.602877e-02
      vertex  -1.696195e-02 -1.055595e-02 -8.076234e-03
    endloop
  endfacet
  facet normal -9.938333e-01 -8.918471e-02 -6.588987e-02
    outer loop
      vertex  -1.696195e-02 -1.055595e-02 -8.076234e-03
      vertex  -2.012450e-02 -5.107274e-04  2.602877e-02
      vertex  -1.873081e-02  7.911417e-03 -6.392315e-03
    endloop
  endfacet
  facet normal -9.918978e-01  1.266648e-01 -9.734654e-03
    outer loop
      vertex  -2.012450e-02 -5.107274e-04  2.602877e-02
      vertex  -1.957880e-02  4.228928e-03  3.209592e-02
      vertex  -1.873081e-02  7.911417e-03 -6.392315e-03
    endloop
  endfacet
  facet normal -8.509386e-01  5.243248e-01  3.141841e-02
    outer loop
      vertex  -1.957880e-02  4.228928e-03  3.209592e-02
      vertex  -1.256331e-02  1.595005e-02  2.649638e-02
      vertex  -1.873081e-02  7.911417e-03 -6.392315e-03
    endloop
  endfacet
  facet normal -5.908460e-01  8.022635e-01 -8.528949e-02
    outer loop
      vertex  -1.873081e-02  7.911417e-03 -6.392315e-03
      vertex  -1.256331e-02  1.595005e-02  2.649638e-02
      vertex  -2.026362e-03  2.021541e-02 -6.377256e-03
    endloop
  endfacet
  facet normal -2.128387e-01  9.753447e-01  5.833004e-02
    outer loop
      vertex  -1.256331e-02  1.595005e-02  2.649638e-02
      vertex   4.947145e-03  1.969720e-02  2.773316e-02
      vertex  -2.026362e-03  2.021541e-02 -6.377256e-03
    endloop
  endfacet
  facet normal  3.392971e-01  9.390641e-01 -5.509934e-02
    outer loop
      vertex  -2.026362e-03  2.021541e-02 -6.377256e-03
      vertex   4.947145e-03  1.969720e-02  2.773316e-02
      vertex   1.353582e-02  1.445049e-02 -8.798821e-03
    endloop
  endfacet
  facet normal  6.147315e-01  7.881138e-01  3.133472e-02
    outer loop
      vertex   4.947145e-03  1.969720e-02  2.773316e-02
      vertex   1.695874e-02  1.037808e-02  2.647651e-02
      vertex   1.353582e-02  1.445049e-02 -8.798821e-03
    endloop
  endfacet
  facet normal  8.607523e-01  5.084182e-01 -2.482766e-02
    outer loop
      vertex   1.353582e-02  1.445049e-02 -8.798821e-03
      vertex   1.695874e-02  1.037808e-02  2.647651e-02
      vertex   1.939991e-02  4.640399e-03 -6.385924e-03
    endloop
  endfacet
  facet normal  9.685583e-01  2.471137e-01  2.880359e-02
    outer loop
      vertex   1.695874e-02  1.037808e-02  2.647651e-02
      vertex   1.950503e-02  3.309533e-04  2.705126e-02
      vertex   1.939991e-02  4.640399e-03 -6.385924e-03
    endloop
  endfacet
  facet normal  9.770881e-01 -2.106783e-01 -3.022430e-02
    outer loop
      vertex   1.950503e-02  3.309533e-04  2.705126e-02
      vertex   1.717664e-02 -1.038427e-02  2.646974e-02
      vertex   1.939991e-02  4.640399e-03 -6.385924e-03
    endloop
  endfacet
  facet normal  9.952696e-01 -9.405404e-02  2.433748e-02
    outer loop
      vertex   1.939991e-02  4.640399e-03 -6.385924e-03
      vertex   1.717664e-02 -1.038427e-02  2.646974e-02
      vertex   1.825438e-02 -7.476829e-03 -6.368033e-03
    endloop
  endfacet
  facet normal  8.458077e-01 -5.331335e-01 -1.944383e-02
    outer loop
      vertex   1.825438e-02 -7.476829e-03 -6.368033e-03
      vertex   1.717664e-02 -1.038427e-02  2.646974e-02
      vertex   1.385200e-02 -1.440427e-02 -7.927223e-03
    endloop
  endfacet
  facet normal  6.264984e-01 -7.788270e-01  3.046790e-02
    outer loop
      vertex   1.717664e-02 -1.038427e-02  2.646974e-02
      vertex   7.396286e-03 -1.823744e-02  2.683478e-02
      vertex   1.385200e-02 -1.440427e-02 -7.927223e-03
    endloop
  endfacet
  facet normal  4.136449e-01 -9.101339e-01 -2.354056e-02
    outer loop
      vertex   1.385200e-02 -1.440427e-02 -7.927223e-03
      vertex   7.396286e-03 -1.823744e-02  2.683478e-02
      vertex   2.605931e-03 -1.955527e-02 -6.388834e-03
    endloop
  endfacet
  facet normal  2.201033e-01 -9.754518e-01  6.956168e-03
    outer loop
      vertex   7.396286e-03 -1.823744e-02  2.683478e-02
      vertex   5.462838e-04 -1.978516e-02  2.654427e-02
      vertex   2.605931e-03 -1.955527e-02 -6.388834e-03
    endloop
  endfacet
  facet normal -2.647079e-01 -9.640475e-01 -2.328447e-02
    outer loop
      vertex   5.462838e-04 -1.978516e-02  2.654427e-02
      vertex  -1.237309e-02 -1.623591e-02  2.646759e-02
      vertex   2.605931e-03 -1.955527e-02 -6.388834e-03
    endloop
  endfacet
  facet normal  3.254653e-01 -9.451457e-01  2.778310e-02
    outer loop
      vertex   1.163276e-02 -1.634138e-02  4.170793e-02
      vertex   5.897215e-03 -1.829730e-02  4.235924e-02
      vertex   7.396286e-03 -1.823744e-02  2.683478e-02
    endloop
  endfacet
  facet normal  9.573279e-01  2.581960e-01  1.298387e-01
    outer loop
      vertex   2.014939e-02 -7.181349e-04  4.231530e-02
      vertex   1.988400e-02  3.570266e-03  3.574416e-02
      vertex   1.603193e-02  1.231193e-02  4.676269e-02
    endloop
  endfacet
  facet normal  9.435830e-01 -3.302339e-01  2.442661e-02
    outer loop
      vertex   1.830039e-02 -5.376322e-03  5.076469e-02
      vertex   1.717664e-02 -1.038427e-02  2.646974e-02
      vertex   2.014939e-02 -7.181349e-04  4.231530e-02
    endloop
  endfacet
  facet normal  9.166870e-01 -3.937410e-01  6.821322e-02
    outer loop
      vertex   1.717664e-02 -1.038427e-02  2.646974e-02
      vertex   2.035246e-02 -2.484818e-03  2.938863e-02
      vertex   2.014939e-02 -7.181349e-04  4.231530e-02
    endloop
  endfacet
  facet normal  8.217749e-01 -5.644027e-01  7.833032e-02
    outer loop
      vertex   1.163276e-02 -1.634138e-02  4.170793e-02
      vertex   1.717664e-02 -1.038427e-02  2.646974e-02
      vertex   1.830039e-02 -5.376322e-03  5.076469e-02
    endloop
  endfacet
  facet normal  6.224182e-01 -7.787877e-01 -7.800875e-02
    outer loop
      vertex   7.396286e-03 -1.823744e-02  2.683478e-02
      vertex   1.717664e-02 -1.038427e-02  2.646974e-02
      vertex   1.163276e-02 -1.634138e-02  4.170793e-02
    endloop
  endfacet
  facet normal -6.685523e-01 -6.738471e-01  3.145915e-01
    outer loop
      vertex  -3.780154e-03 -1.978617e-02  3.478995e-02
      vertex  -6.971012e-05 -2.086176e-02  4.037128e-02
      vertex  -1.080120e-03 -1.908187e-02  4.203650e-02
    endloop
  endfacet
  facet normal -3.593663e-01 -9.328094e-01 -2.687979e-02
    outer loop
      vertex  -3.780154e-03 -1.978617e-02  3.478995e-02
      vertex  -6.250444e-03 -1.905078e-02  4.229591e-02
      vertex  -1.237309e-02 -1.623591e-02  2.646759e-02
    endloop
  endfacet
  facet normal -3.849172e-01 -9.228256e-01 -1.522079e-02
    outer loop
      vertex  -6.250444e-03 -1.905078e-02  4.229591e-02
      vertex  -9.866564e-03 -1.753885e-02  4.207679e-02
      vertex  -1.237309e-02 -1.623591e-02  2.646759e-02
    endloop
  endfacet
  facet normal -7.027797e-01 -7.093827e-01  5.363836e-02
    outer loop
      vertex  -9.866564e-03 -1.753885e-02  4.207679e-02
      vertex  -1.739490e-02 -9.807914e-03  4.568294e-02
      vertex  -1.237309e-02 -1.623591e-02  2.646759e-02
    endloop
  endfacet
  facet normal -8.927339e-01 -4.424356e-01 -8.530511e-02
    outer loop
      vertex  -2.012450e-02 -5.107274e-04  2.602877e-02
      vertex  -1.237309e-02 -1.623591e-02  2.646759e-02
      vertex  -1.739490e-02 -9.807914e-03  4.568294e-02
    endloop
  endfacet
  facet normal -9.325501e-01 -3.587945e-01 -4.020993e-02
    outer loop
      vertex  -2.027678e-02 -1.723322e-03  4.038049e-02
      vertex  -2.012450e-02 -5.107274e-04  2.602877e-02
      vertex  -1.739490e-02 -9.807914e-03  4.568294e-02
    endloop
  endfacet
  facet normal -9.591957e-01  2.616448e-01  1.071713e-01
    outer loop
      vertex  -1.552107e-02  1.317338e-02  4.657631e-02
      vertex  -1.957880e-02  4.228928e-03  3.209592e-02
      vertex  -2.027678e-02 -1.723322e-03  4.038049e-02
    endloop
  endfacet
  facet normal -3.860645e-01  9.197875e-01  7.032184e-02
    outer loop
      vertex  -5.412122e-03  1.780677e-02  4.147089e-02
      vertex  -1.256331e-02  1.595005e-02  2.649638e-02
      vertex  -1.552107e-02  1.317338e-02  4.657631e-02
    endloop
  endfacet
  facet normal -5.901190e-02  9.614285e-01  2.686502e-01
    outer loop
      vertex   3.804183e-03  1.948218e-02  3.749948e-02
      vertex  -3.825133e-03  2.000272e-02  3.396076e-02
      vertex  -5.412122e-03  1.780677e-02  4.147089e-02
    endloop
  endfacet
  facet normal -5.122342e-01  8.474331e-01  1.395464e-01
    outer loop
      vertex  -3.825133e-03  2.000272e-02  3.396076e-02
      vertex  -1.256331e-02  1.595005e-02  2.649638e-02
      vertex  -5.412122e-03  1.780677e-02  4.147089e-02
    endloop
  endfacet
  facet normal  5.787328e-01 -1.138203e-01  8.075353e-01
    outer loop
      vertex  -1.252885e-03  3.667642e-02  1.533199e-02
      vertex  -8.759456e-05  4.225899e-02  1.528372e-02
      vertex  -3.039391e-04  4.658971e-02  1.604917e-02
    endloop
  endfacet
  facet normal  8.678211e-02 -9.500485e-03  9.961820e-01
    outer loop
      vertex   1.334856e-03  3.657356e-02  1.510558e-02
      vertex  -8.759456e-05  4.225899e-02  1.528372e-02
      vertex  -1.252885e-03  3.667642e-02  1.533199e-02
    endloop
  endfacet
  facet normal -9.420726e-01 -2.429451e-01  2.312506e-01
    outer loop
      vertex   1.334856e-03  3.657356e-02  1.510558e-02
      vertex   1.206974e-03  3.843055e-02  1.653552e-02
      vertex  -8.759456e-05  4.225899e-02  1.528372e-02
    endloop
  endfacet
  facet normal -7.040322e-01  4.022076e-01 -5.852928e-01
    outer loop
      vertex  -3.684597e-04  3.666417e-02  1.721672e-02
      vertex   1.206974e-03  3.843055e-02  1.653552e-02
      vertex   1.334856e-03  3.657356e-02  1.510558e-02
    endloop
  endfacet
  facet normal -2.879656e-01 -1.100294e-01 -9.512988e-01
    outer loop
      vertex  -3.684597e-04  3.666417e-02  1.721672e-02
      vertex  -3.039391e-04  4.658971e-02  1.604917e-02
      vertex   1.206974e-03  3.843055e-02  1.653552e-02
    endloop
  endfacet
  facet normal  9.037311e-01 -5.580254e-02 -4.244481e-01
    outer loop
      vertex  -1.252885e-03  3.667642e-02  1.533199e-02
      vertex  -3.039391e-04  4.658971e-02  1.604917e-02
      vertex  -3.684597e-04  3.666417e-02  1.721672e-02
    endloop
  endfacet
  facet normal  1.095707e-01  1.646611e-01 -9.802454e-01
    outer loop
      vertex   3.668292e-02 -1.285426e-03  1.552413e-02
      vertex   3.622981e-02 -5.165829e-04  1.560263e-02
      vertex   4.255288e-02  1.766641e-03  1.669296e-02
    endloop
  endfacet
  facet normal -2.068188e-01  8.243739e-01 -5.269096e-01
    outer loop
      vertex   3.622981e-02 -5.165829e-04  1.560263e-02
      vertex   3.657832e-02  4.045868e-04  1.690705e-02
      vertex   4.255288e-02  1.766641e-03  1.669296e-02
    endloop
  endfacet
  facet normal  3.105455e-01  9.221219e-01  2.307656e-01
    outer loop
      vertex   3.657832e-02  4.045868e-04  1.690705e-02
      vertex   3.774647e-02  2.039885e-04  1.613664e-02
      vertex   3.660870e-02  9.491421e-04  1.469017e-02
    endloop
  endfacet
  facet normal  4.971300e-01 -5.475368e-01 -6.731011e-01
    outer loop
      vertex   3.774647e-02  2.039885e-04  1.613664e-02
      vertex   3.622981e-02 -5.165829e-04  1.560263e-02
      vertex   3.660870e-02  9.491421e-04  1.469017e-02
    endloop
  endfacet
  facet normal  6.213998e-01  2.919840e-01  7.270541e-01
    outer loop
      vertex   3.660870e-02  9.491421e-04  1.469017e-02
      vertex   3.622981e-02 -5.165829e-04  1.560263e-02
      vertex   3.668292e-02 -1.285426e-03  1.552413e-02
    endloop
  endfacet
  facet normal  2.356907e-01  2.046874e-01 -9.500279e-01
    outer loop
      vertex   4.068941e-02 -2.177172e-04  1.580311e-02
      vertex   4.255288e-02  1.766641e-03  1.669296e-02
      vertex   4.205573e-02 -2.884484e-03  1.556751e-02
    endloop
  endfacet
  facet normal -3.497814e-01  5.820632e-01 -7.340677e-01
    outer loop
      vertex   4.068941e-02 -2.177172e-04  1.580311e-02
      vertex   4.477103e-02  1.864526e-03  1.550930e-02
      vertex   4.038310e-02 -1.036838e-03  1.529956e-02
    endloop
  endfacet
  facet normal  3.861718e-01 -6.325662e-01  6.713653e-01
    outer loop
      vertex   4.477103e-02  1.864526e-03  1.550930e-02
      vertex   4.255288e-02  1.766641e-03  1.669296e-02
      vertex   4.038310e-02 -1.036838e-03  1.529956e-02
    endloop
  endfacet
  facet normal  5.372628e-02 -4.774731e-01  8.770022e-01
    outer loop
      vertex   4.038310e-02 -1.036838e-03  1.529956e-02
      vertex   4.255288e-02  1.766641e-03  1.669296e-02
      vertex   3.774647e-02  2.039885e-04  1.613664e-02
    endloop
  endfacet
  facet normal -5.913368e-02  4.541643e-01 -8.889533e-01
    outer loop
      vertex   4.255288e-02  1.766641e-03  1.669296e-02
      vertex   4.068941e-02 -2.177172e-04  1.580311e-02
      vertex   3.668292e-02 -1.285426e-03  1.552413e-02
    endloop
  endfacet
  facet normal  2.084183e-01 -9.504620e-01 -2.306161e-01
    outer loop
      vertex   3.660870e-02  9.491421e-04  1.469017e-02
      vertex   4.255288e-02  1.766641e-03  1.669296e-02
      vertex   3.657832e-02  4.045868e-04  1.690705e-02
    endloop
  endfacet
  facet normal -2.194740e-01 -4.821072e-01  8.481768e-01
    outer loop
      vertex   3.779114e-02 -4.735540e-05  1.442972e-02
      vertex   4.255288e-02  1.766641e-03  1.669296e-02
      vertex   3.660870e-02  9.491421e-04  1.469017e-02
    endloop
  endfacet
  facet normal  4.559644e-01  3.244442e-01  8.287535e-01
    outer loop
      vertex   3.668292e-02 -1.285426e-03  1.552413e-02
      vertex   3.779114e-02 -4.735540e-05  1.442972e-02
      vertex   3.660870e-02  9.491421e-04  1.469017e-02
    endloop
  endfacet
  facet normal -2.437007e-01  7.556002e-01  6.080117e-01
    outer loop
      vertex   3.668292e-02 -1.285426e-03  1.552413e-02
      vertex   4.068941e-02 -2.177172e-04  1.580311e-02
      vertex   3.779114e-02 -4.735540e-05  1.442972e-02
    endloop
  endfacet
  facet normal  9.014820e-01 -4.137596e-01  1.270164e-01
    outer loop
      vertex  -9.311446e-04 -3.667881e-02  1.681318e-02
      vertex  -5.687192e-04 -3.661088e-02  1.446220e-02
      vertex  -5.819116e-04 -3.621588e-02  1.584257e-02
    endloop
  endfacet
  facet normal  2.823497e-01 -9.013780e-01 -3.283237e-01
    outer loop
      vertex  -5.819116e-04 -3.621588e-02  1.584257e-02
      vertex   4.370948e-06 -3.624848e-02  1.643626e-02
      vertex  -9.311446e-04 -3.667881e-02  1.681318e-02
    endloop
  endfacet
  facet normal -3.662491e-01 -1.864692e-02 -9.303300e-01
    outer loop
      vertex  -9.311446e-04 -3.667881e-02  1.681318e-02
      vertex   4.370948e-06 -3.624848e-02  1.643626e-02
      vertex   3.890097e-04 -3.831797e-02  1.632632e-02
    endloop
  endfacet
  facet normal -8.667408e-01 -1.355947e-01 -4.799735e-01
    outer loop
      vertex   4.370948e-06 -3.624848e-02  1.643626e-02
      vertex   4.423573e-04 -3.605640e-02  1.559108e-02
      vertex   3.890097e-04 -3.831797e-02  1.632632e-02
    endloop
  endfacet
  facet normal -7.773644e-01  2.109950e-01  5.926092e-01
    outer loop
      vertex   3.890097e-04 -3.831797e-02  1.632632e-02
      vertex   4.423573e-04 -3.605640e-02  1.559108e-02
      vertex  -5.687192e-04 -3.661088e-02  1.446220e-02
    endloop
  endfacet
  facet normal  2.126496e-01 -9.388828e-01  2.707015e-01
    outer loop
      vertex   4.423573e-04 -3.605640e-02  1.559108e-02
      vertex  -5.819116e-04 -3.621588e-02  1.584257e-02
      vertex  -5.687192e-04 -3.661088e-02  1.446220e-02
    endloop
  endfacet
  facet normal  3.945546e-01 -2.299028e-01 -8.896468e-01
    outer loop
      vertex   6.231287e-04 -3.995880e-02  1.560823e-02
      vertex  -4.019735e-04 -4.538454e-02  1.655572e-02
      vertex  -3.263978e-03 -4.356559e-02  1.481638e-02
    endloop
  endfacet
  facet normal -9.350935e-01 -2.453455e-01  2.557455e-01
    outer loop
      vertex   3.890097e-04 -3.831797e-02  1.632632e-02
      vertex  -5.687192e-04 -3.661088e-02  1.446220e-02
      vertex   6.231287e-04 -3.995880e-02  1.560823e-02
    endloop
  endfacet
  facet normal  1.940853e-01  3.788443e-01  9.048800e-01
    outer loop
      vertex  -1.221904e-03 -3.787390e-02  1.513109e-02
      vertex   6.231287e-04 -3.995880e-02  1.560823e-02
      vertex  -5.687192e-04 -3.661088e-02  1.446220e-02
    endloop
  endfacet
  facet normal  9.069925e-01 -4.011503e-01  1.282302e-01
    outer loop
      vertex  -5.687192e-04 -3.661088e-02  1.446220e-02
      vertex  -9.311446e-04 -3.667881e-02  1.681318e-02
      vertex  -1.221904e-03 -3.787390e-02  1.513109e-02
    endloop
  endfacet
  facet normal  9.076332e-01  2.518449e-01 -3.358214e-01
    outer loop
      vertex  -9.311446e-04 -3.667881e-02  1.681318e-02
      vertex  -1.288465e-04 -3.984042e-02  1.661056e-02
      vertex  -1.221904e-03 -3.787390e-02  1.513109e-02
    endloop
  endfacet
  facet normal -3.887008e-01 -3.964571e-02 -9.205106e-01
    outer loop
      vertex   3.890097e-04 -3.831797e-02  1.632632e-02
      vertex  -1.288465e-04 -3.984042e-02  1.661056e-02
      vertex  -9.311446e-04 -3.667881e-02  1.681318e-02
    endloop
  endfacet
  facet normal  1.241770e-02 -9.931874e-01  1.158651e-01
    outer loop
      vertex   2.638398e-03 -4.315301e-02  1.772035e-02
      vertex  -3.263978e-03 -4.356559e-02  1.481638e-02
      vertex   3.241932e-03 -4.367769e-02  1.315818e-02
    endloop
  endfacet
  facet normal -3.714583e-01 -6.910167e-01 -6.200924e-01
    outer loop
      vertex  -3.848416e-02  6.675277e-04  1.562066e-02
      vertex  -3.666090e-02  6.390247e-04  1.456022e-02
      vertex  -3.622755e-02 -4.822242e-04  1.555012e-02
    endloop
  endfacet
  facet normal -6.572737e-01  3.398478e-01  6.726773e-01
    outer loop
      vertex  -3.666090e-02  6.390247e-04  1.456022e-02
      vertex  -3.668562e-02 -1.286370e-03  1.550881e-02
      vertex  -3.622755e-02 -4.822242e-04  1.555012e-02
    endloop
  endfacet
  facet normal -8.551369e-01  4.950233e-01 -1.539249e-01
    outer loop
      vertex  -3.622755e-02 -4.822242e-04  1.555012e-02
      vertex  -3.668562e-02 -1.286370e-03  1.550881e-02
      vertex  -3.624200e-02 -2.454656e-04  1.639181e-02
    endloop
  endfacet
  facet normal -3.669969e-01  6.877455e-01 -6.263540e-01
    outer loop
      vertex  -3.668562e-02 -1.286370e-03  1.550881e-02
      vertex  -3.657219e-02  4.435604e-04  1.734184e-02
      vertex  -3.624200e-02 -2.454656e-04  1.639181e-02
    endloop
  endfacet
  facet normal -4.614042e-01 -7.866728e-01  4.101854e-01
    outer loop
      vertex  -3.624200e-02 -2.454656e-04  1.639181e-02
      vertex  -3.657219e-02  4.435604e-04  1.734184e-02
      vertex  -3.848416e-02  6.675277e-04  1.562066e-02
    endloop
  endfacet
  facet normal  5.525998e-02  9.961376e-01  6.823629e-02
    outer loop
      vertex  -3.657219e-02  4.435604e-04  1.734184e-02
      vertex  -3.666090e-02  6.390247e-04  1.456022e-02
      vertex  -3.848416e-02  6.675277e-04  1.562066e-02
    endloop
  endfacet
  facet normal  8.718735e-02 -9.700605e-01 -2.266737e-01
    outer loop
      vertex  -4.035719e-02  2.280240e-05  1.577564e-02
      vertex  -3.666090e-02  6.390247e-04  1.456022e-02
      vertex  -3.775467e-02 -8.904110e-05  1.725531e-02
    endloop
  endfacet
  facet normal  4.141352e-01 -9.069577e-01 -7.693978e-02
    outer loop
      vertex  -3.666090e-02  6.390247e-04  1.456022e-02
      vertex  -3.657219e-02  4.435604e-04  1.734184e-02
      vertex  -3.775467e-02 -8.904110e-05  1.725531e-02
    endloop
  endfacet
  facet normal -2.713428e-01  7.083031e-01 -6.516746e-01
    outer loop
      vertex  -3.668562e-02 -1.286370e-03  1.550881e-02
      vertex  -3.775467e-02 -8.904110e-05  1.725531e-02
      vertex  -3.657219e-02  4.435604e-04  1.734184e-02
    endloop
  endfacet
  facet normal  3.178962e-01  8.614671e-01 -3.960006e-01
    outer loop
      vertex  -3.668562e-02 -1.286370e-03  1.550881e-02
      vertex  -3.918685e-02 -4.432692e-04  1.533500e-02
      vertex  -3.775467e-02 -8.904110e-05  1.725531e-02
    endloop
  endfacet
  facet normal  3.233267e-01 -7.959267e-02  9.429342e-01
    outer loop
      vertex  -4.035719e-02  2.280240e-05  1.577564e-02
      vertex  -3.918685e-02 -4.432692e-04  1.533500e-02
      vertex  -3.666090e-02  6.390247e-04  1.456022e-02
    endloop
  endfacet
  facet normal  8.598309e-02  4.394221e-01  8.941561e-01
    outer loop
      vertex  -3.666090e-02  6.390247e-04  1.456022e-02
      vertex  -3.918685e-02 -4.432692e-04  1.533500e-02
      vertex  -3.668562e-02 -1.286370e-03  1.550881e-02
    endloop
  endfacet
  facet normal -8.664607e-02 -9.880583e-01 -1.274095e-01
    outer loop
      vertex   5.897215e-03 -1.829730e-02  4.235924e-02
      vertex   6.426762e-03 -1.879030e-02  4.582235e-02
      vertex   2.962154e-03 -1.798800e-02  4.195665e-02
    endloop
  endfacet
  facet normal  5.117125e-01  8.084345e-01 -2.908331e-01
    outer loop
      vertex   6.426762e-03 -1.879030e-02  4.582235e-02
      vertex   3.122162e-03 -1.976945e-02  3.728624e-02
      vertex   2.962154e-03 -1.798800e-02  4.195665e-02
    endloop
  endfacet
  facet normal  7.990642e-01 -5.742126e-01 -1.782587e-01
    outer loop
      vertex   1.019194e-02 -1.465654e-02  4.938434e-02
      vertex   6.426762e-03 -1.879030e-02  4.582235e-02
      vertex   6.709212e-03 -1.694904e-02  4.115734e-02
    endloop
  endfacet
  facet normal -1.534954e-01  9.222837e-01  3.547280e-01
    outer loop
      vertex   6.426762e-03 -1.879030e-02  4.582235e-02
      vertex   1.163276e-02 -1.634138e-02  4.170793e-02
      vertex   6.709212e-03 -1.694904e-02  4.115734e-02
    endloop
  endfacet
  facet normal  7.851020e-01  5.797345e-01 -2.179973e-01
    outer loop
      vertex  -6.250444e-03 -1.905078e-02  4.229591e-02
      vertex  -7.476511e-03 -1.671838e-02  4.408302e-02
      vertex  -5.077566e-03 -1.909214e-02  4.640993e-02
    endloop
  endfacet
  facet normal  5.604994e-01 -2.170000e-01 -7.992193e-01
    outer loop
      vertex  -7.476511e-03 -1.671838e-02  4.408302e-02
      vertex  -1.036829e-03 -1.567771e-02  4.831666e-02
      vertex  -5.077566e-03 -1.909214e-02  4.640993e-02
    endloop
  endfacet
  facet normal -1.389838e-01 -9.393625e-01  3.134989e-01
    outer loop
      vertex  -6.217543e-03 -1.722875e-02  4.137236e-02
      vertex  -3.780154e-03 -1.978617e-02  3.478995e-02
      vertex  -1.036829e-03 -1.567771e-02  4.831666e-02
    endloop
  endfacet
  facet normal -6.089769e-01  7.848262e-01 -1.148694e-01
    outer loop
      vertex  -3.780154e-03 -1.978617e-02  3.478995e-02
      vertex  -5.077566e-03 -1.909214e-02  4.640993e-02
      vertex  -1.036829e-03 -1.567771e-02  4.831666e-02
    endloop
  endfacet
  facet normal  9.046980e-01  1.795162e-01  3.863877e-01
    outer loop
      vertex  -7.476511e-03 -1.671838e-02  4.408302e-02
      vertex  -6.250444e-03 -1.905078e-02  4.229591e-02
      vertex  -6.217543e-03 -1.722875e-02  4.137236e-02
    endloop
  endfacet
  facet normal  7.929062e-01  6.091328e-01  1.602781e-02
    outer loop
      vertex  -1.050650e-02 -1.677893e-02  4.485418e-02
      vertex  -9.866564e-03 -1.753885e-02  4.207679e-02
      vertex  -1.810662e-02 -6.791908e-03  4.128295e-02
    endloop
  endfacet
  facet normal -1.282258e-01  9.620916e-01 -2.407029e-01
    outer loop
      vertex  -6.217543e-03 -1.722875e-02  4.137236e-02
      vertex  -9.866564e-03 -1.753885e-02  4.207679e-02
      vertex  -7.476511e-03 -1.671838e-02  4.408302e-02
    endloop
  endfacet
  facet normal -1.012296e-01  9.572721e-01 -2.708926e-01
    outer loop
      vertex  -9.866564e-03 -1.753885e-02  4.207679e-02
      vertex  -1.119659e-02 -1.615113e-02  4.747770e-02
      vertex  -7.476511e-03 -1.671838e-02  4.408302e-02
    endloop
  endfacet
  facet normal -2.093793e-01 -4.666188e-01 -8.593178e-01
    outer loop
      vertex  -1.810662e-02 -6.791908e-03  4.128295e-02
      vertex  -7.476511e-03 -1.671838e-02  4.408302e-02
      vertex  -1.050650e-02 -1.677893e-02  4.485418e-02
    endloop
  endfacet
  facet normal  8.356711e-02 -9.639418e-01  2.526515e-01
    outer loop
      vertex  -1.050650e-02 -1.677893e-02  4.485418e-02
      vertex  -7.476511e-03 -1.671838e-02  4.408302e-02
      vertex  -1.119659e-02 -1.615113e-02  4.747770e-02
    endloop
  endfacet
  facet normal  2.100246e-01 -9.695835e-01 -1.256884e-01
    outer loop
      vertex   7.911687e-03  1.464493e-02  5.384091e-02
      vertex   1.013301e-04  1.377376e-02  4.751018e-02
      vertex   4.173333e-03  1.547792e-02  4.116828e-02
    endloop
  endfacet
  facet normal -3.429816e-01 -8.951682e-01 -2.846707e-01
    outer loop
      vertex   1.013301e-04  1.377376e-02  4.751018e-02
      vertex  -7.343868e-03  1.494423e-02  5.279979e-02
      vertex  -5.412122e-03  1.780677e-02  4.147089e-02
    endloop
  endfacet
  facet normal -6.267480e-01  7.588595e-01 -1.769724e-01
    outer loop
      vertex   2.962154e-03 -1.798800e-02  4.195665e-02
      vertex  -6.971012e-05 -2.086176e-02  4.037128e-02
      vertex   8.605731e-05 -1.841598e-02  5.030717e-02
    endloop
  endfacet
  facet normal  9.412723e-01  1.769507e-01 -2.875672e-01
    outer loop
      vertex  -1.036829e-03 -1.567771e-02  4.831666e-02
      vertex   2.280280e-03 -8.424108e-03  6.363771e-02
      vertex   8.605731e-05 -1.841598e-02  5.030717e-02
    endloop
  endfacet
  facet normal -8.937166e-01 -1.571701e-01 -4.202000e-01
    outer loop
      vertex  -1.015498e-03  1.985081e-02  4.761250e-02
      vertex   3.804183e-03  1.948218e-02  3.749948e-02
      vertex   1.013301e-04  1.377376e-02  4.751018e-02
    endloop
  endfacet
  facet normal -6.204669e-01 -5.601155e-01 -5.489002e-01
    outer loop
      vertex   1.013301e-04  1.377376e-02  4.751018e-02
      vertex   3.804183e-03  1.948218e-02  3.749948e-02
      vertex   4.173333e-03  1.547792e-02  4.116828e-02
    endloop
  endfacet
  facet normal  7.786412e-01  1.533419e-01 -6.084441e-01
    outer loop
      vertex   1.013301e-04  1.377376e-02  4.751018e-02
      vertex  -5.412122e-03  1.780677e-02  4.147089e-02
      vertex  -1.015498e-03  1.985081e-02  4.761250e-02
    endloop
  endfacet
  facet normal -5.530498e-01  7.570373e-01 -3.478943e-01
    outer loop
      vertex   1.059137e-04  3.598463e-02  1.577769e-02
      vertex   1.222462e-05  3.601731e-02  1.599774e-02
      vertex   1.334856e-03  3.657356e-02  1.510558e-02
    endloop
  endfacet
  facet normal -6.029012e-01  6.112922e-01 -5.126713e-01
    outer loop
      vertex   1.334856e-03  3.657356e-02  1.510558e-02
      vertex   1.222462e-05  3.601731e-02  1.599774e-02
      vertex  -3.684597e-04  3.666417e-02  1.721672e-02
    endloop
  endfacet
  facet normal  9.155710e-01  3.948305e-01  7.641081e-02
    outer loop
      vertex   1.222462e-05  3.601731e-02  1.599774e-02
      vertex  -3.069632e-03  4.335827e-02  1.499296e-02
      vertex  -3.684597e-04  3.666417e-02  1.721672e-02
    endloop
  endfacet
  facet normal -8.837870e-01 -2.193245e-01  4.133004e-01
    outer loop
      vertex  -3.684597e-04  3.666417e-02  1.721672e-02
      vertex  -3.069632e-03  4.335827e-02  1.499296e-02
      vertex  -1.252885e-03  3.667642e-02  1.533199e-02
    endloop
  endfacet
  facet normal -8.986776e-02 -7.482656e-02 -9.931388e-01
    outer loop
      vertex  -1.252885e-03  3.667642e-02  1.533199e-02
      vertex  -3.069632e-03  4.335827e-02  1.499296e-02
      vertex   1.334856e-03  3.657356e-02  1.510558e-02
    endloop
  endfacet
  facet normal  3.677681e-01  2.535990e-01  8.946699e-01
    outer loop
      vertex  -3.069632e-03  4.335827e-02  1.499296e-02
      vertex   1.059137e-04  3.598463e-02  1.577769e-02
      vertex   1.334856e-03  3.657356e-02  1.510558e-02
    endloop
  endfacet
  facet normal  1.359357e-01  9.893783e-01 -5.149871e-02
    outer loop
      vertex   3.774647e-02  2.039885e-04  1.613664e-02
      vertex   3.657832e-02  4.045868e-04  1.690705e-02
      vertex   4.068941e-02 -2.177172e-04  1.580311e-02
    endloop
  endfacet
  facet normal  2.927922e-02 -8.201673e-01  5.713741e-01
    outer loop
      vertex   3.657832e-02  4.045868e-04  1.690705e-02
      vertex   3.622981e-02 -5.165829e-04  1.560263e-02
      vertex   4.068941e-02 -2.177172e-04  1.580311e-02
    endloop
  endfacet
  facet normal  7.673233e-02 -9.567501e-01 -2.806090e-01
    outer loop
      vertex   4.068941e-02 -2.177172e-04  1.580311e-02
      vertex   3.622981e-02 -5.165829e-04  1.560263e-02
      vertex   3.779114e-02 -4.735540e-05  1.442972e-02
    endloop
  endfacet
  facet normal -3.827051e-01  9.125182e-01 -1.443862e-01
    outer loop
      vertex   3.622981e-02 -5.165829e-04  1.560263e-02
      vertex   3.774647e-02  2.039885e-04  1.613664e-02
      vertex   3.779114e-02 -4.735540e-05  1.442972e-02
    endloop
  endfacet
  facet normal -2.904245e-01  9.455646e-01 -1.468369e-01
    outer loop
      vertex   3.774647e-02  2.039885e-04  1.613664e-02
      vertex   4.255288e-02  1.766641e-03  1.669296e-02
      vertex   3.779114e-02 -4.735540e-05  1.442972e-02
    endloop
  endfacet
  facet normal  3.186310e-01 -8.819529e-01  3.473230e-01
    outer loop
      vertex   3.122162e-03 -1.976945e-02  3.728624e-02
      vertex   6.709212e-03 -1.694904e-02  4.115734e-02
      vertex   2.962154e-03 -1.798800e-02  4.195665e-02
    endloop
  endfacet
  facet normal -5.681623e-01  8.218110e-01 -4.264162e-02
    outer loop
      vertex   1.222880e-02  2.880076e-03  5.856212e-02
      vertex   1.878335e-02  6.534351e-03  4.165552e-02
      vertex   1.076974e-02  9.679856e-04  4.115202e-02
    endloop
  endfacet
  facet normal -9.626900e-01 -2.481505e-01  1.079321e-01
    outer loop
      vertex   1.076974e-02  9.679856e-04  4.115202e-02
      vertex   1.154256e-02 -1.387867e-03  4.262869e-02
      vertex   1.222880e-02  2.880076e-03  5.856212e-02
    endloop
  endfacet
  facet normal -8.434317e-01 -4.553660e-01 -2.850698e-01
    outer loop
      vertex   1.076974e-02  9.679856e-04  4.115202e-02
      vertex   1.601306e-02 -9.040008e-03  4.162531e-02
      vertex   1.154256e-02 -1.387867e-03  4.262869e-02
    endloop
  endfacet
  facet normal  1.148878e-02 -9.993526e-01  3.409245e-02
    outer loop
      vertex  -1.303059e-02  8.593884e-04  4.698016e-02
      vertex  -1.218193e-02  1.343944e-03  6.089797e-02
      vertex  -1.985158e-02  7.323211e-04  4.555403e-02
    endloop
  endfacet
  facet normal -5.402341e-01  8.415068e-01  3.644237e-03
    outer loop
      vertex  -1.885172e-02 -2.885538e-03  4.879330e-02
      vertex  -1.218193e-02  1.343944e-03  6.089797e-02
      vertex  -1.303059e-02  8.593884e-04  4.698016e-02
    endloop
  endfacet
  facet normal  6.683965e-01 -7.428035e-01 -3.858860e-02
    outer loop
      vertex  -1.096668e-02 -1.354302e-03  6.028431e-02
      vertex  -1.810662e-02 -6.791908e-03  4.128295e-02
      vertex  -1.085162e-02 -2.640898e-04  4.129154e-02
    endloop
  endfacet
  facet normal  6.454235e-01  7.623360e-01  4.766941e-02
    outer loop
      vertex  -1.895257e-02  6.497029e-03  4.285028e-02
      vertex  -1.096668e-02 -1.354302e-03  6.028431e-02
      vertex  -1.085162e-02 -2.640898e-04  4.129154e-02
    endloop
  endfacet
  facet normal -5.219516e-01 -8.472944e-01  9.827880e-02
    outer loop
      vertex   7.911687e-03  1.464493e-02  5.384091e-02
      vertex   4.173333e-03  1.547792e-02  4.116828e-02
      vertex   1.878335e-02  6.534351e-03  4.165552e-02
    endloop
  endfacet
  facet normal -5.714701e-01  5.867113e-01 -5.737523e-01
    outer loop
      vertex   1.019194e-02 -1.465654e-02  4.938434e-02
      vertex   2.280280e-03 -8.424108e-03  6.363771e-02
      vertex   1.441759e-02 -4.587549e-03  5.547190e-02
    endloop
  endfacet
  facet normal  7.431695e-01 -3.486792e-01 -5.710709e-01
    outer loop
      vertex  -7.343868e-03  1.494423e-02  5.279979e-02
      vertex  -2.572411e-03  5.297924e-03  6.489893e-02
      vertex  -1.895257e-02  6.497029e-03  4.285028e-02
    endloop
  endfacet
  facet normal  9.318030e-02  9.921883e-01  8.294499e-02
    outer loop
      vertex   5.897215e-03 -1.829730e-02  4.235924e-02
      vertex   2.962154e-03 -1.798800e-02  4.195665e-02
      vertex   8.605731e-05 -1.841598e-02  5.030717e-02
    endloop
  endfacet
  facet normal  3.508505e-01  9.281588e-01 -1.241984e-01
    outer loop
      vertex  -1.080120e-03 -1.908187e-02  4.203650e-02
      vertex  -6.217543e-03 -1.722875e-02  4.137236e-02
      vertex   8.605731e-05 -1.841598e-02  5.030717e-02
    endloop
  endfacet
  facet normal  8.078591e-01 -9.190695e-02 -5.821657e-01
    outer loop
      vertex  -6.217543e-03 -1.722875e-02  4.137236e-02
      vertex  -1.036829e-03 -1.567771e-02  4.831666e-02
      vertex   8.605731e-05 -1.841598e-02  5.030717e-02
    endloop
  endfacet
  facet normal  7.954094e-01  4.339741e-01 -4.230725e-01
    outer loop
      vertex  -7.198125e-03 -1.404192e-02  5.435495e-02
      vertex  -1.810662e-02 -6.791908e-03  4.128295e-02
      vertex  -1.096668e-02 -1.354302e-03  6.028431e-02
    endloop
  endfacet
  facet normal  6.963441e-01  6.896896e-01 -1.985779e-01
    outer loop
      vertex  -7.198125e-03 -1.404192e-02  5.435495e-02
      vertex  -7.476511e-03 -1.671838e-02  4.408302e-02
      vertex  -1.810662e-02 -6.791908e-03  4.128295e-02
    endloop
  endfacet
  facet normal  9.553661e-03  9.675829e-01 -2.523727e-01
    outer loop
      vertex  -1.036829e-03 -1.567771e-02  4.831666e-02
      vertex  -7.476511e-03 -1.671838e-02  4.408302e-02
      vertex  -7.198125e-03 -1.404192e-02  5.435495e-02
    endloop
  endfacet
  facet normal -7.767003e-01  6.094812e-01  1.589636e-01
    outer loop
      vertex   6.709212e-03 -1.694904e-02  4.115734e-02
      vertex   5.897215e-03 -1.829730e-02  4.235924e-02
      vertex   1.019194e-02 -1.465654e-02  4.938434e-02
    endloop
  endfacet
  facet normal -3.575819e-01  9.003497e-01 -2.480030e-01
    outer loop
      vertex   1.019194e-02 -1.465654e-02  4.938434e-02
      vertex   5.897215e-03 -1.829730e-02  4.235924e-02
      vertex   8.605731e-05 -1.841598e-02  5.030717e-02
    endloop
  endfacet
  facet normal -8.578795e-01 -5.097165e-01  6.505378e-02
    outer loop
      vertex   1.601306e-02 -9.040008e-03  4.162531e-02
      vertex   1.441759e-02 -4.587549e-03  5.547190e-02
      vertex   1.154256e-02 -1.387867e-03  4.262869e-02
    endloop
  endfacet
  facet normal -7.933374e-01 -4.539143e-01 -4.056817e-01
    outer loop
      vertex   1.878335e-02  6.534351e-03  4.165552e-02
      vertex   1.222880e-02  2.880076e-03  5.856212e-02
      vertex   7.911687e-03  1.464493e-02  5.384091e-02
    endloop
  endfacet
  facet normal -4.008734e-01 -5.772975e-02 -9.143128e-01
    outer loop
      vertex  -2.572411e-03  5.297924e-03  6.489893e-02
      vertex   1.222880e-02  2.880076e-03  5.856212e-02
      vertex   2.280280e-03 -8.424108e-03  6.363771e-02
    endloop
  endfacet
  facet normal -4.115104e-01 -4.654559e-01 -7.835879e-01
    outer loop
      vertex  -2.572411e-03  5.297924e-03  6.489893e-02
      vertex   7.911687e-03  1.464493e-02  5.384091e-02
      vertex   1.222880e-02  2.880076e-03  5.856212e-02
    endloop
  endfacet
  facet normal  2.775291e-02 -7.762435e-01 -6.298220e-01
    outer loop
      vertex  -7.343868e-03  1.494423e-02  5.279979e-02
      vertex   7.911687e-03  1.464493e-02  5.384091e-02
      vertex  -2.572411e-03  5.297924e-03  6.489893e-02
    endloop
  endfacet
  facet normal -5.850589e-01  1.577105e-01 -7.955083e-01
    outer loop
      vertex   1.222880e-02  2.880076e-03  5.856212e-02
      vertex   1.441759e-02 -4.587549e-03  5.547190e-02
      vertex   2.280280e-03 -8.424108e-03  6.363771e-02
    endloop
  endfacet
  facet normal  6.853359e-01 -4.930177e-01 -5.359555e-01
    outer loop
      vertex  -1.096668e-02 -1.354302e-03  6.028431e-02
      vertex  -1.895257e-02  6.497029e-03  4.285028e-02
      vertex  -2.572411e-03  5.297924e-03  6.489893e-02
    endloop
  endfacet
  facet normal  3.416485e-01  2.051200e-01 -9.171707e-01
    outer loop
      vertex  -1.096668e-02 -1.354302e-03  6.028431e-02
      vertex  -2.572411e-03  5.297924e-03  6.489893e-02
      vertex   2.280280e-03 -8.424108e-03  6.363771e-02
    endloop
  endfacet
  facet normal  4.486080e-01  4.842845e-01 -7.511454e-01
    outer loop
      vertex  -1.096668e-02 -1.354302e-03  6.028431e-02
      vertex   2.280280e-03 -8.424108e-03  6.363771e-02
      vertex  -7.198125e-03 -1.404192e-02  5.435495e-02
    endloop
  endfacet
  facet normal -3.380036e-01  7.789373e-01 -5.282143e-01
    outer loop
      vertex   8.605731e-05 -1.841598e-02  5.030717e-02
      vertex   2.280280e-03 -8.424108e-03  6.363771e-02
      vertex   1.019194e-02 -1.465654e-02  4.938434e-02
    endloop
  endfacet
  facet normal -8.260801e-01  5.017784e-01 -2.565348e-01
    outer loop
      vertex   1.441759e-02 -4.587549e-03  5.547190e-02
      vertex   1.601306e-02 -9.040008e-03  4.162531e-02
      vertex   1.019194e-02 -1.465654e-02  4.938434e-02
    endloop
  endfacet
  facet normal -8.284310e-01  4.940123e-01 -2.639203e-01
    outer loop
      vertex   1.601306e-02 -9.040008e-03  4.162531e-02
      vertex   1.163276e-02 -1.634138e-02  4.170793e-02
      vertex   1.019194e-02 -1.465654e-02  4.938434e-02
    endloop
  endfacet
  facet normal  6.334726e-01 -7.689402e-01 -8.627590e-02
    outer loop
      vertex  -1.895257e-02  6.497029e-03  4.285028e-02
      vertex  -5.412122e-03  1.780677e-02  4.147089e-02
      vertex  -7.343868e-03  1.494423e-02  5.279979e-02
    endloop
  endfacet
  facet normal -2.032339e-02  5.290993e-01 -8.483165e-01
    outer loop
      vertex   3.774647e-02  2.039885e-04  1.613664e-02
      vertex   4.068941e-02 -2.177172e-04  1.580311e-02
      vertex   4.038310e-02 -1.036838e-03  1.529956e-02
    endloop
  endfacet
  facet normal  8.946956e-01  1.376859e-01  4.249264e-01
    outer loop
      vertex   1.603193e-02  1.231193e-02  4.676269e-02
      vertex   1.526195e-02  3.225577e-03  5.132810e-02
      vertex   2.014939e-02 -7.181349e-04  4.231530e-02
    endloop
  endfacet
  facet normal -9.392180e-01  3.335930e-01 -8.114927e-02
    outer loop
      vertex  -2.027678e-02 -1.723322e-03  4.038049e-02
      vertex  -1.985158e-02  7.323211e-04  4.555403e-02
      vertex  -1.552107e-02  1.317338e-02  4.657631e-02
    endloop
  endfacet
  facet normal -9.578316e-01 -2.210020e-01  1.836213e-01
    outer loop
      vertex  -1.739490e-02 -9.807914e-03  4.568294e-02
      vertex  -1.985158e-02  7.323211e-04  4.555403e-02
      vertex  -2.027678e-02 -1.723322e-03  4.038049e-02
    endloop
  endfacet
  facet normal -9.729171e-01 -2.261805e-01  4.769375e-02
    outer loop
      vertex  -1.885172e-02 -2.885538e-03  4.879330e-02
      vertex  -1.985158e-02  7.323211e-04  4.555403e-02
      vertex  -1.739490e-02 -9.807914e-03  4.568294e-02
    endloop
  endfacet
  facet normal  2.992535e-01 -9.371994e-01 -1.791775e-01
    outer loop
      vertex   6.426762e-03 -1.879030e-02  4.582235e-02
      vertex   5.897215e-03 -1.829730e-02  4.235924e-02
      vertex   1.163276e-02 -1.634138e-02  4.170793e-02
    endloop
  endfacet
  facet normal  4.859706e-01 -8.503802e-01  2.017078e-01
    outer loop
      vertex  -6.971012e-05 -2.086176e-02  4.037128e-02
      vertex   3.122162e-03 -1.976945e-02  3.728624e-02
      vertex   8.605731e-05 -1.841598e-02  5.030717e-02
    endloop
  endfacet
  facet normal  1.724494e-02 -9.940717e-01  1.073506e-01
    outer loop
      vertex   3.122162e-03 -1.976945e-02  3.728624e-02
      vertex   6.426762e-03 -1.879030e-02  4.582235e-02
      vertex   8.605731e-05 -1.841598e-02  5.030717e-02
    endloop
  endfacet
  facet normal  7.695704e-02 -9.947126e-01  6.800339e-02
    outer loop
      vertex  -5.077566e-03 -1.909214e-02  4.640993e-02
      vertex  -3.780154e-03 -1.978617e-02  3.478995e-02
      vertex  -1.080120e-03 -1.908187e-02  4.203650e-02
    endloop
  endfacet
  facet normal  7.811181e-02 -9.945498e-01  6.905927e-02
    outer loop
      vertex  -1.080120e-03 -1.908187e-02  4.203650e-02
      vertex   8.605731e-05 -1.841598e-02  5.030717e-02
      vertex  -5.077566e-03 -1.909214e-02  4.640993e-02
    endloop
  endfacet
  facet normal -3.891624e-01 -9.107472e-01  1.381743e-01
    outer loop
      vertex  -1.119659e-02 -1.615113e-02  4.747770e-02
      vertex  -9.866564e-03 -1.753885e-02  4.207679e-02
      vertex  -6.250444e-03 -1.905078e-02  4.229591e-02
    endloop
  endfacet
  facet normal -4.150527e-01 -9.032146e-01  1.092462e-01
    outer loop
      vertex  -6.250444e-03 -1.905078e-02  4.229591e-02
      vertex  -5.077566e-03 -1.909214e-02  4.640993e-02
      vertex  -1.119659e-02 -1.615113e-02  4.747770e-02
    endloop
  endfacet
  facet normal -7.092603e-01 -7.043378e-01  2.929378e-02
    outer loop
      vertex  -1.739490e-02 -9.807914e-03  4.568294e-02
      vertex  -9.866564e-03 -1.753885e-02  4.207679e-02
      vertex  -1.050650e-02 -1.677893e-02  4.485418e-02
    endloop
  endfacet
  facet normal  7.031353e-01 -6.553806e-01  2.758206e-01
    outer loop
      vertex   1.830039e-02 -5.376322e-03  5.076469e-02
      vertex   1.019194e-02 -1.465654e-02  4.938434e-02
      vertex   1.163276e-02 -1.634138e-02  4.170793e-02
    endloop
  endfacet
  facet normal  4.058810e-01  8.996973e-01  1.606407e-01
    outer loop
      vertex  -1.015498e-03  1.985081e-02  4.761250e-02
      vertex   1.603193e-02  1.231193e-02  4.676269e-02
      vertex   3.804183e-03  1.948218e-02  3.749948e-02
    endloop
  endfacet
  facet normal  4.624083e-01  8.836097e-01  7.356985e-02
    outer loop
      vertex   3.804183e-03  1.948218e-02  3.749948e-02
      vertex   1.603193e-02  1.231193e-02  4.676269e-02
      vertex   4.947145e-03  1.969720e-02  2.773316e-02
    endloop
  endfacet
  facet normal -4.179700e-01  9.084554e-01 -3.136684e-03
    outer loop
      vertex  -1.552107e-02  1.317338e-02  4.657631e-02
      vertex  -1.015498e-03  1.985081e-02  4.761250e-02
      vertex  -5.412122e-03  1.780677e-02  4.147089e-02
    endloop
  endfacet
  facet normal -7.123313e-01 -7.015728e-01 -1.948818e-02
    outer loop
      vertex  -1.050650e-02 -1.677893e-02  4.485418e-02
      vertex  -1.119659e-02 -1.615113e-02  4.747770e-02
      vertex  -1.739490e-02 -9.807914e-03  4.568294e-02
    endloop
  endfacet
  facet normal -8.662632e-01  2.668253e-01  4.223651e-01
    outer loop
      vertex  -1.985158e-02  7.323211e-04  4.555403e-02
      vertex  -1.218193e-02  1.343944e-03  6.089797e-02
      vertex  -1.552107e-02  1.317338e-02  4.657631e-02
    endloop
  endfacet
  facet normal -7.021901e-01  4.598636e-01  5.435572e-01
    outer loop
      vertex  -1.218193e-02  1.343944e-03  6.089797e-02
      vertex  -4.468086e-03  1.431720e-02  5.988732e-02
      vertex  -1.552107e-02  1.317338e-02  4.657631e-02
    endloop
  endfacet
  facet normal -4.183024e-01  8.663427e-01  2.728983e-01
    outer loop
      vertex  -1.552107e-02  1.317338e-02  4.657631e-02
      vertex  -4.468086e-03  1.431720e-02  5.988732e-02
      vertex  -1.015498e-03  1.985081e-02  4.761250e-02
    endloop
  endfacet
  facet normal  3.770534e-01  8.000093e-01  4.667075e-01
    outer loop
      vertex  -1.015498e-03  1.985081e-02  4.761250e-02
      vertex  -4.468086e-03  1.431720e-02  5.988732e-02
      vertex   1.603193e-02  1.231193e-02  4.676269e-02
    endloop
  endfacet
  facet normal  4.046756e-01  7.544110e-01  5.168188e-01
    outer loop
      vertex  -4.468086e-03  1.431720e-02  5.988732e-02
      vertex   3.868625e-03  4.477655e-03  6.772256e-02
      vertex   1.603193e-02  1.231193e-02  4.676269e-02
    endloop
  endfacet
  facet normal  8.107994e-01  2.064803e-01  5.476954e-01
    outer loop
      vertex   3.868625e-03  4.477655e-03  6.772256e-02
      vertex   1.526195e-02  3.225577e-03  5.132810e-02
      vertex   1.603193e-02  1.231193e-02  4.676269e-02
    endloop
  endfacet
  facet normal  6.871241e-01 -6.489554e-01  3.266762e-01
    outer loop
      vertex   1.830039e-02 -5.376322e-03  5.076469e-02
      vertex   8.362089e-03 -1.193319e-02  5.864323e-02
      vertex   1.019194e-02 -1.465654e-02  4.938434e-02
    endloop
  endfacet
  facet normal  5.355921e-01 -7.756250e-01  3.339865e-01
    outer loop
      vertex   1.019194e-02 -1.465654e-02  4.938434e-02
      vertex   8.362089e-03 -1.193319e-02  5.864323e-02
      vertex   6.426762e-03 -1.879030e-02  4.582235e-02
    endloop
  endfacet
  facet normal  2.506388e-01 -8.688817e-01  4.268779e-01
    outer loop
      vertex   8.362089e-03 -1.193319e-02  5.864323e-02
      vertex   8.605731e-05 -1.841598e-02  5.030717e-02
      vertex   6.426762e-03 -1.879030e-02  4.582235e-02
    endloop
  endfacet
  facet normal -2.368200e-01 -8.546474e-01  4.620542e-01
    outer loop
      vertex   8.605731e-05 -1.841598e-02  5.030717e-02
      vertex  -7.433225e-03 -1.042027e-02  6.124266e-02
      vertex  -5.077566e-03 -1.909214e-02  4.640993e-02
    endloop
  endfacet
  facet normal -3.262135e-01 -8.377202e-01  4.379608e-01
    outer loop
      vertex  -5.077566e-03 -1.909214e-02  4.640993e-02
      vertex  -7.433225e-03 -1.042027e-02  6.124266e-02
      vertex  -1.119659e-02 -1.615113e-02  4.747770e-02
    endloop
  endfacet
  facet normal -7.038924e-01 -5.666156e-01  4.283483e-01
    outer loop
      vertex  -1.119659e-02 -1.615113e-02  4.747770e-02
      vertex  -7.433225e-03 -1.042027e-02  6.124266e-02
      vertex  -1.739490e-02 -9.807914e-03  4.568294e-02
    endloop
  endfacet
  facet normal -7.844256e-01 -3.839447e-01  4.870966e-01
    outer loop
      vertex  -7.433225e-03 -1.042027e-02  6.124266e-02
      vertex  -1.885172e-02 -2.885538e-03  4.879330e-02
      vertex  -1.739490e-02 -9.807914e-03  4.568294e-02
    endloop
  endfacet
  facet normal  2.213462e-02 -7.997267e-01  5.999560e-01
    outer loop
      vertex   8.362089e-03 -1.193319e-02  5.864323e-02
      vertex  -7.433225e-03 -1.042027e-02  6.124266e-02
      vertex   8.605731e-05 -1.841598e-02  5.030717e-02
    endloop
  endfacet
  facet normal -7.865450e-01 -3.017068e-01  5.388135e-01
    outer loop
      vertex  -7.433225e-03 -1.042027e-02  6.124266e-02
      vertex  -1.218193e-02  1.343944e-03  6.089797e-02
      vertex  -1.885172e-02 -2.885538e-03  4.879330e-02
    endloop
  endfacet
  facet normal -3.681849e-01 -1.216126e-01  9.217648e-01
    outer loop
      vertex  -7.433225e-03 -1.042027e-02  6.124266e-02
      vertex   3.868625e-03  4.477655e-03  6.772256e-02
      vertex  -1.218193e-02  1.343944e-03  6.089797e-02
    endloop
  endfacet
  facet normal -4.228728e-01  3.175562e-01  8.487265e-01
    outer loop
      vertex  -1.218193e-02  1.343944e-03  6.089797e-02
      vertex   3.868625e-03  4.477655e-03  6.772256e-02
      vertex  -4.468086e-03  1.431720e-02  5.988732e-02
    endloop
  endfacet
  facet normal  8.041730e-01  2.486970e-01  5.398663e-01
    outer loop
      vertex   1.526195e-02  3.225577e-03  5.132810e-02
      vertex   3.868625e-03  4.477655e-03  6.772256e-02
      vertex   1.830039e-02 -5.376322e-03  5.076469e-02
    endloop
  endfacet
  facet normal  6.861145e-01 -1.992340e-01  6.996804e-01
    outer loop
      vertex   1.830039e-02 -5.376322e-03  5.076469e-02
      vertex   3.868625e-03  4.477655e-03  6.772256e-02
      vertex   8.362089e-03 -1.193319e-02  5.864323e-02
    endloop
  endfacet
  facet normal  1.010615e-01 -4.602939e-01  8.819955e-01
    outer loop
      vertex   3.868625e-03  4.477655e-03  6.772256e-02
      vertex  -7.433225e-03 -1.042027e-02  6.124266e-02
      vertex   8.362089e-03 -1.193319e-02  5.864323e-02
    endloop
  endfacet
  facet normal  9.508116e-01  2.093645e-01 -2.283067e-01
    outer loop
      vertex   3.122162e-03 -1.976945e-02  3.728624e-02
      vertex   2.414404e-03 -3.959263e-02  1.616021e-02
      vertex   5.462838e-04 -1.978516e-02  2.654427e-02
    endloop
  endfacet
  facet normal  7.595335e-01  3.780088e-01  5.293564e-01
    outer loop
      vertex  -4.333542e-02 -3.594227e-03  1.892151e-02
      vertex  -4.257004e-02 -2.795714e-04  1.545635e-02
      vertex  -4.365600e-02  3.423607e-03  1.437011e-02
    endloop
  endfacet
  facet normal -8.450582e-01 -9.339228e-02  5.264547e-01
    outer loop
      vertex  -4.365600e-02  3.423607e-03  1.437011e-02
      vertex  -4.257004e-02 -2.795714e-04  1.545635e-02
      vertex  -4.150730e-02  1.911929e-03  1.755101e-02
    endloop
  endfacet
  facet normal  6.115274e-01 -6.812226e-01  4.024551e-01
    outer loop
      vertex  -4.257004e-02 -2.795714e-04  1.545635e-02
      vertex  -4.196395e-02  3.153790e-04  1.554246e-02
      vertex  -4.150730e-02  1.911929e-03  1.755101e-02
    endloop
  endfacet
  facet normal -9.507961e-01  3.084555e-01 -2.901612e-02
    outer loop
      vertex  -4.150730e-02  1.911929e-03  1.755101e-02
      vertex  -4.196395e-02  3.153790e-04  1.554246e-02
      vertex  -4.333542e-02 -3.594227e-03  1.892151e-02
    endloop
  endfacet
  facet normal -1.942980e-01  7.299370e-01  6.553169e-01
    outer loop
      vertex  -4.333542e-02 -3.594227e-03  1.892151e-02
      vertex  -4.035719e-02  2.280240e-05  1.577564e-02
      vertex  -4.257004e-02 -2.795714e-04  1.545635e-02
    endloop
  endfacet
  facet normal -8.643650e-03 -1.346130e-01  9.908606e-01
    outer loop
      vertex  -4.257004e-02 -2.795714e-04  1.545635e-02
      vertex  -3.848416e-02  6.675277e-04  1.562066e-02
      vertex  -4.196395e-02  3.153790e-04  1.554246e-02
    endloop
  endfacet
  facet normal -3.674183e-03  2.512384e-01 -9.679183e-01
    outer loop
      vertex  -4.196395e-02  3.153790e-04  1.554246e-02
      vertex  -3.848416e-02  6.675277e-04  1.562066e-02
      vertex  -3.918685e-02 -4.432692e-04  1.533500e-02
    endloop
  endfacet
  facet normal -8.243014e-01  3.653846e-01 -4.324596e-01
    outer loop
      vertex   5.462838e-04 -1.978516e-02  2.654427e-02
      vertex   1.653956e-04 -3.902117e-02  1.101779e-02
      vertex  -3.780154e-03 -1.978617e-02  3.478995e-02
    endloop
  endfacet
  facet normal  7.364772e-02  2.044301e-01 -9.761068e-01
    outer loop
      vertex  -3.848416e-02  6.675277e-04  1.562066e-02
      vertex  -3.622755e-02 -4.822242e-04  1.555012e-02
      vertex  -3.918685e-02 -4.432692e-04  1.533500e-02
    endloop
  endfacet
  facet normal -2.751112e-02 -9.791759e-01  2.011409e-01
    outer loop
      vertex  -3.918685e-02 -4.432692e-04  1.533500e-02
      vertex  -3.622755e-02 -4.822242e-04  1.555012e-02
      vertex  -3.775467e-02 -8.904110e-05  1.725531e-02
    endloop
  endfacet
  facet normal  5.547305e-02 -9.609098e-01  2.712472e-01
    outer loop
      vertex  -3.622755e-02 -4.822242e-04  1.555012e-02
      vertex  -3.624200e-02 -2.454656e-04  1.639181e-02
      vertex  -3.775467e-02 -8.904110e-05  1.725531e-02
    endloop
  endfacet
  facet normal  2.678859e-01  9.143516e-01  3.036416e-01
    outer loop
      vertex  -3.624200e-02 -2.454656e-04  1.639181e-02
      vertex  -3.848416e-02  6.675277e-04  1.562066e-02
      vertex  -3.775467e-02 -8.904110e-05  1.725531e-02
    endloop
  endfacet
  facet normal -2.458146e-01  8.332000e-01  4.953311e-01
    outer loop
      vertex  -3.848416e-02  6.675277e-04  1.562066e-02
      vertex  -4.035719e-02  2.280240e-05  1.577564e-02
      vertex  -3.775467e-02 -8.904110e-05  1.725531e-02
    endloop
  endfacet
  facet normal  3.391955e-01  9.176633e-01  2.069796e-01
    outer loop
      vertex  -3.885435e-02  3.118905e-03  7.852153e-03
      vertex  -4.365600e-02  3.423607e-03  1.437011e-02
      vertex  -4.150730e-02  1.911929e-03  1.755101e-02
    endloop
  endfacet
  facet normal  1.139349e-01 -9.814919e-01 -1.539235e-01
    outer loop
      vertex  -3.888896e-02 -2.627462e-03  1.604824e-02
      vertex  -4.333542e-02 -3.594227e-03  1.892151e-02
      vertex  -3.908538e-02 -1.596021e-03  9.325871e-03
    endloop
  endfacet
  facet normal -3.177354e-01 -8.903269e-01 -3.261322e-01
    outer loop
      vertex  -4.333542e-02 -3.594227e-03  1.892151e-02
      vertex  -4.472267e-02 -2.009602e-03  1.594708e-02
      vertex  -3.908538e-02 -1.596021e-03  9.325871e-03
    endloop
  endfacet
  facet normal -9.361840e-01 -3.273723e-01  1.280109e-01
    outer loop
      vertex   1.441759e-02 -4.587549e-03  5.547190e-02
      vertex   1.222880e-02  2.880076e-03  5.856212e-02
      vertex   1.154256e-02 -1.387867e-03  4.262869e-02
    endloop
  endfacet
  facet normal -7.880734e-01  3.092125e-01  5.322856e-01
    outer loop
      vertex  -4.333542e-02 -3.594227e-03  1.892151e-02
      vertex  -4.365600e-02  3.423607e-03  1.437011e-02
      vertex  -4.472267e-02 -2.009602e-03  1.594708e-02
    endloop
  endfacet
  facet normal -8.732655e-03 -6.521241e-01 -7.580619e-01
    outer loop
      vertex  -4.333542e-02 -3.594227e-03  1.892151e-02
      vertex  -4.196395e-02  3.153790e-04  1.554246e-02
      vertex  -4.035719e-02  2.280240e-05  1.577564e-02
    endloop
  endfacet
  facet normal  5.376796e-01  3.120133e-02  8.425718e-01
    outer loop
      vertex  -3.888896e-02 -2.627462e-03  1.604824e-02
      vertex  -4.150730e-02  1.911929e-03  1.755101e-02
      vertex  -4.333542e-02 -3.594227e-03  1.892151e-02
    endloop
  endfacet
  facet normal -3.117949e-02 -9.842677e-01  1.739110e-01
    outer loop
      vertex   1.013301e-04  1.377376e-02  4.751018e-02
      vertex   7.911687e-03  1.464493e-02  5.384091e-02
      vertex  -7.343868e-03  1.494423e-02  5.279979e-02
    endloop
  endfacet
  facet normal -1.944279e-01  7.239513e-01  6.618854e-01
    outer loop
      vertex  -4.257004e-02 -2.795714e-04  1.545635e-02
      vertex  -4.035719e-02  2.280240e-05  1.577564e-02
      vertex  -3.848416e-02  6.675277e-04  1.562066e-02
    endloop
  endfacet
  facet normal  8.886485e-01  2.906637e-01  3.547090e-01
    outer loop
      vertex   1.526195e-02  3.225577e-03  5.132810e-02
      vertex   1.830039e-02 -5.376322e-03  5.076469e-02
      vertex   2.014939e-02 -7.181349e-04  4.231530e-02
    endloop
  endfacet
  facet normal  6.587460e-01 -3.151060e-01 -6.831998e-01
    outer loop
      vertex  -2.048441e-03  3.916505e-02  1.200900e-02
      vertex   2.855292e-03  3.949670e-02  1.658424e-02
      vertex   4.947145e-03  1.969720e-02  2.773316e-02
    endloop
  endfacet
  facet normal  9.783353e-01  1.699411e-01  1.182370e-01
    outer loop
      vertex   2.855292e-03  3.949670e-02  1.658424e-02
      vertex   3.804183e-03  1.948218e-02  3.749948e-02
      vertex   4.947145e-03  1.969720e-02  2.773316e-02
    endloop
  endfacet
  facet normal -2.183737e-01 -9.015323e-01  3.735672e-01
    outer loop
      vertex  -3.918685e-02 -4.432692e-04  1.533500e-02
      vertex  -4.035719e-02  2.280240e-05  1.577564e-02
      vertex  -4.196395e-02  3.153790e-04  1.554246e-02
    endloop
  endfacet
  facet normal  9.627544e-01  3.656078e-02  2.678940e-01
    outer loop
      vertex  -3.885435e-02  3.118905e-03  7.852153e-03
      vertex  -4.150730e-02  1.911929e-03  1.755101e-02
      vertex  -3.908538e-02 -1.596021e-03  9.325871e-03
    endloop
  endfacet
  facet normal -9.970726e-01  7.491335e-02 -1.530524e-02
    outer loop
      vertex  -2.048441e-03  3.916505e-02  1.200900e-02
      vertex  -3.825133e-03  2.000272e-02  3.396076e-02
      vertex  -1.949985e-03  4.144559e-02  1.675737e-02
    endloop
  endfacet
  facet normal -4.534315e-01 -6.529492e-01 -6.066772e-01
    outer loop
      vertex  -3.825133e-03  2.000272e-02  3.396076e-02
      vertex  -2.048441e-03  3.916505e-02  1.200900e-02
      vertex   4.947145e-03  1.969720e-02  2.773316e-02
    endloop
  endfacet
  facet normal  3.211384e-01  7.320746e-01 -6.007803e-01
    outer loop
      vertex  -1.957880e-02  4.228928e-03  3.209592e-02
      vertex  -2.012450e-02 -5.107274e-04  2.602877e-02
      vertex  -4.150730e-02  1.911929e-03  1.755101e-02
    endloop
  endfacet
  facet normal  2.320147e-01  9.175197e-01 -3.229966e-01
    outer loop
      vertex  -4.150730e-02  1.911929e-03  1.755101e-02
      vertex  -2.012450e-02 -5.107274e-04  2.602877e-02
      vertex  -3.908538e-02 -1.596021e-03  9.325871e-03
    endloop
  endfacet
  facet normal -4.161498e-01  7.547109e-01  5.071793e-01
    outer loop
      vertex  -2.027678e-02 -1.723322e-03  4.038049e-02
      vertex  -1.957880e-02  4.228928e-03  3.209592e-02
      vertex  -4.150730e-02  1.911929e-03  1.755101e-02
    endloop
  endfacet
  facet normal  3.052834e-01  6.948825e-01  6.511070e-01
    outer loop
      vertex   2.855292e-03  3.949670e-02  1.658424e-02
      vertex  -1.949985e-03  4.144559e-02  1.675737e-02
      vertex   3.804183e-03  1.948218e-02  3.749948e-02
    endloop
  endfacet
  facet normal -1.483334e-01  9.058601e-01 -3.967553e-01
    outer loop
      vertex  -1.036829e-03 -1.567771e-02  4.831666e-02
      vertex  -7.198125e-03 -1.404192e-02  5.435495e-02
      vertex   2.280280e-03 -8.424108e-03  6.363771e-02
    endloop
  endfacet
  facet normal  1.544489e-01 -9.846292e-01 -8.155371e-02
    outer loop
      vertex  -2.012450e-02 -5.107274e-04  2.602877e-02
      vertex  -2.027678e-02 -1.723322e-03  4.038049e-02
      vertex  -3.888896e-02 -2.627462e-03  1.604824e-02
    endloop
  endfacet
  facet normal -6.537111e-01 -5.493591e-01  5.204483e-01
    outer loop
      vertex  -3.888896e-02 -2.627462e-03  1.604824e-02
      vertex  -2.027678e-02 -1.723322e-03  4.038049e-02
      vertex  -4.150730e-02  1.911929e-03  1.755101e-02
    endloop
  endfacet
  facet normal  1.914215e-01 -9.693008e-01 -1.543171e-01
    outer loop
      vertex  -3.888896e-02 -2.627462e-03  1.604824e-02
      vertex  -3.908538e-02 -1.596021e-03  9.325871e-03
      vertex  -2.012450e-02 -5.107274e-04  2.602877e-02
    endloop
  endfacet
  facet normal -2.975935e-01  6.131287e-01  7.317864e-01
    outer loop
      vertex   3.804183e-03  1.948218e-02  3.749948e-02
      vertex  -1.949985e-03  4.144559e-02  1.675737e-02
      vertex  -3.825133e-03  2.000272e-02  3.396076e-02
    endloop
  endfacet
  facet normal  9.232490e-02 -4.059136e-02  9.949012e-01
    outer loop
      vertex   4.205573e-02 -2.884484e-03  1.556751e-02
      vertex   4.477103e-02  1.864526e-03  1.550930e-02
      vertex   4.068941e-02 -2.177172e-04  1.580311e-02
    endloop
  endfacet
  facet normal -9.137306e-01 -3.585498e-01  1.911504e-01
    outer loop
      vertex  -1.949985e-03  4.144559e-02  1.675737e-02
      vertex  -3.069632e-03  4.335827e-02  1.499296e-02
      vertex  -2.048441e-03  3.916505e-02  1.200900e-02
    endloop
  endfacet
  facet normal -2.127567e-01 -5.935331e-01  7.761785e-01
    outer loop
      vertex   2.855292e-03  3.949670e-02  1.658424e-02
      vertex   3.821014e-03  4.361363e-02  1.999711e-02
      vertex  -1.949985e-03  4.144559e-02  1.675737e-02
    endloop
  endfacet
  facet normal -1.794717e-01  9.372913e-01 -2.987890e-01
    outer loop
      vertex  -3.825133e-03  2.000272e-02  3.396076e-02
      vertex   4.947145e-03  1.969720e-02  2.773316e-02
      vertex  -1.256331e-02  1.595005e-02  2.649638e-02
    endloop
  endfacet
  facet normal -8.688787e-01  4.913709e-01 -6.003813e-02
    outer loop
      vertex  -1.552107e-02  1.317338e-02  4.657631e-02
      vertex  -1.256331e-02  1.595005e-02  2.649638e-02
      vertex  -1.957880e-02  4.228928e-03  3.209592e-02
    endloop
  endfacet
  facet normal  7.825517e-03  3.565237e-01  9.342535e-01
    outer loop
      vertex  -6.217543e-03 -1.722875e-02  4.137236e-02
      vertex  -1.080120e-03 -1.908187e-02  4.203650e-02
      vertex   6.709212e-03 -1.694904e-02  4.115734e-02
    endloop
  endfacet
  facet normal -2.604562e-01  9.649137e-01  3.322813e-02
    outer loop
      vertex  -1.080120e-03 -1.908187e-02  4.203650e-02
      vertex   2.962154e-03 -1.798800e-02  4.195665e-02
      vertex   6.709212e-03 -1.694904e-02  4.115734e-02
    endloop
  endfacet
  facet normal -3.416042e-01 -1.478752e-02  9.397275e-01
    outer loop
      vertex  -3.069632e-03  4.335827e-02  1.499296e-02
      vertex   1.222462e-05  3.601731e-02  1.599774e-02
      vertex  -3.039391e-04  4.658971e-02  1.604917e-02
    endloop
  endfacet
  facet normal -3.834213e-01 -1.595878e-02  9.234356e-01
    outer loop
      vertex  -3.039391e-04  4.658971e-02  1.604917e-02
      vertex   1.222462e-05  3.601731e-02  1.599774e-02
      vertex   1.206974e-03  3.843055e-02  1.653552e-02
    endloop
  endfacet
  facet normal  7.811217e-01 -4.766035e-01  4.033585e-01
    outer loop
      vertex   1.222462e-05  3.601731e-02  1.599774e-02
      vertex   1.059137e-04  3.598463e-02  1.577769e-02
      vertex   1.206974e-03  3.843055e-02  1.653552e-02
    endloop
  endfacet
  facet normal  6.278437e-01 -4.182594e-02 -7.772149e-01
    outer loop
      vertex   1.206974e-03  3.843055e-02  1.653552e-02
      vertex   1.059137e-04  3.598463e-02  1.577769e-02
      vertex  -8.759456e-05  4.225899e-02  1.528372e-02
    endloop
  endfacet
  facet normal  6.890437e-02 -7.618743e-02 -9.947098e-01
    outer loop
      vertex   1.059137e-04  3.598463e-02  1.577769e-02
      vertex  -3.069632e-03  4.335827e-02  1.499296e-02
      vertex  -8.759456e-05  4.225899e-02  1.528372e-02
    endloop
  endfacet
  facet normal -7.386635e-01 -1.529357e-01  6.564959e-01
    outer loop
      vertex   3.821014e-03  4.361363e-02  1.999711e-02
      vertex  -3.039391e-04  4.658971e-02  1.604917e-02
      vertex  -8.759456e-05  4.225899e-02  1.528372e-02
    endloop
  endfacet
  facet normal  5.765016e-01 -2.379081e-01 -7.816941e-01
    outer loop
      vertex   3.821014e-03  4.361363e-02  1.999711e-02
      vertex  -3.069632e-03  4.335827e-02  1.499296e-02
      vertex  -3.039391e-04  4.658971e-02  1.604917e-02
    endloop
  endfacet
  facet normal -3.718825e-01  9.273352e-01  4.186705e-02
    outer loop
      vertex   3.821014e-03  4.361363e-02  1.999711e-02
      vertex  -8.759456e-05  4.225899e-02  1.528372e-02
      vertex  -1.949985e-03  4.144559e-02  1.675737e-02
    endloop
  endfacet
  facet normal  2.033504e-01  7.255322e-01  6.574585e-01
    outer loop
      vertex  -1.949985e-03  4.144559e-02  1.675737e-02
      vertex  -8.759456e-05  4.225899e-02  1.528372e-02
      vertex  -3.069632e-03  4.335827e-02  1.499296e-02
    endloop
  endfacet
  facet normal -3.345868e-02  9.992413e-01  1.993354e-02
    outer loop
      vertex   4.255288e-02  1.766641e-03  1.669296e-02
      vertex   4.477103e-02  1.864526e-03  1.550930e-02
      vertex   3.914621e-02  1.748767e-03  1.187083e-02
    endloop
  endfacet
  facet normal -7.718660e-01  2.225141e-02  6.353957e-01
    outer loop
      vertex   3.914621e-02  1.748767e-03  1.187083e-02
      vertex   3.975600e-02 -6.032106e-03  1.288407e-02
      vertex   4.205573e-02 -2.884484e-03  1.556751e-02
    endloop
  endfacet
  facet normal -4.353845e-01 -6.489592e-01 -6.239330e-01
    outer loop
      vertex   1.950503e-02  3.309533e-04  2.705126e-02
      vertex   3.914621e-02  1.748767e-03  1.187083e-02
      vertex   2.035246e-02 -2.484818e-03  2.938863e-02
    endloop
  endfacet
  facet normal -3.868679e-01 -7.112278e-01 -5.869312e-01
    outer loop
      vertex   3.914621e-02  1.748767e-03  1.187083e-02
      vertex   4.205573e-02 -2.884484e-03  1.556751e-02
      vertex   2.035246e-02 -2.484818e-03  2.938863e-02
    endloop
  endfacet
  facet normal  6.850276e-02 -9.883172e-01  1.361490e-01
    outer loop
      vertex   2.035246e-02 -2.484818e-03  2.938863e-02
      vertex   4.205573e-02 -2.884484e-03  1.556751e-02
      vertex   2.014939e-02 -7.181349e-04  4.231530e-02
    endloop
  endfacet
  facet normal  7.433988e-01 -2.313153e-01  6.275758e-01
    outer loop
      vertex   4.255288e-02  1.766641e-03  1.669296e-02
      vertex   2.014939e-02 -7.181349e-04  4.231530e-02
      vertex   4.205573e-02 -2.884484e-03  1.556751e-02
    endloop
  endfacet
  facet normal -3.117669e-01  8.947178e-01 -3.198149e-01
    outer loop
      vertex   1.950503e-02  3.309533e-04  2.705126e-02
      vertex   1.988400e-02  3.570266e-03  3.574416e-02
      vertex   3.914621e-02  1.748767e-03  1.187083e-02
    endloop
  endfacet
  facet normal  4.574070e-01  7.530445e-01  4.729723e-01
    outer loop
      vertex   4.255288e-02  1.766641e-03  1.669296e-02
      vertex   1.988400e-02  3.570266e-03  3.574416e-02
      vertex   2.014939e-02 -7.181349e-04  4.231530e-02
    endloop
  endfacet
  facet normal  4.787984e-02  9.981480e-01 -3.752531e-02
    outer loop
      vertex   3.914621e-02  1.748767e-03  1.187083e-02
      vertex   1.988400e-02  3.570266e-03  3.574416e-02
      vertex   4.255288e-02  1.766641e-03  1.669296e-02
    endloop
  endfacet
  facet normal -5.152137e-02  3.980997e-01  9.158942e-01
    outer loop
      vertex   2.414404e-03 -3.959263e-02  1.616021e-02
      vertex  -2.656440e-03 -3.897684e-02  1.560730e-02
      vertex   2.638398e-03 -4.315301e-02  1.772035e-02
    endloop
  endfacet
  facet normal -3.639567e-01  9.800032e-03  9.313644e-01
    outer loop
      vertex  -2.656440e-03 -3.897684e-02  1.560730e-02
      vertex  -4.019735e-04 -4.538454e-02  1.655572e-02
      vertex   2.638398e-03 -4.315301e-02  1.772035e-02
    endloop
  endfacet
  facet normal -1.604896e-01 -7.885811e-01  5.936185e-01
    outer loop
      vertex   2.414404e-03 -3.959263e-02  1.616021e-02
      vertex  -6.971012e-05 -2.086176e-02  4.037128e-02
      vertex  -2.656440e-03 -3.897684e-02  1.560730e-02
    endloop
  endfacet
  facet normal -5.504025e-01 -7.051823e-02  8.319160e-01
    outer loop
      vertex  -4.019735e-04 -4.538454e-02  1.655572e-02
      vertex  -2.656440e-03 -3.897684e-02  1.560730e-02
      vertex  -3.263978e-03 -4.356559e-02  1.481638e-02
    endloop
  endfacet
  facet normal -9.810659e-01  1.014554e-01  1.649745e-01
    outer loop
      vertex  -3.427509e-03 -3.890521e-02  1.097788e-02
      vertex  -3.263978e-03 -4.356559e-02  1.481638e-02
      vertex  -2.656440e-03 -3.897684e-02  1.560730e-02
    endloop
  endfacet
  facet normal  9.852017e-01  1.169062e-01  1.253417e-01
    outer loop
      vertex   3.315308e-03 -3.888547e-02  8.419413e-03
      vertex   2.414404e-03 -3.959263e-02  1.616021e-02
      vertex   2.638398e-03 -4.315301e-02  1.772035e-02
    endloop
  endfacet
  facet normal  9.876124e-01  1.024252e-01  1.188728e-01
    outer loop
      vertex   3.315308e-03 -3.888547e-02  8.419413e-03
      vertex   2.638398e-03 -4.315301e-02  1.772035e-02
      vertex   3.241932e-03 -4.367769e-02  1.315818e-02
    endloop
  endfacet
  facet normal  3.214376e-02  9.994321e-01  1.011040e-02
    outer loop
      vertex   1.653956e-04 -3.902117e-02  1.101779e-02
      vertex  -3.427509e-03 -3.890521e-02  1.097788e-02
      vertex  -2.656440e-03 -3.897684e-02  1.560730e-02
    endloop
  endfacet
  facet normal  3.552317e-02  9.948415e-01  9.501846e-02
    outer loop
      vertex   1.653956e-04 -3.902117e-02  1.101779e-02
      vertex   2.414404e-03 -3.959263e-02  1.616021e-02
      vertex   3.315308e-03 -3.888547e-02  8.419413e-03
    endloop
  endfacet
  facet normal -7.669740e-01  4.306194e-01 -4.757288e-01
    outer loop
      vertex  -2.656440e-03 -3.897684e-02  1.560730e-02
      vertex  -3.780154e-03 -1.978617e-02  3.478995e-02
      vertex   1.653956e-04 -3.902117e-02  1.101779e-02
    endloop
  endfacet
  facet normal -7.743253e-01 -4.694599e-01  4.242967e-01
    outer loop
      vertex  -6.971012e-05 -2.086176e-02  4.037128e-02
      vertex  -3.780154e-03 -1.978617e-02  3.478995e-02
      vertex  -2.656440e-03 -3.897684e-02  1.560730e-02
    endloop
  endfacet
  facet normal  8.922164e-01  2.728196e-01 -3.598880e-01
    outer loop
      vertex   5.462838e-04 -1.978516e-02  2.654427e-02
      vertex   2.414404e-03 -3.959263e-02  1.616021e-02
      vertex   1.653956e-04 -3.902117e-02  1.101779e-02
    endloop
  endfacet
  facet normal  6.691059e-01 -5.529979e-01  4.964782e-01
    outer loop
      vertex   2.414404e-03 -3.959263e-02  1.616021e-02
      vertex   3.122162e-03 -1.976945e-02  3.728624e-02
      vertex  -6.971012e-05 -2.086176e-02  4.037128e-02
    endloop
  endfacet
  facet normal  1.861120e-01  6.730165e-01  7.158289e-01
    outer loop
      vertex   4.173333e-03  1.547792e-02  4.116828e-02
      vertex   3.804183e-03  1.948218e-02  3.749948e-02
      vertex  -5.412122e-03  1.780677e-02  4.147089e-02
    endloop
  endfacet
  facet normal  9.451422e-01  1.339497e-01  2.979324e-01
    outer loop
      vertex  -6.250444e-03 -1.905078e-02  4.229591e-02
      vertex  -3.780154e-03 -1.978617e-02  3.478995e-02
      vertex  -6.217543e-03 -1.722875e-02  4.137236e-02
    endloop
  endfacet
  facet normal  1.815580e-01 -6.149064e-01  7.674157e-01
    outer loop
      vertex   2.962154e-03 -1.798800e-02  4.195665e-02
      vertex  -1.080120e-03 -1.908187e-02  4.203650e-02
      vertex  -6.971012e-05 -2.086176e-02  4.037128e-02
    endloop
  endfacet
  facet normal  1.691829e-01  2.009901e-01  9.648731e-01
    outer loop
      vertex  -6.217543e-03 -1.722875e-02  4.137236e-02
      vertex  -1.810662e-02 -6.791908e-03  4.128295e-02
      vertex  -9.866564e-03 -1.753885e-02  4.207679e-02
    endloop
  endfacet
  facet normal -7.377619e-01  6.388274e-01  2.181900e-01
    outer loop
      vertex   3.122162e-03 -1.976945e-02  3.728624e-02
      vertex   5.897215e-03 -1.829730e-02  4.235924e-02
      vertex   6.709212e-03 -1.694904e-02  4.115734e-02
    endloop
  endfacet
  facet normal  1.604478e-02  2.684040e-02  9.995109e-01
    outer loop
      vertex  -6.217543e-03 -1.722875e-02  4.137236e-02
      vertex   6.709212e-03 -1.694904e-02  4.115734e-02
      vertex  -1.810662e-02 -6.791908e-03  4.128295e-02
    endloop
  endfacet
  facet normal  1.453836e-01 -5.356659e-02  9.879242e-01
    outer loop
      vertex  -1.895257e-02  6.497029e-03  4.285028e-02
      vertex  -1.085162e-02 -2.640898e-04  4.129154e-02
      vertex  -5.412122e-03  1.780677e-02  4.147089e-02
    endloop
  endfacet
  facet normal  2.715634e-02 -1.809365e-02  9.994674e-01
    outer loop
      vertex  -5.412122e-03  1.780677e-02  4.147089e-02
      vertex  -1.085162e-02 -2.640898e-04  4.129154e-02
      vertex   4.173333e-03  1.547792e-02  4.116828e-02
    endloop
  endfacet
  facet normal  6.351892e-03  1.767145e-03  9.999782e-01
    outer loop
      vertex   4.173333e-03  1.547792e-02  4.116828e-02
      vertex  -1.085162e-02 -2.640898e-04  4.129154e-02
      vertex   1.076974e-02  9.679856e-04  4.115202e-02
    endloop
  endfacet
  facet normal -4.709541e-02 -2.252919e-02  9.986363e-01
    outer loop
      vertex   4.173333e-03  1.547792e-02  4.116828e-02
      vertex   1.076974e-02  9.679856e-04  4.115202e-02
      vertex   1.878335e-02  6.534351e-03  4.165552e-02
    endloop
  endfacet
  facet normal  6.968666e-03 -9.061397e-03  9.999347e-01
    outer loop
      vertex  -1.085162e-02 -2.640898e-04  4.129154e-02
      vertex  -1.810662e-02 -6.791908e-03  4.128295e-02
      vertex   1.076974e-02  9.679856e-04  4.115202e-02
    endloop
  endfacet
  facet normal  4.742943e-03 -7.780591e-04  9.999884e-01
    outer loop
      vertex   6.709212e-03 -1.694904e-02  4.115734e-02
      vertex   1.076974e-02  9.679856e-04  4.115202e-02
      vertex  -1.810662e-02 -6.791908e-03  4.128295e-02
    endloop
  endfacet
  facet normal -6.248462e-02  1.445708e-02  9.979412e-01
    outer loop
      vertex   6.709212e-03 -1.694904e-02  4.115734e-02
      vertex   1.601306e-02 -9.040008e-03  4.162531e-02
      vertex   1.076974e-02  9.679856e-04  4.115202e-02
    endloop
  endfacet
  facet normal  4.152930e-01 -9.089513e-01  3.659660e-02
    outer loop
      vertex   5.897215e-03 -1.829730e-02  4.235924e-02
      vertex   3.122162e-03 -1.976945e-02  3.728624e-02
      vertex   7.396286e-03 -1.823744e-02  2.683478e-02
    endloop
  endfacet
  facet normal  3.113180e-02  9.954796e-01  8.972830e-02
    outer loop
      vertex  -3.427509e-03 -3.890521e-02  1.097788e-02
      vertex   1.653956e-04 -3.902117e-02  1.101779e-02
      vertex   3.315308e-03 -3.888547e-02  8.419413e-03
    endloop
  endfacet
  facet normal  9.072188e-01 -3.940097e-01  1.473446e-01
    outer loop
      vertex  -4.472267e-02 -2.009602e-03  1.594708e-02
      vertex  -4.269601e-02  3.657224e-03  1.862214e-02
      vertex  -4.764482e-02 -6.419206e-03  2.214754e-02
    endloop
  endfacet
  facet normal  9.706203e-01 -1.068553e-01  2.155879e-01
    outer loop
      vertex  -3.632102e-02 -1.430197e-02 -9.417471e-03
      vertex  -3.908538e-02 -1.596021e-03  9.325871e-03
      vertex  -4.102243e-02 -4.118162e-03  1.679681e-02
    endloop
  endfacet
  facet normal  8.758475e-01 -3.521101e-01  3.300145e-01
    outer loop
      vertex  -4.269601e-02  3.657224e-03  1.862214e-02
      vertex  -3.885435e-02  3.118905e-03  7.852153e-03
      vertex  -3.503114e-02  1.964055e-02  1.533332e-02
    endloop
  endfacet
  facet normal  5.740867e-01 -8.097324e-01 -1.214818e-01
    outer loop
      vertex  -2.927156e-02  2.698631e-02 -1.214851e-02
      vertex  -2.622644e-02  2.980652e-02 -1.655618e-02
      vertex  -1.784957e-02  3.568257e-02 -1.613623e-02
    endloop
  endfacet
  facet normal  7.920845e-01 -3.883086e-01 -4.709762e-01
    outer loop
      vertex  -4.538935e-02  7.168245e-03 -2.291578e-02
      vertex  -3.330402e-02  3.171223e-02 -2.282668e-02
      vertex  -2.927156e-02  2.698631e-02 -1.214851e-02
    endloop
  endfacet
  facet normal  4.582004e-01 -6.067881e-01 -6.495080e-01
    outer loop
      vertex  -1.784957e-02  3.568257e-02 -1.613623e-02
      vertex  -2.622644e-02  2.980652e-02 -1.655618e-02
      vertex  -2.317111e-02  3.917052e-02 -2.314888e-02
    endloop
  endfacet
  facet normal  4.274136e-01 -6.095323e-01 -6.676736e-01
    outer loop
      vertex  -2.622644e-02  2.980652e-02 -1.655618e-02
      vertex  -3.330402e-02  3.171223e-02 -2.282668e-02
      vertex  -2.317111e-02  3.917052e-02 -2.314888e-02
    endloop
  endfacet
  facet normal  7.564249e-01  4.902013e-01 -4.330405e-01
    outer loop
      vertex  -3.632102e-02 -1.430197e-02 -9.417471e-03
      vertex  -3.225186e-02 -3.261747e-02 -2.304268e-02
      vertex  -4.263100e-02 -1.644468e-02 -2.286512e-02
    endloop
  endfacet
  facet normal  7.324750e-01  5.035627e-01 -4.581539e-01
    outer loop
      vertex  -2.779537e-02 -2.808798e-02 -1.093943e-02
      vertex  -3.225186e-02 -3.261747e-02 -2.304268e-02
      vertex  -3.632102e-02 -1.430197e-02 -9.417471e-03
    endloop
  endfacet
  facet normal -8.511405e-02 -7.023752e-01  7.066998e-01
    outer loop
      vertex  -1.817609e-03  4.284359e-02  1.855267e-02
      vertex   3.821014e-03  4.361363e-02  1.999711e-02
      vertex  -9.642922e-03  4.718181e-02  2.192188e-02
    endloop
  endfacet
  facet normal -1.970833e-02  9.988267e-01 -4.423453e-02
    outer loop
      vertex  -1.676940e-04 -4.009021e-02 -1.723218e-02
      vertex  -3.427509e-03 -3.890521e-02  1.097788e-02
      vertex   3.315308e-03 -3.888547e-02  8.419413e-03
    endloop
  endfacet
  facet normal -2.106045e-02 -7.040507e-01  7.098374e-01
    outer loop
      vertex   1.338082e-02 -4.685237e-02  2.184382e-02
      vertex  -1.634237e-02 -4.573082e-02  2.207435e-02
      vertex  -5.503291e-03 -4.839348e-02  1.975499e-02
    endloop
  endfacet
  facet normal  5.816350e-01  1.738885e-01  7.946468e-01
    outer loop
      vertex  -4.181230e-02 -2.611988e-02  2.218947e-02
      vertex  -4.102243e-02 -4.118162e-03  1.679681e-02
      vertex  -4.764482e-02 -6.419206e-03  2.214754e-02
    endloop
  endfacet
  facet normal  2.650045e-01  7.224191e-01  6.386573e-01
    outer loop
      vertex  -4.764482e-02 -6.419206e-03  2.214754e-02
      vertex  -4.102243e-02 -4.118162e-03  1.679681e-02
      vertex  -4.472267e-02 -2.009602e-03  1.594708e-02
    endloop
  endfacet
  facet normal -6.292593e-01  1.185498e-01  7.681007e-01
    outer loop
      vertex  -4.863235e-02  7.155306e-03  1.924341e-02
      vertex  -4.764482e-02 -6.419206e-03  2.214754e-02
      vertex  -4.203220e-02  2.318990e-02  2.217571e-02
    endloop
  endfacet
  facet normal  7.505454e-01 -1.428851e-01  6.451864e-01
    outer loop
      vertex  -4.203220e-02  2.318990e-02  2.217571e-02
      vertex  -4.764482e-02 -6.419206e-03  2.214754e-02
      vertex  -4.269601e-02  3.657224e-03  1.862214e-02
    endloop
  endfacet
  facet normal  3.247226e-02  7.175724e-01  6.957266e-01
    outer loop
      vertex   1.338082e-02 -4.685237e-02  2.184382e-02
      vertex  -1.972868e-03 -4.326194e-02  1.885727e-02
      vertex  -1.634237e-02 -4.573082e-02  2.207435e-02
    endloop
  endfacet
  facet normal  1.743108e-01  2.323427e-01  9.568869e-01
    outer loop
      vertex  -1.634237e-02 -4.573082e-02  2.207435e-02
      vertex  -1.972868e-03 -4.326194e-02  1.885727e-02
      vertex  -2.746899e-02 -3.966996e-02  2.262958e-02
    endloop
  endfacet
  facet normal  1.893895e-01  8.736825e-01  4.481189e-01
    outer loop
      vertex  -1.972868e-03 -4.326194e-02  1.885727e-02
      vertex  -3.427509e-03 -3.890521e-02  1.097788e-02
      vertex  -2.746899e-02 -3.966996e-02  2.262958e-02
    endloop
  endfacet
  facet normal  2.707077e-01  7.467080e-01  6.075727e-01
    outer loop
      vertex  -2.746899e-02 -3.966996e-02  2.262958e-02
      vertex  -3.427509e-03 -3.890521e-02  1.097788e-02
      vertex  -1.747768e-02 -3.571332e-02  1.331517e-02
    endloop
  endfacet
  facet normal  8.436023e-02 -5.118101e-01  8.549466e-01
    outer loop
      vertex  -9.642922e-03  4.718181e-02  2.192188e-02
      vertex  -2.099684e-02  3.400083e-02  1.515146e-02
      vertex  -1.817609e-03  4.284359e-02  1.855267e-02
    endloop
  endfacet
  facet normal  4.549829e-01  5.320727e-01  7.140653e-01
    outer loop
      vertex  -2.746899e-02 -3.966996e-02  2.262958e-02
      vertex  -1.747768e-02 -3.571332e-02  1.331517e-02
      vertex  -3.223061e-02 -2.290924e-02  1.317462e-02
    endloop
  endfacet
  facet normal  6.551226e-01  7.543811e-01 -4.151563e-02
    outer loop
      vertex  -1.747768e-02 -3.571332e-02  1.331517e-02
      vertex  -2.779537e-02 -2.808798e-02 -1.093943e-02
      vertex  -3.223061e-02 -2.290924e-02  1.317462e-02
    endloop
  endfacet
  facet normal  4.797405e-01  5.305238e-01  6.988516e-01
    outer loop
      vertex  -4.181230e-02 -2.611988e-02  2.218947e-02
      vertex  -2.746899e-02 -3.966996e-02  2.262958e-02
      vertex  -3.223061e-02 -2.290924e-02  1.317462e-02
    endloop
  endfacet
  facet normal  8.518498e-01  5.218840e-01  4.459897e-02
    outer loop
      vertex  -3.632102e-02 -1.430197e-02 -9.417471e-03
      vertex  -3.223061e-02 -2.290924e-02  1.317462e-02
      vertex  -2.779537e-02 -2.808798e-02 -1.093943e-02
    endloop
  endfacet
  facet normal  4.658702e-01 -3.905894e-01  7.939804e-01
    outer loop
      vertex  -2.867647e-02  3.923395e-02  2.223187e-02
      vertex  -4.203220e-02  2.318990e-02  2.217571e-02
      vertex  -2.099684e-02  3.400083e-02  1.515146e-02
    endloop
  endfacet
  facet normal  4.862894e-01 -4.658895e-01  7.392359e-01
    outer loop
      vertex  -4.203220e-02  2.318990e-02  2.217571e-02
      vertex  -3.503114e-02  1.964055e-02  1.533332e-02
      vertex  -2.099684e-02  3.400083e-02  1.515146e-02
    endloop
  endfacet
  facet normal  7.149720e-01 -6.983071e-01  3.438514e-02
    outer loop
      vertex  -2.099684e-02  3.400083e-02  1.515146e-02
      vertex  -3.503114e-02  1.964055e-02  1.533332e-02
      vertex  -1.784957e-02  3.568257e-02 -1.613623e-02
    endloop
  endfacet
  facet normal  5.821396e-01 -8.076512e-01 -9.387758e-02
    outer loop
      vertex  -3.503114e-02  1.964055e-02  1.533332e-02
      vertex  -2.927156e-02  2.698631e-02 -1.214851e-02
      vertex  -1.784957e-02  3.568257e-02 -1.613623e-02
    endloop
  endfacet
  facet normal  2.279277e-01  9.727861e-01  4.166757e-02
    outer loop
      vertex  -1.747768e-02 -3.571332e-02  1.331517e-02
      vertex  -3.427509e-03 -3.890521e-02  1.097788e-02
      vertex  -2.591895e-02 -3.241143e-02 -1.759683e-02
    endloop
  endfacet
  facet normal  2.858433e-01  9.582492e-01 -7.221969e-03
    outer loop
      vertex  -3.427509e-03 -3.890521e-02  1.097788e-02
      vertex  -1.676940e-04 -4.009021e-02 -1.723218e-02
      vertex  -2.591895e-02 -3.241143e-02 -1.759683e-02
    endloop
  endfacet
  facet normal  1.819107e-01  5.720678e-01 -7.997793e-01
    outer loop
      vertex  -2.591895e-02 -3.241143e-02 -1.759683e-02
      vertex  -1.676940e-04 -4.009021e-02 -1.723218e-02
      vertex  -5.871537e-03 -4.583922e-02 -2.264168e-02
    endloop
  endfacet
  facet normal  7.964717e-01  5.844545e-01 -1.550671e-01
    outer loop
      vertex  -1.747768e-02 -3.571332e-02  1.331517e-02
      vertex  -2.591895e-02 -3.241143e-02 -1.759683e-02
      vertex  -2.779537e-02 -2.808798e-02 -1.093943e-02
    endloop
  endfacet
  facet normal  3.964424e-01  7.761179e-01 -4.903819e-01
    outer loop
      vertex  -2.591895e-02 -3.241143e-02 -1.759683e-02
      vertex  -5.871537e-03 -4.583922e-02 -2.264168e-02
      vertex  -3.225186e-02 -3.261747e-02 -2.304268e-02
    endloop
  endfacet
  facet normal  6.476229e-01  1.593771e-01  7.451064e-01
    outer loop
      vertex  -4.181230e-02 -2.611988e-02  2.218947e-02
      vertex  -3.223061e-02 -2.290924e-02  1.317462e-02
      vertex  -4.102243e-02 -4.118162e-03  1.679681e-02
    endloop
  endfacet
  facet normal  9.055868e-01  4.241544e-01 -2.363942e-03
    outer loop
      vertex  -4.102243e-02 -4.118162e-03  1.679681e-02
      vertex  -3.223061e-02 -2.290924e-02  1.317462e-02
      vertex  -3.632102e-02 -1.430197e-02 -9.417471e-03
    endloop
  endfacet
  facet normal  9.052603e-01  5.412120e-04 -4.248571e-01
    outer loop
      vertex  -3.632102e-02 -1.430197e-02 -9.417471e-03
      vertex  -4.263100e-02 -1.644468e-02 -2.286512e-02
      vertex  -4.092633e-02  1.469974e-04 -1.921180e-02
    endloop
  endfacet
  facet normal  2.679604e-01 -6.127123e-01  7.434924e-01
    outer loop
      vertex  -2.867647e-02  3.923395e-02  2.223187e-02
      vertex  -2.099684e-02  3.400083e-02  1.515146e-02
      vertex  -9.642922e-03  4.718181e-02  2.192188e-02
    endloop
  endfacet
  facet normal  2.935932e-01 -7.482270e-01 -5.949449e-01
    outer loop
      vertex  -1.784957e-02  3.568257e-02 -1.613623e-02
      vertex  -2.317111e-02  3.917052e-02 -2.314888e-02
      vertex  -4.482529e-03  4.584530e-02 -2.232092e-02
    endloop
  endfacet
  facet normal  7.091810e-01  8.134076e-02 -7.003186e-01
    outer loop
      vertex  -4.538935e-02  7.168245e-03 -2.291578e-02
      vertex  -4.092633e-02  1.469974e-04 -1.921180e-02
      vertex  -4.263100e-02 -1.644468e-02 -2.286512e-02
    endloop
  endfacet
  facet normal  9.656283e-01  2.398117e-01 -1.002611e-01
    outer loop
      vertex  -4.092633e-02  1.469974e-04 -1.921180e-02
      vertex  -3.885435e-02  3.118905e-03  7.852153e-03
      vertex  -3.632102e-02 -1.430197e-02 -9.417471e-03
    endloop
  endfacet
  facet normal  9.890628e-01 -2.366694e-03  1.474760e-01
    outer loop
      vertex  -3.632102e-02 -1.430197e-02 -9.417471e-03
      vertex  -3.885435e-02  3.118905e-03  7.852153e-03
      vertex  -3.908538e-02 -1.596021e-03  9.325871e-03
    endloop
  endfacet
  facet normal  9.778764e-01 -2.024534e-01 -5.263346e-02
    outer loop
      vertex  -4.092633e-02  1.469974e-04 -1.921180e-02
      vertex  -3.503114e-02  1.964055e-02  1.533332e-02
      vertex  -3.885435e-02  3.118905e-03  7.852153e-03
    endloop
  endfacet
  facet normal  5.937135e-01 -4.640205e-02 -8.033375e-01
    outer loop
      vertex  -4.538935e-02  7.168245e-03 -2.291578e-02
      vertex  -2.927156e-02  2.698631e-02 -1.214851e-02
      vertex  -4.092633e-02  1.469974e-04 -1.921180e-02
    endloop
  endfacet
  facet normal  9.065864e-01 -4.145218e-01  7.920092e-02
    outer loop
      vertex  -4.092633e-02  1.469974e-04 -1.921180e-02
      vertex  -2.927156e-02  2.698631e-02 -1.214851e-02
      vertex  -3.503114e-02  1.964055e-02  1.533332e-02
    endloop
  endfacet
  facet normal  6.482144e-01 -1.575625e-01  7.449779e-01
    outer loop
      vertex  -4.269601e-02  3.657224e-03  1.862214e-02
      vertex  -3.503114e-02  1.964055e-02  1.533332e-02
      vertex  -4.203220e-02  2.318990e-02  2.217571e-02
    endloop
  endfacet
  facet normal  8.689661e-02 -5.988123e-01 -7.961613e-01
    outer loop
      vertex  -4.482529e-03  4.584530e-02 -2.232092e-02
      vertex   1.896340e-04  4.013568e-02 -1.751664e-02
      vertex  -1.784957e-02  3.568257e-02 -1.613623e-02
    endloop
  endfacet
  facet normal  2.375251e-01 -9.709691e-01 -2.829776e-02
    outer loop
      vertex  -1.784957e-02  3.568257e-02 -1.613623e-02
      vertex   1.896340e-04  4.013568e-02 -1.751664e-02
      vertex  -2.099684e-02  3.400083e-02  1.515146e-02
    endloop
  endfacet
  facet normal  2.610877e-01 -9.652412e-01 -1.194084e-02
    outer loop
      vertex   1.896340e-04  4.013568e-02 -1.751664e-02
      vertex  -2.048441e-03  3.916505e-02  1.200900e-02
      vertex  -2.099684e-02  3.400083e-02  1.515146e-02
    endloop
  endfacet
  facet normal  3.036699e-01 -8.350767e-01  4.587280e-01
    outer loop
      vertex  -2.099684e-02  3.400083e-02  1.515146e-02
      vertex  -2.048441e-03  3.916505e-02  1.200900e-02
      vertex  -1.817609e-03  4.284359e-02  1.855267e-02
    endloop
  endfacet
  facet normal  6.680812e-01 -4.101799e-01 -6.208220e-01
    outer loop
      vertex  -4.566126e-03  4.788253e-02  1.226568e-02
      vertex   4.543959e-03  4.930957e-02  2.112640e-02
      vertex  -1.817609e-03  4.284359e-02  1.855267e-02
    endloop
  endfacet
  facet normal -6.889779e-01  7.178002e-01 -1.003608e-01
    outer loop
      vertex  -1.817609e-03  4.284359e-02  1.855267e-02
      vertex   4.543959e-03  4.930957e-02  2.112640e-02
      vertex   4.002110e-03  4.743752e-02  1.145693e-02
    endloop
  endfacet
  facet normal  8.576588e-02  9.086448e-01  4.086672e-01
    outer loop
      vertex   4.002110e-03  4.743752e-02  1.145693e-02
      vertex  -4.566126e-03  4.788253e-02  1.226568e-02
      vertex   3.821014e-03  4.361363e-02  1.999711e-02
    endloop
  endfacet
  facet normal -5.713574e-01  2.767610e-01  7.726280e-01
    outer loop
      vertex   3.821014e-03  4.361363e-02  1.999711e-02
      vertex  -4.566126e-03  4.788253e-02  1.226568e-02
      vertex  -3.069632e-03  4.335827e-02  1.499296e-02
    endloop
  endfacet
  facet normal  9.416577e-01  1.224983e-01 -3.134885e-01
    outer loop
      vertex  -4.566126e-03  4.788253e-02  1.226568e-02
      vertex  -1.817609e-03  4.284359e-02  1.855267e-02
      vertex  -3.069632e-03  4.335827e-02  1.499296e-02
    endloop
  endfacet
  facet normal  2.227932e-01 -8.915009e-01 -3.944480e-01
    outer loop
      vertex   3.821014e-03  4.361363e-02  1.999711e-02
      vertex  -1.817609e-03  4.284359e-02  1.855267e-02
      vertex   4.002110e-03  4.743752e-02  1.145693e-02
    endloop
  endfacet
  facet normal  6.126243e-01 -1.873406e-01 -7.678509e-01
    outer loop
      vertex   4.477103e-02  1.864526e-03  1.550930e-02
      vertex   4.871299e-02  4.057751e-03  1.811926e-02
      vertex   4.639743e-02 -7.871831e-04  1.745388e-02
    endloop
  endfacet
  facet normal -5.258922e-01  7.765312e-01  3.470398e-01
    outer loop
      vertex   4.639743e-02 -7.871831e-04  1.745388e-02
      vertex   4.738162e-02  3.272696e-03  9.860965e-03
      vertex   4.205573e-02 -2.884484e-03  1.556751e-02
    endloop
  endfacet
  facet normal  8.376402e-01 -4.756362e-01  2.685686e-01
    outer loop
      vertex   4.738162e-02  3.272696e-03  9.860965e-03
      vertex   4.477103e-02  1.864526e-03  1.550930e-02
      vertex   4.205573e-02 -2.884484e-03  1.556751e-02
    endloop
  endfacet
  facet normal  4.835251e-01 -8.753147e-01  5.257790e-03
    outer loop
      vertex   4.871299e-02  4.057751e-03  1.811926e-02
      vertex   4.477103e-02  1.864526e-03  1.550930e-02
      vertex   4.738162e-02  3.272696e-03  9.860965e-03
    endloop
  endfacet
  facet normal  1.215337e-01  3.878418e-01 -9.136785e-01
    outer loop
      vertex  -4.269601e-02  3.657224e-03  1.862214e-02
      vertex  -4.472267e-02 -2.009602e-03  1.594708e-02
      vertex  -4.786370e-02 -2.606564e-03  1.527588e-02
    endloop
  endfacet
  facet normal  1.293860e-01  3.820831e-01 -9.150255e-01
    outer loop
      vertex  -4.786370e-02 -2.606564e-03  1.527588e-02
      vertex  -4.863235e-02  7.155306e-03  1.924341e-02
      vertex  -4.269601e-02  3.657224e-03  1.862214e-02
    endloop
  endfacet
  facet normal -4.444826e-01 -8.188183e-01  3.632792e-01
    outer loop
      vertex  -4.863235e-02  7.155306e-03  1.924341e-02
      vertex  -4.868435e-02  4.133025e-03  1.236767e-02
      vertex  -4.269601e-02  3.657224e-03  1.862214e-02
    endloop
  endfacet
  facet normal -1.754882e-01 -9.800346e-01  9.346625e-02
    outer loop
      vertex  -4.269601e-02  3.657224e-03  1.862214e-02
      vertex  -4.868435e-02  4.133025e-03  1.236767e-02
      vertex  -4.365600e-02  3.423607e-03  1.437011e-02
    endloop
  endfacet
  facet normal -3.046196e-01  3.458578e-01  8.874623e-01
    outer loop
      vertex  -4.786370e-02 -2.606564e-03  1.527588e-02
      vertex  -4.365600e-02  3.423607e-03  1.437011e-02
      vertex  -4.868435e-02  4.133025e-03  1.236767e-02
    endloop
  endfacet
  facet normal -2.552518e-01  3.153945e-01  9.139873e-01
    outer loop
      vertex  -4.472267e-02 -2.009602e-03  1.594708e-02
      vertex  -4.365600e-02  3.423607e-03  1.437011e-02
      vertex  -4.786370e-02 -2.606564e-03  1.527588e-02
    endloop
  endfacet
  facet normal -3.061846e-01  4.429184e-02 -9.509412e-01
    outer loop
      vertex   2.158113e-03 -4.805566e-02  1.730390e-02
      vertex  -5.503291e-03 -4.839348e-02  1.975499e-02
      vertex  -1.972868e-03 -4.326194e-02  1.885727e-02
    endloop
  endfacet
  facet normal  7.949060e-01 -4.825390e-01  3.678052e-01
    outer loop
      vertex  -1.972868e-03 -4.326194e-02  1.885727e-02
      vertex  -5.503291e-03 -4.839348e-02  1.975499e-02
      vertex  -2.154564e-03 -4.877227e-02  1.202072e-02
    endloop
  endfacet
  facet normal  8.153776e-02  3.701327e-01 -9.253936e-01
    outer loop
      vertex  -1.972868e-03 -4.326194e-02  1.885727e-02
      vertex   2.940717e-03 -4.286074e-02  1.945068e-02
      vertex   2.158113e-03 -4.805566e-02  1.730390e-02
    endloop
  endfacet
  facet normal -6.595160e-01  5.964634e-01  4.574605e-01
    outer loop
      vertex  -2.154564e-03 -4.877227e-02  1.202072e-02
      vertex   2.158113e-03 -4.805566e-02  1.730390e-02
      vertex   3.241932e-03 -4.367769e-02  1.315818e-02
    endloop
  endfacet
  facet normal -9.817568e-01  1.768064e-01 -6.995031e-02
    outer loop
      vertex   3.241932e-03 -4.367769e-02  1.315818e-02
      vertex   2.158113e-03 -4.805566e-02  1.730390e-02
      vertex   2.940717e-03 -4.286074e-02  1.945068e-02
    endloop
  endfacet
  facet normal  5.221795e-01 -6.707289e-01  5.267365e-01
    outer loop
      vertex  -1.972868e-03 -4.326194e-02  1.885727e-02
      vertex  -2.154564e-03 -4.877227e-02  1.202072e-02
      vertex   3.241932e-03 -4.367769e-02  1.315818e-02
    endloop
  endfacet
  facet normal -1.771793e-03  9.972292e-01 -7.436938e-02
    outer loop
      vertex  -1.972868e-03 -4.326194e-02  1.885727e-02
      vertex   3.241932e-03 -4.367769e-02  1.315818e-02
      vertex  -3.263978e-03 -4.356559e-02  1.481638e-02
    endloop
  endfacet
  facet normal -7.412571e-01 -6.281424e-01 -2.365904e-01
    outer loop
      vertex   4.639743e-02 -7.871831e-04  1.745388e-02
      vertex   4.209962e-02  3.981741e-03  1.825787e-02
      vertex   4.477103e-02  1.864526e-03  1.550930e-02
    endloop
  endfacet
  facet normal  2.233430e-01  3.543656e-01 -9.080434e-01
    outer loop
      vertex   4.209962e-02  3.981741e-03  1.825787e-02
      vertex   4.639743e-02 -7.871831e-04  1.745388e-02
      vertex   4.205573e-02 -2.884484e-03  1.556751e-02
    endloop
  endfacet
  facet normal -5.347986e-01  7.719005e-01  3.437442e-01
    outer loop
      vertex  -1.632318e-02  1.290144e-02 -1.219629e-02
      vertex  -2.026362e-03  2.021541e-02 -6.377256e-03
      vertex  -1.231126e-02  1.674918e-02 -1.459491e-02
    endloop
  endfacet
  facet normal -5.418759e-01  7.351766e-01  4.072908e-01
    outer loop
      vertex  -2.026362e-03  2.021541e-02 -6.377256e-03
      vertex  -1.632318e-02  1.290144e-02 -1.219629e-02
      vertex  -1.873081e-02  7.911417e-03 -6.392315e-03
    endloop
  endfacet
  facet normal  8.098170e-01  5.403076e-01  2.286136e-01
    outer loop
      vertex   1.353582e-02  1.445049e-02 -8.798821e-03
      vertex   1.939991e-02  4.640399e-03 -6.385924e-03
      vertex   1.680640e-02  1.215136e-02 -1.495041e-02
    endloop
  endfacet
  facet normal  4.352520e-01 -8.994061e-01  4.030260e-02
    outer loop
      vertex   1.211304e-02 -1.576603e-02 -1.953655e-02
      vertex   1.385200e-02 -1.440427e-02 -7.927223e-03
      vertex   1.011477e-03 -2.097919e-02 -1.598275e-02
    endloop
  endfacet
  facet normal -9.569811e-01 -2.867732e-01  4.413962e-02
    outer loop
      vertex  -1.699611e-02 -1.172039e-02 -1.638222e-02
      vertex  -1.696195e-02 -1.055595e-02 -8.076234e-03
      vertex  -2.088623e-02  1.245005e-03 -1.648740e-02
    endloop
  endfacet
  facet normal -9.526975e-01 -1.168356e-01  2.805654e-01
    outer loop
      vertex  -1.696195e-02 -1.055595e-02 -8.076234e-03
      vertex  -1.873081e-02  7.911417e-03 -6.392315e-03
      vertex  -2.088623e-02  1.245005e-03 -1.648740e-02
    endloop
  endfacet
  facet normal -9.227710e-01  3.814244e-01 -5.485621e-02
    outer loop
      vertex  -1.873081e-02  7.911417e-03 -6.392315e-03
      vertex  -1.632318e-02  1.290144e-02 -1.219629e-02
      vertex  -2.088623e-02  1.245005e-03 -1.648740e-02
    endloop
  endfacet
  facet normal  4.227853e-01 -9.039741e-01  6.390291e-02
    outer loop
      vertex   1.385200e-02 -1.440427e-02 -7.927223e-03
      vertex   2.605931e-03 -1.955527e-02 -6.388834e-03
      vertex   1.011477e-03 -2.097919e-02 -1.598275e-02
    endloop
  endfacet
  facet normal -2.723673e-01 -9.441629e-01  1.853981e-01
    outer loop
      vertex   2.605931e-03 -1.955527e-02 -6.388834e-03
      vertex  -1.203519e-02 -1.641154e-02 -1.188819e-02
      vertex   1.011477e-03 -2.097919e-02 -1.598275e-02
    endloop
  endfacet
  facet normal  9.380094e-01  3.460639e-01  1.944448e-02
    outer loop
      vertex   1.680640e-02  1.215136e-02 -1.495041e-02
      vertex   1.939991e-02  4.640399e-03 -6.385924e-03
      vertex   2.034098e-02  2.646879e-03 -1.630387e-02
    endloop
  endfacet
  facet normal  9.892420e-01 -9.335385e-02  1.126293e-01
    outer loop
      vertex   1.939991e-02  4.640399e-03 -6.385924e-03
      vertex   1.825438e-02 -7.476829e-03 -6.368033e-03
      vertex   2.034098e-02  2.646879e-03 -1.630387e-02
    endloop
  endfacet
  facet normal  9.651996e-01 -2.551623e-01 -5.728787e-02
    outer loop
      vertex   2.034098e-02  2.646879e-03 -1.630387e-02
      vertex   1.825438e-02 -7.476829e-03 -6.368033e-03
      vertex   1.602533e-02 -1.270579e-02 -2.063371e-02
    endloop
  endfacet
  facet normal  8.347527e-01 -5.461872e-01  6.976759e-02
    outer loop
      vertex   1.825438e-02 -7.476829e-03 -6.368033e-03
      vertex   1.385200e-02 -1.440427e-02 -7.927223e-03
      vertex   1.602533e-02 -1.270579e-02 -2.063371e-02
    endloop
  endfacet
  facet normal -2.576598e-01  9.626161e-01 -8.355653e-02
    outer loop
      vertex  -1.231126e-02  1.674918e-02 -1.459491e-02
      vertex  -2.026362e-03  2.021541e-02 -6.377256e-03
      vertex   1.760017e-03  1.991394e-02 -2.152621e-02
    endloop
  endfacet
  facet normal  2.501424e-01  9.672415e-01  4.327318e-02
    outer loop
      vertex   1.760017e-03  1.991394e-02 -2.152621e-02
      vertex  -2.026362e-03  2.021541e-02 -6.377256e-03
      vertex   1.230064e-02  1.698979e-02 -1.709612e-02
    endloop
  endfacet
  facet normal  3.688605e-01  9.027403e-01  2.213639e-01
    outer loop
      vertex  -2.026362e-03  2.021541e-02 -6.377256e-03
      vertex   1.353582e-02  1.445049e-02 -8.798821e-03
      vertex   1.230064e-02  1.698979e-02 -1.709612e-02
    endloop
  endfacet
  facet normal  3.825640e-01 -9.054570e-01 -1.838268e-01
    outer loop
      vertex   2.891180e-02 -3.660010e-02  3.666996e-03
      vertex   1.338082e-02 -4.685237e-02  2.184382e-02
      vertex   5.619790e-03 -4.618113e-02  2.386010e-03
    endloop
  endfacet
  facet normal  5.144382e-01  8.547021e-01 -6.955424e-02
    outer loop
      vertex   1.467821e-02  4.368544e-02 -9.493907e-03
      vertex   1.439468e-02  4.563565e-02  1.237371e-02
      vertex   3.003462e-02  3.544060e-02  2.770501e-03
    endloop
  endfacet
  facet normal -3.319385e-01  9.396595e-01 -8.280564e-02
    outer loop
      vertex  -2.317111e-02  3.917052e-02 -2.314888e-02
      vertex  -1.638021e-02  4.350797e-02 -1.150765e-03
      vertex  -4.482529e-03  4.584530e-02 -2.232092e-02
    endloop
  endfacet
  facet normal  3.558891e-01  9.313173e-01 -7.740186e-02
    outer loop
      vertex   1.548842e-02  4.223848e-02 -2.317881e-02
      vertex   1.467821e-02  4.368544e-02 -9.493907e-03
      vertex   2.334499e-02  3.938669e-02 -2.136819e-02
    endloop
  endfacet
  facet normal  9.918342e-01 -1.147351e-01 -5.568543e-02
    outer loop
      vertex   4.418399e-02 -1.163934e-02 -2.247328e-02
      vertex   4.551276e-02  8.568339e-05 -2.296450e-02
      vertex   4.616098e-02 -6.667402e-03  2.495451e-03
    endloop
  endfacet
  facet normal  9.330798e-01 -3.596623e-01 -2.261762e-03
    outer loop
      vertex   4.418399e-02 -1.163934e-02 -2.247328e-02
      vertex   4.616098e-02 -6.667402e-03  2.495451e-03
      vertex   3.976571e-02 -2.325604e-02  2.058103e-03
    endloop
  endfacet
  facet normal  7.761195e-01 -6.305568e-01  6.054578e-03
    outer loop
      vertex   3.976571e-02 -2.325604e-02  2.058103e-03
      vertex   2.891180e-02 -3.660010e-02  3.666996e-03
      vertex   3.358797e-02 -3.109780e-02 -2.271706e-02
    endloop
  endfacet
  facet normal  5.864811e-01 -8.073959e-01 -6.443506e-02
    outer loop
      vertex   3.358797e-02 -3.109780e-02 -2.271706e-02
      vertex   2.891180e-02 -3.660010e-02  3.666996e-03
      vertex   1.887259e-02 -4.172951e-02 -2.343547e-02
    endloop
  endfacet
  facet normal  3.785471e-01 -9.249264e-01  3.483106e-02
    outer loop
      vertex   2.891180e-02 -3.660010e-02  3.666996e-03
      vertex   5.619790e-03 -4.618113e-02  2.386010e-03
      vertex   1.887259e-02 -4.172951e-02 -2.343547e-02
    endloop
  endfacet
  facet normal  1.605001e-01 -9.831831e-01 -8.712439e-02
    outer loop
      vertex   1.887259e-02 -4.172951e-02 -2.343547e-02
      vertex   5.619790e-03 -4.618113e-02  2.386010e-03
      vertex  -5.871537e-03 -4.583922e-02 -2.264168e-02
    endloop
  endfacet
  facet normal -7.965522e-02 -9.965581e-01  2.295887e-02
    outer loop
      vertex   5.619790e-03 -4.618113e-02  2.386010e-03
      vertex  -9.736332e-03 -4.496917e-02  1.714899e-03
      vertex  -5.871537e-03 -4.583922e-02 -2.264168e-02
    endloop
  endfacet
  facet normal -3.931176e-01 -9.190133e-01 -2.954996e-02
    outer loop
      vertex  -9.736332e-03 -4.496917e-02  1.714899e-03
      vertex  -2.749188e-02 -3.739483e-02  2.361403e-03
      vertex  -5.871537e-03 -4.583922e-02 -2.264168e-02
    endloop
  endfacet
  facet normal -4.454575e-01 -8.913391e-01 -8.415514e-02
    outer loop
      vertex  -5.871537e-03 -4.583922e-02 -2.264168e-02
      vertex  -2.749188e-02 -3.739483e-02  2.361403e-03
      vertex  -3.225186e-02 -3.261747e-02 -2.304268e-02
    endloop
  endfacet
  facet normal -8.400013e-01 -5.396972e-01  5.589892e-02
    outer loop
      vertex  -2.749188e-02 -3.739483e-02  2.361403e-03
      vertex  -4.263100e-02 -1.644468e-02 -2.286512e-02
      vertex  -3.225186e-02 -3.261747e-02 -2.304268e-02
    endloop
  endfacet
  facet normal -9.889538e-01 -1.157239e-01 -9.261891e-02
    outer loop
      vertex  -4.263100e-02 -1.644468e-02 -2.286512e-02
      vertex  -4.612539e-02 -6.881277e-03  2.497738e-03
      vertex  -4.538935e-02  7.168245e-03 -2.291578e-02
    endloop
  endfacet
  facet normal -9.978005e-01  6.586100e-02  7.511606e-03
    outer loop
      vertex  -4.612539e-02 -6.881277e-03  2.497738e-03
      vertex  -4.498149e-02  1.056067e-02  1.517452e-03
      vertex  -4.538935e-02  7.168245e-03 -2.291578e-02
    endloop
  endfacet
  facet normal -8.961097e-01  4.414081e-01 -4.632856e-02
    outer loop
      vertex  -4.538935e-02  7.168245e-03 -2.291578e-02
      vertex  -4.498149e-02  1.056067e-02  1.517452e-03
      vertex  -3.330402e-02  3.171223e-02 -2.282668e-02
    endloop
  endfacet
  facet normal -8.979121e-01  4.372310e-01 -5.082241e-02
    outer loop
      vertex  -4.498149e-02  1.056067e-02  1.517452e-03
      vertex  -3.563441e-02  3.012012e-02  4.648716e-03
      vertex  -3.330402e-02  3.171223e-02 -2.282668e-02
    endloop
  endfacet
  facet normal -5.921189e-01  8.054941e-01  2.396693e-02
    outer loop
      vertex  -2.317111e-02  3.917052e-02 -2.314888e-02
      vertex  -3.330402e-02  3.171223e-02 -2.282668e-02
      vertex  -1.638021e-02  4.350797e-02 -1.150765e-03
    endloop
  endfacet
  facet normal -5.710571e-01  8.209099e-01 -8.664813e-04
    outer loop
      vertex  -1.638021e-02  4.350797e-02 -1.150765e-03
      vertex  -3.330402e-02  3.171223e-02 -2.282668e-02
      vertex  -3.563441e-02  3.012012e-02  4.648716e-03
    endloop
  endfacet
  facet normal  4.625709e-01  8.864247e-01  1.671504e-02
    outer loop
      vertex   1.467821e-02  4.368544e-02 -9.493907e-03
      vertex   3.003462e-02  3.544060e-02  2.770501e-03
      vertex   2.334499e-02  3.938669e-02 -2.136819e-02
    endloop
  endfacet
  facet normal  6.203621e-01  7.830856e-01 -4.390752e-02
    outer loop
      vertex   2.334499e-02  3.938669e-02 -2.136819e-02
      vertex   3.003462e-02  3.544060e-02  2.770501e-03
      vertex   3.307364e-02  3.161260e-02 -2.256377e-02
    endloop
  endfacet
  facet normal  8.221266e-01  5.691648e-01  1.261894e-02
    outer loop
      vertex   3.307364e-02  3.161260e-02 -2.256377e-02
      vertex   3.003462e-02  3.544060e-02  2.770501e-03
      vertex   4.241515e-02  1.810537e-02 -2.193547e-02
    endloop
  endfacet
  facet normal  7.803853e-01  6.235696e-01 -4.647202e-02
    outer loop
      vertex   3.003462e-02  3.544060e-02  2.770501e-03
      vertex   4.158397e-02  2.109233e-02  4.186403e-03
      vertex   4.241515e-02  1.810537e-02 -2.193547e-02
    endloop
  endfacet
  facet normal  9.513860e-01  3.079615e-01 -4.941959e-03
    outer loop
      vertex   4.158397e-02  2.109233e-02  4.186403e-03
      vertex   4.738162e-02  3.272696e-03  9.860965e-03
      vertex   4.241515e-02  1.810537e-02 -2.193547e-02
    endloop
  endfacet
  facet normal  9.822338e-01  1.729997e-01 -7.271837e-02
    outer loop
      vertex   4.241515e-02  1.810537e-02 -2.193547e-02
      vertex   4.738162e-02  3.272696e-03  9.860965e-03
      vertex   4.551276e-02  8.568339e-05 -2.296450e-02
    endloop
  endfacet
  facet normal  9.950879e-01 -8.643474e-02 -4.826180e-02
    outer loop
      vertex   4.738162e-02  3.272696e-03  9.860965e-03
      vertex   4.616098e-02 -6.667402e-03  2.495451e-03
      vertex   4.551276e-02  8.568339e-05 -2.296450e-02
    endloop
  endfacet
  facet normal  8.765686e-01 -4.764830e-01 -6.775958e-02
    outer loop
      vertex   3.976571e-02 -2.325604e-02  2.058103e-03
      vertex   3.358797e-02 -3.109780e-02 -2.271706e-02
      vertex   4.418399e-02 -1.163934e-02 -2.247328e-02
    endloop
  endfacet
  facet normal  4.905544e-01 -7.720293e-01 -4.041375e-01
    outer loop
      vertex   1.602533e-02 -1.270579e-02 -2.063371e-02
      vertex   1.211304e-02 -1.576603e-02 -1.953655e-02
      vertex   6.086059e-03 -1.282308e-02 -3.247425e-02
    endloop
  endfacet
  facet normal  5.928032e-01 -4.244150e-01 -6.844387e-01
    outer loop
      vertex   1.454457e-02 -1.540124e-03 -3.214466e-02
      vertex   6.086059e-03 -1.282308e-02 -3.247425e-02
      vertex   4.750078e-04  2.333510e-03 -4.673254e-02
    endloop
  endfacet
  facet normal  7.589560e-02 -6.681674e-01 -7.401298e-01
    outer loop
      vertex   6.086059e-03 -1.282308e-02 -3.247425e-02
      vertex  -3.136236e-03 -1.384016e-02 -3.250174e-02
      vertex   4.750078e-04  2.333510e-03 -4.673254e-02
    endloop
  endfacet
  facet normal -5.170522e-01 -4.974447e-01 -6.965671e-01
    outer loop
      vertex  -3.136236e-03 -1.384016e-02 -3.250174e-02
      vertex  -1.362923e-02 -4.204635e-04 -3.429645e-02
      vertex   4.750078e-04  2.333510e-03 -4.673254e-02
    endloop
  endfacet
  facet normal  3.350721e-01  7.646945e-01 -5.504262e-01
    outer loop
      vertex   1.760017e-03  1.991394e-02 -2.152621e-02
      vertex   1.334149e-02  1.327802e-02 -2.369512e-02
      vertex   4.750078e-04  2.333510e-03 -4.673254e-02
    endloop
  endfacet
  facet normal  7.122737e-01  3.904318e-01 -5.832917e-01
    outer loop
      vertex   1.334149e-02  1.327802e-02 -2.369512e-02
      vertex   1.454457e-02 -1.540124e-03 -3.214466e-02
      vertex   4.750078e-04  2.333510e-03 -4.673254e-02
    endloop
  endfacet
  facet normal  6.713410e-01 -4.869650e-01 -5.587184e-01
    outer loop
      vertex   1.602533e-02 -1.270579e-02 -2.063371e-02
      vertex   6.086059e-03 -1.282308e-02 -3.247425e-02
      vertex   1.454457e-02 -1.540124e-03 -3.214466e-02
    endloop
  endfacet
  facet normal -5.430566e-01 -5.134764e-01 -6.644031e-01
    outer loop
      vertex  -3.136236e-03 -1.384016e-02 -3.250174e-02
      vertex  -1.372727e-02 -1.328083e-02 -2.427732e-02
      vertex  -1.362923e-02 -4.204635e-04 -3.429645e-02
    endloop
  endfacet
  facet normal -6.358631e-01  4.608654e-01 -6.190972e-01
    outer loop
      vertex  -1.362923e-02 -4.204635e-04 -3.429645e-02
      vertex  -1.330482e-02  1.382794e-02 -2.402291e-02
      vertex   4.750078e-04  2.333510e-03 -4.673254e-02
    endloop
  endfacet
  facet normal -2.335755e-01  8.030680e-01 -5.482009e-01
    outer loop
      vertex  -1.330482e-02  1.382794e-02 -2.402291e-02
      vertex   1.760017e-03  1.991394e-02 -2.152621e-02
      vertex   4.750078e-04  2.333510e-03 -4.673254e-02
    endloop
  endfacet
  facet normal -9.064026e-01 -2.745601e-01 -3.210155e-01
    outer loop
      vertex  -1.699611e-02 -1.172039e-02 -1.638222e-02
      vertex  -2.088623e-02  1.245005e-03 -1.648740e-02
      vertex  -1.372727e-02 -1.328083e-02 -2.427732e-02
    endloop
  endfacet
  facet normal -9.023408e-01 -2.605945e-01 -3.433242e-01
    outer loop
      vertex  -1.372727e-02 -1.328083e-02 -2.427732e-02
      vertex  -2.088623e-02  1.245005e-03 -1.648740e-02
      vertex  -1.362923e-02 -4.204635e-04 -3.429645e-02
    endloop
  endfacet
  facet normal -8.743153e-01  2.968046e-01 -3.840310e-01
    outer loop
      vertex  -2.088623e-02  1.245005e-03 -1.648740e-02
      vertex  -1.330482e-02  1.382794e-02 -2.402291e-02
      vertex  -1.362923e-02 -4.204635e-04 -3.429645e-02
    endloop
  endfacet
  facet normal  3.063858e-01 -8.873529e-01 -3.445760e-01
    outer loop
      vertex   1.211304e-02 -1.576603e-02 -1.953655e-02
      vertex   1.011477e-03 -2.097919e-02 -1.598275e-02
      vertex   6.086059e-03 -1.282308e-02 -3.247425e-02
    endloop
  endfacet
  facet normal  1.009135e-01 -9.037817e-01 -4.159268e-01
    outer loop
      vertex   6.086059e-03 -1.282308e-02 -3.247425e-02
      vertex   1.011477e-03 -2.097919e-02 -1.598275e-02
      vertex  -3.136236e-03 -1.384016e-02 -3.250174e-02
    endloop
  endfacet
  facet normal -3.942067e-01 -8.755223e-01 -2.793953e-01
    outer loop
      vertex   1.011477e-03 -2.097919e-02 -1.598275e-02
      vertex  -1.203519e-02 -1.641154e-02 -1.188819e-02
      vertex  -3.136236e-03 -1.384016e-02 -3.250174e-02
    endloop
  endfacet
  facet normal -2.146877e-01 -9.534808e-01 -2.116210e-01
    outer loop
      vertex  -3.136236e-03 -1.384016e-02 -3.250174e-02
      vertex  -1.203519e-02 -1.641154e-02 -1.188819e-02
      vertex  -1.372727e-02 -1.328083e-02 -2.427732e-02
    endloop
  endfacet
  facet normal  8.791262e-01  3.697549e-01 -3.006967e-01
    outer loop
      vertex   1.680640e-02  1.215136e-02 -1.495041e-02
      vertex   2.034098e-02  2.646879e-03 -1.630387e-02
      vertex   1.334149e-02  1.327802e-02 -2.369512e-02
    endloop
  endfacet
  facet normal  8.689023e-01  2.965376e-01 -3.963260e-01
    outer loop
      vertex   1.334149e-02  1.327802e-02 -2.369512e-02
      vertex   2.034098e-02  2.646879e-03 -1.630387e-02
      vertex   1.454457e-02 -1.540124e-03 -3.214466e-02
    endloop
  endfacet
  facet normal  9.381319e-01 -1.803404e-01 -2.956110e-01
    outer loop
      vertex   2.034098e-02  2.646879e-03 -1.630387e-02
      vertex   1.602533e-02 -1.270579e-02 -2.063371e-02
      vertex   1.454457e-02 -1.540124e-03 -3.214466e-02
    endloop
  endfacet
  facet normal -3.272504e-01  9.118041e-01 -2.480332e-01
    outer loop
      vertex  -1.231126e-02  1.674918e-02 -1.459491e-02
      vertex   1.760017e-03  1.991394e-02 -2.152621e-02
      vertex  -1.330482e-02  1.382794e-02 -2.402291e-02
    endloop
  endfacet
  facet normal  3.975978e-01  8.251072e-01 -4.013902e-01
    outer loop
      vertex   1.760017e-03  1.991394e-02 -2.152621e-02
      vertex   1.230064e-02  1.698979e-02 -1.709612e-02
      vertex   1.334149e-02  1.327802e-02 -2.369512e-02
    endloop
  endfacet
  facet normal  4.408358e-01  8.891301e-01  1.229288e-01
    outer loop
      vertex   1.439468e-02  4.563565e-02  1.237371e-02
      vertex   4.543959e-03  4.930957e-02  2.112640e-02
      vertex   3.205100e-02  3.539288e-02  2.314101e-02
    endloop
  endfacet
  facet normal -3.730060e-01  9.017876e-01  2.182790e-01
    outer loop
      vertex  -9.642922e-03  4.718181e-02  2.192188e-02
      vertex  -1.359663e-02  4.713820e-02  1.534576e-02
      vertex  -2.867647e-02  3.923395e-02  2.223187e-02
    endloop
  endfacet
  facet normal -7.682195e-01  6.395946e-01 -2.752210e-02
    outer loop
      vertex  -2.867647e-02  3.923395e-02  2.223187e-02
      vertex  -3.563441e-02  3.012012e-02  4.648716e-03
      vertex  -4.203220e-02  2.318990e-02  2.217571e-02
    endloop
  endfacet
  facet normal -8.999885e-01  4.014978e-01 -1.697653e-01
    outer loop
      vertex  -3.563441e-02  3.012012e-02  4.648716e-03
      vertex  -4.863235e-02  7.155306e-03  1.924341e-02
      vertex  -4.203220e-02  2.318990e-02  2.217571e-02
    endloop
  endfacet
  facet normal  9.510801e-01  2.529515e-01 -1.773755e-01
    outer loop
      vertex   4.871299e-02  4.057751e-03  1.811926e-02
      vertex   4.738162e-02  3.272696e-03  9.860965e-03
      vertex   4.158397e-02  2.109233e-02  4.186403e-03
    endloop
  endfacet
  facet normal -9.389972e-01  3.174108e-01 -1.324183e-01
    outer loop
      vertex  -4.868435e-02  4.133025e-03  1.236767e-02
      vertex  -4.863235e-02  7.155306e-03  1.924341e-02
      vertex  -4.498149e-02  1.056067e-02  1.517452e-03
    endloop
  endfacet
  facet normal -8.916160e-01  4.418941e-01 -9.874498e-02
    outer loop
      vertex  -4.863235e-02  7.155306e-03  1.924341e-02
      vertex  -3.563441e-02  3.012012e-02  4.648716e-03
      vertex  -4.498149e-02  1.056067e-02  1.517452e-03
    endloop
  endfacet
  facet normal -5.966155e-01  7.842289e-01 -1.703964e-01
    outer loop
      vertex  -3.563441e-02  3.012012e-02  4.648716e-03
      vertex  -2.867647e-02  3.923395e-02  2.223187e-02
      vertex  -1.638021e-02  4.350797e-02 -1.150765e-03
    endloop
  endfacet
  facet normal -4.989140e-01  8.602524e-01 -1.051220e-01
    outer loop
      vertex  -1.638021e-02  4.350797e-02 -1.150765e-03
      vertex  -2.867647e-02  3.923395e-02  2.223187e-02
      vertex  -1.359663e-02  4.713820e-02  1.534576e-02
    endloop
  endfacet
  facet normal  7.803913e-01  6.206809e-01 -7.579326e-02
    outer loop
      vertex   4.158397e-02  2.109233e-02  4.186403e-03
      vertex   3.003462e-02  3.544060e-02  2.770501e-03
      vertex   3.205100e-02  3.539288e-02  2.314101e-02
    endloop
  endfacet
  facet normal  5.237429e-01  8.504165e-01 -4.985067e-02
    outer loop
      vertex   3.003462e-02  3.544060e-02  2.770501e-03
      vertex   1.439468e-02  4.563565e-02  1.237371e-02
      vertex   3.205100e-02  3.539288e-02  2.314101e-02
    endloop
  endfacet
  facet normal -8.575509e-01 -1.829016e-01  4.807843e-01
    outer loop
      vertex   4.209962e-02  3.981741e-03  1.825787e-02
      vertex   4.205573e-02 -2.884484e-03  1.556751e-02
      vertex   4.748949e-02 -1.066362e-02  2.230006e-02
    endloop
  endfacet
  facet normal -9.969907e-01 -7.650260e-02  1.252277e-02
    outer loop
      vertex   3.975600e-02 -6.032106e-03  1.288407e-02
      vertex   3.914621e-02  1.748767e-03  1.187083e-02
      vertex   3.870247e-02  4.814977e-03 -4.725773e-03
    endloop
  endfacet
  facet normal  9.403842e-01  3.315616e-01 -7.579251e-02
    outer loop
      vertex   4.871299e-02  4.057751e-03  1.811926e-02
      vertex   4.158397e-02  2.109233e-02  4.186403e-03
      vertex   4.380221e-02  1.889847e-02  2.211156e-02
    endloop
  endfacet
  facet normal  9.139767e-02 -9.954802e-01 -2.579762e-02
    outer loop
      vertex   1.896340e-04  4.013568e-02 -1.751664e-02
      vertex   2.855292e-03  3.949670e-02  1.658424e-02
      vertex  -2.048441e-03  3.916505e-02  1.200900e-02
    endloop
  endfacet
  facet normal  8.530365e-02 -2.041753e-01  9.752106e-01
    outer loop
      vertex   4.543959e-03  4.930957e-02  2.112640e-02
      vertex  -9.642922e-03  4.718181e-02  2.192188e-02
      vertex   3.821014e-03  4.361363e-02  1.999711e-02
    endloop
  endfacet
  facet normal -1.349392e-01  2.255293e-01  9.648461e-01
    outer loop
      vertex  -1.972868e-03 -4.326194e-02  1.885727e-02
      vertex   1.338082e-02 -4.685237e-02  2.184382e-02
      vertex   2.940717e-03 -4.286074e-02  1.945068e-02
    endloop
  endfacet
  facet normal -9.711615e-01 -2.377452e-01 -1.795726e-02
    outer loop
      vertex   3.870247e-02  4.814977e-03 -4.725773e-03
      vertex   3.914621e-02  1.748767e-03  1.187083e-02
      vertex   3.459416e-02  2.011653e-02  1.487439e-02
    endloop
  endfacet
  facet normal -7.686735e-01  1.648039e-02  6.394290e-01
    outer loop
      vertex   4.748949e-02 -1.066362e-02  2.230006e-02
      vertex   4.205573e-02 -2.884484e-03  1.556751e-02
      vertex   3.975600e-02 -6.032106e-03  1.288407e-02
    endloop
  endfacet
  facet normal -8.285117e-01 -2.842252e-01  4.824774e-01
    outer loop
      vertex   3.914621e-02  1.748767e-03  1.187083e-02
      vertex   4.209962e-02  3.981741e-03  1.825787e-02
      vertex   3.459416e-02  2.011653e-02  1.487439e-02
    endloop
  endfacet
  facet normal -7.435099e-01 -4.726912e-01 -4.730286e-01
    outer loop
      vertex   2.972538e-02  2.652346e-02 -1.619433e-02
      vertex   3.082013e-02  3.087630e-02 -2.226480e-02
      vertex   3.511835e-02  1.835823e-02 -1.651163e-02
    endloop
  endfacet
  facet normal -8.176501e-01 -5.314371e-01 -2.214114e-01
    outer loop
      vertex   2.745928e-02  2.776225e-02 -1.079924e-02
      vertex   2.972538e-02  2.652346e-02 -1.619433e-02
      vertex   3.511835e-02  1.835823e-02 -1.651163e-02
    endloop
  endfacet
  facet normal -5.552567e-01  8.312820e-01 -2.569710e-02
    outer loop
      vertex   1.720541e-02 -3.485865e-02  4.264115e-03
      vertex   2.623034e-02 -2.939789e-02 -1.409280e-02
      vertex   1.552994e-02 -3.661123e-02 -1.622747e-02
    endloop
  endfacet
  facet normal -4.124627e-01  7.603402e-01 -5.017543e-01
    outer loop
      vertex   2.623034e-02 -2.939789e-02 -1.409280e-02
      vertex   3.358797e-02 -3.109780e-02 -2.271706e-02
      vertex   1.552994e-02 -3.661123e-02 -1.622747e-02
    endloop
  endfacet
  facet normal -4.256546e-01  6.328532e-01 -6.467727e-01
    outer loop
      vertex   3.358797e-02 -3.109780e-02 -2.271706e-02
      vertex   1.887259e-02 -4.172951e-02 -2.343547e-02
      vertex   1.552994e-02 -3.661123e-02 -1.622747e-02
    endloop
  endfacet
  facet normal  7.962489e-01  1.031171e-01  5.961162e-01
    outer loop
      vertex   4.871299e-02  4.057751e-03  1.811926e-02
      vertex   4.380221e-02  1.889847e-02  2.211156e-02
      vertex   4.748949e-02 -1.066362e-02  2.230006e-02
    endloop
  endfacet
  facet normal -7.395521e-01 -8.798937e-02  6.673234e-01
    outer loop
      vertex   4.380221e-02  1.889847e-02  2.211156e-02
      vertex   4.209962e-02  3.981741e-03  1.825787e-02
      vertex   4.748949e-02 -1.066362e-02  2.230006e-02
    endloop
  endfacet
  facet normal  1.115150e-01 -6.495996e-01  7.520537e-01
    outer loop
      vertex   3.821014e-03  4.361363e-02  1.999711e-02
      vertex   2.855292e-03  3.949670e-02  1.658424e-02
      vertex   1.259208e-02  3.730381e-02  1.324631e-02
    endloop
  endfacet
  facet normal -6.307919e-02  3.866358e-01  9.200727e-01
    outer loop
      vertex   1.338082e-02 -4.685237e-02  2.184382e-02
      vertex   1.849459e-02 -3.713943e-02  1.811281e-02
      vertex   2.940717e-03 -4.286074e-02  1.945068e-02
    endloop
  endfacet
  facet normal -3.254796e-01  9.276560e-01  1.830777e-01
    outer loop
      vertex   1.849459e-02 -3.713943e-02  1.811281e-02
      vertex   1.720541e-02 -3.485865e-02  4.264115e-03
      vertex   2.940717e-03 -4.286074e-02  1.945068e-02
    endloop
  endfacet
  facet normal -7.615542e-01 -4.019124e-01  5.084306e-01
    outer loop
      vertex   3.459416e-02  2.011653e-02  1.487439e-02
      vertex   3.205100e-02  3.539288e-02  2.314101e-02
      vertex   2.558297e-02  2.986795e-02  9.085421e-03
    endloop
  endfacet
  facet normal -8.887348e-01 -4.570481e-01 -3.546120e-02
    outer loop
      vertex   2.558297e-02  2.986795e-02  9.085421e-03
      vertex   2.641216e-02  3.021481e-02 -1.616637e-02
      vertex   2.745928e-02  2.776225e-02 -1.079924e-02
    endloop
  endfacet
  facet normal  8.132200e-01  5.812081e-01 -2.950164e-02
    outer loop
      vertex   4.158397e-02  2.109233e-02  4.186403e-03
      vertex   3.205100e-02  3.539288e-02  2.314101e-02
      vertex   4.380221e-02  1.889847e-02  2.211156e-02
    endloop
  endfacet
  facet normal -5.857425e-01 -4.589950e-01  6.680039e-01
    outer loop
      vertex   4.380221e-02  1.889847e-02  2.211156e-02
      vertex   3.205100e-02  3.539288e-02  2.314101e-02
      vertex   3.459416e-02  2.011653e-02  1.487439e-02
    endloop
  endfacet
  facet normal -7.416036e-01 -6.703660e-01  2.516935e-02
    outer loop
      vertex   3.459416e-02  2.011653e-02  1.487439e-02
      vertex   2.558297e-02  2.986795e-02  9.085421e-03
      vertex   3.511835e-02  1.835823e-02 -1.651163e-02
    endloop
  endfacet
  facet normal -7.773585e-01 -6.290218e-01 -6.740484e-03
    outer loop
      vertex   2.558297e-02  2.986795e-02  9.085421e-03
      vertex   2.745928e-02  2.776225e-02 -1.079924e-02
      vertex   3.511835e-02  1.835823e-02 -1.651163e-02
    endloop
  endfacet
  facet normal -6.250029e-01  3.327353e-01  7.061576e-01
    outer loop
      vertex   3.414648e-02 -3.558731e-02  2.223431e-02
      vertex   4.748949e-02 -1.066362e-02  2.230006e-02
      vertex   2.928084e-02 -2.637214e-02  1.358574e-02
    endloop
  endfacet
  facet normal -6.323873e-01  3.495293e-01  6.913144e-01
    outer loop
      vertex   4.748949e-02 -1.066362e-02  2.230006e-02
      vertex   3.975600e-02 -6.032106e-03  1.288407e-02
      vertex   2.928084e-02 -2.637214e-02  1.358574e-02
    endloop
  endfacet
  facet normal -8.677097e-01  4.388174e-01 -2.334935e-01
    outer loop
      vertex   3.975600e-02 -6.032106e-03  1.288407e-02
      vertex   3.624925e-02 -1.508302e-02  8.905952e-03
      vertex   2.928084e-02 -2.637214e-02  1.358574e-02
    endloop
  endfacet
  facet normal -8.439795e-01  5.352646e-01  3.450274e-02
    outer loop
      vertex   2.928084e-02 -2.637214e-02  1.358574e-02
      vertex   3.624925e-02 -1.508302e-02  8.905952e-03
      vertex   2.623034e-02 -2.939789e-02 -1.409280e-02
    endloop
  endfacet
  facet normal -6.329096e-01  7.502335e-01 -1.912462e-01
    outer loop
      vertex   3.624925e-02 -1.508302e-02  8.905952e-03
      vertex   3.068658e-02 -2.648500e-02 -1.741345e-02
      vertex   2.623034e-02 -2.939789e-02 -1.409280e-02
    endloop
  endfacet
  facet normal -2.603654e-01  5.840684e-01  7.688134e-01
    outer loop
      vertex   3.414648e-02 -3.558731e-02  2.223431e-02
      vertex   2.928084e-02 -2.637214e-02  1.358574e-02
      vertex   1.849459e-02 -3.713943e-02  1.811281e-02
    endloop
  endfacet
  facet normal -6.554648e-01  7.330316e-01  1.817429e-01
    outer loop
      vertex   1.849459e-02 -3.713943e-02  1.811281e-02
      vertex   2.928084e-02 -2.637214e-02  1.358574e-02
      vertex   1.720541e-02 -3.485865e-02  4.264115e-03
    endloop
  endfacet
  facet normal -5.597571e-01  8.281547e-01 -2.883993e-02
    outer loop
      vertex   2.928084e-02 -2.637214e-02  1.358574e-02
      vertex   2.623034e-02 -2.939789e-02 -1.409280e-02
      vertex   1.720541e-02 -3.485865e-02  4.264115e-03
    endloop
  endfacet
  facet normal -2.205474e-01 -9.753729e-01 -2.555527e-03
    outer loop
      vertex   1.259208e-02  3.730381e-02  1.324631e-02
      vertex   2.855292e-03  3.949670e-02  1.658424e-02
      vertex   1.334708e-02  3.720847e-02 -1.552581e-02
    endloop
  endfacet
  facet normal -2.169738e-01 -9.761766e-01 -1.330591e-03
    outer loop
      vertex   2.855292e-03  3.949670e-02  1.658424e-02
      vertex   1.896340e-04  4.013568e-02 -1.751664e-02
      vertex   1.334708e-02  3.720847e-02 -1.552581e-02
    endloop
  endfacet
  facet normal -9.668001e-02 -8.191154e-01 -5.654228e-01
    outer loop
      vertex   1.334708e-02  3.720847e-02 -1.552581e-02
      vertex   1.896340e-04  4.013568e-02 -1.751664e-02
      vertex   1.548842e-02  4.223848e-02 -2.317881e-02
    endloop
  endfacet
  facet normal -1.574488e-01 -7.080624e-01 -6.883731e-01
    outer loop
      vertex   1.896340e-04  4.013568e-02 -1.751664e-02
      vertex  -4.482529e-03  4.584530e-02 -2.232092e-02
      vertex   1.548842e-02  4.223848e-02 -2.317881e-02
    endloop
  endfacet
  facet normal -1.585333e-01 -1.726194e-01  9.721470e-01
    outer loop
      vertex   4.543959e-03  4.930957e-02  2.112640e-02
      vertex   3.821014e-03  4.361363e-02  1.999711e-02
      vertex   3.205100e-02  3.539288e-02  2.314101e-02
    endloop
  endfacet
  facet normal -2.966152e-01 -8.589305e-01  4.174420e-01
    outer loop
      vertex   3.821014e-03  4.361363e-02  1.999711e-02
      vertex   1.259208e-02  3.730381e-02  1.324631e-02
      vertex   3.205100e-02  3.539288e-02  2.314101e-02
    endloop
  endfacet
  facet normal -3.199992e-01 -8.223342e-01  4.704965e-01
    outer loop
      vertex   3.205100e-02  3.539288e-02  2.314101e-02
      vertex   1.259208e-02  3.730381e-02  1.324631e-02
      vertex   2.558297e-02  2.986795e-02  9.085421e-03
    endloop
  endfacet
  facet normal -5.034017e-01 -8.635859e-01 -2.839234e-02
    outer loop
      vertex   2.558297e-02  2.986795e-02  9.085421e-03
      vertex   1.259208e-02  3.730381e-02  1.324631e-02
      vertex   2.641216e-02  3.021481e-02 -1.616637e-02
    endloop
  endfacet
  facet normal -4.722735e-01 -8.814011e-01 -9.472423e-03
    outer loop
      vertex   1.259208e-02  3.730381e-02  1.324631e-02
      vertex   1.334708e-02  3.720847e-02 -1.552581e-02
      vertex   2.641216e-02  3.021481e-02 -1.616637e-02
    endloop
  endfacet
  facet normal -4.461865e-01 -7.960871e-01 -4.088556e-01
    outer loop
      vertex   2.641216e-02  3.021481e-02 -1.616637e-02
      vertex   1.334708e-02  3.720847e-02 -1.552581e-02
      vertex   3.082013e-02  3.087630e-02 -2.226480e-02
    endloop
  endfacet
  facet normal -4.654747e-01 -6.742188e-01 -5.733780e-01
    outer loop
      vertex   1.334708e-02  3.720847e-02 -1.552581e-02
      vertex   1.548842e-02  4.223848e-02 -2.317881e-02
      vertex   3.082013e-02  3.087630e-02 -2.226480e-02
    endloop
  endfacet
  facet normal  3.382830e-01  3.874806e-01 -8.575683e-01
    outer loop
      vertex   3.082013e-02  3.087630e-02 -2.226480e-02
      vertex   1.548842e-02  4.223848e-02 -2.317881e-02
      vertex   2.334499e-02  3.938669e-02 -2.136819e-02
    endloop
  endfacet
  facet normal -1.287460e-01 -8.611130e-03 -9.916402e-01
    outer loop
      vertex   3.082013e-02  3.087630e-02 -2.226480e-02
      vertex   2.334499e-02  3.938669e-02 -2.136819e-02
      vertex   3.307364e-02  3.161260e-02 -2.256377e-02
    endloop
  endfacet
  facet normal  1.432061e-02 -4.134907e-01 -9.103957e-01
    outer loop
      vertex   3.511835e-02  1.835823e-02 -1.651163e-02
      vertex   3.082013e-02  3.087630e-02 -2.226480e-02
      vertex   3.307364e-02  3.161260e-02 -2.256377e-02
    endloop
  endfacet
  facet normal -6.232704e-01 -1.281582e-01  7.714334e-01
    outer loop
      vertex   4.380221e-02  1.889847e-02  2.211156e-02
      vertex   3.459416e-02  2.011653e-02  1.487439e-02
      vertex   4.209962e-02  3.981741e-03  1.825787e-02
    endloop
  endfacet
  facet normal -9.663458e-01 -2.572405e-01 -1.728129e-03
    outer loop
      vertex   3.459416e-02  2.011653e-02  1.487439e-02
      vertex   3.511835e-02  1.835823e-02 -1.651163e-02
      vertex   3.870247e-02  4.814977e-03 -4.725773e-03
    endloop
  endfacet
  facet normal -9.300243e-01 -3.482549e-01 -1.173593e-01
    outer loop
      vertex   3.870247e-02  4.814977e-03 -4.725773e-03
      vertex   3.511835e-02  1.835823e-02 -1.651163e-02
      vertex   4.105837e-02  3.766969e-03 -2.028541e-02
    endloop
  endfacet
  facet normal -5.043991e-01  1.793560e-02 -8.632844e-01
    outer loop
      vertex   4.105837e-02  3.766969e-03 -2.028541e-02
      vertex   3.511835e-02  1.835823e-02 -1.651163e-02
      vertex   4.551276e-02  8.568339e-05 -2.296450e-02
    endloop
  endfacet
  facet normal -8.413429e-01 -3.264813e-01 -4.307575e-01
    outer loop
      vertex   3.511835e-02  1.835823e-02 -1.651163e-02
      vertex   3.307364e-02  3.161260e-02 -2.256377e-02
      vertex   4.551276e-02  8.568339e-05 -2.296450e-02
    endloop
  endfacet
  facet normal  1.947597e-01  8.925924e-02 -9.767812e-01
    outer loop
      vertex   4.551276e-02  8.568339e-05 -2.296450e-02
      vertex   3.307364e-02  3.161260e-02 -2.256377e-02
      vertex   4.241515e-02  1.810537e-02 -2.193547e-02
    endloop
  endfacet
  facet normal -5.026449e-01  2.075634e-02 -8.642437e-01
    outer loop
      vertex   4.551276e-02  8.568339e-05 -2.296450e-02
      vertex   4.418399e-02 -1.163934e-02 -2.247328e-02
      vertex   4.105837e-02  3.766969e-03 -2.028541e-02
    endloop
  endfacet
  facet normal -6.650469e-01 -2.894952e-02 -7.462402e-01
    outer loop
      vertex   4.418399e-02 -1.163934e-02 -2.247328e-02
      vertex   3.844509e-02 -1.021180e-02 -1.741417e-02
      vertex   4.105837e-02  3.766969e-03 -2.028541e-02
    endloop
  endfacet
  facet normal -9.759942e-01  1.500298e-01 -1.578812e-01
    outer loop
      vertex   4.105837e-02  3.766969e-03 -2.028541e-02
      vertex   3.844509e-02 -1.021180e-02 -1.741417e-02
      vertex   3.870247e-02  4.814977e-03 -4.725773e-03
    endloop
  endfacet
  facet normal -9.947644e-01  7.534119e-02 -6.904732e-02
    outer loop
      vertex   3.844509e-02 -1.021180e-02 -1.741417e-02
      vertex   3.624925e-02 -1.508302e-02  8.905952e-03
      vertex   3.870247e-02  4.814977e-03 -4.725773e-03
    endloop
  endfacet
  facet normal -9.382557e-01  2.666586e-01  2.203849e-01
    outer loop
      vertex   3.870247e-02  4.814977e-03 -4.725773e-03
      vertex   3.624925e-02 -1.508302e-02  8.905952e-03
      vertex   3.975600e-02 -6.032106e-03  1.288407e-02
    endloop
  endfacet
  facet normal -5.787766e-01  3.245431e-01 -7.481239e-01
    outer loop
      vertex   4.418399e-02 -1.163934e-02 -2.247328e-02
      vertex   3.358797e-02 -3.109780e-02 -2.271706e-02
      vertex   3.844509e-02 -1.021180e-02 -1.741417e-02
    endloop
  endfacet
  facet normal -6.816610e-01  3.249634e-01 -6.555434e-01
    outer loop
      vertex   3.358797e-02 -3.109780e-02 -2.271706e-02
      vertex   3.068658e-02 -2.648500e-02 -1.741345e-02
      vertex   3.844509e-02 -1.021180e-02 -1.741417e-02
    endloop
  endfacet
  facet normal -9.026503e-01  4.303529e-01  4.341647e-03
    outer loop
      vertex   3.844509e-02 -1.021180e-02 -1.741417e-02
      vertex   3.068658e-02 -2.648500e-02 -1.741345e-02
      vertex   3.624925e-02 -1.508302e-02  8.905952e-03
    endloop
  endfacet
  facet normal -2.682621e-01  4.652652e-01  8.435423e-01
    outer loop
      vertex   1.849459e-02 -3.713943e-02  1.811281e-02
      vertex   1.338082e-02 -4.685237e-02  2.184382e-02
      vertex   3.414648e-02 -3.558731e-02  2.223431e-02
    endloop
  endfacet
  facet normal -1.453507e-01  7.506557e-01 -6.445070e-01
    outer loop
      vertex  -5.871537e-03 -4.583922e-02 -2.264168e-02
      vertex  -1.676940e-04 -4.009021e-02 -1.723218e-02
      vertex   1.887259e-02 -4.172951e-02 -2.343547e-02
    endloop
  endfacet
  facet normal -1.331004e-01  7.779159e-01 -6.141101e-01
    outer loop
      vertex   1.887259e-02 -4.172951e-02 -2.343547e-02
      vertex  -1.676940e-04 -4.009021e-02 -1.723218e-02
      vertex   1.552994e-02 -3.661123e-02 -1.622747e-02
    endloop
  endfacet
  facet normal -2.118694e-01  9.750621e-01 -6.607072e-02
    outer loop
      vertex   1.552994e-02 -3.661123e-02 -1.622747e-02
      vertex  -1.676940e-04 -4.009021e-02 -1.723218e-02
      vertex   1.720541e-02 -3.485865e-02  4.264115e-03
    endloop
  endfacet
  facet normal -2.803689e-01  9.598667e-01 -7.011955e-03
    outer loop
      vertex  -1.676940e-04 -4.009021e-02 -1.723218e-02
      vertex   3.315308e-03 -3.888547e-02  8.419413e-03
      vertex   1.720541e-02 -3.485865e-02  4.264115e-03
    endloop
  endfacet
  facet normal -1.708679e-01  9.287797e-01  3.288960e-01
    outer loop
      vertex   1.720541e-02 -3.485865e-02  4.264115e-03
      vertex   3.315308e-03 -3.888547e-02  8.419413e-03
      vertex   2.940717e-03 -4.286074e-02  1.945068e-02
    endloop
  endfacet
  facet normal  9.869272e-01 -1.546952e-01  4.521123e-02
    outer loop
      vertex   4.738162e-02  3.272696e-03  9.860965e-03
      vertex   4.639743e-02 -7.871831e-04  1.745388e-02
      vertex   4.616098e-02 -6.667402e-03  2.495451e-03
    endloop
  endfacet
  facet normal  9.950876e-01  8.576731e-02 -4.944457e-02
    outer loop
      vertex   4.616098e-02 -6.667402e-03  2.495451e-03
      vertex   4.639743e-02 -7.871831e-04  1.745388e-02
      vertex   4.748949e-02 -1.066362e-02  2.230006e-02
    endloop
  endfacet
  facet normal  7.070893e-01 -2.469430e-01 -6.626039e-01
    outer loop
      vertex   4.871299e-02  4.057751e-03  1.811926e-02
      vertex   4.748949e-02 -1.066362e-02  2.230006e-02
      vertex   4.639743e-02 -7.871831e-04  1.745388e-02
    endloop
  endfacet
  facet normal -9.801340e-01 -1.850241e-01 -7.143869e-02
    outer loop
      vertex  -4.764482e-02 -6.419206e-03  2.214754e-02
      vertex  -4.786370e-02 -2.606564e-03  1.527588e-02
      vertex  -4.612539e-02 -6.881277e-03  2.497738e-03
    endloop
  endfacet
  facet normal -9.844667e-01 -1.552524e-01 -8.198773e-02
    outer loop
      vertex  -4.786370e-02 -2.606564e-03  1.527588e-02
      vertex  -4.868435e-02  4.133025e-03  1.236767e-02
      vertex  -4.612539e-02 -6.881277e-03  2.497738e-03
    endloop
  endfacet
  facet normal -9.971669e-01 -7.460237e-02 -9.630250e-03
    outer loop
      vertex  -4.786370e-02 -2.606564e-03  1.527588e-02
      vertex  -4.764482e-02 -6.419206e-03  2.214754e-02
      vertex  -4.863235e-02  7.155306e-03  1.924341e-02
    endloop
  endfacet
  facet normal  4.763066e-01 -8.750086e-01 -8.655573e-02
    outer loop
      vertex   1.338082e-02 -4.685237e-02  2.184382e-02
      vertex   2.891180e-02 -3.660010e-02  3.666996e-03
      vertex   3.414648e-02 -3.558731e-02  2.223431e-02
    endloop
  endfacet
  facet normal  7.528374e-01 -6.337719e-01 -1.776767e-01
    outer loop
      vertex   2.891180e-02 -3.660010e-02  3.666996e-03
      vertex   3.976571e-02 -2.325604e-02  2.058103e-03
      vertex   3.414648e-02 -3.558731e-02  2.223431e-02
    endloop
  endfacet
  facet normal  8.808504e-01 -4.714542e-01 -4.281891e-02
    outer loop
      vertex   3.414648e-02 -3.558731e-02  2.223431e-02
      vertex   3.976571e-02 -2.325604e-02  2.058103e-03
      vertex   4.748949e-02 -1.066362e-02  2.230006e-02
    endloop
  endfacet
  facet normal  9.258950e-01 -3.534344e-01 -1.334262e-01
    outer loop
      vertex   3.976571e-02 -2.325604e-02  2.058103e-03
      vertex   4.616098e-02 -6.667402e-03  2.495451e-03
      vertex   4.748949e-02 -1.066362e-02  2.230006e-02
    endloop
  endfacet
  facet normal -9.566470e-01 -2.833653e-01 -6.731002e-02
    outer loop
      vertex  -4.764482e-02 -6.419206e-03  2.214754e-02
      vertex  -4.612539e-02 -6.881277e-03  2.497738e-03
      vertex  -4.181230e-02 -2.611988e-02  2.218947e-02
    endloop
  endfacet
  facet normal -2.610719e-01 -9.577639e-01 -1.205401e-01
    outer loop
      vertex  -9.736332e-03 -4.496917e-02  1.714899e-03
      vertex  -5.503291e-03 -4.839348e-02  1.975499e-02
      vertex  -1.634237e-02 -4.573082e-02  2.207435e-02
    endloop
  endfacet
  facet normal -4.798230e-01 -8.719494e-01 -9.733528e-02
    outer loop
      vertex  -2.746899e-02 -3.966996e-02  2.262958e-02
      vertex  -2.749188e-02 -3.739483e-02  2.361403e-03
      vertex  -1.634237e-02 -4.573082e-02  2.207435e-02
    endloop
  endfacet
  facet normal -3.922093e-01 -9.056520e-01 -1.611408e-01
    outer loop
      vertex  -2.749188e-02 -3.739483e-02  2.361403e-03
      vertex  -9.736332e-03 -4.496917e-02  1.714899e-03
      vertex  -1.634237e-02 -4.573082e-02  2.207435e-02
    endloop
  endfacet
  facet normal -9.663242e-01 -2.546362e-01 -3.712238e-02
    outer loop
      vertex  -4.612539e-02 -6.881277e-03  2.497738e-03
      vertex  -4.263100e-02 -1.644468e-02 -2.286512e-02
      vertex  -4.181230e-02 -2.611988e-02  2.218947e-02
    endloop
  endfacet
  facet normal -7.202954e-01 -6.807774e-01 -1.331043e-01
    outer loop
      vertex  -4.263100e-02 -1.644468e-02 -2.286512e-02
      vertex  -2.749188e-02 -3.739483e-02  2.361403e-03
      vertex  -4.181230e-02 -2.611988e-02  2.218947e-02
    endloop
  endfacet
  facet normal -6.831712e-01 -7.257857e-01 -8.069865e-02
    outer loop
      vertex  -4.181230e-02 -2.611988e-02  2.218947e-02
      vertex  -2.749188e-02 -3.739483e-02  2.361403e-03
      vertex  -2.746899e-02 -3.966996e-02  2.262958e-02
    endloop
  endfacet
  facet normal -6.330063e-01  7.088556e-01  3.111700e-01
    outer loop
      vertex   1.230064e-02  1.698979e-02 -1.709612e-02
      vertex   1.353582e-02  1.445049e-02 -8.798821e-03
      vertex   2.745928e-02  2.776225e-02 -1.079924e-02
    endloop
  endfacet
  facet normal -6.351302e-01  6.481702e-01  4.201012e-01
    outer loop
      vertex   2.745928e-02  2.776225e-02 -1.079924e-02
      vertex   2.641216e-02  3.021481e-02 -1.616637e-02
      vertex   1.230064e-02  1.698979e-02 -1.709612e-02
    endloop
  endfacet
  facet normal -5.889772e-01  6.611320e-01 -4.647691e-01
    outer loop
      vertex   2.641216e-02  3.021481e-02 -1.616637e-02
      vertex   1.334149e-02  1.327802e-02 -2.369512e-02
      vertex   1.230064e-02  1.698979e-02 -1.709612e-02
    endloop
  endfacet
  facet normal -6.376974e-01  6.649622e-01 -3.888023e-01
    outer loop
      vertex   2.641216e-02  3.021481e-02 -1.616637e-02
      vertex   3.082013e-02  3.087630e-02 -2.226480e-02
      vertex   1.334149e-02  1.327802e-02 -2.369512e-02
    endloop
  endfacet
  facet normal  6.912965e-01 -5.846511e-01  4.246083e-01
    outer loop
      vertex   2.745928e-02  2.776225e-02 -1.079924e-02
      vertex   1.680640e-02  1.215136e-02 -1.495041e-02
      vertex   2.972538e-02  2.652346e-02 -1.619433e-02
    endloop
  endfacet
  facet normal  6.202106e-01 -5.672967e-01  5.417687e-01
    outer loop
      vertex   2.745928e-02  2.776225e-02 -1.079924e-02
      vertex   1.353582e-02  1.445049e-02 -8.798821e-03
      vertex   1.680640e-02  1.215136e-02 -1.495041e-02
    endloop
  endfacet
  facet normal  6.848979e-01 -6.449887e-01 -3.389757e-01
    outer loop
      vertex   2.972538e-02  2.652346e-02 -1.619433e-02
      vertex   1.680640e-02  1.215136e-02 -1.495041e-02
      vertex   3.082013e-02  3.087630e-02 -2.226480e-02
    endloop
  endfacet
  facet normal  6.782840e-01 -6.450742e-01 -3.518665e-01
    outer loop
      vertex   1.680640e-02  1.215136e-02 -1.495041e-02
      vertex   1.334149e-02  1.327802e-02 -2.369512e-02
      vertex   3.082013e-02  3.087630e-02 -2.226480e-02
    endloop
  endfacet
  facet normal  6.933725e-01  6.868029e-01 -2.180283e-01
    outer loop
      vertex   3.068658e-02 -2.648500e-02 -1.741345e-02
      vertex   3.358797e-02 -3.109780e-02 -2.271706e-02
      vertex   1.602533e-02 -1.270579e-02 -2.063371e-02
    endloop
  endfacet
  facet normal  5.466725e-01  1.099726e-01  8.300935e-01
    outer loop
      vertex   3.068658e-02 -2.648500e-02 -1.741345e-02
      vertex   1.385200e-02 -1.440427e-02 -7.927223e-03
      vertex   2.623034e-02 -2.939789e-02 -1.409280e-02
    endloop
  endfacet
  facet normal  6.450642e-01  7.351058e-01  2.085942e-01
    outer loop
      vertex   1.385200e-02 -1.440427e-02 -7.927223e-03
      vertex   3.068658e-02 -2.648500e-02 -1.741345e-02
      vertex   1.602533e-02 -1.270579e-02 -2.063371e-02
    endloop
  endfacet
  facet normal -7.186968e-01 -6.699193e-01  1.862341e-01
    outer loop
      vertex   1.385200e-02 -1.440427e-02 -7.927223e-03
      vertex   1.211304e-02 -1.576603e-02 -1.953655e-02
      vertex   2.623034e-02 -2.939789e-02 -1.409280e-02
    endloop
  endfacet
  facet normal -5.783314e-01 -7.378770e-01 -3.479517e-01
    outer loop
      vertex   2.623034e-02 -2.939789e-02 -1.409280e-02
      vertex   1.211304e-02 -1.576603e-02 -1.953655e-02
      vertex   3.358797e-02 -3.109780e-02 -2.271706e-02
    endloop
  endfacet
  facet normal -2.059210e-01 -8.621900e-02 -9.747630e-01
    outer loop
      vertex   3.358797e-02 -3.109780e-02 -2.271706e-02
      vertex   1.211304e-02 -1.576603e-02 -1.953655e-02
      vertex   1.602533e-02 -1.270579e-02 -2.063371e-02
    endloop
  endfacet
  facet normal  5.130431e-01 -6.466064e-01  5.645236e-01
    outer loop
      vertex  -2.779537e-02 -2.808798e-02 -1.093943e-02
      vertex  -2.591895e-02 -3.241143e-02 -1.759683e-02
      vertex  -1.203519e-02 -1.641154e-02 -1.188819e-02
    endloop
  endfacet
  facet normal  7.735993e-01 -5.811862e-01 -2.525209e-01
    outer loop
      vertex  -2.591895e-02 -3.241143e-02 -1.759683e-02
      vertex  -1.372727e-02 -1.328083e-02 -2.427732e-02
      vertex  -1.203519e-02 -1.641154e-02 -1.188819e-02
    endloop
  endfacet
  facet normal  5.485209e-01 -5.648493e-01 -6.164982e-01
    outer loop
      vertex  -2.591895e-02 -3.241143e-02 -1.759683e-02
      vertex  -3.225186e-02 -3.261747e-02 -2.304268e-02
      vertex  -1.372727e-02 -1.328083e-02 -2.427732e-02
    endloop
  endfacet
  facet normal -8.177015e-01  5.688455e-01  8.819921e-02
    outer loop
      vertex  -3.225186e-02 -3.261747e-02 -2.304268e-02
      vertex  -2.779537e-02 -2.808798e-02 -1.093943e-02
      vertex  -1.699611e-02 -1.172039e-02 -1.638222e-02
    endloop
  endfacet
  facet normal -8.432908e-01  5.327185e-01 -7.121508e-02
    outer loop
      vertex  -2.779537e-02 -2.808798e-02 -1.093943e-02
      vertex  -1.696195e-02 -1.055595e-02 -8.076234e-03
      vertex  -1.699611e-02 -1.172039e-02 -1.638222e-02
    endloop
  endfacet
  facet normal -6.739894e-01  6.200428e-01 -4.016034e-01
    outer loop
      vertex  -3.225186e-02 -3.261747e-02 -2.304268e-02
      vertex  -1.699611e-02 -1.172039e-02 -1.638222e-02
      vertex  -1.372727e-02 -1.328083e-02 -2.427732e-02
    endloop
  endfacet
  facet normal -7.360501e-01 -6.765862e-01 -2.148321e-02
    outer loop
      vertex  -2.927156e-02  2.698631e-02 -1.214851e-02
      vertex  -3.330402e-02  3.171223e-02 -2.282668e-02
      vertex  -1.632318e-02  1.290144e-02 -1.219629e-02
    endloop
  endfacet
  facet normal -6.570560e-01 -7.197680e-01 -2.240790e-01
    outer loop
      vertex  -3.330402e-02  3.171223e-02 -2.282668e-02
      vertex  -1.330482e-02  1.382794e-02 -2.402291e-02
      vertex  -1.632318e-02  1.290144e-02 -1.219629e-02
    endloop
  endfacet
  facet normal  6.773465e-01  6.795008e-01 -2.819228e-01
    outer loop
      vertex  -1.231126e-02  1.674918e-02 -1.459491e-02
      vertex  -1.330482e-02  1.382794e-02 -2.402291e-02
      vertex  -2.622644e-02  2.980652e-02 -1.655618e-02
    endloop
  endfacet
  facet normal  4.480920e-01  5.797482e-01  6.805186e-01
    outer loop
      vertex  -2.622644e-02  2.980652e-02 -1.655618e-02
      vertex  -2.927156e-02  2.698631e-02 -1.214851e-02
      vertex  -1.231126e-02  1.674918e-02 -1.459491e-02
    endloop
  endfacet
  facet normal  2.933027e-01  2.665223e-01  9.181173e-01
    outer loop
      vertex  -1.632318e-02  1.290144e-02 -1.219629e-02
      vertex  -1.231126e-02  1.674918e-02 -1.459491e-02
      vertex  -2.927156e-02  2.698631e-02 -1.214851e-02
    endloop
  endfacet
  facet normal -8.872730e-01  4.186235e-01 -1.936519e-01
    outer loop
      vertex  -1.632318e-02  1.290144e-02 -1.219629e-02
      vertex  -1.330482e-02  1.382794e-02 -2.402291e-02
      vertex  -2.088623e-02  1.245005e-03 -1.648740e-02
    endloop
  endfacet
  facet normal  5.805947e-01  6.792772e-01 -4.488789e-01
    outer loop
      vertex  -1.330482e-02  1.382794e-02 -2.402291e-02
      vertex  -3.330402e-02  3.171223e-02 -2.282668e-02
      vertex  -2.622644e-02  2.980652e-02 -1.655618e-02
    endloop
  endfacet
  facet normal  2.990939e-01 -3.309788e-01  8.949838e-01
    outer loop
      vertex  -1.696195e-02 -1.055595e-02 -8.076234e-03
      vertex  -2.779537e-02 -2.808798e-02 -1.093943e-02
      vertex  -1.203519e-02 -1.641154e-02 -1.188819e-02
    endloop
  endfacet
  facet normal  3.891440e-01  8.374936e-01  3.836293e-01
    outer loop
      vertex  -4.472267e-02 -2.009602e-03  1.594708e-02
      vertex  -4.102243e-02 -4.118162e-03  1.679681e-02
      vertex  -3.908538e-02 -1.596021e-03  9.325871e-03
    endloop
  endfacet
  facet normal  8.502005e-03 -9.985613e-01  5.294407e-02
    outer loop
      vertex  -4.365600e-02  3.423607e-03  1.437011e-02
      vertex  -3.885435e-02  3.118905e-03  7.852153e-03
      vertex  -4.269601e-02  3.657224e-03  1.862214e-02
    endloop
  endfacet
  facet normal  8.829037e-01  3.953240e-01 -2.533772e-01
    outer loop
      vertex  -2.048441e-03  3.916505e-02  1.200900e-02
      vertex  -3.069632e-03  4.335827e-02  1.499296e-02
      vertex  -1.817609e-03  4.284359e-02  1.855267e-02
    endloop
  endfacet
  facet normal -2.551406e-01 -8.699023e-01  4.221057e-01
    outer loop
      vertex   4.477103e-02  1.864526e-03  1.550930e-02
      vertex   4.209962e-02  3.981741e-03  1.825787e-02
      vertex   3.914621e-02  1.748767e-03  1.187083e-02
    endloop
  endfacet
  facet normal -9.986240e-01 -2.834103e-02 -4.412355e-02
    outer loop
      vertex   3.315308e-03 -3.888547e-02  8.419413e-03
      vertex   3.241932e-03 -4.367769e-02  1.315818e-02
      vertex   2.940717e-03 -4.286074e-02  1.945068e-02
    endloop
  endfacet
  facet normal  9.373401e-01 -2.013237e-01 -2.843630e-01
    outer loop
      vertex  -3.263978e-03 -4.356559e-02  1.481638e-02
      vertex  -3.427509e-03 -3.890521e-02  1.097788e-02
      vertex  -1.972868e-03 -4.326194e-02  1.885727e-02
    endloop
  endfacet
  facet normal  1.424121e-01 -9.856334e-01 -9.080458e-02
    outer loop
      vertex   1.338082e-02 -4.685237e-02  2.184382e-02
      vertex   2.158113e-03 -4.805566e-02  1.730390e-02
      vertex   5.619790e-03 -4.618113e-02  2.386010e-03
    endloop
  endfacet
  facet normal  2.413247e-01 -9.682204e-01 -6.566399e-02
    outer loop
      vertex   2.158113e-03 -4.805566e-02  1.730390e-02
      vertex  -2.154564e-03 -4.877227e-02  1.202072e-02
      vertex   5.619790e-03 -4.618113e-02  2.386010e-03
    endloop
  endfacet
  facet normal  7.151570e-02 -9.936745e-01  8.658294e-02
    outer loop
      vertex   2.158113e-03 -4.805566e-02  1.730390e-02
      vertex   1.338082e-02 -4.685237e-02  2.184382e-02
      vertex  -5.503291e-03 -4.839348e-02  1.975499e-02
    endloop
  endfacet
  facet normal -9.533891e-01  4.576353e-02 -2.982530e-01
    outer loop
      vertex  -4.868435e-02  4.133025e-03  1.236767e-02
      vertex  -4.498149e-02  1.056067e-02  1.517452e-03
      vertex  -4.612539e-02 -6.881277e-03  2.497738e-03
    endloop
  endfacet
endsolid vcg
