solid STL generated by MeshLab
  facet normal  0.000000e+00  1.000000e+00  0.000000e+00
    outer loop
      vertex  -1.664266e-01  1.728618e-01  2.339020e-01
      vertex  -1.558800e-01  1.728618e-01  2.385854e-01
      vertex  -1.549417e-01  1.728618e-01  2.362250e-01
    endloop
  endfacet
  facet normal -0.000000e+00  1.000000e+00  0.000000e+00
    outer loop
      vertex  -1.558800e-01  1.728618e-01  2.385854e-01
      vertex   4.605625e-02  1.728618e-01  3.188560e-01
      vertex  -1.549417e-01  1.728618e-01  2.362250e-01
    endloop
  endfacet
  facet normal -3.006423e-02  9.605276e-01  2.765553e-01
    outer loop
      vertex  -1.568862e-01  1.720818e-01  2.411848e-01
      vertex  -1.558800e-01  1.728618e-01  2.385854e-01
      vertex  -1.688837e-01  1.730013e-01  2.366873e-01
    endloop
  endfacet
  facet normal  1.596439e-02  9.992260e-01 -3.595113e-02
    outer loop
      vertex  -1.558800e-01  1.728618e-01  2.385854e-01
      vertex  -1.664266e-01  1.728618e-01  2.339020e-01
      vertex  -1.688837e-01  1.730013e-01  2.366873e-01
    endloop
  endfacet
  facet normal -1.729281e-02  9.977214e-01 -6.521413e-02
    outer loop
      vertex  -1.664266e-01  1.728618e-01  2.339020e-01
      vertex  -1.806662e-01  1.728618e-01  2.376779e-01
      vertex  -1.688837e-01  1.730013e-01  2.366873e-01
    endloop
  endfacet
  facet normal -1.594838e-02  9.986670e-01 -4.909016e-02
    outer loop
      vertex  -1.688837e-01  1.730013e-01  2.366873e-01
      vertex  -1.806662e-01  1.728618e-01  2.376779e-01
      vertex  -1.823024e-01  1.730405e-01  2.418451e-01
    endloop
  endfacet
  facet normal -6.303006e-02  9.957297e-01 -6.744979e-02
    outer loop
      vertex  -1.806662e-01  1.728618e-01  2.376779e-01
      vertex  -1.914298e-01  1.728618e-01  2.477362e-01
      vertex  -1.823024e-01  1.730405e-01  2.418451e-01
    endloop
  endfacet
  facet normal -4.084584e-02  9.986206e-01 -3.299087e-02
    outer loop
      vertex  -1.823024e-01  1.730405e-01  2.418451e-01
      vertex  -1.914298e-01  1.728618e-01  2.477362e-01
      vertex  -1.912633e-01  1.730413e-01  2.529652e-01
    endloop
  endfacet
  facet normal -7.924667e-02  9.963512e-01 -3.169000e-02
    outer loop
      vertex  -1.914298e-01  1.728618e-01  2.477362e-01
      vertex  -1.952937e-01  1.728618e-01  2.573986e-01
      vertex  -1.912633e-01  1.730413e-01  2.529652e-01
    endloop
  endfacet
  facet normal -4.246266e-02  9.990963e-01  1.861314e-03
    outer loop
      vertex  -1.912633e-01  1.730413e-01  2.529652e-01
      vertex  -1.952937e-01  1.728618e-01  2.573986e-01
      vertex  -1.934721e-01  1.729219e-01  2.666805e-01
    endloop
  endfacet
  facet normal -2.659565e-02  9.996455e-01 -1.256253e-03
    outer loop
      vertex  -1.952937e-01  1.728618e-01  2.573986e-01
      vertex  -1.958466e-01  1.728618e-01  2.691031e-01
      vertex  -1.934721e-01  1.729219e-01  2.666805e-01
    endloop
  endfacet
  facet normal -1.751714e-02  9.998173e-01  7.646356e-03
    outer loop
      vertex  -1.958466e-01  1.728618e-01  2.691031e-01
      vertex  -1.899531e-01  1.728618e-01  2.826046e-01
      vertex  -1.934721e-01  1.729219e-01  2.666805e-01
    endloop
  endfacet
  facet normal -3.047405e-01  9.497906e-01  7.093013e-02
    outer loop
      vertex  -1.934721e-01  1.729219e-01  2.666805e-01
      vertex  -1.899531e-01  1.728618e-01  2.826046e-01
      vertex  -1.902813e-01  1.731034e-01  2.779596e-01
    endloop
  endfacet
  facet normal -4.412517e-02  9.975110e-01  5.499710e-02
    outer loop
      vertex  -1.902813e-01  1.731034e-01  2.779596e-01
      vertex  -1.899531e-01  1.728618e-01  2.826046e-01
      vertex  -1.797509e-01  1.730268e-01  2.877968e-01
    endloop
  endfacet
  facet normal -3.843210e-02  9.983014e-01  4.378575e-02
    outer loop
      vertex  -1.899531e-01  1.728618e-01  2.826046e-01
      vertex  -1.821321e-01  1.728618e-01  2.894693e-01
      vertex  -1.797509e-01  1.730268e-01  2.877968e-01
    endloop
  endfacet
  facet normal -8.626101e-03  9.962559e-01  8.602181e-02
    outer loop
      vertex  -1.797509e-01  1.730268e-01  2.877968e-01
      vertex  -1.821321e-01  1.728618e-01  2.894693e-01
      vertex  -1.746725e-01  1.728618e-01  2.902173e-01
    endloop
  endfacet
  facet normal  0.000000e+00  1.000000e+00  0.000000e+00
    outer loop
      vertex  -1.821321e-01  1.728618e-01  2.894693e-01
      vertex  -1.754709e-01  1.728618e-01  2.926286e-01
      vertex  -1.746725e-01  1.728618e-01  2.902173e-01
    endloop
  endfacet
  facet normal  0.000000e+00  1.000000e+00 -0.000000e+00
    outer loop
      vertex  -1.746725e-01  1.728618e-01  2.902173e-01
      vertex  -1.754709e-01  1.728618e-01  2.926286e-01
      vertex   3.161663e-02  1.728618e-01  3.585286e-01
    endloop
  endfacet
  facet normal  0.000000e+00  1.000000e+00  0.000000e+00
    outer loop
      vertex  -1.754709e-01  1.728618e-01  2.926286e-01
      vertex   3.081816e-02  1.728618e-01  3.609398e-01
      vertex   3.161663e-02  1.728618e-01  3.585286e-01
    endloop
  endfacet
  facet normal -2.351675e-15  1.000000e+00 -7.787469e-16
    outer loop
      vertex   3.161663e-02  1.728618e-01  3.585286e-01
      vertex   3.081816e-02  1.728618e-01  3.609398e-01
      vertex   4.310403e-02  1.728618e-01  3.594800e-01
    endloop
  endfacet
  facet normal -1.196939e-15  1.000000e+00  8.939948e-15
    outer loop
      vertex   3.081816e-02  1.728618e-01  3.609398e-01
      vertex   4.036747e-02  1.728618e-01  3.622183e-01
      vertex   4.310403e-02  1.728618e-01  3.594800e-01
    endloop
  endfacet
  facet normal  5.702585e-15  1.000000e+00  1.583512e-14
    outer loop
      vertex   4.036747e-02  1.728618e-01  3.622183e-01
      vertex   5.176223e-02  1.728618e-01  3.581148e-01
      vertex   4.310403e-02  1.728618e-01  3.594800e-01
    endloop
  endfacet
  facet normal  3.527740e-15  1.000000e+00  2.042378e-15
    outer loop
      vertex   4.310403e-02  1.728618e-01  3.594800e-01
      vertex   5.176223e-02  1.728618e-01  3.581148e-01
      vertex   5.636338e-02  1.728618e-01  3.501674e-01
    endloop
  endfacet
  facet normal  1.069636e-14  1.000000e+00  6.192635e-15
    outer loop
      vertex   5.176223e-02  1.728618e-01  3.581148e-01
      vertex   5.966858e-02  1.728618e-01  3.489404e-01
      vertex   5.636338e-02  1.728618e-01  3.501674e-01
    endloop
  endfacet
  facet normal  9.224361e-15  1.000000e+00  2.227328e-15
    outer loop
      vertex   5.636338e-02  1.728618e-01  3.501674e-01
      vertex   5.966858e-02  1.728618e-01  3.489404e-01
      vertex   5.949048e-02  1.728618e-01  3.372166e-01
    endloop
  endfacet
  facet normal  1.099825e-14  1.000000e+00  2.200381e-15
    outer loop
      vertex   5.966858e-02  1.728618e-01  3.489404e-01
      vertex   6.204453e-02  1.728618e-01  3.370646e-01
      vertex   5.949048e-02  1.728618e-01  3.372166e-01
    endloop
  endfacet
  facet normal  1.065960e-14  1.000000e+00 -3.489674e-15
    outer loop
      vertex   5.949048e-02  1.728618e-01  3.372166e-01
      vertex   6.204453e-02  1.728618e-01  3.370646e-01
      vertex   5.612696e-02  1.728618e-01  3.269424e-01
    endloop
  endfacet
  facet normal  1.065956e-14  1.000000e+00 -3.489653e-15
    outer loop
      vertex   6.204453e-02  1.728618e-01  3.370646e-01
      vertex   5.827645e-02  1.728618e-01  3.255545e-01
      vertex   5.612696e-02  1.728618e-01  3.269424e-01
    endloop
  endfacet
  facet normal  8.914182e-15  1.000000e+00 -6.192954e-15
    outer loop
      vertex   5.612696e-02  1.728618e-01  3.269424e-01
      vertex   5.827645e-02  1.728618e-01  3.255545e-01
      vertex   5.158328e-02  1.728618e-01  3.204022e-01
    endloop
  endfacet
  facet normal  0.000000e+00  1.000000e+00  0.000000e+00
    outer loop
      vertex   5.158328e-02  1.728618e-01  3.204022e-01
      vertex   4.699451e-02  1.728618e-01  3.164956e-01
      vertex   4.605625e-02  1.728618e-01  3.188560e-01
    endloop
  endfacet
  facet normal  0.000000e+00  1.000000e+00  0.000000e+00
    outer loop
      vertex   4.605625e-02  1.728618e-01  3.188560e-01
      vertex   4.699451e-02  1.728618e-01  3.164956e-01
      vertex  -1.549417e-01  1.728618e-01  2.362250e-01
    endloop
  endfacet
  facet normal -2.939113e-02 -9.995040e-01  1.130833e-02
    outer loop
      vertex  -1.907476e-01  1.638618e-01  2.815275e-01
      vertex  -1.960377e-01  1.638618e-01  2.677784e-01
      vertex  -1.895394e-01  1.637381e-01  2.737375e-01
    endloop
  endfacet
  facet normal  0.000000e+00 -1.000000e+00  0.000000e+00
    outer loop
      vertex   3.161663e-02  1.638618e-01  3.585286e-01
      vertex   3.915814e-02  1.638618e-01  3.597344e-01
      vertex   3.926664e-02  1.638618e-01  3.622906e-01
    endloop
  endfacet
  facet normal  0.000000e+00 -1.000000e+00 -0.000000e+00
    outer loop
      vertex   3.926664e-02  1.638618e-01  3.622906e-01
      vertex   3.915814e-02  1.638618e-01  3.597344e-01
      vertex   5.083910e-02  1.638618e-01  3.587188e-01
    endloop
  endfacet
  facet normal -1.053579e-15 -1.000000e+00 -1.211898e-14
    outer loop
      vertex   3.915814e-02  1.638618e-01  3.597344e-01
      vertex   4.948813e-02  1.638618e-01  3.565460e-01
      vertex   5.083910e-02  1.638618e-01  3.587188e-01
    endloop
  endfacet
  facet normal -8.148588e-15 -1.000000e+00 -7.707596e-15
    outer loop
      vertex   5.083910e-02  1.638618e-01  3.587188e-01
      vertex   4.948813e-02  1.638618e-01  3.565460e-01
      vertex   5.916157e-02  1.638618e-01  3.499202e-01
    endloop
  endfacet
  facet normal -2.426601e-15 -1.000000e+00  6.462603e-16
    outer loop
      vertex   4.948813e-02  1.638618e-01  3.565460e-01
      vertex   5.825423e-02  1.638618e-01  3.465133e-01
      vertex   5.916157e-02  1.638618e-01  3.499202e-01
    endloop
  endfacet
  facet normal  0.000000e+00 -1.000000e+00 -0.000000e+00
    outer loop
      vertex   5.916157e-02  1.638618e-01  3.499202e-01
      vertex   5.825423e-02  1.638618e-01  3.465133e-01
      vertex   6.208458e-02  1.638618e-01  3.381671e-01
    endloop
  endfacet
  facet normal  0.000000e+00 -1.000000e+00 -0.000000e+00
    outer loop
      vertex   5.825423e-02  1.638618e-01  3.465133e-01
      vertex   5.819837e-02  1.638618e-01  3.303105e-01
      vertex   6.208458e-02  1.638618e-01  3.381671e-01
    endloop
  endfacet
  facet normal  0.000000e+00 -1.000000e+00  0.000000e+00
    outer loop
      vertex   6.208458e-02  1.638618e-01  3.381671e-01
      vertex   5.819837e-02  1.638618e-01  3.303105e-01
      vertex   5.885322e-02  1.638618e-01  3.264950e-01
    endloop
  endfacet
  facet normal -0.000000e+00 -1.000000e+00  0.000000e+00
    outer loop
      vertex   5.885322e-02  1.638618e-01  3.264950e-01
      vertex   5.819837e-02  1.638618e-01  3.303105e-01
      vertex   5.030200e-02  1.638618e-01  3.178367e-01
    endloop
  endfacet
  facet normal  1.023479e-14 -1.000000e+00 -6.479019e-15
    outer loop
      vertex   5.819837e-02  1.638618e-01  3.303105e-01
      vertex   4.897712e-02  1.638618e-01  3.200277e-01
      vertex   5.030200e-02  1.638618e-01  3.178367e-01
    endloop
  endfacet
  facet normal  4.060779e-15 -1.000000e+00 -1.021237e-14
    outer loop
      vertex   5.030200e-02  1.638618e-01  3.178367e-01
      vertex   4.897712e-02  1.638618e-01  3.200277e-01
      vertex  -1.549417e-01  1.638618e-01  2.362250e-01
    endloop
  endfacet
  facet normal -1.169982e-16 -1.000000e+00 -4.650723e-17
    outer loop
      vertex   4.897712e-02  1.638618e-01  3.200277e-01
      vertex  -1.558800e-01  1.638618e-01  2.385854e-01
      vertex  -1.549417e-01  1.638618e-01  2.362250e-01
    endloop
  endfacet
  facet normal -0.000000e+00 -1.000000e+00  0.000000e+00
    outer loop
      vertex  -1.549417e-01  1.638618e-01  2.362250e-01
      vertex  -1.558800e-01  1.638618e-01  2.385854e-01
      vertex  -1.650883e-01  1.638618e-01  2.339142e-01
    endloop
  endfacet
  facet normal  1.322213e-02 -9.995728e-01 -2.606498e-02
    outer loop
      vertex  -1.558800e-01  1.638618e-01  2.385854e-01
      vertex  -1.638721e-01  1.637498e-01  2.388254e-01
      vertex  -1.650883e-01  1.638618e-01  2.339142e-01
    endloop
  endfacet
  facet normal  1.146918e-02 -9.964848e-01 -8.298490e-02
    outer loop
      vertex  -1.558800e-01  1.638618e-01  2.385854e-01
      vertex  -1.566135e-01  1.635874e-01  2.417788e-01
      vertex  -1.638721e-01  1.637498e-01  2.388254e-01
    endloop
  endfacet
  facet normal -3.998534e-03 -9.997543e-01 -2.180477e-02
    outer loop
      vertex  -1.650883e-01  1.638618e-01  2.339142e-01
      vertex  -1.638721e-01  1.637498e-01  2.388254e-01
      vertex  -1.766136e-01  1.638618e-01  2.360277e-01
    endloop
  endfacet
  facet normal -2.403259e-02 -9.996374e-01  1.214153e-02
    outer loop
      vertex  -1.895394e-01  1.637381e-01  2.737375e-01
      vertex  -1.842491e-01  1.637113e-01  2.819984e-01
      vertex  -1.907476e-01  1.638618e-01  2.815275e-01
    endloop
  endfacet
  facet normal -9.713355e-02 -2.286869e-01  9.686421e-01
    outer loop
      vertex  -1.735612e-01  1.624696e-01  2.900001e-01
      vertex  -1.746725e-01  1.638618e-01  2.902173e-01
      vertex  -1.821321e-01  1.638618e-01  2.894693e-01
    endloop
  endfacet
  facet normal  0.000000e+00 -1.000000e+00  0.000000e+00
    outer loop
      vertex  -1.821321e-01  1.638618e-01  2.894693e-01
      vertex  -1.746725e-01  1.638618e-01  2.902173e-01
      vertex  -1.754709e-01  1.638618e-01  2.926286e-01
    endloop
  endfacet
  facet normal  0.000000e+00 -1.000000e+00  0.000000e+00
    outer loop
      vertex  -1.746725e-01  1.638618e-01  2.902173e-01
      vertex   3.161663e-02  1.638618e-01  3.585286e-01
      vertex  -1.754709e-01  1.638618e-01  2.926286e-01
    endloop
  endfacet
  facet normal  0.000000e+00 -1.000000e+00  0.000000e+00
    outer loop
      vertex  -1.754709e-01  1.638618e-01  2.926286e-01
      vertex   3.161663e-02  1.638618e-01  3.585286e-01
      vertex   3.081816e-02  1.638618e-01  3.609398e-01
    endloop
  endfacet
  facet normal  0.000000e+00 -1.000000e+00  0.000000e+00
    outer loop
      vertex   3.161663e-02  1.638618e-01  3.585286e-01
      vertex   3.926664e-02  1.638618e-01  3.622906e-01
      vertex   3.081816e-02  1.638618e-01  3.609398e-01
    endloop
  endfacet
  facet normal -1.235974e-02 -9.998072e-01 -1.525464e-02
    outer loop
      vertex  -1.884215e-01  1.638618e-01  2.432793e-01
      vertex  -1.810499e-01  1.637578e-01  2.441213e-01
      vertex  -1.881469e-01  1.637232e-01  2.521416e-01
    endloop
  endfacet
  facet normal -2.511981e-02 -9.993129e-01  2.725101e-02
    outer loop
      vertex  -1.907476e-01  1.638618e-01  2.815275e-01
      vertex  -1.842491e-01  1.637113e-01  2.819984e-01
      vertex  -1.821321e-01  1.638618e-01  2.894693e-01
    endloop
  endfacet
  facet normal -1.626983e-01 -9.858007e-01  4.154675e-02
    outer loop
      vertex  -1.821321e-01  1.638618e-01  2.894693e-01
      vertex  -1.786307e-01  1.632032e-01  2.875548e-01
      vertex  -1.735612e-01  1.624696e-01  2.900001e-01
    endloop
  endfacet
  facet normal  6.871118e-03 -9.974373e-01 -7.121504e-02
    outer loop
      vertex  -1.638721e-01  1.637498e-01  2.388254e-01
      vertex  -1.711770e-01  1.636705e-01  2.392314e-01
      vertex  -1.766136e-01  1.638618e-01  2.360277e-01
    endloop
  endfacet
  facet normal -1.188983e-02 -9.997419e-01 -1.936058e-02
    outer loop
      vertex  -1.766136e-01  1.638618e-01  2.360277e-01
      vertex  -1.810499e-01  1.637578e-01  2.441213e-01
      vertex  -1.884215e-01  1.638618e-01  2.432793e-01
    endloop
  endfacet
  facet normal -3.001275e-02 -9.994414e-01 -1.470190e-02
    outer loop
      vertex  -1.884215e-01  1.638618e-01  2.432793e-01
      vertex  -1.881469e-01  1.637232e-01  2.521416e-01
      vertex  -1.952271e-01  1.638618e-01  2.571723e-01
    endloop
  endfacet
  facet normal -2.242028e-02 -9.997418e-01  3.701883e-03
    outer loop
      vertex  -1.895394e-01  1.637381e-01  2.737375e-01
      vertex  -1.960377e-01  1.638618e-01  2.677784e-01
      vertex  -1.911300e-01  1.637365e-01  2.636601e-01
    endloop
  endfacet
  facet normal -2.727279e-02 -9.996259e-01 -2.084387e-03
    outer loop
      vertex  -1.952271e-01  1.638618e-01  2.571723e-01
      vertex  -1.911300e-01  1.637365e-01  2.636601e-01
      vertex  -1.960377e-01  1.638618e-01  2.677784e-01
    endloop
  endfacet
  facet normal  9.408855e-02 -9.714764e-01 -2.176714e-01
    outer loop
      vertex  -1.775815e-01  1.628783e-01  2.399985e-01
      vertex  -1.766136e-01  1.638618e-01  2.360277e-01
      vertex  -1.711770e-01  1.636705e-01  2.392314e-01
    endloop
  endfacet
  facet normal -5.774389e-01 -7.484681e-01 -3.261285e-01
    outer loop
      vertex  -1.766136e-01  1.638618e-01  2.360277e-01
      vertex  -1.775815e-01  1.628783e-01  2.399985e-01
      vertex  -1.810499e-01  1.637578e-01  2.441213e-01
    endloop
  endfacet
  facet normal -1.512463e-01 -9.865035e-01  6.273308e-02
    outer loop
      vertex  -1.786307e-01  1.632032e-01  2.875548e-01
      vertex  -1.821321e-01  1.638618e-01  2.894693e-01
      vertex  -1.842491e-01  1.637113e-01  2.819984e-01
    endloop
  endfacet
  facet normal  1.578822e-01  0.000000e+00 -9.874579e-01
    outer loop
      vertex   3.161663e-02  1.638618e-01  3.585286e-01
      vertex   3.161663e-02  1.728618e-01  3.585286e-01
      vertex   3.915814e-02  1.638618e-01  3.597344e-01
    endloop
  endfacet
  facet normal  8.237336e-02 -6.421983e-02 -9.945303e-01
    outer loop
      vertex   3.161663e-02  1.728618e-01  3.585286e-01
      vertex   4.310403e-02  1.728618e-01  3.594800e-01
      vertex   3.915814e-02  1.638618e-01  3.597344e-01
    endloop
  endfacet
  facet normal -2.933869e-01  1.017679e-01 -9.505616e-01
    outer loop
      vertex   3.915814e-02  1.638618e-01  3.597344e-01
      vertex   4.310403e-02  1.728618e-01  3.594800e-01
      vertex   4.948813e-02  1.638618e-01  3.565460e-01
    endloop
  endfacet
  facet normal -5.691267e-01 -1.395444e-01 -8.103222e-01
    outer loop
      vertex   4.310403e-02  1.728618e-01  3.594800e-01
      vertex   5.636338e-02  1.728618e-01  3.501674e-01
      vertex   4.948813e-02  1.638618e-01  3.565460e-01
    endloop
  endfacet
  facet normal -7.486144e-01  1.082886e-01 -6.541024e-01
    outer loop
      vertex   4.948813e-02  1.638618e-01  3.565460e-01
      vertex   5.636338e-02  1.728618e-01  3.501674e-01
      vertex   5.825423e-02  1.638618e-01  3.465133e-01
    endloop
  endfacet
  facet normal -9.663477e-01 -1.082893e-01 -2.333358e-01
    outer loop
      vertex   5.636338e-02  1.728618e-01  3.501674e-01
      vertex   5.949048e-02  1.728618e-01  3.372166e-01
      vertex   5.825423e-02  1.638618e-01  3.465133e-01
    endloop
  endfacet
  facet normal -9.902101e-01  1.395432e-01  3.414184e-03
    outer loop
      vertex   5.825423e-02  1.638618e-01  3.465133e-01
      vertex   5.949048e-02  1.728618e-01  3.372166e-01
      vertex   5.819837e-02  1.638618e-01  3.303105e-01
    endloop
  endfacet
  facet normal -9.454345e-01 -1.017682e-01  3.095105e-01
    outer loop
      vertex   5.949048e-02  1.728618e-01  3.372166e-01
      vertex   5.612696e-02  1.728618e-01  3.269424e-01
      vertex   5.819837e-02  1.638618e-01  3.303105e-01
    endloop
  endfacet
  facet normal -7.422048e-01  7.826202e-02  6.655877e-01
    outer loop
      vertex   5.819837e-02  1.638618e-01  3.303105e-01
      vertex   5.612696e-02  1.728618e-01  3.269424e-01
      vertex   4.897712e-02  1.638618e-01  3.200277e-01
    endloop
  endfacet
  facet normal -8.030639e-01  2.093357e-01  5.579130e-01
    outer loop
      vertex   5.612696e-02  1.728618e-01  3.269424e-01
      vertex   5.158328e-02  1.728618e-01  3.204022e-01
      vertex   4.897712e-02  1.638618e-01  3.200277e-01
    endloop
  endfacet
  facet normal -2.692092e-01  3.792070e-02  9.623349e-01
    outer loop
      vertex   5.158328e-02  1.728618e-01  3.204022e-01
      vertex   4.605625e-02  1.728618e-01  3.188560e-01
      vertex   4.897712e-02  1.638618e-01  3.200277e-01
    endloop
  endfacet
  facet normal -3.694329e-01  0.000000e+00  9.292575e-01
    outer loop
      vertex  -1.558800e-01  1.638618e-01  2.385854e-01
      vertex   4.897712e-02  1.638618e-01  3.200277e-01
      vertex  -1.558800e-01  1.728618e-01  2.385854e-01
    endloop
  endfacet
  facet normal -3.693908e-01  1.103331e-03  9.292735e-01
    outer loop
      vertex   4.897712e-02  1.638618e-01  3.200277e-01
      vertex   4.605625e-02  1.728618e-01  3.188560e-01
      vertex  -1.558800e-01  1.728618e-01  2.385854e-01
    endloop
  endfacet
  facet normal  3.143560e-01  0.000000e+00 -9.493052e-01
    outer loop
      vertex   3.161663e-02  1.638618e-01  3.585286e-01
      vertex  -1.746725e-01  1.638618e-01  2.902173e-01
      vertex   3.161663e-02  1.728618e-01  3.585286e-01
    endloop
  endfacet
  facet normal  3.143560e-01  0.000000e+00 -9.493052e-01
    outer loop
      vertex  -1.746725e-01  1.638618e-01  2.902173e-01
      vertex  -1.746725e-01  1.728618e-01  2.902173e-01
      vertex   3.161663e-02  1.728618e-01  3.585286e-01
    endloop
  endfacet
  facet normal -4.285284e-01  0.000000e+00  9.035283e-01
    outer loop
      vertex  -1.754709e-01  1.638618e-01  2.926286e-01
      vertex  -1.754709e-01  1.728618e-01  2.926286e-01
      vertex  -1.821321e-01  1.728618e-01  2.894693e-01
    endloop
  endfacet
  facet normal -4.285284e-01  0.000000e+00  9.035283e-01
    outer loop
      vertex  -1.754709e-01  1.638618e-01  2.926286e-01
      vertex  -1.821321e-01  1.728618e-01  2.894693e-01
      vertex  -1.821321e-01  1.638618e-01  2.894693e-01
    endloop
  endfacet
  facet normal -6.596662e-01  0.000000e+00  7.515587e-01
    outer loop
      vertex  -1.821321e-01  1.728618e-01  2.894693e-01
      vertex  -1.899531e-01  1.728618e-01  2.826046e-01
      vertex  -1.821321e-01  1.638618e-01  2.894693e-01
    endloop
  endfacet
  facet normal -6.775022e-01 -2.814294e-02  7.349822e-01
    outer loop
      vertex  -1.821321e-01  1.638618e-01  2.894693e-01
      vertex  -1.899531e-01  1.728618e-01  2.826046e-01
      vertex  -1.907476e-01  1.638618e-01  2.815275e-01
    endloop
  endfacet
  facet normal -9.159914e-01  3.301942e-02  3.998368e-01
    outer loop
      vertex  -1.899531e-01  1.728618e-01  2.826046e-01
      vertex  -1.958466e-01  1.728618e-01  2.691031e-01
      vertex  -1.907476e-01  1.638618e-01  2.815275e-01
    endloop
  endfacet
  facet normal -9.327936e-01 -3.301964e-02  3.588952e-01
    outer loop
      vertex  -1.907476e-01  1.638618e-01  2.815275e-01
      vertex  -1.958466e-01  1.728618e-01  2.691031e-01
      vertex  -1.960377e-01  1.638618e-01  2.677784e-01
    endloop
  endfacet
  facet normal -9.984906e-01  2.814304e-02 -4.716400e-02
    outer loop
      vertex  -1.958466e-01  1.728618e-01  2.691031e-01
      vertex  -1.952937e-01  1.728618e-01  2.573986e-01
      vertex  -1.960377e-01  1.638618e-01  2.677784e-01
    endloop
  endfacet
  facet normal -9.970773e-01 -5.465608e-03 -7.620395e-02
    outer loop
      vertex  -1.960377e-01  1.638618e-01  2.677784e-01
      vertex  -1.952937e-01  1.728618e-01  2.573986e-01
      vertex  -1.952271e-01  1.638618e-01  2.571723e-01
    endloop
  endfacet
  facet normal -9.285089e-01  2.463619e-03 -3.713020e-01
    outer loop
      vertex  -1.952937e-01  1.728618e-01  2.573986e-01
      vertex  -1.914298e-01  1.728618e-01  2.477362e-01
      vertex  -1.952271e-01  1.638618e-01  2.571723e-01
    endloop
  endfacet
  facet normal -8.950139e-01 -8.204605e-02 -4.384274e-01
    outer loop
      vertex  -1.952271e-01  1.638618e-01  2.571723e-01
      vertex  -1.914298e-01  1.728618e-01  2.477362e-01
      vertex  -1.884215e-01  1.638618e-01  2.432793e-01
    endloop
  endfacet
  facet normal -6.767498e-01  1.324316e-01 -7.242041e-01
    outer loop
      vertex  -1.914298e-01  1.728618e-01  2.477362e-01
      vertex  -1.806662e-01  1.728618e-01  2.376779e-01
      vertex  -1.884215e-01  1.638618e-01  2.432793e-01
    endloop
  endfacet
  facet normal -5.216773e-01 -7.915249e-02 -8.494632e-01
    outer loop
      vertex  -1.884215e-01  1.638618e-01  2.432793e-01
      vertex  -1.806662e-01  1.728618e-01  2.376779e-01
      vertex  -1.766136e-01  1.638618e-01  2.360277e-01
    endloop
  endfacet
  facet normal -2.558231e-01  6.169945e-02 -9.647527e-01
    outer loop
      vertex  -1.806662e-01  1.728618e-01  2.376779e-01
      vertex  -1.664266e-01  1.728618e-01  2.339020e-01
      vertex  -1.766136e-01  1.638618e-01  2.360277e-01
    endloop
  endfacet
  facet normal -1.802998e-01 -2.814285e-02 -9.832090e-01
    outer loop
      vertex  -1.766136e-01  1.638618e-01  2.360277e-01
      vertex  -1.664266e-01  1.728618e-01  2.339020e-01
      vertex  -1.650883e-01  1.638618e-01  2.339142e-01
    endloop
  endfacet
  facet normal  1.981696e-01  2.814283e-02 -9.797636e-01
    outer loop
      vertex  -1.664266e-01  1.728618e-01  2.339020e-01
      vertex  -1.549417e-01  1.728618e-01  2.362250e-01
      vertex  -1.650883e-01  1.638618e-01  2.339142e-01
    endloop
  endfacet
  facet normal  2.220552e-01  4.277552e-18 -9.750341e-01
    outer loop
      vertex  -1.650883e-01  1.638618e-01  2.339142e-01
      vertex  -1.549417e-01  1.728618e-01  2.362250e-01
      vertex  -1.549417e-01  1.638618e-01  2.362250e-01
    endloop
  endfacet
  facet normal  6.432469e-01  1.238027e-01 -7.555834e-01
    outer loop
      vertex   5.030200e-02  1.638618e-01  3.178367e-01
      vertex   4.699451e-02  1.728618e-01  3.164956e-01
      vertex   5.158328e-02  1.728618e-01  3.204022e-01
    endloop
  endfacet
  facet normal  6.041820e-01  1.377086e-01 -7.848570e-01
    outer loop
      vertex   5.158328e-02  1.728618e-01  3.204022e-01
      vertex   5.827645e-02  1.728618e-01  3.255545e-01
      vertex   5.030200e-02  1.638618e-01  3.178367e-01
    endloop
  endfacet
  facet normal  7.112158e-01 -2.781866e-02 -7.024231e-01
    outer loop
      vertex   5.030200e-02  1.638618e-01  3.178367e-01
      vertex   5.827645e-02  1.728618e-01  3.255545e-01
      vertex   5.885322e-02  1.638618e-01  3.264950e-01
    endloop
  endfacet
  facet normal  9.499860e-01  2.838356e-02 -3.109998e-01
    outer loop
      vertex   5.827645e-02  1.728618e-01  3.255545e-01
      vertex   6.204453e-02  1.728618e-01  3.370646e-01
      vertex   5.885322e-02  1.638618e-01  3.264950e-01
    endloop
  endfacet
  facet normal  9.633612e-01 -2.838337e-02 -2.667013e-01
    outer loop
      vertex   5.885322e-02  1.638618e-01  3.264950e-01
      vertex   6.204453e-02  1.728618e-01  3.370646e-01
      vertex   6.208458e-02  1.638618e-01  3.381671e-01
    endloop
  endfacet
  facet normal  9.801731e-01  2.838346e-02  1.960998e-01
    outer loop
      vertex   6.204453e-02  1.728618e-01  3.370646e-01
      vertex   5.966858e-02  1.728618e-01  3.489404e-01
      vertex   6.208458e-02  1.638618e-01  3.381671e-01
    endloop
  endfacet
  facet normal  9.700474e-01 -2.838350e-02  2.412520e-01
    outer loop
      vertex   6.208458e-02  1.638618e-01  3.381671e-01
      vertex   5.966858e-02  1.728618e-01  3.489404e-01
      vertex   5.916157e-02  1.638618e-01  3.499202e-01
    endloop
  endfacet
  facet normal  7.572108e-01  2.838365e-02  6.525536e-01
    outer loop
      vertex   5.966858e-02  1.728618e-01  3.489404e-01
      vertex   5.176223e-02  1.728618e-01  3.581148e-01
      vertex   5.916157e-02  1.638618e-01  3.499202e-01
    endloop
  endfacet
  facet normal  7.261992e-01 -2.838341e-02  6.868981e-01
    outer loop
      vertex   5.916157e-02  1.638618e-01  3.499202e-01
      vertex   5.176223e-02  1.728618e-01  3.581148e-01
      vertex   5.083910e-02  1.638618e-01  3.587188e-01
    endloop
  endfacet
  facet normal  3.386850e-01  2.838353e-02  9.404716e-01
    outer loop
      vertex   5.176223e-02  1.728618e-01  3.581148e-01
      vertex   4.036747e-02  1.728618e-01  3.622183e-01
      vertex   5.083910e-02  1.638618e-01  3.587188e-01
    endloop
  endfacet
  facet normal  2.947971e-01 -2.838336e-02  9.551382e-01
    outer loop
      vertex   5.083910e-02  1.638618e-01  3.587188e-01
      vertex   4.036747e-02  1.728618e-01  3.622183e-01
      vertex   3.926664e-02  1.638618e-01  3.622906e-01
    endloop
  endfacet
  facet normal -1.326636e-01  2.418855e-02  9.908659e-01
    outer loop
      vertex   4.036747e-02  1.728618e-01  3.622183e-01
      vertex   3.081816e-02  1.728618e-01  3.609398e-01
      vertex   3.926664e-02  1.638618e-01  3.622906e-01
    endloop
  endfacet
  facet normal -1.578862e-01  3.909945e-18  9.874573e-01
    outer loop
      vertex   3.926664e-02  1.638618e-01  3.622906e-01
      vertex   3.081816e-02  1.728618e-01  3.609398e-01
      vertex   3.081816e-02  1.638618e-01  3.609398e-01
    endloop
  endfacet
  facet normal  3.694927e-01 -2.677029e-03 -9.292298e-01
    outer loop
      vertex   5.030200e-02  1.638618e-01  3.178367e-01
      vertex  -1.549417e-01  1.638618e-01  2.362250e-01
      vertex   4.699451e-02  1.728618e-01  3.164956e-01
    endloop
  endfacet
  facet normal  3.693909e-01  0.000000e+00 -9.292741e-01
    outer loop
      vertex  -1.549417e-01  1.638618e-01  2.362250e-01
      vertex  -1.549417e-01  1.728618e-01  2.362250e-01
      vertex   4.699451e-02  1.728618e-01  3.164956e-01
    endloop
  endfacet
  facet normal -3.143559e-01  0.000000e+00  9.493052e-01
    outer loop
      vertex  -1.754709e-01  1.638618e-01  2.926286e-01
      vertex   3.081816e-02  1.638618e-01  3.609398e-01
      vertex  -1.754709e-01  1.728618e-01  2.926286e-01
    endloop
  endfacet
  facet normal -3.143559e-01  0.000000e+00  9.493052e-01
    outer loop
      vertex   3.081816e-02  1.638618e-01  3.609398e-01
      vertex   3.081816e-02  1.728618e-01  3.609398e-01
      vertex  -1.754709e-01  1.728618e-01  2.926286e-01
    endloop
  endfacet
  facet normal -2.991004e-01  6.758498e-01  6.736215e-01
    outer loop
      vertex  -1.797509e-01  1.730268e-01  2.877968e-01
      vertex  -1.746725e-01  1.728618e-01  2.902173e-01
      vertex  -1.741328e-01  1.731578e-01  2.901599e-01
    endloop
  endfacet
  facet normal  1.057205e-01  0.000000e+00  9.943959e-01
    outer loop
      vertex  -1.746725e-01  1.728618e-01  2.902173e-01
      vertex  -1.746725e-01  1.638618e-01  2.902173e-01
      vertex  -1.741328e-01  1.731578e-01  2.901599e-01
    endloop
  endfacet
  facet normal  1.861242e-01 -4.741087e-03  9.825148e-01
    outer loop
      vertex  -1.741328e-01  1.731578e-01  2.901599e-01
      vertex  -1.746725e-01  1.638618e-01  2.902173e-01
      vertex  -1.735612e-01  1.624696e-01  2.900001e-01
    endloop
  endfacet
  facet normal  9.726467e-01  4.713660e-02  2.274566e-01
    outer loop
      vertex  -1.566135e-01  1.635874e-01  2.417788e-01
      vertex  -1.558800e-01  1.638618e-01  2.385854e-01
      vertex  -1.568862e-01  1.720818e-01  2.411848e-01
    endloop
  endfacet
  facet normal  9.325671e-01 -0.000000e+00  3.609968e-01
    outer loop
      vertex  -1.558800e-01  1.638618e-01  2.385854e-01
      vertex  -1.558800e-01  1.728618e-01  2.385854e-01
      vertex  -1.568862e-01  1.720818e-01  2.411848e-01
    endloop
  endfacet
  facet normal  3.901265e-01 -1.137193e-01  9.137118e-01
    outer loop
      vertex  -1.547360e-01  1.717912e-01  2.734894e-01
      vertex  -1.567325e-01  1.797918e-01  2.753376e-01
      vertex  -1.665151e-01  1.717918e-01  2.785188e-01
    endloop
  endfacet
  facet normal  1.652270e-01  1.833068e-01  9.690710e-01
    outer loop
      vertex  -1.567325e-01  1.797918e-01  2.753376e-01
      vertex  -1.710920e-01  1.797918e-01  2.777859e-01
      vertex  -1.665151e-01  1.717918e-01  2.785188e-01
    endloop
  endfacet
  facet normal -4.501926e-01 -1.773875e-01  8.751344e-01
    outer loop
      vertex  -1.665151e-01  1.717918e-01  2.785188e-01
      vertex  -1.710920e-01  1.797918e-01  2.777859e-01
      vertex  -1.780029e-01  1.717918e-01  2.726091e-01
    endloop
  endfacet
  facet normal -7.463784e-01  2.441385e-01  6.191249e-01
    outer loop
      vertex  -1.710920e-01  1.797918e-01  2.777859e-01
      vertex  -1.803920e-01  1.797918e-01  2.665744e-01
      vertex  -1.780029e-01  1.717918e-01  2.726091e-01
    endloop
  endfacet
  facet normal -9.709076e-01 -1.478817e-01  1.883335e-01
    outer loop
      vertex  -1.780029e-01  1.717918e-01  2.726091e-01
      vertex  -1.803920e-01  1.797918e-01  2.665744e-01
      vertex  -1.800731e-01  1.717945e-01  2.619391e-01
    endloop
  endfacet
  facet normal -9.576631e-01  1.148203e-01 -2.640033e-01
    outer loop
      vertex  -1.803920e-01  1.797918e-01  2.665744e-01
      vertex  -1.774233e-01  1.797918e-01  2.558054e-01
      vertex  -1.800731e-01  1.717945e-01  2.619391e-01
    endloop
  endfacet
  facet normal -8.659627e-01 -9.034204e-02 -4.918810e-01
    outer loop
      vertex  -1.800731e-01  1.717945e-01  2.619391e-01
      vertex  -1.774233e-01  1.797918e-01  2.558054e-01
      vertex  -1.745156e-01  1.717918e-01  2.521557e-01
    endloop
  endfacet
  facet normal -5.512938e-01  1.720659e-01 -8.163752e-01
    outer loop
      vertex  -1.774233e-01  1.797918e-01  2.558054e-01
      vertex  -1.684809e-01  1.797918e-01  2.497666e-01
      vertex  -1.745156e-01  1.717918e-01  2.521557e-01
    endloop
  endfacet
  facet normal -1.881843e-01 -1.479942e-01 -9.709194e-01
    outer loop
      vertex  -1.745156e-01  1.717918e-01  2.521557e-01
      vertex  -1.684809e-01  1.797918e-01  2.497666e-01
      vertex  -1.638461e-01  1.717918e-01  2.500877e-01
    endloop
  endfacet
  facet normal  3.024230e-01  1.373494e-01 -9.432261e-01
    outer loop
      vertex  -1.684809e-01  1.797918e-01  2.497666e-01
      vertex  -1.562669e-01  1.797918e-01  2.536827e-01
      vertex  -1.638461e-01  1.717918e-01  2.500877e-01
    endloop
  endfacet
  facet normal  5.320290e-01 -1.279118e-01 -8.370088e-01
    outer loop
      vertex  -1.638461e-01  1.717918e-01  2.500877e-01
      vertex  -1.562669e-01  1.797918e-01  2.536827e-01
      vertex  -1.527379e-01  1.717918e-01  2.571484e-01
    endloop
  endfacet
  facet normal  8.887914e-01  2.172379e-01 -4.035561e-01
    outer loop
      vertex  -1.562669e-01  1.797918e-01  2.536827e-01
      vertex  -1.517426e-01  1.797918e-01  2.636469e-01
      vertex  -1.527379e-01  1.717918e-01  2.571484e-01
    endloop
  endfacet
  facet normal  9.690011e-01 -2.167964e-01  1.184751e-01
    outer loop
      vertex  -1.527379e-01  1.717918e-01  2.571484e-01
      vertex  -1.517426e-01  1.797918e-01  2.636469e-01
      vertex  -1.547360e-01  1.717912e-01  2.734894e-01
    endloop
  endfacet
  facet normal  9.109876e-01  1.375086e-01  3.888354e-01
    outer loop
      vertex  -1.517426e-01  1.797918e-01  2.636469e-01
      vertex  -1.567325e-01  1.797918e-01  2.753376e-01
      vertex  -1.547360e-01  1.717912e-01  2.734894e-01
    endloop
  endfacet
  facet normal -4.466542e-01 -3.185780e-01 -8.360670e-01
    outer loop
      vertex  -1.590930e-01  1.797918e-01  2.647381e-01
      vertex  -1.637754e-01  1.717918e-01  2.702880e-01
      vertex  -1.691605e-01  1.797918e-01  2.701165e-01
    endloop
  endfacet
  facet normal  3.216092e-01  1.966292e-01 -9.262313e-01
    outer loop
      vertex  -1.637754e-01  1.717918e-01  2.702880e-01
      vertex  -1.711261e-01  1.717918e-01  2.677357e-01
      vertex  -1.691605e-01  1.797918e-01  2.701165e-01
    endloop
  endfacet
  facet normal  9.733490e-01 -2.217269e-01 -5.855595e-02
    outer loop
      vertex  -1.691605e-01  1.797918e-01  2.701165e-01
      vertex  -1.711261e-01  1.717918e-01  2.677357e-01
      vertex  -1.698849e-01  1.797918e-01  2.580744e-01
    endloop
  endfacet
  facet normal  9.753511e-01 -2.143897e-01 -5.222316e-02
    outer loop
      vertex  -1.711261e-01  1.717918e-01  2.677357e-01
      vertex  -1.716895e-01  1.717918e-01  2.572126e-01
      vertex  -1.698849e-01  1.797918e-01  2.580744e-01
    endloop
  endfacet
  facet normal -7.387290e-02 -9.031943e-02  9.931692e-01
    outer loop
      vertex  -1.716895e-01  1.717918e-01  2.572126e-01
      vertex  -1.666179e-01  1.717918e-01  2.575899e-01
      vertex  -1.698849e-01  1.797918e-01  2.580744e-01
    endloop
  endfacet
  facet normal -5.077221e-01 -2.571397e-01  8.222514e-01
    outer loop
      vertex  -1.698849e-01  1.797918e-01  2.580744e-01
      vertex  -1.666179e-01  1.717918e-01  2.575899e-01
      vertex  -1.590930e-01  1.797918e-01  2.647381e-01
    endloop
  endfacet
  facet normal -5.949207e-01 -1.465759e-01  7.903068e-01
    outer loop
      vertex  -1.666179e-01  1.717918e-01  2.575899e-01
      vertex  -1.597998e-01  1.717918e-01  2.627223e-01
      vertex  -1.590930e-01  1.797918e-01  2.647381e-01
    endloop
  endfacet
  facet normal -8.687897e-01  1.917959e-01 -4.565290e-01
    outer loop
      vertex  -1.597998e-01  1.717918e-01  2.627223e-01
      vertex  -1.637754e-01  1.717918e-01  2.702880e-01
      vertex  -1.590930e-01  1.797918e-01  2.647381e-01
    endloop
  endfacet
  facet normal  3.874153e-16  1.000000e+00  2.609621e-15
    outer loop
      vertex  -1.517426e-01  1.797918e-01  2.636469e-01
      vertex  -1.562669e-01  1.797918e-01  2.536827e-01
      vertex  -1.590930e-01  1.797918e-01  2.647381e-01
    endloop
  endfacet
  facet normal  8.823798e-16  1.000000e+00  2.736151e-15
    outer loop
      vertex  -1.590930e-01  1.797918e-01  2.647381e-01
      vertex  -1.562669e-01  1.797918e-01  2.536827e-01
      vertex  -1.698849e-01  1.797918e-01  2.580744e-01
    endloop
  endfacet
  facet normal  0.000000e+00  1.000000e+00  0.000000e+00
    outer loop
      vertex  -1.562669e-01  1.797918e-01  2.536827e-01
      vertex  -1.684809e-01  1.797918e-01  2.497666e-01
      vertex  -1.698849e-01  1.797918e-01  2.580744e-01
    endloop
  endfacet
  facet normal  0.000000e+00  1.000000e+00  0.000000e+00
    outer loop
      vertex  -1.684809e-01  1.797918e-01  2.497666e-01
      vertex  -1.774233e-01  1.797918e-01  2.558054e-01
      vertex  -1.698849e-01  1.797918e-01  2.580744e-01
    endloop
  endfacet
  facet normal  0.000000e+00  1.000000e+00 -0.000000e+00
    outer loop
      vertex  -1.774233e-01  1.797918e-01  2.558054e-01
      vertex  -1.803920e-01  1.797918e-01  2.665744e-01
      vertex  -1.698849e-01  1.797918e-01  2.580744e-01
    endloop
  endfacet
  facet normal  0.000000e+00  1.000000e+00 -0.000000e+00
    outer loop
      vertex  -1.698849e-01  1.797918e-01  2.580744e-01
      vertex  -1.803920e-01  1.797918e-01  2.665744e-01
      vertex  -1.691605e-01  1.797918e-01  2.701165e-01
    endloop
  endfacet
  facet normal  0.000000e+00  1.000000e+00  0.000000e+00
    outer loop
      vertex  -1.803920e-01  1.797918e-01  2.665744e-01
      vertex  -1.710920e-01  1.797918e-01  2.777859e-01
      vertex  -1.691605e-01  1.797918e-01  2.701165e-01
    endloop
  endfacet
  facet normal  2.019634e-15  1.000000e+00  5.086487e-16
    outer loop
      vertex  -1.710920e-01  1.797918e-01  2.777859e-01
      vertex  -1.567325e-01  1.797918e-01  2.753376e-01
      vertex  -1.691605e-01  1.797918e-01  2.701165e-01
    endloop
  endfacet
  facet normal  2.463832e-15  1.000000e+00 -5.486960e-16
    outer loop
      vertex  -1.691605e-01  1.797918e-01  2.701165e-01
      vertex  -1.567325e-01  1.797918e-01  2.753376e-01
      vertex  -1.590930e-01  1.797918e-01  2.647381e-01
    endloop
  endfacet
  facet normal  0.000000e+00  1.000000e+00  0.000000e+00
    outer loop
      vertex  -1.567325e-01  1.797918e-01  2.753376e-01
      vertex  -1.517426e-01  1.797918e-01  2.636469e-01
      vertex  -1.590930e-01  1.797918e-01  2.647381e-01
    endloop
  endfacet
  facet normal -1.838861e-14 -1.000000e+00 -1.653021e-15
    outer loop
      vertex  -1.711261e-01  1.717918e-01  2.677357e-01
      vertex  -1.742897e-01  1.717918e-01  2.693475e-01
      vertex  -1.716895e-01  1.717918e-01  2.572126e-01
    endloop
  endfacet
  facet normal  0.000000e+00 -1.000000e+00  0.000000e+00
    outer loop
      vertex  -1.716895e-01  1.717918e-01  2.572126e-01
      vertex  -1.639120e-01  1.717918e-01  2.549989e-01
      vertex  -1.666179e-01  1.717918e-01  2.575899e-01
    endloop
  endfacet
  facet normal  0.000000e+00 -1.000000e+00  0.000000e+00
    outer loop
      vertex  -1.666179e-01  1.717918e-01  2.575899e-01
      vertex  -1.639120e-01  1.717918e-01  2.549989e-01
      vertex  -1.597998e-01  1.717918e-01  2.627223e-01
    endloop
  endfacet
  facet normal  0.000000e+00 -1.000000e+00  0.000000e+00
    outer loop
      vertex  -1.639120e-01  1.717918e-01  2.549989e-01
      vertex  -1.567053e-01  1.717918e-01  2.612196e-01
      vertex  -1.597998e-01  1.717918e-01  2.627223e-01
    endloop
  endfacet
  facet normal  2.391814e-15 -1.000000e+00  4.925466e-15
    outer loop
      vertex  -1.597998e-01  1.717918e-01  2.627223e-01
      vertex  -1.567053e-01  1.717918e-01  2.612196e-01
      vertex  -1.637754e-01  1.717918e-01  2.702880e-01
    endloop
  endfacet
  facet normal -8.631948e-15 -1.000000e+00 -3.669151e-15
    outer loop
      vertex  -1.567053e-01  1.717918e-01  2.612196e-01
      vertex  -1.618103e-01  1.717918e-01  2.732294e-01
      vertex  -1.637754e-01  1.717918e-01  2.702880e-01
    endloop
  endfacet
  facet normal  1.409880e-14 -1.000000e+00 -1.885508e-14
    outer loop
      vertex  -1.637754e-01  1.717918e-01  2.702880e-01
      vertex  -1.618103e-01  1.717918e-01  2.732294e-01
      vertex  -1.711261e-01  1.717918e-01  2.677357e-01
    endloop
  endfacet
  facet normal -8.032846e-15 -1.000000e+00  1.867343e-14
    outer loop
      vertex  -1.618103e-01  1.717918e-01  2.732294e-01
      vertex  -1.742897e-01  1.717918e-01  2.693475e-01
      vertex  -1.711261e-01  1.717918e-01  2.677357e-01
    endloop
  endfacet
  facet normal  1.494324e-15  1.000000e+00 -4.079570e-15
    outer loop
      vertex   4.478977e-02  1.579418e-01  3.408743e-01
      vertex   4.806351e-02  1.579418e-01  3.420735e-01
      vertex   4.208316e-02  1.579418e-01  3.330793e-01
    endloop
  endfacet
  facet normal -1.335873e-15  1.000000e+00 -2.197723e-15
    outer loop
      vertex   4.806351e-02  1.579418e-01  3.420735e-01
      vertex   4.491724e-02  1.579418e-01  3.313567e-01
      vertex   4.208316e-02  1.579418e-01  3.330793e-01
    endloop
  endfacet
  facet normal  0.000000e+00  1.000000e+00  0.000000e+00
    outer loop
      vertex   4.491724e-02  1.579418e-01  3.313567e-01
      vertex   3.523001e-02  1.579418e-01  3.287719e-01
      vertex   4.208316e-02  1.579418e-01  3.330793e-01
    endloop
  endfacet
  facet normal  0.000000e+00  1.000000e+00  0.000000e+00
    outer loop
      vertex   4.208316e-02  1.579418e-01  3.330793e-01
      vertex   3.523001e-02  1.579418e-01  3.287719e-01
      vertex   3.463432e-02  1.579418e-01  3.327546e-01
    endloop
  endfacet
  facet normal  0.000000e+00  1.000000e+00  0.000000e+00
    outer loop
      vertex   3.523001e-02  1.579418e-01  3.287719e-01
      vertex   2.928056e-02  1.579418e-01  3.350091e-01
      vertex   3.463432e-02  1.579418e-01  3.327546e-01
    endloop
  endfacet
  facet normal  0.000000e+00  1.000000e+00  0.000000e+00
    outer loop
      vertex   3.463432e-02  1.579418e-01  3.327546e-01
      vertex   2.928056e-02  1.579418e-01  3.350091e-01
      vertex   3.178705e-02  1.579418e-01  3.404963e-01
    endloop
  endfacet
  facet normal  0.000000e+00  1.000000e+00 -0.000000e+00
    outer loop
      vertex   2.928056e-02  1.579418e-01  3.350091e-01
      vertex   2.922574e-02  1.579418e-01  3.426293e-01
      vertex   3.178705e-02  1.579418e-01  3.404963e-01
    endloop
  endfacet
  facet normal  0.000000e+00  1.000000e+00 -0.000000e+00
    outer loop
      vertex   3.178705e-02  1.579418e-01  3.404963e-01
      vertex   2.922574e-02  1.579418e-01  3.426293e-01
      vertex   3.764105e-02  1.579418e-01  3.450724e-01
    endloop
  endfacet
  facet normal -2.375743e-15  1.000000e+00  8.183169e-15
    outer loop
      vertex   2.922574e-02  1.579418e-01  3.426293e-01
      vertex   3.733326e-02  1.579418e-01  3.483749e-01
      vertex   3.764105e-02  1.579418e-01  3.450724e-01
    endloop
  endfacet
  facet normal  1.114041e-15  1.000000e+00  8.508420e-15
    outer loop
      vertex   3.764105e-02  1.579418e-01  3.450724e-01
      vertex   3.733326e-02  1.579418e-01  3.483749e-01
      vertex   4.478977e-02  1.579418e-01  3.408743e-01
    endloop
  endfacet
  facet normal -1.987269e-15  1.000000e+00  5.425332e-15
    outer loop
      vertex   3.733326e-02  1.579418e-01  3.483749e-01
      vertex   4.806351e-02  1.579418e-01  3.420735e-01
      vertex   4.478977e-02  1.579418e-01  3.408743e-01
    endloop
  endfacet
  facet normal -8.716647e-01 -1.787200e-01  4.563549e-01
    outer loop
      vertex   4.545879e-02  1.484168e-01  3.384220e-01
      vertex   4.478977e-02  1.579418e-01  3.408743e-01
      vertex   4.213200e-02  1.484168e-01  3.320676e-01
    endloop
  endfacet
  facet normal -9.439300e-01 -3.965419e-02  3.277556e-01
    outer loop
      vertex   4.478977e-02  1.579418e-01  3.408743e-01
      vertex   4.208316e-02  1.579418e-01  3.330793e-01
      vertex   4.213200e-02  1.484168e-01  3.320676e-01
    endloop
  endfacet
  facet normal -4.331597e-02 -1.057459e-01  9.934493e-01
    outer loop
      vertex   4.208316e-02  1.579418e-01  3.330793e-01
      vertex   3.463432e-02  1.579418e-01  3.327546e-01
      vertex   4.213200e-02  1.484168e-01  3.320676e-01
    endloop
  endfacet
  facet normal  1.667921e-01  6.031360e-02  9.841456e-01
    outer loop
      vertex   4.213200e-02  1.484168e-01  3.320676e-01
      vertex   3.463432e-02  1.579418e-01  3.327546e-01
      vertex   3.289222e-02  1.484168e-01  3.336335e-01
    endloop
  endfacet
  facet normal  9.294984e-01 -1.384569e-01  3.418514e-01
    outer loop
      vertex   3.463432e-02  1.579418e-01  3.327546e-01
      vertex   3.178705e-02  1.579418e-01  3.404963e-01
      vertex   3.289222e-02  1.484168e-01  3.336335e-01
    endloop
  endfacet
  facet normal  9.758878e-01 -4.120770e-02  2.143478e-01
    outer loop
      vertex   3.289222e-02  1.484168e-01  3.336335e-01
      vertex   3.178705e-02  1.579418e-01  3.404963e-01
      vertex   3.154526e-02  1.484168e-01  3.397660e-01
    endloop
  endfacet
  facet normal  8.030853e-01  2.526089e-02 -5.953283e-01
    outer loop
      vertex   3.154526e-02  1.484168e-01  3.397660e-01
      vertex   3.178705e-02  1.579418e-01  3.404963e-01
      vertex   3.572994e-02  1.484168e-01  3.454110e-01
    endloop
  endfacet
  facet normal  6.089128e-01 -1.498635e-01 -7.789519e-01
    outer loop
      vertex   3.178705e-02  1.579418e-01  3.404963e-01
      vertex   3.764105e-02  1.579418e-01  3.450724e-01
      vertex   3.572994e-02  1.484168e-01  3.454110e-01
    endloop
  endfacet
  facet normal -2.381065e-01  1.325241e-02 -9.711486e-01
    outer loop
      vertex   3.572994e-02  1.484168e-01  3.454110e-01
      vertex   3.764105e-02  1.579418e-01  3.450724e-01
      vertex   4.339048e-02  1.484168e-01  3.435328e-01
    endloop
  endfacet
  facet normal -4.995350e-01 -1.640319e-01 -8.506223e-01
    outer loop
      vertex   3.764105e-02  1.579418e-01  3.450724e-01
      vertex   4.478977e-02  1.579418e-01  3.408743e-01
      vertex   4.339048e-02  1.484168e-01  3.435328e-01
    endloop
  endfacet
  facet normal -9.265122e-01  3.145907e-02 -3.749473e-01
    outer loop
      vertex   4.339048e-02  1.484168e-01  3.435328e-01
      vertex   4.478977e-02  1.579418e-01  3.408743e-01
      vertex   4.545879e-02  1.484168e-01  3.384220e-01
    endloop
  endfacet
  facet normal  9.497757e-01  1.420410e-01 -2.788377e-01
    outer loop
      vertex   4.806351e-02  1.579418e-01  3.420735e-01
      vertex   4.816219e-02  1.484168e-01  3.375575e-01
      vertex   4.491724e-02  1.579418e-01  3.313567e-01
    endloop
  endfacet
  facet normal  8.618565e-01 -3.572585e-02 -5.058923e-01
    outer loop
      vertex   4.816219e-02  1.484168e-01  3.375575e-01
      vertex   4.429970e-02  1.484168e-01  3.309772e-01
      vertex   4.491724e-02  1.579418e-01  3.313567e-01
    endloop
  endfacet
  facet normal  2.815020e-01  1.996451e-02 -9.593529e-01
    outer loop
      vertex   4.429970e-02  1.484168e-01  3.309772e-01
      vertex   3.601805e-02  1.484168e-01  3.285472e-01
      vertex   4.491724e-02  1.579418e-01  3.313567e-01
    endloop
  endfacet
  facet normal  2.575534e-01  4.408140e-02 -9.652580e-01
    outer loop
      vertex   4.491724e-02  1.579418e-01  3.313567e-01
      vertex   3.601805e-02  1.484168e-01  3.285472e-01
      vertex   3.523001e-02  1.579418e-01  3.287719e-01
    endloop
  endfacet
  facet normal -7.057450e-01 -4.170320e-02 -7.072374e-01
    outer loop
      vertex   3.601805e-02  1.484168e-01  3.285472e-01
      vertex   2.891186e-02  1.484168e-01  3.356384e-01
      vertex   3.523001e-02  1.579418e-01  3.287719e-01
    endloop
  endfacet
  facet normal -7.234913e-01 -1.758429e-02 -6.901095e-01
    outer loop
      vertex   3.523001e-02  1.579418e-01  3.287719e-01
      vertex   2.891186e-02  1.484168e-01  3.356384e-01
      vertex   2.928056e-02  1.579418e-01  3.350091e-01
    endloop
  endfacet
  facet normal -9.992441e-01  3.820480e-02 -7.188277e-03
    outer loop
      vertex   2.928056e-02  1.579418e-01  3.350091e-01
      vertex   2.891186e-02  1.484168e-01  3.356384e-01
      vertex   2.922574e-02  1.579418e-01  3.426293e-01
    endloop
  endfacet
  facet normal -9.945228e-01 -3.853596e-02  9.715703e-02
    outer loop
      vertex   2.891186e-02  1.484168e-01  3.356384e-01
      vertex   2.963862e-02  1.484168e-01  3.430777e-01
      vertex   2.922574e-02  1.579418e-01  3.426293e-01
    endloop
  endfacet
  facet normal -6.349818e-01  8.840119e-03  7.724765e-01
    outer loop
      vertex   2.963862e-02  1.484168e-01  3.430777e-01
      vertex   3.541291e-02  1.484168e-01  3.478242e-01
      vertex   2.922574e-02  1.579418e-01  3.426293e-01
    endloop
  endfacet
  facet normal -5.768135e-01  6.923671e-02  8.139364e-01
    outer loop
      vertex   2.922574e-02  1.579418e-01  3.426293e-01
      vertex   3.541291e-02  1.484168e-01  3.478242e-01
      vertex   3.733326e-02  1.579418e-01  3.483749e-01
    endloop
  endfacet
  facet normal  1.406284e-01 -8.537752e-02  9.863743e-01
    outer loop
      vertex   3.541291e-02  1.484168e-01  3.478242e-01
      vertex   4.400827e-02  1.484168e-01  3.465988e-01
      vertex   3.733326e-02  1.579418e-01  3.483749e-01
    endloop
  endfacet
  facet normal  4.971173e-01  1.905269e-01  8.465068e-01
    outer loop
      vertex   3.733326e-02  1.579418e-01  3.483749e-01
      vertex   4.400827e-02  1.484168e-01  3.465988e-01
      vertex   4.806351e-02  1.579418e-01  3.420735e-01
    endloop
  endfacet
  facet normal  8.929535e-01 -1.852594e-01  4.102597e-01
    outer loop
      vertex   4.400827e-02  1.484168e-01  3.465988e-01
      vertex   4.816219e-02  1.484168e-01  3.375575e-01
      vertex   4.806351e-02  1.579418e-01  3.420735e-01
    endloop
  endfacet
  facet normal -1.576381e-02 -9.480549e-03  9.998308e-01
    outer loop
      vertex  -7.186249e-03  1.579418e-01  3.273019e-01
      vertex  -1.016609e-02  1.803668e-01  3.274675e-01
      vertex  -1.112457e-02  1.579418e-01  3.272398e-01
    endloop
  endfacet
  facet normal -3.566559e-01  5.756013e-03  9.342181e-01
    outer loop
      vertex  -1.016609e-02  1.803668e-01  3.274675e-01
      vertex  -1.233145e-02  1.802595e-01  3.266415e-01
      vertex  -1.112457e-02  1.579418e-01  3.272398e-01
    endloop
  endfacet
  facet normal -3.826672e-01  4.072207e-03  9.238773e-01
    outer loop
      vertex  -1.112457e-02  1.579418e-01  3.272398e-01
      vertex  -1.233145e-02  1.802595e-01  3.266415e-01
      vertex  -1.265607e-02  1.579418e-01  3.266054e-01
    endloop
  endfacet
  facet normal -7.417594e-01  9.704962e-03  6.705958e-01
    outer loop
      vertex  -1.233145e-02  1.802595e-01  3.266415e-01
      vertex  -1.624508e-02  1.800168e-01  3.223161e-01
      vertex  -1.265607e-02  1.579418e-01  3.266054e-01
    endloop
  endfacet
  facet normal -6.925356e-01  2.747465e-02  7.208604e-01
    outer loop
      vertex  -1.265607e-02  1.579418e-01  3.266054e-01
      vertex  -1.624508e-02  1.800168e-01  3.223161e-01
      vertex  -1.520288e-02  1.579418e-01  3.241587e-01
    endloop
  endfacet
  facet normal -9.885461e-01 -3.440541e-02  1.469447e-01
    outer loop
      vertex  -1.520288e-02  1.579418e-01  3.241587e-01
      vertex  -1.624508e-02  1.800168e-01  3.223161e-01
      vertex  -1.580299e-02  1.579418e-01  3.201215e-01
    endloop
  endfacet
  facet normal -8.925358e-01  2.687930e-02 -4.501748e-01
    outer loop
      vertex  -1.580299e-02  1.579418e-01  3.201215e-01
      vertex  -1.624508e-02  1.800168e-01  3.223161e-01
      vertex  -1.391047e-02  1.579418e-01  3.163693e-01
    endloop
  endfacet
  facet normal -8.919281e-01  2.726145e-02 -4.513548e-01
    outer loop
      vertex  -1.624508e-02  1.800168e-01  3.223161e-01
      vertex  -1.284311e-02  1.802156e-01  3.156054e-01
      vertex  -1.391047e-02  1.579418e-01  3.163693e-01
    endloop
  endfacet
  facet normal -3.979821e-01 -1.238855e-02 -9.173095e-01
    outer loop
      vertex  -1.391047e-02  1.579418e-01  3.163693e-01
      vertex  -1.284311e-02  1.802156e-01  3.156054e-01
      vertex  -1.016609e-02  1.579418e-01  3.147448e-01
    endloop
  endfacet
  facet normal -1.143909e-01  2.462492e-02 -9.931306e-01
    outer loop
      vertex  -1.284311e-02  1.802156e-01  3.156054e-01
      vertex  -7.186134e-03  1.802155e-01  3.149538e-01
      vertex  -1.016609e-02  1.579418e-01  3.147448e-01
    endloop
  endfacet
  facet normal  1.539013e-01 -1.131739e-02 -9.880214e-01
    outer loop
      vertex  -1.016609e-02  1.579418e-01  3.147448e-01
      vertex  -7.186134e-03  1.802155e-01  3.149538e-01
      vertex  -6.893667e-03  1.579418e-01  3.152545e-01
    endloop
  endfacet
  facet normal  7.703924e-01  1.508575e-03 -6.375683e-01
    outer loop
      vertex  -6.893667e-03  1.579418e-01  3.152545e-01
      vertex  -7.186134e-03  1.802155e-01  3.149538e-01
      vertex  -2.563617e-03  1.579418e-01  3.204866e-01
    endloop
  endfacet
  facet normal  8.001522e-01  1.712793e-02 -5.995523e-01
    outer loop
      vertex  -7.186134e-03  1.802155e-01  3.149538e-01
      vertex  -2.810463e-03  1.800676e-01  3.207893e-01
      vertex  -2.563617e-03  1.579418e-01  3.204866e-01
    endloop
  endfacet
  facet normal  8.684716e-01  2.908173e-03  4.957304e-01
    outer loop
      vertex  -2.810463e-03  1.800676e-01  3.207893e-01
      vertex  -6.093137e-03  1.801281e-01  3.265398e-01
      vertex  -2.563617e-03  1.579418e-01  3.204866e-01
    endloop
  endfacet
  facet normal  8.273961e-01 -2.149081e-02  5.612075e-01
    outer loop
      vertex  -2.563617e-03  1.579418e-01  3.204866e-01
      vertex  -6.093137e-03  1.801281e-01  3.265398e-01
      vertex  -7.186249e-03  1.579418e-01  3.273019e-01
    endloop
  endfacet
  facet normal  2.232660e-01  2.246897e-02  9.744986e-01
    outer loop
      vertex  -6.093137e-03  1.801281e-01  3.265398e-01
      vertex  -1.016609e-02  1.803668e-01  3.274675e-01
      vertex  -7.186249e-03  1.579418e-01  3.273019e-01
    endloop
  endfacet
  facet normal  1.789553e-02  9.844525e-01 -1.747368e-01
    outer loop
      vertex  -1.016609e-02  1.803668e-01  3.274675e-01
      vertex  -6.093137e-03  1.801281e-01  3.265398e-01
      vertex  -1.233145e-02  1.802595e-01  3.266415e-01
    endloop
  endfacet
  facet normal  2.602662e-02  6.439932e-01  7.645884e-01
    outer loop
      vertex  -6.093137e-03  1.801281e-01  3.265398e-01
      vertex  -1.144959e-02  1.836039e-01  3.237946e-01
      vertex  -1.233145e-02  1.802595e-01  3.266415e-01
    endloop
  endfacet
  facet normal -6.802573e-01  6.567839e-01 -3.253995e-01
    outer loop
      vertex  -1.624508e-02  1.800168e-01  3.223161e-01
      vertex  -1.042349e-02  1.837767e-01  3.177347e-01
      vertex  -1.284311e-02  1.802156e-01  3.156054e-01
    endloop
  endfacet
  facet normal -9.496982e-02  5.576240e-01 -8.246431e-01
    outer loop
      vertex  -1.284311e-02  1.802156e-01  3.156054e-01
      vertex  -1.042349e-02  1.837767e-01  3.177347e-01
      vertex  -7.186134e-03  1.802155e-01  3.149538e-01
    endloop
  endfacet
  facet normal  5.230016e-01  7.665081e-01 -3.727394e-01
    outer loop
      vertex  -1.042349e-02  1.837767e-01  3.177347e-01
      vertex  -2.810463e-03  1.800676e-01  3.207893e-01
      vertex  -7.186134e-03  1.802155e-01  3.149538e-01
    endloop
  endfacet
  facet normal -6.091197e-01  6.010547e-01  5.174036e-01
    outer loop
      vertex  -1.233145e-02  1.802595e-01  3.266415e-01
      vertex  -1.144959e-02  1.836039e-01  3.237946e-01
      vertex  -1.624508e-02  1.800168e-01  3.223161e-01
    endloop
  endfacet
  facet normal  5.116025e-01  8.068826e-01 -2.953021e-01
    outer loop
      vertex  -1.042349e-02  1.837767e-01  3.177347e-01
      vertex  -6.371918e-03  1.825470e-01  3.213941e-01
      vertex  -2.810463e-03  1.800676e-01  3.207893e-01
    endloop
  endfacet
  facet normal  5.771914e-01  7.506215e-01  3.215860e-01
    outer loop
      vertex  -2.810463e-03  1.800676e-01  3.207893e-01
      vertex  -6.371918e-03  1.825470e-01  3.213941e-01
      vertex  -6.093137e-03  1.801281e-01  3.265398e-01
    endloop
  endfacet
  facet normal  3.577012e-01  8.524280e-01  3.813350e-01
    outer loop
      vertex  -6.371918e-03  1.825470e-01  3.213941e-01
      vertex  -1.144959e-02  1.836039e-01  3.237946e-01
      vertex  -6.093137e-03  1.801281e-01  3.265398e-01
    endloop
  endfacet
  facet normal -5.822365e-01  8.095059e-01 -7.550404e-02
    outer loop
      vertex  -1.144959e-02  1.836039e-01  3.237946e-01
      vertex  -1.042349e-02  1.837767e-01  3.177347e-01
      vertex  -1.624508e-02  1.800168e-01  3.223161e-01
    endloop
  endfacet
  facet normal  2.336718e-01  9.699886e-01  6.722831e-02
    outer loop
      vertex  -1.042349e-02  1.837767e-01  3.177347e-01
      vertex  -1.144959e-02  1.836039e-01  3.237946e-01
      vertex  -6.371918e-03  1.825470e-01  3.213941e-01
    endloop
  endfacet
  facet normal -2.199003e-01 -1.140217e-01 -9.688359e-01
    outer loop
      vertex  -1.566135e-01  1.635874e-01  2.417788e-01
      vertex  -1.531033e-01  1.730271e-01  2.398712e-01
      vertex  -1.524900e-01  1.619440e-01  2.410363e-01
    endloop
  endfacet
  facet normal -3.100404e-01 -7.622372e-02 -9.476629e-01
    outer loop
      vertex  -1.531033e-01  1.730271e-01  2.398712e-01
      vertex  -1.566135e-01  1.635874e-01  2.417788e-01
      vertex  -1.568862e-01  1.720818e-01  2.411848e-01
    endloop
  endfacet
  facet normal  9.131650e-01  7.682893e-03 -4.075178e-01
    outer loop
      vertex  -1.524900e-01  1.619440e-01  2.410363e-01
      vertex  -1.531033e-01  1.730271e-01  2.398712e-01
      vertex  -1.508224e-01  1.634237e-01  2.448012e-01
    endloop
  endfacet
  facet normal  8.801754e-01 -3.398934e-02 -4.734301e-01
    outer loop
      vertex  -1.504402e-01  1.723800e-01  2.448688e-01
      vertex  -1.508224e-01  1.634237e-01  2.448012e-01
      vertex  -1.531033e-01  1.730271e-01  2.398712e-01
    endloop
  endfacet
  facet normal  9.706853e-01  2.380532e-02  2.391723e-01
    outer loop
      vertex  -1.456566e-01  1.731693e-01  2.459515e-01
      vertex  -1.462880e-01  1.725309e-01  2.485776e-01
      vertex  -1.454048e-01  1.619302e-01  2.460484e-01
    endloop
  endfacet
  facet normal  9.033750e-01  1.692725e-01 -3.940310e-01
    outer loop
      vertex  -1.462880e-01  1.725309e-01  2.485776e-01
      vertex  -1.433970e-01  1.635313e-01  2.513394e-01
      vertex  -1.454048e-01  1.619302e-01  2.460484e-01
    endloop
  endfacet
  facet normal  2.234569e-01 -3.400205e-03 -9.747079e-01
    outer loop
      vertex  -1.454048e-01  1.619302e-01  2.460484e-01
      vertex  -1.508224e-01  1.634237e-01  2.448012e-01
      vertex  -1.456566e-01  1.731693e-01  2.459515e-01
    endloop
  endfacet
  facet normal  2.210848e-01 -2.078606e-03 -9.752524e-01
    outer loop
      vertex  -1.456566e-01  1.731693e-01  2.459515e-01
      vertex  -1.508224e-01  1.634237e-01  2.448012e-01
      vertex  -1.504402e-01  1.723800e-01  2.448688e-01
    endloop
  endfacet
  facet normal  3.421416e-01 -9.831578e-02 -9.344909e-01
    outer loop
      vertex  -1.464649e-01  1.631793e-01  2.502532e-01
      vertex  -1.424348e-01  1.730548e-01  2.506897e-01
      vertex  -1.433970e-01  1.635313e-01  2.513394e-01
    endloop
  endfacet
  facet normal -3.462503e-01  1.718017e-01  9.222770e-01
    outer loop
      vertex  -1.433970e-01  1.635313e-01  2.513394e-01
      vertex  -1.462880e-01  1.725309e-01  2.485776e-01
      vertex  -1.464649e-01  1.631793e-01  2.502532e-01
    endloop
  endfacet
  facet normal  4.911886e-01 -1.626219e-01 -8.557382e-01
    outer loop
      vertex  -1.424348e-01  1.730548e-01  2.506897e-01
      vertex  -1.464649e-01  1.631793e-01  2.502532e-01
      vertex  -1.462880e-01  1.725309e-01  2.485776e-01
    endloop
  endfacet
  facet normal  9.654742e-01 -3.482722e-02 -2.581600e-01
    outer loop
      vertex  -1.424348e-01  1.730548e-01  2.506897e-01
      vertex  -1.404887e-01  1.725739e-01  2.580326e-01
      vertex  -1.415177e-01  1.632697e-01  2.554395e-01
    endloop
  endfacet
  facet normal -8.963395e-01 -2.587632e-01 -3.600238e-01
    outer loop
      vertex  -1.438295e-01  1.727043e-01  2.544139e-01
      vertex  -1.424348e-01  1.730548e-01  2.506897e-01
      vertex  -1.415177e-01  1.632697e-01  2.554395e-01
    endloop
  endfacet
  facet normal  8.989735e-01  1.767047e-01 -4.007768e-01
    outer loop
      vertex  -1.415177e-01  1.632697e-01  2.554395e-01
      vertex  -1.433970e-01  1.635313e-01  2.513394e-01
      vertex  -1.438295e-01  1.727043e-01  2.544139e-01
    endloop
  endfacet
  facet normal  9.362953e-01 -7.114156e-02  3.439330e-01
    outer loop
      vertex  -1.438295e-01  1.727043e-01  2.544139e-01
      vertex  -1.433970e-01  1.635313e-01  2.513394e-01
      vertex  -1.424348e-01  1.730548e-01  2.506897e-01
    endloop
  endfacet
  facet normal  9.921186e-01 -8.374912e-02 -9.320273e-02
    outer loop
      vertex  -1.409821e-01  1.634624e-01  2.609681e-01
      vertex  -1.415177e-01  1.632697e-01  2.554395e-01
      vertex  -1.404887e-01  1.725739e-01  2.580326e-01
    endloop
  endfacet
  facet normal  9.361281e-01  6.089418e-02  3.463469e-01
    outer loop
      vertex  -1.404887e-01  1.725739e-01  2.580326e-01
      vertex  -1.420493e-01  1.727043e-01  2.622277e-01
      vertex  -1.409821e-01  1.634624e-01  2.609681e-01
    endloop
  endfacet
  facet normal  9.385836e-01 -7.168052e-02 -3.375244e-01
    outer loop
      vertex  -1.395977e-01  1.632496e-01  2.648629e-01
      vertex  -1.409821e-01  1.634624e-01  2.609681e-01
      vertex  -1.388220e-01  1.730633e-01  2.649360e-01
    endloop
  endfacet
  facet normal  6.212704e-01  1.758088e-01 -7.636193e-01
    outer loop
      vertex  -1.388220e-01  1.730633e-01  2.649360e-01
      vertex  -1.409821e-01  1.634624e-01  2.609681e-01
      vertex  -1.420493e-01  1.727043e-01  2.622277e-01
    endloop
  endfacet
  facet normal  9.272636e-01  1.495399e-01  3.432493e-01
    outer loop
      vertex  -1.416964e-01  1.632929e-01  2.705136e-01
      vertex  -1.395977e-01  1.632496e-01  2.648629e-01
      vertex  -1.420645e-01  1.727043e-01  2.674076e-01
    endloop
  endfacet
  facet normal  7.053601e-01 -1.971238e-01 -6.808886e-01
    outer loop
      vertex  -1.393815e-01  1.731046e-01  2.700711e-01
      vertex  -1.416964e-01  1.632929e-01  2.705136e-01
      vertex  -1.420645e-01  1.727043e-01  2.674076e-01
    endloop
  endfacet
  facet normal  6.091127e-01 -5.404104e-02  7.912403e-01
    outer loop
      vertex  -1.420645e-01  1.727043e-01  2.674076e-01
      vertex  -1.395977e-01  1.632496e-01  2.648629e-01
      vertex  -1.388220e-01  1.730633e-01  2.649360e-01
    endloop
  endfacet
  facet normal  9.921371e-01 -4.392226e-02 -1.171957e-01
    outer loop
      vertex  -1.427974e-01  1.723485e-01  2.720819e-01
      vertex  -1.424833e-01  1.724285e-01  2.747108e-01
      vertex  -1.428749e-01  1.635834e-01  2.747113e-01
    endloop
  endfacet
  facet normal  9.616195e-01  7.100947e-02  2.650388e-01
    outer loop
      vertex  -1.416964e-01  1.632929e-01  2.705136e-01
      vertex  -1.427974e-01  1.723485e-01  2.720819e-01
      vertex  -1.428749e-01  1.635834e-01  2.747113e-01
    endloop
  endfacet
  facet normal  5.192806e-01 -8.415961e-02  8.504498e-01
    outer loop
      vertex  -1.427974e-01  1.723485e-01  2.720819e-01
      vertex  -1.416964e-01  1.632929e-01  2.705136e-01
      vertex  -1.393815e-01  1.731046e-01  2.700711e-01
    endloop
  endfacet
  facet normal  8.868487e-01 -3.922901e-02  4.603917e-01
    outer loop
      vertex  -1.444200e-01  1.726335e-01  2.784588e-01
      vertex  -1.428749e-01  1.635834e-01  2.747113e-01
      vertex  -1.424833e-01  1.724285e-01  2.747108e-01
    endloop
  endfacet
  facet normal  9.790853e-01  9.202445e-02  1.814481e-01
    outer loop
      vertex  -1.435518e-01  1.624513e-01  2.789384e-01
      vertex  -1.428749e-01  1.635834e-01  2.747113e-01
      vertex  -1.444200e-01  1.726335e-01  2.784588e-01
    endloop
  endfacet
  facet normal  2.295815e-01  8.233895e-01 -5.189624e-01
    outer loop
      vertex  -1.595151e-01  1.619839e-01  2.379511e-01
      vertex  -1.638721e-01  1.637498e-01  2.388254e-01
      vertex  -1.566135e-01  1.635874e-01  2.417788e-01
    endloop
  endfacet
  facet normal  7.904997e-01 -1.566313e-01  5.920953e-01
    outer loop
      vertex  -1.472740e-01  1.725862e-01  2.822566e-01
      vertex  -1.476268e-01  1.631793e-01  2.802393e-01
      vertex  -1.444200e-01  1.726335e-01  2.784588e-01
    endloop
  endfacet
  facet normal -3.898181e-02 -6.427338e-01 -7.650972e-01
    outer loop
      vertex  -1.759437e-01  1.593610e-01  2.528834e-01
      vertex  -1.807616e-01  1.587940e-01  2.536052e-01
      vertex  -1.802995e-01  1.613677e-01  2.514196e-01
    endloop
  endfacet
  facet normal  9.437615e-01 -2.954549e-01 -1.483933e-01
    outer loop
      vertex  -1.807616e-01  1.587940e-01  2.536052e-01
      vertex  -1.823624e-01  1.586671e-01  2.436769e-01
      vertex  -1.802995e-01  1.613677e-01  2.514196e-01
    endloop
  endfacet
  facet normal  1.336064e-01 -9.462801e-01  2.944542e-01
    outer loop
      vertex  -1.802995e-01  1.613677e-01  2.514196e-01
      vertex  -1.823624e-01  1.586671e-01  2.436769e-01
      vertex  -1.778695e-01  1.602887e-01  2.468496e-01
    endloop
  endfacet
  facet normal -1.995853e-01 -9.760666e-01 -8.636881e-02
    outer loop
      vertex  -1.778695e-01  1.602887e-01  2.468496e-01
      vertex  -1.717954e-01  1.587577e-01  2.501149e-01
      vertex  -1.759437e-01  1.593610e-01  2.528834e-01
    endloop
  endfacet
  facet normal -4.192801e-01  8.301817e-01 -3.674270e-01
    outer loop
      vertex  -1.875349e-01  1.620052e-01  2.475615e-01
      vertex  -1.881469e-01  1.637232e-01  2.521416e-01
      vertex  -1.810499e-01  1.637578e-01  2.441213e-01
    endloop
  endfacet
  facet normal  8.880854e-01  9.614980e-02  4.495104e-01
    outer loop
      vertex  -1.778695e-01  1.602887e-01  2.468496e-01
      vertex  -1.805380e-01  1.797918e-01  2.479499e-01
      vertex  -1.802995e-01  1.613677e-01  2.514196e-01
    endloop
  endfacet
  facet normal  8.899162e-01 -7.326608e-02 -4.502012e-01
    outer loop
      vertex  -1.805380e-01  1.797918e-01  2.479499e-01
      vertex  -1.784972e-01  1.797918e-01  2.519840e-01
      vertex  -1.802995e-01  1.613677e-01  2.514196e-01
    endloop
  endfacet
  facet normal  3.177088e-01 -2.036219e-03 -9.481862e-01
    outer loop
      vertex  -1.802995e-01  1.613677e-01  2.514196e-01
      vertex  -1.784972e-01  1.797918e-01  2.519840e-01
      vertex  -1.759437e-01  1.593610e-01  2.528834e-01
    endloop
  endfacet
  facet normal -7.154839e-01 -1.197242e-01 -6.882942e-01
    outer loop
      vertex  -1.784972e-01  1.797918e-01  2.519840e-01
      vertex  -1.757046e-01  1.797918e-01  2.490811e-01
      vertex  -1.759437e-01  1.593610e-01  2.528834e-01
    endloop
  endfacet
  facet normal -9.472214e-01  6.933580e-02  3.129923e-01
    outer loop
      vertex  -1.759437e-01  1.593610e-01  2.528834e-01
      vertex  -1.757046e-01  1.797918e-01  2.490811e-01
      vertex  -1.778695e-01  1.602887e-01  2.468496e-01
    endloop
  endfacet
  facet normal -2.270440e-01 -8.579146e-02  9.700984e-01
    outer loop
      vertex  -1.757046e-01  1.797918e-01  2.490811e-01
      vertex  -1.805380e-01  1.797918e-01  2.479499e-01
      vertex  -1.778695e-01  1.602887e-01  2.468496e-01
    endloop
  endfacet
  facet normal  9.655206e-01 -7.221260e-03  2.602265e-01
    outer loop
      vertex  -1.542664e-01  1.797918e-01  2.760015e-01
      vertex  -1.555019e-01  1.797918e-01  2.805855e-01
      vertex  -1.544105e-01  1.613677e-01  2.760249e-01
    endloop
  endfacet
  facet normal  9.798145e-01  8.602004e-03  1.997239e-01
    outer loop
      vertex  -1.544105e-01  1.613677e-01  2.760249e-01
      vertex  -1.555019e-01  1.797918e-01  2.805855e-01
      vertex  -1.553445e-01  1.610587e-01  2.806204e-01
    endloop
  endfacet
  facet normal -1.512511e-01 -3.110592e-03 -9.884905e-01
    outer loop
      vertex  -1.553445e-01  1.610587e-01  2.806204e-01
      vertex  -1.555019e-01  1.797918e-01  2.805855e-01
      vertex  -1.516406e-01  1.610828e-01  2.800536e-01
    endloop
  endfacet
  facet normal -1.724228e-01 -7.579536e-03 -9.849939e-01
    outer loop
      vertex  -1.555019e-01  1.797918e-01  2.805855e-01
      vertex  -1.515410e-01  1.797918e-01  2.798921e-01
      vertex  -1.516406e-01  1.610828e-01  2.800536e-01
    endloop
  endfacet
  facet normal -8.236851e-01  9.275191e-03  5.669716e-01
    outer loop
      vertex  -1.516406e-01  1.610828e-01  2.800536e-01
      vertex  -1.515410e-01  1.797918e-01  2.798921e-01
      vertex  -1.544105e-01  1.613677e-01  2.760249e-01
    endloop
  endfacet
  facet normal -8.190185e-01  7.131296e-03  5.737228e-01
    outer loop
      vertex  -1.515410e-01  1.797918e-01  2.798921e-01
      vertex  -1.542664e-01  1.797918e-01  2.760015e-01
      vertex  -1.544105e-01  1.613677e-01  2.760249e-01
    endloop
  endfacet
  facet normal -1.387940e-01 -3.607844e-01 -9.222640e-01
    outer loop
      vertex  -1.516406e-01  1.610828e-01  2.800536e-01
      vertex  -1.581973e-01  1.588265e-01  2.819229e-01
      vertex  -1.553445e-01  1.610587e-01  2.806204e-01
    endloop
  endfacet
  facet normal  6.361337e-01 -7.676576e-01  7.768948e-02
    outer loop
      vertex  -1.553445e-01  1.610587e-01  2.806204e-01
      vertex  -1.581973e-01  1.588265e-01  2.819229e-01
      vertex  -1.544105e-01  1.613677e-01  2.760249e-01
    endloop
  endfacet
  facet normal  8.315458e-01 -4.337009e-01  3.470378e-01
    outer loop
      vertex  -1.581973e-01  1.588265e-01  2.819229e-01
      vertex  -1.547462e-01  1.588970e-01  2.737418e-01
      vertex  -1.544105e-01  1.613677e-01  2.760249e-01
    endloop
  endfacet
  facet normal -7.789704e-01 -3.651850e-01  5.097501e-01
    outer loop
      vertex  -1.544105e-01  1.613677e-01  2.760249e-01
      vertex  -1.547462e-01  1.588970e-01  2.737418e-01
      vertex  -1.516406e-01  1.610828e-01  2.800536e-01
    endloop
  endfacet
  facet normal -8.100722e-01 -3.013659e-01  5.029529e-01
    outer loop
      vertex  -1.547462e-01  1.588970e-01  2.737418e-01
      vertex  -1.483812e-01  1.586644e-01  2.838541e-01
      vertex  -1.516406e-01  1.610828e-01  2.800536e-01
    endloop
  endfacet
  facet normal  1.040919e-01 -7.962481e-01 -5.959479e-01
    outer loop
      vertex  -1.483812e-01  1.586644e-01  2.838541e-01
      vertex  -1.581973e-01  1.588265e-01  2.819229e-01
      vertex  -1.516406e-01  1.610828e-01  2.800536e-01
    endloop
  endfacet
  facet normal  9.777115e-01  8.318502e-03 -2.097881e-01
    outer loop
      vertex  -1.476268e-01  1.631793e-01  2.802393e-01
      vertex  -1.472740e-01  1.725862e-01  2.822566e-01
      vertex  -1.470278e-01  1.630046e-01  2.830242e-01
    endloop
  endfacet
  facet normal  5.956871e-01  1.957634e-02 -8.029780e-01
    outer loop
      vertex  -1.834591e-01  1.598261e-01  2.762775e-01
      vertex  -1.833434e-01  1.797918e-01  2.768501e-01
      vertex  -1.796451e-01  1.593539e-01  2.790954e-01
    endloop
  endfacet
  facet normal  3.114007e-01 -4.791483e-02 -9.490699e-01
    outer loop
      vertex  -1.833434e-01  1.797918e-01  2.768501e-01
      vertex  -1.790477e-01  1.797918e-01  2.782595e-01
      vertex  -1.796451e-01  1.593539e-01  2.790954e-01
    endloop
  endfacet
  facet normal -9.794055e-01  2.041207e-02 -2.008688e-01
    outer loop
      vertex  -1.796451e-01  1.593539e-01  2.790954e-01
      vertex  -1.790477e-01  1.797918e-01  2.782595e-01
      vertex  -1.786742e-01  1.611766e-01  2.745467e-01
    endloop
  endfacet
  facet normal -9.995263e-01 -2.391754e-02  1.936559e-02
    outer loop
      vertex  -1.790477e-01  1.797918e-01  2.782595e-01
      vertex  -1.791258e-01  1.797918e-01  2.742322e-01
      vertex  -1.786742e-01  1.611766e-01  2.745467e-01
    endloop
  endfacet
  facet normal  3.340510e-01  2.402148e-02  9.422489e-01
    outer loop
      vertex  -1.786742e-01  1.611766e-01  2.745467e-01
      vertex  -1.791258e-01  1.797918e-01  2.742322e-01
      vertex  -1.834591e-01  1.598261e-01  2.762775e-01
    endloop
  endfacet
  facet normal  5.271705e-01 -2.741258e-02  8.493173e-01
    outer loop
      vertex  -1.791258e-01  1.797918e-01  2.742322e-01
      vertex  -1.833434e-01  1.797918e-01  2.768501e-01
      vertex  -1.834591e-01  1.598261e-01  2.762775e-01
    endloop
  endfacet
  facet normal  8.431569e-02 -9.079424e-01 -4.105258e-01
    outer loop
      vertex  -1.568862e-01  1.720818e-01  2.411848e-01
      vertex  -1.688837e-01  1.730013e-01  2.366873e-01
      vertex  -1.531033e-01  1.730271e-01  2.398712e-01
    endloop
  endfacet
  facet normal  2.097379e-01 -9.491761e-01 -2.346800e-01
    outer loop
      vertex  -1.456566e-01  1.731693e-01  2.459515e-01
      vertex  -1.504402e-01  1.723800e-01  2.448688e-01
      vertex  -1.531033e-01  1.730271e-01  2.398712e-01
    endloop
  endfacet
  facet normal  2.277277e-01 -9.573233e-01 -1.779666e-01
    outer loop
      vertex  -1.424348e-01  1.730548e-01  2.506897e-01
      vertex  -1.462880e-01  1.725309e-01  2.485776e-01
      vertex  -1.456566e-01  1.731693e-01  2.459515e-01
    endloop
  endfacet
  facet normal  5.133649e-01 -8.005898e-01  3.090508e-01
    outer loop
      vertex  -1.444200e-01  1.726335e-01  2.784588e-01
      vertex  -1.424833e-01  1.724285e-01  2.747108e-01
      vertex  -1.443527e-01  1.738271e-01  2.814392e-01
    endloop
  endfacet
  facet normal  6.352029e-01 -7.018486e-01  3.223752e-01
    outer loop
      vertex  -1.443527e-01  1.738271e-01  2.814392e-01
      vertex  -1.424833e-01  1.724285e-01  2.747108e-01
      vertex  -1.393815e-01  1.731046e-01  2.700711e-01
    endloop
  endfacet
  facet normal  2.181576e-01 -9.759068e-01  3.631380e-03
    outer loop
      vertex  -1.424833e-01  1.724285e-01  2.747108e-01
      vertex  -1.427974e-01  1.723485e-01  2.720819e-01
      vertex  -1.393815e-01  1.731046e-01  2.700711e-01
    endloop
  endfacet
  facet normal  4.452808e-01 -8.346291e-01  3.242210e-01
    outer loop
      vertex  -1.472740e-01  1.725862e-01  2.822566e-01
      vertex  -1.444200e-01  1.726335e-01  2.784588e-01
      vertex  -1.443527e-01  1.738271e-01  2.814392e-01
    endloop
  endfacet
  facet normal  1.038693e-01 -8.926150e-01  4.386907e-01
    outer loop
      vertex  -1.539704e-01  1.721550e-01  2.852756e-01
      vertex  -1.503695e-01  1.727588e-01  2.856515e-01
      vertex  -1.521225e-01  1.735842e-01  2.877461e-01
    endloop
  endfacet
  facet normal  5.533284e-01 -5.052789e-01  6.622091e-01
    outer loop
      vertex  -1.521225e-01  1.735842e-01  2.877461e-01
      vertex  -1.503695e-01  1.727588e-01  2.856515e-01
      vertex  -1.443527e-01  1.738271e-01  2.814392e-01
    endloop
  endfacet
  facet normal  4.529351e-01 -7.684305e-01  4.520669e-01
    outer loop
      vertex  -1.503695e-01  1.727588e-01  2.856515e-01
      vertex  -1.472740e-01  1.725862e-01  2.822566e-01
      vertex  -1.443527e-01  1.738271e-01  2.814392e-01
    endloop
  endfacet
  facet normal  4.264815e-02 -9.110426e-01  4.101006e-01
    outer loop
      vertex  -1.597198e-01  1.731340e-01  2.905936e-01
      vertex  -1.690245e-01  1.727460e-01  2.906992e-01
      vertex  -1.639917e-01  1.723854e-01  2.893748e-01
    endloop
  endfacet
  facet normal  9.985872e-01 -1.872792e-02  4.972854e-02
    outer loop
      vertex  -1.535951e-01  1.590897e-01  2.496435e-01
      vertex  -1.532130e-01  1.797918e-01  2.497669e-01
      vertex  -1.538572e-01  1.590641e-01  2.548965e-01
    endloop
  endfacet
  facet normal  9.620870e-01 -9.332321e-02 -2.562799e-01
    outer loop
      vertex  -1.532130e-01  1.797918e-01  2.497669e-01
      vertex  -1.519910e-01  1.797918e-01  2.543544e-01
      vertex  -1.538572e-01  1.590641e-01  2.548965e-01
    endloop
  endfacet
  facet normal -5.402293e-01  2.664371e-02 -8.410960e-01
    outer loop
      vertex  -1.538572e-01  1.590641e-01  2.548965e-01
      vertex  -1.519910e-01  1.797918e-01  2.543544e-01
      vertex  -1.484328e-01  1.592849e-01  2.514194e-01
    endloop
  endfacet
  facet normal -6.418329e-01 -1.613297e-03 -7.668428e-01
    outer loop
      vertex  -1.519910e-01  1.797918e-01  2.543544e-01
      vertex  -1.489075e-01  1.797918e-01  2.517736e-01
      vertex  -1.484328e-01  1.592849e-01  2.514194e-01
    endloop
  endfacet
  facet normal -4.223062e-01 -2.542475e-02  9.060966e-01
    outer loop
      vertex  -1.489075e-01  1.797918e-01  2.517736e-01
      vertex  -1.532130e-01  1.797918e-01  2.497669e-01
      vertex  -1.484328e-01  1.592849e-01  2.514194e-01
    endloop
  endfacet
  facet normal -3.253078e-01  3.700278e-04  9.456081e-01
    outer loop
      vertex  -1.484328e-01  1.592849e-01  2.514194e-01
      vertex  -1.532130e-01  1.797918e-01  2.497669e-01
      vertex  -1.535951e-01  1.590897e-01  2.496435e-01
    endloop
  endfacet
  facet normal -7.484543e-01 -4.743301e-01  4.634945e-01
    outer loop
      vertex  -1.926858e-01  1.623156e-01  2.596937e-01
      vertex  -1.911300e-01  1.637365e-01  2.636601e-01
      vertex  -1.952271e-01  1.638618e-01  2.571723e-01
    endloop
  endfacet
  facet normal -2.432085e-01 -9.167008e-01 -3.170320e-01
    outer loop
      vertex  -1.952271e-01  1.638618e-01  2.571723e-01
      vertex  -1.881469e-01  1.637232e-01  2.521416e-01
      vertex  -1.926858e-01  1.623156e-01  2.596937e-01
    endloop
  endfacet
  facet normal  6.047641e-01 -6.512599e-01  4.583896e-01
    outer loop
      vertex  -1.872110e-01  1.587494e-01  2.796977e-01
      vertex  -1.811296e-01  1.587923e-01  2.717353e-01
      vertex  -1.834591e-01  1.598261e-01  2.762775e-01
    endloop
  endfacet
  facet normal  3.770408e-01 -8.423432e-01  3.850951e-01
    outer loop
      vertex  -1.834591e-01  1.598261e-01  2.762775e-01
      vertex  -1.811296e-01  1.587923e-01  2.717353e-01
      vertex  -1.786742e-01  1.611766e-01  2.745467e-01
    endloop
  endfacet
  facet normal -3.896994e-01 -5.060061e-01  7.694753e-01
    outer loop
      vertex  -1.811296e-01  1.587923e-01  2.717353e-01
      vertex  -1.765907e-01  1.588318e-01  2.740600e-01
      vertex  -1.786742e-01  1.611766e-01  2.745467e-01
    endloop
  endfacet
  facet normal -7.285688e-01 -5.678512e-01 -3.830568e-01
    outer loop
      vertex  -1.765907e-01  1.588318e-01  2.740600e-01
      vertex  -1.796451e-01  1.593539e-01  2.790954e-01
      vertex  -1.786742e-01  1.611766e-01  2.745467e-01
    endloop
  endfacet
  facet normal -1.711563e-03 -9.998950e-01  1.439286e-02
    outer loop
      vertex  -1.399484e-01  1.587918e-01  2.681886e-01
      vertex  -1.547462e-01  1.588970e-01  2.737418e-01
      vertex  -1.514523e-01  1.587901e-01  2.667024e-01
    endloop
  endfacet
  facet normal  6.482206e-03 -9.999617e-01 -5.886314e-03
    outer loop
      vertex  -1.547462e-01  1.588970e-01  2.737418e-01
      vertex  -1.581973e-01  1.588265e-01  2.819229e-01
      vertex  -1.666045e-01  1.587912e-01  2.786582e-01
    endloop
  endfacet
  facet normal  2.914809e-03 -9.999903e-01  3.300426e-03
    outer loop
      vertex  -1.666045e-01  1.587912e-01  2.786582e-01
      vertex  -1.581973e-01  1.588265e-01  2.819229e-01
      vertex  -1.766461e-01  1.587937e-01  2.882748e-01
    endloop
  endfacet
  facet normal -1.406496e-02 -9.998236e-01 -1.244636e-02
    outer loop
      vertex  -1.483812e-01  1.586644e-01  2.838541e-01
      vertex  -1.632057e-01  1.587918e-01  2.903729e-01
      vertex  -1.581973e-01  1.588265e-01  2.819229e-01
    endloop
  endfacet
  facet normal  4.562897e-04 -9.999925e-01 -3.840252e-03
    outer loop
      vertex  -1.632057e-01  1.587918e-01  2.903729e-01
      vertex  -1.766461e-01  1.587937e-01  2.882748e-01
      vertex  -1.581973e-01  1.588265e-01  2.819229e-01
    endloop
  endfacet
  facet normal -1.273618e-02 -9.998066e-01 -1.498642e-02
    outer loop
      vertex  -1.547462e-01  1.588970e-01  2.737418e-01
      vertex  -1.399484e-01  1.587918e-01  2.681886e-01
      vertex  -1.483812e-01  1.586644e-01  2.838541e-01
    endloop
  endfacet
  facet normal  4.379568e-02 -9.990369e-01 -2.677592e-03
    outer loop
      vertex  -1.603175e-01  1.587915e-01  2.509398e-01
      vertex  -1.535951e-01  1.590897e-01  2.496435e-01
      vertex  -1.538572e-01  1.590641e-01  2.548965e-01
    endloop
  endfacet
  facet normal -9.378850e-02 -9.954262e-01  1.817820e-02
    outer loop
      vertex  -1.399484e-01  1.587918e-01  2.681886e-01
      vertex  -1.484328e-01  1.592849e-01  2.514194e-01
      vertex  -1.437908e-01  1.587918e-01  2.483640e-01
    endloop
  endfacet
  facet normal  3.230441e-03 -9.997100e-01 -2.386252e-02
    outer loop
      vertex  -1.514523e-01  1.587901e-01  2.667024e-01
      vertex  -1.538572e-01  1.590641e-01  2.548965e-01
      vertex  -1.399484e-01  1.587918e-01  2.681886e-01
    endloop
  endfacet
  facet normal  1.649184e-02 -9.991519e-01 -3.772774e-02
    outer loop
      vertex  -1.399484e-01  1.587918e-01  2.681886e-01
      vertex  -1.538572e-01  1.590641e-01  2.548965e-01
      vertex  -1.484328e-01  1.592849e-01  2.514194e-01
    endloop
  endfacet
  facet normal -1.150620e-02 -9.897605e-01  1.422737e-01
    outer loop
      vertex  -1.484328e-01  1.592849e-01  2.514194e-01
      vertex  -1.535951e-01  1.590897e-01  2.496435e-01
      vertex  -1.437908e-01  1.587918e-01  2.483640e-01
    endloop
  endfacet
  facet normal -2.417597e-02 -9.985907e-01  4.724522e-02
    outer loop
      vertex  -1.437908e-01  1.587918e-01  2.483640e-01
      vertex  -1.535951e-01  1.590897e-01  2.496435e-01
      vertex  -1.653748e-01  1.587910e-01  2.373034e-01
    endloop
  endfacet
  facet normal  4.136043e-02 -9.990271e-01 -1.530451e-02
    outer loop
      vertex  -1.653748e-01  1.587910e-01  2.373034e-01
      vertex  -1.535951e-01  1.590897e-01  2.496435e-01
      vertex  -1.603175e-01  1.587915e-01  2.509398e-01
    endloop
  endfacet
  facet normal  3.020650e-03 -9.999949e-01 -1.085234e-03
    outer loop
      vertex  -1.603175e-01  1.587915e-01  2.509398e-01
      vertex  -1.717954e-01  1.587577e-01  2.501149e-01
      vertex  -1.653748e-01  1.587910e-01  2.373034e-01
    endloop
  endfacet
  facet normal  7.783543e-03 -9.999689e-01  1.301800e-03
    outer loop
      vertex  -1.653748e-01  1.587910e-01  2.373034e-01
      vertex  -1.717954e-01  1.587577e-01  2.501149e-01
      vertex  -1.823624e-01  1.586671e-01  2.436769e-01
    endloop
  endfacet
  facet normal -5.050535e-01 -2.288892e-01  8.321843e-01
    outer loop
      vertex  -1.717954e-01  1.587577e-01  2.501149e-01
      vertex  -1.778695e-01  1.602887e-01  2.468496e-01
      vertex  -1.823624e-01  1.586671e-01  2.436769e-01
    endloop
  endfacet
  facet normal  4.038773e-05 -1.000000e+00  6.290303e-06
    outer loop
      vertex  -1.901765e-01  1.587918e-01  2.534509e-01
      vertex  -1.811296e-01  1.587923e-01  2.717353e-01
      vertex  -1.922794e-01  1.587918e-01  2.669530e-01
    endloop
  endfacet
  facet normal  1.770697e-03 -9.999903e-01 -4.027892e-03
    outer loop
      vertex  -1.811296e-01  1.587923e-01  2.717353e-01
      vertex  -1.872110e-01  1.587494e-01  2.796977e-01
      vertex  -1.922794e-01  1.587918e-01  2.669530e-01
    endloop
  endfacet
  facet normal  1.343594e-01 -9.778567e-01 -1.604489e-01
    outer loop
      vertex  -1.872110e-01  1.587494e-01  2.796977e-01
      vertex  -1.834591e-01  1.598261e-01  2.762775e-01
      vertex  -1.766461e-01  1.587937e-01  2.882748e-01
    endloop
  endfacet
  facet normal -1.031896e-01 -9.942961e-01 -2.696604e-02
    outer loop
      vertex  -1.766461e-01  1.587937e-01  2.882748e-01
      vertex  -1.834591e-01  1.598261e-01  2.762775e-01
      vertex  -1.796451e-01  1.593539e-01  2.790954e-01
    endloop
  endfacet
  facet normal  8.360842e-03 -9.999648e-01  6.821100e-04
    outer loop
      vertex  -1.765907e-01  1.588318e-01  2.740600e-01
      vertex  -1.811296e-01  1.587923e-01  2.717353e-01
      vertex  -1.805266e-01  1.587918e-01  2.636401e-01
    endloop
  endfacet
  facet normal -4.461094e-02 -9.979298e-01 -4.632586e-02
    outer loop
      vertex  -1.766461e-01  1.587937e-01  2.882748e-01
      vertex  -1.796451e-01  1.593539e-01  2.790954e-01
      vertex  -1.666045e-01  1.587912e-01  2.786582e-01
    endloop
  endfacet
  facet normal -4.033527e-02 -9.960731e-01  7.881266e-02
    outer loop
      vertex  -1.765907e-01  1.588318e-01  2.740600e-01
      vertex  -1.666045e-01  1.587912e-01  2.786582e-01
      vertex  -1.796451e-01  1.593539e-01  2.790954e-01
    endloop
  endfacet
  facet normal  2.310593e-05 -9.999184e-01  1.277349e-02
    outer loop
      vertex  -1.823624e-01  1.586671e-01  2.436769e-01
      vertex  -1.807616e-01  1.587940e-01  2.536052e-01
      vertex  -1.901765e-01  1.587918e-01  2.534509e-01
    endloop
  endfacet
  facet normal  2.340624e-04 -9.999999e-01 -8.953724e-05
    outer loop
      vertex  -1.901765e-01  1.587918e-01  2.534509e-01
      vertex  -1.807616e-01  1.587940e-01  2.536052e-01
      vertex  -1.811296e-01  1.587923e-01  2.717353e-01
    endloop
  endfacet
  facet normal -2.835196e-03 -9.999959e-01 -1.518399e-04
    outer loop
      vertex  -1.811296e-01  1.587923e-01  2.717353e-01
      vertex  -1.807616e-01  1.587940e-01  2.536052e-01
      vertex  -1.805266e-01  1.587918e-01  2.636401e-01
    endloop
  endfacet
  facet normal  1.164500e-01 -9.931922e-01 -2.943313e-03
    outer loop
      vertex  -1.805266e-01  1.587918e-01  2.636401e-01
      vertex  -1.807616e-01  1.587940e-01  2.536052e-01
      vertex  -1.759437e-01  1.593610e-01  2.528834e-01
    endloop
  endfacet
  facet normal -4.818397e-01 -6.873176e-03  8.762324e-01
    outer loop
      vertex  -1.833718e-01  1.617693e-01  2.845997e-01
      vertex  -1.766461e-01  1.587937e-01  2.882748e-01
      vertex  -1.735612e-01  1.624696e-01  2.900001e-01
    endloop
  endfacet
  facet normal -1.463230e-01 -3.170058e-01  9.370682e-01
    outer loop
      vertex  -1.766461e-01  1.587937e-01  2.882748e-01
      vertex  -1.632057e-01  1.587918e-01  2.903729e-01
      vertex  -1.735612e-01  1.624696e-01  2.900001e-01
    endloop
  endfacet
  facet normal  1.372146e-01  4.744947e-01  8.694981e-01
    outer loop
      vertex  -1.735612e-01  1.624696e-01  2.900001e-01
      vertex  -1.632057e-01  1.587918e-01  2.903729e-01
      vertex  -1.516301e-01  1.616953e-01  2.869617e-01
    endloop
  endfacet
  facet normal  3.549125e-01 -4.562287e-01  8.160223e-01
    outer loop
      vertex  -1.632057e-01  1.587918e-01  2.903729e-01
      vertex  -1.483812e-01  1.586644e-01  2.838541e-01
      vertex  -1.516301e-01  1.616953e-01  2.869617e-01
    endloop
  endfacet
  facet normal  7.742215e-01  2.223312e-01  5.925789e-01
    outer loop
      vertex  -1.516301e-01  1.616953e-01  2.869617e-01
      vertex  -1.483812e-01  1.586644e-01  2.838541e-01
      vertex  -1.414117e-01  1.615918e-01  2.736499e-01
    endloop
  endfacet
  facet normal  8.020034e-01 -4.163122e-01  4.283394e-01
    outer loop
      vertex  -1.483812e-01  1.586644e-01  2.838541e-01
      vertex  -1.399484e-01  1.587918e-01  2.681886e-01
      vertex  -1.414117e-01  1.615918e-01  2.736499e-01
    endloop
  endfacet
  facet normal  9.680134e-01  1.928379e-01  1.605103e-01
    outer loop
      vertex  -1.414117e-01  1.615918e-01  2.736499e-01
      vertex  -1.399484e-01  1.587918e-01  2.681886e-01
      vertex  -1.398325e-01  1.615918e-01  2.641261e-01
    endloop
  endfacet
  facet normal  9.359177e-01 -3.019136e-01 -1.814007e-01
    outer loop
      vertex  -1.399484e-01  1.587918e-01  2.681886e-01
      vertex  -1.437908e-01  1.587918e-01  2.483640e-01
      vertex  -1.398325e-01  1.615918e-01  2.641261e-01
    endloop
  endfacet
  facet normal  9.342845e-01 -3.077845e-01 -1.799477e-01
    outer loop
      vertex  -1.398325e-01  1.615918e-01  2.641261e-01
      vertex  -1.437908e-01  1.587918e-01  2.483640e-01
      vertex  -1.418886e-01  1.615918e-01  2.534509e-01
    endloop
  endfacet
  facet normal  6.485642e-01  5.378596e-01 -5.385829e-01
    outer loop
      vertex  -1.418886e-01  1.615918e-01  2.534509e-01
      vertex  -1.437908e-01  1.587918e-01  2.483640e-01
      vertex  -1.524900e-01  1.619440e-01  2.410363e-01
    endloop
  endfacet
  facet normal  3.543741e-01 -6.294867e-01 -6.914951e-01
    outer loop
      vertex  -1.437908e-01  1.587918e-01  2.483640e-01
      vertex  -1.653748e-01  1.587910e-01  2.373034e-01
      vertex  -1.524900e-01  1.619440e-01  2.410363e-01
    endloop
  endfacet
  facet normal  3.504567e-01 -4.800408e-01 -8.042020e-01
    outer loop
      vertex  -1.524900e-01  1.619440e-01  2.410363e-01
      vertex  -1.653748e-01  1.587910e-01  2.373034e-01
      vertex  -1.595151e-01  1.619839e-01  2.379511e-01
    endloop
  endfacet
  facet normal  8.729084e-02  4.169701e-02 -9.953098e-01
    outer loop
      vertex  -1.595151e-01  1.619839e-01  2.379511e-01
      vertex  -1.653748e-01  1.587910e-01  2.373034e-01
      vertex  -1.689822e-01  1.620890e-01  2.371252e-01
    endloop
  endfacet
  facet normal -5.711283e-01 -4.193611e-01  7.056548e-01
    outer loop
      vertex  -1.872110e-01  1.587494e-01  2.796977e-01
      vertex  -1.766461e-01  1.587937e-01  2.882748e-01
      vertex  -1.833718e-01  1.617693e-01  2.845997e-01
    endloop
  endfacet
  facet normal -3.199519e-01 -3.964665e-01 -8.604912e-01
    outer loop
      vertex  -1.653748e-01  1.587910e-01  2.373034e-01
      vertex  -1.823624e-01  1.586671e-01  2.436769e-01
      vertex  -1.689822e-01  1.620890e-01  2.371252e-01
    endloop
  endfacet
  facet normal -3.240044e-01 -3.864402e-01 -8.635306e-01
    outer loop
      vertex  -1.689822e-01  1.620890e-01  2.371252e-01
      vertex  -1.823624e-01  1.586671e-01  2.436769e-01
      vertex  -1.775815e-01  1.628783e-01  2.399985e-01
    endloop
  endfacet
  facet normal -6.044424e-01 -9.595403e-03 -7.965910e-01
    outer loop
      vertex  -1.775815e-01  1.628783e-01  2.399985e-01
      vertex  -1.823624e-01  1.586671e-01  2.436769e-01
      vertex  -1.875349e-01  1.620052e-01  2.475615e-01
    endloop
  endfacet
  facet normal -7.033508e-01 -4.420497e-01 -5.566774e-01
    outer loop
      vertex  -1.823624e-01  1.586671e-01  2.436769e-01
      vertex  -1.901765e-01  1.587918e-01  2.534509e-01
      vertex  -1.875349e-01  1.620052e-01  2.475615e-01
    endloop
  endfacet
  facet normal -9.194335e-01  3.858086e-02 -3.913483e-01
    outer loop
      vertex  -1.875349e-01  1.620052e-01  2.475615e-01
      vertex  -1.901765e-01  1.587918e-01  2.534509e-01
      vertex  -1.926858e-01  1.623156e-01  2.596937e-01
    endloop
  endfacet
  facet normal -9.073996e-01 -3.957942e-01 -1.413256e-01
    outer loop
      vertex  -1.901765e-01  1.587918e-01  2.534509e-01
      vertex  -1.922794e-01  1.587918e-01  2.669530e-01
      vertex  -1.926858e-01  1.623156e-01  2.596937e-01
    endloop
  endfacet
  facet normal -9.983299e-01 -4.755263e-02  3.280606e-02
    outer loop
      vertex  -1.926858e-01  1.623156e-01  2.596937e-01
      vertex  -1.922794e-01  1.587918e-01  2.669530e-01
      vertex  -1.923809e-01  1.621774e-01  2.687726e-01
    endloop
  endfacet
  facet normal -9.065872e-01 -2.205464e-01  3.598039e-01
    outer loop
      vertex  -1.922794e-01  1.587918e-01  2.669530e-01
      vertex  -1.872110e-01  1.587494e-01  2.796977e-01
      vertex  -1.923809e-01  1.621774e-01  2.687726e-01
    endloop
  endfacet
  facet normal -8.554532e-01 -4.447992e-01  2.652424e-01
    outer loop
      vertex  -1.923809e-01  1.621774e-01  2.687726e-01
      vertex  -1.872110e-01  1.587494e-01  2.796977e-01
      vertex  -1.898607e-01  1.619595e-01  2.765350e-01
    endloop
  endfacet
  facet normal -7.791501e-01 -2.608477e-02  6.262944e-01
    outer loop
      vertex  -1.898607e-01  1.619595e-01  2.765350e-01
      vertex  -1.872110e-01  1.587494e-01  2.796977e-01
      vertex  -1.833718e-01  1.617693e-01  2.845997e-01
    endloop
  endfacet
  facet normal -3.281243e-01  3.279523e-01 -8.858790e-01
    outer loop
      vertex  -1.586850e-01  1.667918e-01  2.702209e-01
      vertex  -1.676370e-01  1.667918e-01  2.735367e-01
      vertex  -1.618103e-01  1.717918e-01  2.732294e-01
    endloop
  endfacet
  facet normal  2.753270e-01 -3.752311e-01 -8.850970e-01
    outer loop
      vertex  -1.618103e-01  1.717918e-01  2.732294e-01
      vertex  -1.676370e-01  1.667918e-01  2.735367e-01
      vertex  -1.742897e-01  1.717918e-01  2.693475e-01
    endloop
  endfacet
  facet normal  6.884899e-01  4.217142e-01 -5.900329e-01
    outer loop
      vertex  -1.676370e-01  1.667918e-01  2.735367e-01
      vertex  -1.726330e-01  1.667918e-01  2.677070e-01
      vertex  -1.742897e-01  1.717918e-01  2.693475e-01
    endloop
  endfacet
  facet normal  9.167172e-01  3.603604e-01 -1.725399e-01
    outer loop
      vertex  -1.726330e-01  1.667918e-01  2.677070e-01
      vertex  -1.742897e-01  1.667918e-01  2.589046e-01
      vertex  -1.742897e-01  1.717918e-01  2.693475e-01
    endloop
  endfacet
  facet normal  8.957881e-01 -4.008985e-01  1.919482e-01
    outer loop
      vertex  -1.742897e-01  1.717918e-01  2.693475e-01
      vertex  -1.742897e-01  1.667918e-01  2.589046e-01
      vertex  -1.716895e-01  1.717918e-01  2.572126e-01
    endloop
  endfacet
  facet normal  4.339118e-01  7.808078e-02  8.975656e-01
    outer loop
      vertex  -1.742897e-01  1.667918e-01  2.589046e-01
      vertex  -1.657185e-01  1.667918e-01  2.547610e-01
      vertex  -1.716895e-01  1.717918e-01  2.572126e-01
    endloop
  endfacet
  facet normal  2.709427e-01 -1.431718e-01  9.518886e-01
    outer loop
      vertex  -1.716895e-01  1.717918e-01  2.572126e-01
      vertex  -1.657185e-01  1.667918e-01  2.547610e-01
      vertex  -1.639120e-01  1.717918e-01  2.549989e-01
    endloop
  endfacet
  facet normal -4.960896e-01  1.384663e-01  8.571594e-01
    outer loop
      vertex  -1.657185e-01  1.667918e-01  2.547610e-01
      vertex  -1.573820e-01  1.667918e-01  2.595859e-01
      vertex  -1.639120e-01  1.717918e-01  2.549989e-01
    endloop
  endfacet
  facet normal -6.453289e-01 -1.569400e-01  7.476099e-01
    outer loop
      vertex  -1.639120e-01  1.717918e-01  2.549989e-01
      vertex  -1.573820e-01  1.667918e-01  2.595859e-01
      vertex  -1.567053e-01  1.717918e-01  2.612196e-01
    endloop
  endfacet
  facet normal -9.778734e-01  1.714961e-01 -1.198030e-01
    outer loop
      vertex  -1.573820e-01  1.667918e-01  2.595859e-01
      vertex  -1.586850e-01  1.667918e-01  2.702209e-01
      vertex  -1.567053e-01  1.717918e-01  2.612196e-01
    endloop
  endfacet
  facet normal -8.713595e-01 -3.217875e-01 -3.703856e-01
    outer loop
      vertex  -1.567053e-01  1.717918e-01  2.612196e-01
      vertex  -1.586850e-01  1.667918e-01  2.702209e-01
      vertex  -1.618103e-01  1.717918e-01  2.732294e-01
    endloop
  endfacet
  facet normal -9.626838e-01  2.436930e-01 -1.177016e-01
    outer loop
      vertex  -1.547360e-01  1.717912e-01  2.734894e-01
      vertex  -1.518018e-01  1.797917e-01  2.660547e-01
      vertex  -1.527379e-01  1.717918e-01  2.571484e-01
    endloop
  endfacet
  facet normal -9.355258e-01 -2.082230e-01  2.853674e-01
    outer loop
      vertex  -1.518018e-01  1.797917e-01  2.660547e-01
      vertex  -1.557800e-01  1.797918e-01  2.530127e-01
      vertex  -1.527379e-01  1.717918e-01  2.571484e-01
    endloop
  endfacet
  facet normal -5.225223e-01  2.262746e-01  8.220525e-01
    outer loop
      vertex  -1.527379e-01  1.717918e-01  2.571484e-01
      vertex  -1.557800e-01  1.797918e-01  2.530127e-01
      vertex  -1.638461e-01  1.717918e-01  2.500877e-01
    endloop
  endfacet
  facet normal -1.361390e-01 -2.162239e-01  9.668058e-01
    outer loop
      vertex  -1.557800e-01  1.797918e-01  2.530127e-01
      vertex  -1.722008e-01  1.797918e-01  2.507004e-01
      vertex  -1.638461e-01  1.717918e-01  2.500877e-01
    endloop
  endfacet
  facet normal  1.888443e-01  1.225916e-01  9.743249e-01
    outer loop
      vertex  -1.638461e-01  1.717918e-01  2.500877e-01
      vertex  -1.722008e-01  1.797918e-01  2.507004e-01
      vertex  -1.745156e-01  1.717918e-01  2.521557e-01
    endloop
  endfacet
  facet normal  7.522563e-01 -9.918150e-02  6.513628e-01
    outer loop
      vertex  -1.722008e-01  1.797918e-01  2.507004e-01
      vertex  -1.794064e-01  1.797917e-01  2.590221e-01
      vertex  -1.745156e-01  1.717918e-01  2.521557e-01
    endloop
  endfacet
  facet normal  8.645242e-01  1.070449e-01  4.910592e-01
    outer loop
      vertex  -1.745156e-01  1.717918e-01  2.521557e-01
      vertex  -1.794064e-01  1.797917e-01  2.590221e-01
      vertex  -1.800731e-01  1.717945e-01  2.619391e-01
    endloop
  endfacet
  facet normal  9.965779e-01 -8.265051e-02  1.178909e-03
    outer loop
      vertex  -1.794064e-01  1.797917e-01  2.590221e-01
      vertex  -1.794198e-01  1.797918e-01  2.703538e-01
      vertex  -1.800731e-01  1.717945e-01  2.619391e-01
    endloop
  endfacet
  facet normal  9.746866e-01  1.193193e-01 -1.890740e-01
    outer loop
      vertex  -1.800731e-01  1.717945e-01  2.619391e-01
      vertex  -1.794198e-01  1.797918e-01  2.703538e-01
      vertex  -1.780029e-01  1.717918e-01  2.726091e-01
    endloop
  endfacet
  facet normal  6.119146e-01 -1.123440e-01 -7.829044e-01
    outer loop
      vertex  -1.794198e-01  1.797918e-01  2.703538e-01
      vertex  -1.693144e-01  1.797918e-01  2.782520e-01
      vertex  -1.780029e-01  1.717918e-01  2.726091e-01
    endloop
  endfacet
  facet normal  4.536058e-01  1.293242e-01 -8.817693e-01
    outer loop
      vertex  -1.780029e-01  1.717918e-01  2.726091e-01
      vertex  -1.693144e-01  1.797918e-01  2.782520e-01
      vertex  -1.665151e-01  1.717918e-01  2.785188e-01
    endloop
  endfacet
  facet normal -1.961892e-01 -1.011696e-01 -9.753330e-01
    outer loop
      vertex  -1.693144e-01  1.797918e-01  2.782520e-01
      vertex  -1.571614e-01  1.797918e-01  2.758074e-01
      vertex  -1.665151e-01  1.717918e-01  2.785188e-01
    endloop
  endfacet
  facet normal -3.884735e-01  1.458482e-01 -9.098443e-01
    outer loop
      vertex  -1.665151e-01  1.717918e-01  2.785188e-01
      vertex  -1.571614e-01  1.797918e-01  2.758074e-01
      vertex  -1.547360e-01  1.717912e-01  2.734894e-01
    endloop
  endfacet
  facet normal -8.694937e-01 -1.251396e-01 -4.778293e-01
    outer loop
      vertex  -1.547360e-01  1.717912e-01  2.734894e-01
      vertex  -1.571614e-01  1.797918e-01  2.758074e-01
      vertex  -1.518018e-01  1.797917e-01  2.660547e-01
    endloop
  endfacet
  facet normal  6.273489e-02 -1.864945e-01 -9.804510e-01
    outer loop
      vertex  -1.600354e-01  1.668307e-01  2.775493e-01
      vertex  -1.666045e-01  1.587912e-01  2.786582e-01
      vertex  -1.729550e-01  1.668146e-01  2.767256e-01
    endloop
  endfacet
  facet normal  4.159932e-01  1.118935e-01 -9.024575e-01
    outer loop
      vertex  -1.666045e-01  1.587912e-01  2.786582e-01
      vertex  -1.765907e-01  1.588318e-01  2.740600e-01
      vertex  -1.729550e-01  1.668146e-01  2.767256e-01
    endloop
  endfacet
  facet normal  8.073851e-01 -1.800967e-01 -5.618670e-01
    outer loop
      vertex  -1.729550e-01  1.668146e-01  2.767256e-01
      vertex  -1.765907e-01  1.588318e-01  2.740600e-01
      vertex  -1.808522e-01  1.667918e-01  2.653850e-01
    endloop
  endfacet
  facet normal  9.291938e-01  1.144633e-01 -3.514214e-01
    outer loop
      vertex  -1.765907e-01  1.588318e-01  2.740600e-01
      vertex  -1.805266e-01  1.587918e-01  2.636401e-01
      vertex  -1.808522e-01  1.667918e-01  2.653850e-01
    endloop
  endfacet
  facet normal  9.136988e-01 -5.075891e-02  4.032097e-01
    outer loop
      vertex  -1.808522e-01  1.667918e-01  2.653850e-01
      vertex  -1.805266e-01  1.587918e-01  2.636401e-01
      vertex  -1.754118e-01  1.667918e-01  2.530566e-01
    endloop
  endfacet
  facet normal  9.188253e-01 -7.480589e-02  3.875103e-01
    outer loop
      vertex  -1.805266e-01  1.587918e-01  2.636401e-01
      vertex  -1.759437e-01  1.593610e-01  2.528834e-01
      vertex  -1.754118e-01  1.667918e-01  2.530566e-01
    endloop
  endfacet
  facet normal  2.910490e-01 -4.311248e-02  9.557363e-01
    outer loop
      vertex  -1.754118e-01  1.667918e-01  2.530566e-01
      vertex  -1.759437e-01  1.593610e-01  2.528834e-01
      vertex  -1.641954e-01  1.667914e-01  2.496409e-01
    endloop
  endfacet
  facet normal  4.688561e-01 -3.969932e-01  7.890313e-01
    outer loop
      vertex  -1.759437e-01  1.593610e-01  2.528834e-01
      vertex  -1.717954e-01  1.587577e-01  2.501149e-01
      vertex  -1.641954e-01  1.667914e-01  2.496409e-01
    endloop
  endfacet
  facet normal -7.147403e-02  1.259966e-01  9.894525e-01
    outer loop
      vertex  -1.717954e-01  1.587577e-01  2.501149e-01
      vertex  -1.603175e-01  1.587915e-01  2.509398e-01
      vertex  -1.641954e-01  1.667914e-01  2.496409e-01
    endloop
  endfacet
  facet normal -5.469884e-01 -1.309116e-01  8.268409e-01
    outer loop
      vertex  -1.641954e-01  1.667914e-01  2.496409e-01
      vertex  -1.603175e-01  1.587915e-01  2.509398e-01
      vertex  -1.538094e-01  1.667918e-01  2.565118e-01
    endloop
  endfacet
  facet normal -5.090863e-01 -1.730904e-01  8.431315e-01
    outer loop
      vertex  -1.603175e-01  1.587915e-01  2.509398e-01
      vertex  -1.538572e-01  1.590641e-01  2.548965e-01
      vertex  -1.538094e-01  1.667918e-01  2.565118e-01
    endloop
  endfacet
  facet normal -9.794220e-01 -3.546926e-02  1.986819e-01
    outer loop
      vertex  -1.538572e-01  1.590641e-01  2.548965e-01
      vertex  -1.514523e-01  1.587901e-01  2.667024e-01
      vertex  -1.538094e-01  1.667918e-01  2.565118e-01
    endloop
  endfacet
  facet normal -9.832280e-01 -8.242603e-02  1.626918e-01
    outer loop
      vertex  -1.538094e-01  1.667918e-01  2.565118e-01
      vertex  -1.514523e-01  1.587901e-01  2.667024e-01
      vertex  -1.520047e-01  1.667824e-01  2.674138e-01
    endloop
  endfacet
  facet normal -7.837834e-01  1.111912e-03 -6.210333e-01
    outer loop
      vertex  -1.520047e-01  1.667824e-01  2.674138e-01
      vertex  -1.514523e-01  1.587901e-01  2.667024e-01
      vertex  -1.600354e-01  1.668307e-01  2.775493e-01
    endloop
  endfacet
  facet normal -8.418491e-01 -3.749293e-01 -3.882243e-01
    outer loop
      vertex  -1.514523e-01  1.587901e-01  2.667024e-01
      vertex  -1.547462e-01  1.588970e-01  2.737418e-01
      vertex  -1.600354e-01  1.668307e-01  2.775493e-01
    endloop
  endfacet
  facet normal -3.778679e-01  1.835877e-01 -9.074753e-01
    outer loop
      vertex  -1.547462e-01  1.588970e-01  2.737418e-01
      vertex  -1.666045e-01  1.587912e-01  2.786582e-01
      vertex  -1.600354e-01  1.668307e-01  2.775493e-01
    endloop
  endfacet
  facet normal -4.763851e-01  6.879429e-01 -5.475324e-01
    outer loop
      vertex  -1.875349e-01  1.620052e-01  2.475615e-01
      vertex  -1.810499e-01  1.637578e-01  2.441213e-01
      vertex  -1.775815e-01  1.628783e-01  2.399985e-01
    endloop
  endfacet
  facet normal -7.270697e-01  6.052126e-01 -3.241718e-01
    outer loop
      vertex  -1.926858e-01  1.623156e-01  2.596937e-01
      vertex  -1.881469e-01  1.637232e-01  2.521416e-01
      vertex  -1.875349e-01  1.620052e-01  2.475615e-01
    endloop
  endfacet
  facet normal -7.208102e-01  6.922613e-01  3.474094e-02
    outer loop
      vertex  -1.923809e-01  1.621774e-01  2.687726e-01
      vertex  -1.911300e-01  1.637365e-01  2.636601e-01
      vertex  -1.926858e-01  1.623156e-01  2.596937e-01
    endloop
  endfacet
  facet normal -7.803887e-01  5.643749e-01  2.692109e-01
    outer loop
      vertex  -1.898607e-01  1.619595e-01  2.765350e-01
      vertex  -1.895394e-01  1.637381e-01  2.737375e-01
      vertex  -1.923809e-01  1.621774e-01  2.687726e-01
    endloop
  endfacet
  facet normal -6.917092e-01  4.471487e-01  5.670947e-01
    outer loop
      vertex  -1.833718e-01  1.617693e-01  2.845997e-01
      vertex  -1.842491e-01  1.637113e-01  2.819984e-01
      vertex  -1.898607e-01  1.619595e-01  2.765350e-01
    endloop
  endfacet
  facet normal -5.933225e-01  7.084066e-01  3.822676e-01
    outer loop
      vertex  -1.842491e-01  1.637113e-01  2.819984e-01
      vertex  -1.895394e-01  1.637381e-01  2.737375e-01
      vertex  -1.898607e-01  1.619595e-01  2.765350e-01
    endloop
  endfacet
  facet normal -5.521802e-01  5.680318e-01  6.102760e-01
    outer loop
      vertex  -1.786307e-01  1.632032e-01  2.875548e-01
      vertex  -1.842491e-01  1.637113e-01  2.819984e-01
      vertex  -1.833718e-01  1.617693e-01  2.845997e-01
    endloop
  endfacet
  facet normal  5.775291e-03  8.485547e-01  5.290762e-01
    outer loop
      vertex  -1.656871e-01  1.633745e-01  2.891196e-01
      vertex  -1.702943e-01  1.635853e-01  2.888318e-01
      vertex  -1.623453e-01  1.617127e-01  2.917483e-01
    endloop
  endfacet
  facet normal -4.428939e-02  7.814237e-01  6.224271e-01
    outer loop
      vertex  -1.623453e-01  1.617127e-01  2.917483e-01
      vertex  -1.702943e-01  1.635853e-01  2.888318e-01
      vertex  -1.735612e-01  1.624696e-01  2.900001e-01
    endloop
  endfacet
  facet normal -3.274429e-03  8.433792e-01  5.373089e-01
    outer loop
      vertex  -1.614142e-01  1.636360e-01  2.887352e-01
      vertex  -1.656871e-01  1.633745e-01  2.891196e-01
      vertex  -1.623453e-01  1.617127e-01  2.917483e-01
    endloop
  endfacet
  facet normal  5.391084e-01  6.413743e-01  5.458949e-01
    outer loop
      vertex  -1.510212e-01  1.633784e-01  2.843828e-01
      vertex  -1.543962e-01  1.631957e-01  2.879306e-01
      vertex  -1.516301e-01  1.616953e-01  2.869617e-01
    endloop
  endfacet
  facet normal  4.027885e-01  1.606756e-01  9.010798e-01
    outer loop
      vertex  -1.516301e-01  1.616953e-01  2.869617e-01
      vertex  -1.543962e-01  1.631957e-01  2.879306e-01
      vertex  -1.623453e-01  1.617127e-01  2.917483e-01
    endloop
  endfacet
  facet normal  1.156429e-01  8.206778e-01  5.595666e-01
    outer loop
      vertex  -1.543962e-01  1.631957e-01  2.879306e-01
      vertex  -1.614142e-01  1.636360e-01  2.887352e-01
      vertex  -1.623453e-01  1.617127e-01  2.917483e-01
    endloop
  endfacet
  facet normal  2.667110e-01  7.770594e-01  5.701264e-01
    outer loop
      vertex  -1.470278e-01  1.630046e-01  2.830242e-01
      vertex  -1.510212e-01  1.633784e-01  2.843828e-01
      vertex  -1.516301e-01  1.616953e-01  2.869617e-01
    endloop
  endfacet
  facet normal  5.171785e-01  8.515201e-01  8.625529e-02
    outer loop
      vertex  -1.416964e-01  1.632929e-01  2.705136e-01
      vertex  -1.428749e-01  1.635834e-01  2.747113e-01
      vertex  -1.388409e-01  1.616569e-01  2.695420e-01
    endloop
  endfacet
  facet normal  6.878287e-01  6.660599e-01  2.885408e-01
    outer loop
      vertex  -1.388409e-01  1.616569e-01  2.695420e-01
      vertex  -1.428749e-01  1.635834e-01  2.747113e-01
      vertex  -1.435518e-01  1.624513e-01  2.789384e-01
    endloop
  endfacet
  facet normal  5.363560e-01  8.216481e-01  1.929163e-01
    outer loop
      vertex  -1.395977e-01  1.632496e-01  2.648629e-01
      vertex  -1.416964e-01  1.632929e-01  2.705136e-01
      vertex  -1.388409e-01  1.616569e-01  2.695420e-01
    endloop
  endfacet
  facet normal  6.181123e-01  7.812487e-01 -8.710640e-02
    outer loop
      vertex  -1.415177e-01  1.632697e-01  2.554395e-01
      vertex  -1.409821e-01  1.634624e-01  2.609681e-01
      vertex  -1.393698e-01  1.617235e-01  2.568133e-01
    endloop
  endfacet
  facet normal  5.313442e-01  8.349559e-01 -1.432548e-01
    outer loop
      vertex  -1.393698e-01  1.617235e-01  2.568133e-01
      vertex  -1.409821e-01  1.634624e-01  2.609681e-01
      vertex  -1.395977e-01  1.632496e-01  2.648629e-01
    endloop
  endfacet
  facet normal  6.685852e-01  6.959355e-01 -2.620450e-01
    outer loop
      vertex  -1.433970e-01  1.635313e-01  2.513394e-01
      vertex  -1.415177e-01  1.632697e-01  2.554395e-01
      vertex  -1.393698e-01  1.617235e-01  2.568133e-01
    endloop
  endfacet
  facet normal  3.334361e-01  8.177774e-01 -4.691061e-01
    outer loop
      vertex  -1.524900e-01  1.619440e-01  2.410363e-01
      vertex  -1.508224e-01  1.634237e-01  2.448012e-01
      vertex  -1.454048e-01  1.619302e-01  2.460484e-01
    endloop
  endfacet
  facet normal  7.677001e-02  5.880589e-01 -8.051665e-01
    outer loop
      vertex  -1.689822e-01  1.620890e-01  2.371252e-01
      vertex  -1.638721e-01  1.637498e-01  2.388254e-01
      vertex  -1.595151e-01  1.619839e-01  2.379511e-01
    endloop
  endfacet
  facet normal -1.696553e-01  6.950343e-01 -6.986733e-01
    outer loop
      vertex  -1.775815e-01  1.628783e-01  2.399985e-01
      vertex  -1.711770e-01  1.636705e-01  2.392314e-01
      vertex  -1.689822e-01  1.620890e-01  2.371252e-01
    endloop
  endfacet
  facet normal  0.000000e+00  1.000000e+00 -0.000000e+00
    outer loop
      vertex  -1.805380e-01  1.797918e-01  2.479499e-01
      vertex  -1.925833e-01  1.797918e-01  2.557865e-01
      vertex  -1.784972e-01  1.797918e-01  2.519840e-01
    endloop
  endfacet
  facet normal  4.005296e-07  1.000000e+00  1.483730e-06
    outer loop
      vertex  -1.925833e-01  1.797918e-01  2.557865e-01
      vertex  -1.929224e-01  1.797918e-01  2.703468e-01
      vertex  -1.784972e-01  1.797918e-01  2.519840e-01
    endloop
  endfacet
  facet normal  0.000000e+00  1.000000e+00  0.000000e+00
    outer loop
      vertex  -1.925833e-01  1.797918e-01  2.557865e-01
      vertex  -1.805380e-01  1.797918e-01  2.479499e-01
      vertex  -1.808740e-01  1.797918e-01  2.403011e-01
    endloop
  endfacet
  facet normal -4.778191e-16  1.000000e+00 -2.879903e-15
    outer loop
      vertex  -1.596803e-01  1.797918e-01  2.367848e-01
      vertex  -1.808740e-01  1.797918e-01  2.403011e-01
      vertex  -1.757046e-01  1.797918e-01  2.490811e-01
    endloop
  endfacet
  facet normal -5.802141e-15  1.000000e+00  2.549240e-16
    outer loop
      vertex  -1.808740e-01  1.797918e-01  2.403011e-01
      vertex  -1.805380e-01  1.797918e-01  2.479499e-01
      vertex  -1.757046e-01  1.797918e-01  2.490811e-01
    endloop
  endfacet
  facet normal  2.400574e-06  1.000000e+00  1.177585e-05
    outer loop
      vertex  -1.794064e-01  1.797917e-01  2.590221e-01
      vertex  -1.722008e-01  1.797918e-01  2.507004e-01
      vertex  -1.784972e-01  1.797918e-01  2.519840e-01
    endloop
  endfacet
  facet normal  6.510729e-16  1.000000e+00 -1.408759e-15
    outer loop
      vertex  -1.596803e-01  1.797918e-01  2.367848e-01
      vertex  -1.757046e-01  1.797918e-01  2.490811e-01
      vertex  -1.722008e-01  1.797918e-01  2.507004e-01
    endloop
  endfacet
  facet normal -3.058914e-15  1.000000e+00  6.618725e-15
    outer loop
      vertex  -1.722008e-01  1.797918e-01  2.507004e-01
      vertex  -1.757046e-01  1.797918e-01  2.490811e-01
      vertex  -1.784972e-01  1.797918e-01  2.519840e-01
    endloop
  endfacet
  facet normal -1.927929e-06  1.000000e+00 -4.612975e-07
    outer loop
      vertex  -1.852044e-01  1.797918e-01  2.846282e-01
      vertex  -1.833434e-01  1.797918e-01  2.768501e-01
      vertex  -1.929224e-01  1.797918e-01  2.703468e-01
    endloop
  endfacet
  facet normal  1.568689e-05  1.000000e+00  1.349222e-05
    outer loop
      vertex  -1.784972e-01  1.797918e-01  2.519840e-01
      vertex  -1.929224e-01  1.797918e-01  2.703468e-01
      vertex  -1.794064e-01  1.797917e-01  2.590221e-01
    endloop
  endfacet
  facet normal -1.586190e-06  1.000000e+00 -7.123313e-06
    outer loop
      vertex  -1.929224e-01  1.797918e-01  2.703468e-01
      vertex  -1.794198e-01  1.797918e-01  2.703538e-01
      vertex  -1.794064e-01  1.797917e-01  2.590221e-01
    endloop
  endfacet
  facet normal  6.563859e-05  1.000000e+00 -4.597986e-05
    outer loop
      vertex  -1.542664e-01  1.797918e-01  2.760015e-01
      vertex  -1.515410e-01  1.797918e-01  2.798921e-01
      vertex  -1.405191e-01  1.797908e-01  2.753054e-01
    endloop
  endfacet
  facet normal -7.295699e-15  1.000000e+00 -1.646283e-15
    outer loop
      vertex  -1.535921e-01  1.797918e-01  2.889816e-01
      vertex  -1.515410e-01  1.797918e-01  2.798921e-01
      vertex  -1.555019e-01  1.797918e-01  2.805855e-01
    endloop
  endfacet
  facet normal  5.119736e-07  1.000000e+00 -7.635200e-06
    outer loop
      vertex  -1.571614e-01  1.797918e-01  2.758074e-01
      vertex  -1.542664e-01  1.797918e-01  2.760015e-01
      vertex  -1.518018e-01  1.797917e-01  2.660547e-01
    endloop
  endfacet
  facet normal -1.589951e-06  1.000000e+00  1.205221e-07
    outer loop
      vertex  -1.794198e-01  1.797918e-01  2.703538e-01
      vertex  -1.929224e-01  1.797918e-01  2.703468e-01
      vertex  -1.791258e-01  1.797918e-01  2.742322e-01
    endloop
  endfacet
  facet normal -1.070361e-06  1.000000e+00 -1.724443e-06
    outer loop
      vertex  -1.791258e-01  1.797918e-01  2.742322e-01
      vertex  -1.929224e-01  1.797918e-01  2.703468e-01
      vertex  -1.833434e-01  1.797918e-01  2.768501e-01
    endloop
  endfacet
  facet normal -2.846259e-15  1.000000e+00  6.947007e-15
    outer loop
      vertex  -1.790477e-01  1.797918e-01  2.782595e-01
      vertex  -1.693144e-01  1.797918e-01  2.782520e-01
      vertex  -1.791258e-01  1.797918e-01  2.742322e-01
    endloop
  endfacet
  facet normal -3.025992e-15  1.000000e+00  7.385689e-15
    outer loop
      vertex  -1.693144e-01  1.797918e-01  2.782520e-01
      vertex  -1.794198e-01  1.797918e-01  2.703538e-01
      vertex  -1.791258e-01  1.797918e-01  2.742322e-01
    endloop
  endfacet
  facet normal  9.355821e-05  1.000000e+00  2.111152e-05
    outer loop
      vertex  -1.405191e-01  1.797908e-01  2.753054e-01
      vertex  -1.515410e-01  1.797918e-01  2.798921e-01
      vertex  -1.535921e-01  1.797918e-01  2.889816e-01
    endloop
  endfacet
  facet normal  7.859757e-16  1.000000e+00 -7.956507e-15
    outer loop
      vertex  -1.555019e-01  1.797918e-01  2.805855e-01
      vertex  -1.790477e-01  1.797918e-01  2.782595e-01
      vertex  -1.852044e-01  1.797918e-01  2.846282e-01
    endloop
  endfacet
  facet normal  7.076641e-15  1.000000e+00 -1.875199e-15
    outer loop
      vertex  -1.790477e-01  1.797918e-01  2.782595e-01
      vertex  -1.833434e-01  1.797918e-01  2.768501e-01
      vertex  -1.852044e-01  1.797918e-01  2.846282e-01
    endloop
  endfacet
  facet normal -2.829546e-15  1.000000e+00  2.864376e-14
    outer loop
      vertex  -1.790477e-01  1.797918e-01  2.782595e-01
      vertex  -1.555019e-01  1.797918e-01  2.805855e-01
      vertex  -1.693144e-01  1.797918e-01  2.782520e-01
    endloop
  endfacet
  facet normal  4.965882e-17  1.000000e+00  1.160068e-14
    outer loop
      vertex  -1.693144e-01  1.797918e-01  2.782520e-01
      vertex  -1.555019e-01  1.797918e-01  2.805855e-01
      vertex  -1.571614e-01  1.797918e-01  2.758074e-01
    endloop
  endfacet
  facet normal  9.018551e-15  1.000000e+00  8.485633e-15
    outer loop
      vertex  -1.555019e-01  1.797918e-01  2.805855e-01
      vertex  -1.542664e-01  1.797918e-01  2.760015e-01
      vertex  -1.571614e-01  1.797918e-01  2.758074e-01
    endloop
  endfacet
  facet normal -5.528212e-16  1.000000e+00 -3.180040e-15
    outer loop
      vertex  -1.535921e-01  1.797918e-01  2.889816e-01
      vertex  -1.555019e-01  1.797918e-01  2.805855e-01
      vertex  -1.689981e-01  1.797918e-01  2.916597e-01
    endloop
  endfacet
  facet normal  1.831587e-15  1.000000e+00 -2.741501e-16
    outer loop
      vertex  -1.689981e-01  1.797918e-01  2.916597e-01
      vertex  -1.555019e-01  1.797918e-01  2.805855e-01
      vertex  -1.852044e-01  1.797918e-01  2.846282e-01
    endloop
  endfacet
  facet normal -2.708457e-15  1.000000e+00  1.349270e-15
    outer loop
      vertex  -1.596803e-01  1.797918e-01  2.367848e-01
      vertex  -1.532130e-01  1.797918e-01  2.497669e-01
      vertex  -1.444663e-01  1.797918e-01  2.467538e-01
    endloop
  endfacet
  facet normal  3.357007e-15  1.000000e+00  1.120618e-14
    outer loop
      vertex  -1.532130e-01  1.797918e-01  2.497669e-01
      vertex  -1.557800e-01  1.797918e-01  2.530127e-01
      vertex  -1.519910e-01  1.797918e-01  2.543544e-01
    endloop
  endfacet
  facet normal -1.824634e-15  1.000000e+00  3.914920e-15
    outer loop
      vertex  -1.532130e-01  1.797918e-01  2.497669e-01
      vertex  -1.489075e-01  1.797918e-01  2.517736e-01
      vertex  -1.444663e-01  1.797918e-01  2.467538e-01
    endloop
  endfacet
  facet normal -6.633733e-15  1.000000e+00  3.304723e-15
    outer loop
      vertex  -1.557800e-01  1.797918e-01  2.530127e-01
      vertex  -1.532130e-01  1.797918e-01  2.497669e-01
      vertex  -1.596803e-01  1.797918e-01  2.367848e-01
    endloop
  endfacet
  facet normal -9.760749e-16  1.000000e+00  4.665668e-15
    outer loop
      vertex  -1.444663e-01  1.797918e-01  2.467538e-01
      vertex  -1.489075e-01  1.797918e-01  2.517736e-01
      vertex  -1.386695e-01  1.797918e-01  2.598643e-01
    endloop
  endfacet
  facet normal  6.843234e-05  1.000000e+00  9.194196e-06
    outer loop
      vertex  -1.542664e-01  1.797918e-01  2.760015e-01
      vertex  -1.405191e-01  1.797908e-01  2.753054e-01
      vertex  -1.518018e-01  1.797917e-01  2.660547e-01
    endloop
  endfacet
  facet normal -4.368443e-05  1.000000e+00  5.527813e-05
    outer loop
      vertex  -1.386695e-01  1.797918e-01  2.598643e-01
      vertex  -1.489075e-01  1.797918e-01  2.517736e-01
      vertex  -1.405191e-01  1.797908e-01  2.753054e-01
    endloop
  endfacet
  facet normal  2.559637e-05  1.000000e+00  3.058179e-05
    outer loop
      vertex  -1.489075e-01  1.797918e-01  2.517736e-01
      vertex  -1.519910e-01  1.797918e-01  2.543544e-01
      vertex  -1.405191e-01  1.797908e-01  2.753054e-01
    endloop
  endfacet
  facet normal  7.150854e-05  1.000000e+00  5.442303e-06
    outer loop
      vertex  -1.405191e-01  1.797908e-01  2.753054e-01
      vertex  -1.519910e-01  1.797918e-01  2.543544e-01
      vertex  -1.518018e-01  1.797917e-01  2.660547e-01
    endloop
  endfacet
  facet normal -2.350119e-06  1.000000e+00  6.636777e-06
    outer loop
      vertex  -1.518018e-01  1.797917e-01  2.660547e-01
      vertex  -1.519910e-01  1.797918e-01  2.543544e-01
      vertex  -1.557800e-01  1.797918e-01  2.530127e-01
    endloop
  endfacet
  facet normal  3.249692e-15  1.000000e+00  9.293209e-16
    outer loop
      vertex  -1.722008e-01  1.797918e-01  2.507004e-01
      vertex  -1.557800e-01  1.797918e-01  2.530127e-01
      vertex  -1.596803e-01  1.797918e-01  2.367848e-01
    endloop
  endfacet
  facet normal  4.562614e-02 -9.966931e-01 -6.723966e-02
    outer loop
      vertex  -1.524900e-01  1.619440e-01  2.410363e-01
      vertex  -1.454048e-01  1.619302e-01  2.460484e-01
      vertex  -1.418886e-01  1.615918e-01  2.534509e-01
    endloop
  endfacet
  facet normal  2.909021e-01 -9.394509e-01 -1.811297e-01
    outer loop
      vertex  -1.454048e-01  1.619302e-01  2.460484e-01
      vertex  -1.393698e-01  1.617235e-01  2.568133e-01
      vertex  -1.418886e-01  1.615918e-01  2.534509e-01
    endloop
  endfacet
  facet normal  7.019090e-02 -9.974419e-01 -1.351910e-02
    outer loop
      vertex  -1.418886e-01  1.615918e-01  2.534509e-01
      vertex  -1.393698e-01  1.617235e-01  2.568133e-01
      vertex  -1.398325e-01  1.615918e-01  2.641261e-01
    endloop
  endfacet
  facet normal  1.210193e-01 -9.925976e-01 -1.021541e-02
    outer loop
      vertex  -1.393698e-01  1.617235e-01  2.568133e-01
      vertex  -1.388409e-01  1.616569e-01  2.695420e-01
      vertex  -1.398325e-01  1.615918e-01  2.641261e-01
    endloop
  endfacet
  facet normal  3.446474e-02 -9.993896e-01  5.714739e-03
    outer loop
      vertex  -1.398325e-01  1.615918e-01  2.641261e-01
      vertex  -1.388409e-01  1.616569e-01  2.695420e-01
      vertex  -1.414117e-01  1.615918e-01  2.736499e-01
    endloop
  endfacet
  facet normal  5.867547e-01 -7.274742e-01  3.556686e-01
    outer loop
      vertex  -1.388409e-01  1.616569e-01  2.695420e-01
      vertex  -1.435518e-01  1.624513e-01  2.789384e-01
      vertex  -1.414117e-01  1.615918e-01  2.736499e-01
    endloop
  endfacet
  facet normal  3.747888e-01 -8.790814e-01  2.945321e-01
    outer loop
      vertex  -1.414117e-01  1.615918e-01  2.736499e-01
      vertex  -1.435518e-01  1.624513e-01  2.789384e-01
      vertex  -1.516301e-01  1.616953e-01  2.869617e-01
    endloop
  endfacet
  facet normal -5.008428e-02 -9.928336e-01 -1.085031e-01
    outer loop
      vertex  -1.516301e-01  1.616953e-01  2.869617e-01
      vertex  -1.623453e-01  1.617127e-01  2.917483e-01
      vertex  -1.735612e-01  1.624696e-01  2.900001e-01
    endloop
  endfacet
  facet normal -4.497364e-01 -2.685273e-01  8.518394e-01
    outer loop
      vertex  -1.735612e-01  1.624696e-01  2.900001e-01
      vertex  -1.786307e-01  1.632032e-01  2.875548e-01
      vertex  -1.833718e-01  1.617693e-01  2.845997e-01
    endloop
  endfacet
  facet normal  3.355497e-01  3.856568e-03  9.420146e-01
    outer loop
      vertex  -1.735612e-01  1.624696e-01  2.900001e-01
      vertex  -1.702943e-01  1.635853e-01  2.888318e-01
      vertex  -1.741328e-01  1.731578e-01  2.901599e-01
    endloop
  endfacet
  facet normal  5.947102e-01  1.283654e-01  7.936259e-01
    outer loop
      vertex  -1.741328e-01  1.731578e-01  2.901599e-01
      vertex  -1.702943e-01  1.635853e-01  2.888318e-01
      vertex  -1.707700e-01  1.727043e-01  2.877133e-01
    endloop
  endfacet
  facet normal -8.632923e-01  1.684191e-02  5.044231e-01
    outer loop
      vertex  -1.690245e-01  1.727460e-01  2.906992e-01
      vertex  -1.707700e-01  1.727043e-01  2.877133e-01
      vertex  -1.702943e-01  1.635853e-01  2.888318e-01
    endloop
  endfacet
  facet normal  2.488255e-01 -7.416620e-02  9.657046e-01
    outer loop
      vertex  -1.690245e-01  1.727460e-01  2.906992e-01
      vertex  -1.656871e-01  1.633745e-01  2.891196e-01
      vertex  -1.639917e-01  1.723854e-01  2.893748e-01
    endloop
  endfacet
  facet normal -6.013677e-01  7.933300e-01  9.478586e-02
    outer loop
      vertex  -1.923809e-01  1.621774e-01  2.687726e-01
      vertex  -1.895394e-01  1.637381e-01  2.737375e-01
      vertex  -1.911300e-01  1.637365e-01  2.636601e-01
    endloop
  endfacet
  facet normal -6.985866e-02 -1.899490e-01  9.793054e-01
    outer loop
      vertex  -1.702943e-01  1.635853e-01  2.888318e-01
      vertex  -1.656871e-01  1.633745e-01  2.891196e-01
      vertex  -1.690245e-01  1.727460e-01  2.906992e-01
    endloop
  endfacet
  facet normal -2.482519e-01 -1.431628e-01  9.580582e-01
    outer loop
      vertex  -1.639917e-01  1.723854e-01  2.893748e-01
      vertex  -1.614142e-01  1.636360e-01  2.887352e-01
      vertex  -1.597198e-01  1.731340e-01  2.905936e-01
    endloop
  endfacet
  facet normal  9.226167e-02 -4.552980e-02  9.946933e-01
    outer loop
      vertex  -1.656871e-01  1.633745e-01  2.891196e-01
      vertex  -1.614142e-01  1.636360e-01  2.887352e-01
      vertex  -1.639917e-01  1.723854e-01  2.893748e-01
    endloop
  endfacet
  facet normal  3.534649e-01 -6.078438e-02  9.334708e-01
    outer loop
      vertex  -1.543962e-01  1.631957e-01  2.879306e-01
      vertex  -1.521225e-01  1.735842e-01  2.877461e-01
      vertex  -1.597198e-01  1.731340e-01  2.905936e-01
    endloop
  endfacet
  facet normal -8.647427e-01 -3.731490e-01 -3.361248e-01
    outer loop
      vertex  -1.597198e-01  1.731340e-01  2.905936e-01
      vertex  -1.580637e-01  1.727043e-01  2.868099e-01
      vertex  -1.543962e-01  1.631957e-01  2.879306e-01
    endloop
  endfacet
  facet normal -2.984072e-01 -2.604696e-03  9.544351e-01
    outer loop
      vertex  -1.543962e-01  1.631957e-01  2.879306e-01
      vertex  -1.580637e-01  1.727043e-01  2.868099e-01
      vertex  -1.580441e-01  1.631793e-01  2.867901e-01
    endloop
  endfacet
  facet normal  4.998109e-01 -7.730527e-04  8.661342e-01
    outer loop
      vertex  -1.580441e-01  1.631793e-01  2.867901e-01
      vertex  -1.580637e-01  1.727043e-01  2.868099e-01
      vertex  -1.614142e-01  1.636360e-01  2.887352e-01
    endloop
  endfacet
  facet normal  8.796710e-01 -2.375375e-01  4.120131e-01
    outer loop
      vertex  -1.580637e-01  1.727043e-01  2.868099e-01
      vertex  -1.597198e-01  1.731340e-01  2.905936e-01
      vertex  -1.614142e-01  1.636360e-01  2.887352e-01
    endloop
  endfacet
  facet normal -8.171467e-02 -1.280012e-01  9.884019e-01
    outer loop
      vertex  -1.503695e-01  1.727588e-01  2.856515e-01
      vertex  -1.539704e-01  1.721550e-01  2.852756e-01
      vertex  -1.510212e-01  1.633784e-01  2.843828e-01
    endloop
  endfacet
  facet normal  8.359230e-01 -1.920863e-01 -5.141358e-01
    outer loop
      vertex  -1.539704e-01  1.721550e-01  2.852756e-01
      vertex  -1.521225e-01  1.735842e-01  2.877461e-01
      vertex  -1.543962e-01  1.631957e-01  2.879306e-01
    endloop
  endfacet
  facet normal  3.318925e-01  1.801362e-01  9.259580e-01
    outer loop
      vertex  -1.510212e-01  1.633784e-01  2.843828e-01
      vertex  -1.470278e-01  1.630046e-01  2.830242e-01
      vertex  -1.500163e-01  1.727043e-01  2.822084e-01
    endloop
  endfacet
  facet normal -1.411255e-02  7.948384e-02  9.967362e-01
    outer loop
      vertex  -1.500163e-01  1.727043e-01  2.822084e-01
      vertex  -1.470278e-01  1.630046e-01  2.830242e-01
      vertex  -1.472740e-01  1.725862e-01  2.822566e-01
    endloop
  endfacet
  facet normal  9.912304e-01 -8.279239e-02  1.029938e-01
    outer loop
      vertex  -1.503695e-01  1.727588e-01  2.856515e-01
      vertex  -1.510212e-01  1.633784e-01  2.843828e-01
      vertex  -1.500163e-01  1.727043e-01  2.822084e-01
    endloop
  endfacet
  facet normal  3.148767e-01  7.143202e-02  9.464408e-01
    outer loop
      vertex  -1.476268e-01  1.631793e-01  2.802393e-01
      vertex  -1.435518e-01  1.624513e-01  2.789384e-01
      vertex  -1.444200e-01  1.726335e-01  2.784588e-01
    endloop
  endfacet
  facet normal -4.335566e-02  7.766969e-01 -6.283806e-01
    outer loop
      vertex  -1.711770e-01  1.636705e-01  2.392314e-01
      vertex  -1.638721e-01  1.637498e-01  2.388254e-01
      vertex  -1.689822e-01  1.620890e-01  2.371252e-01
    endloop
  endfacet
  facet normal  6.465665e-02 -9.963893e-01  5.502693e-02
    outer loop
      vertex  -1.404887e-01  1.725739e-01  2.580326e-01
      vertex  -1.388220e-01  1.730633e-01  2.649360e-01
      vertex  -1.420493e-01  1.727043e-01  2.622277e-01
    endloop
  endfacet
  facet normal  1.263844e-01 -9.917427e-01  2.175511e-02
    outer loop
      vertex  -1.388220e-01  1.730633e-01  2.649360e-01
      vertex  -1.393815e-01  1.731046e-01  2.700711e-01
      vertex  -1.420645e-01  1.727043e-01  2.674076e-01
    endloop
  endfacet
  facet normal -4.322952e-02 -9.990004e-01  1.137775e-02
    outer loop
      vertex  -1.472740e-01  1.725862e-01  2.822566e-01
      vertex  -1.503695e-01  1.727588e-01  2.856515e-01
      vertex  -1.500163e-01  1.727043e-01  2.822084e-01
    endloop
  endfacet
  facet normal -8.697686e-02 -9.941053e-01  6.472676e-02
    outer loop
      vertex  -1.707700e-01  1.727043e-01  2.877133e-01
      vertex  -1.690245e-01  1.727460e-01  2.906992e-01
      vertex  -1.741328e-01  1.731578e-01  2.901599e-01
    endloop
  endfacet
  facet normal -9.793479e-01 -1.251289e-01 -1.588095e-01
    outer loop
      vertex  -1.934721e-01  1.729219e-01  2.666805e-01
      vertex  -1.925833e-01  1.797918e-01  2.557865e-01
      vertex  -1.912633e-01  1.730413e-01  2.529652e-01
    endloop
  endfacet
  facet normal -7.939813e-01  9.566535e-02 -6.003680e-01
    outer loop
      vertex  -1.925833e-01  1.797918e-01  2.557865e-01
      vertex  -1.808740e-01  1.797918e-01  2.403011e-01
      vertex  -1.912633e-01  1.730413e-01  2.529652e-01
    endloop
  endfacet
  facet normal -7.784716e-01  2.123074e-02 -6.273207e-01
    outer loop
      vertex  -1.912633e-01  1.730413e-01  2.529652e-01
      vertex  -1.808740e-01  1.797918e-01  2.403011e-01
      vertex  -1.823024e-01  1.730405e-01  2.418451e-01
    endloop
  endfacet
  facet normal -3.557883e-01 -1.361786e-01 -9.245918e-01
    outer loop
      vertex  -1.823024e-01  1.730405e-01  2.418451e-01
      vertex  -1.808740e-01  1.797918e-01  2.403011e-01
      vertex  -1.688837e-01  1.730013e-01  2.366873e-01
    endloop
  endfacet
  facet normal -1.593016e-01  2.296836e-01 -9.601398e-01
    outer loop
      vertex  -1.808740e-01  1.797918e-01  2.403011e-01
      vertex  -1.596803e-01  1.797918e-01  2.367848e-01
      vertex  -1.688837e-01  1.730013e-01  2.366873e-01
    endloop
  endfacet
  facet normal  1.920505e-01 -2.466635e-01 -9.498809e-01
    outer loop
      vertex  -1.688837e-01  1.730013e-01  2.366873e-01
      vertex  -1.596803e-01  1.797918e-01  2.367848e-01
      vertex  -1.531033e-01  1.730271e-01  2.398712e-01
    endloop
  endfacet
  facet normal  5.419102e-01  1.495458e-01 -8.270245e-01
    outer loop
      vertex  -1.596803e-01  1.797918e-01  2.367848e-01
      vertex  -1.444663e-01  1.797918e-01  2.467538e-01
      vertex  -1.531033e-01  1.730271e-01  2.398712e-01
    endloop
  endfacet
  facet normal  6.325661e-01 -1.989615e-02 -7.742508e-01
    outer loop
      vertex  -1.531033e-01  1.730271e-01  2.398712e-01
      vertex  -1.444663e-01  1.797918e-01  2.467538e-01
      vertex  -1.456566e-01  1.731693e-01  2.459515e-01
    endloop
  endfacet
  facet normal  8.234006e-01 -7.993320e-02 -5.618026e-01
    outer loop
      vertex  -1.456566e-01  1.731693e-01  2.459515e-01
      vertex  -1.444663e-01  1.797918e-01  2.467538e-01
      vertex  -1.424348e-01  1.730548e-01  2.506897e-01
    endloop
  endfacet
  facet normal  9.138752e-01  3.950230e-02 -4.040691e-01
    outer loop
      vertex  -1.444663e-01  1.797918e-01  2.467538e-01
      vertex  -1.386695e-01  1.797918e-01  2.598643e-01
      vertex  -1.424348e-01  1.730548e-01  2.506897e-01
    endloop
  endfacet
  facet normal  9.492724e-01 -1.725470e-01 -2.628868e-01
    outer loop
      vertex  -1.424348e-01  1.730548e-01  2.506897e-01
      vertex  -1.386695e-01  1.797918e-01  2.598643e-01
      vertex  -1.404887e-01  1.725739e-01  2.580326e-01
    endloop
  endfacet
  facet normal  9.580139e-01 -1.861135e-01 -2.181082e-01
    outer loop
      vertex  -1.404887e-01  1.725739e-01  2.580326e-01
      vertex  -1.386695e-01  1.797918e-01  2.598643e-01
      vertex  -1.388220e-01  1.730633e-01  2.649360e-01
    endloop
  endfacet
  facet normal  9.906706e-01  6.699926e-02  1.186712e-01
    outer loop
      vertex  -1.386695e-01  1.797918e-01  2.598643e-01
      vertex  -1.405191e-01  1.797908e-01  2.753054e-01
      vertex  -1.388220e-01  1.730633e-01  2.649360e-01
    endloop
  endfacet
  facet normal  9.906273e-01  8.456512e-02  1.072676e-01
    outer loop
      vertex  -1.388220e-01  1.730633e-01  2.649360e-01
      vertex  -1.405191e-01  1.797908e-01  2.753054e-01
      vertex  -1.393815e-01  1.731046e-01  2.700711e-01
    endloop
  endfacet
  facet normal  9.001098e-01 -1.631156e-01  4.039748e-01
    outer loop
      vertex  -1.393815e-01  1.731046e-01  2.700711e-01
      vertex  -1.405191e-01  1.797908e-01  2.753054e-01
      vertex  -1.443527e-01  1.738271e-01  2.814392e-01
    endloop
  endfacet
  facet normal  7.019482e-01  2.388770e-01  6.709743e-01
    outer loop
      vertex  -1.405191e-01  1.797908e-01  2.753054e-01
      vertex  -1.535921e-01  1.797918e-01  2.889816e-01
      vertex  -1.443527e-01  1.738271e-01  2.814392e-01
    endloop
  endfacet
  facet normal  6.303202e-01 -5.285033e-03  7.763172e-01
    outer loop
      vertex  -1.443527e-01  1.738271e-01  2.814392e-01
      vertex  -1.535921e-01  1.797918e-01  2.889816e-01
      vertex  -1.521225e-01  1.735842e-01  2.877461e-01
    endloop
  endfacet
  facet normal  3.544072e-01 -1.011113e-01  9.296085e-01
    outer loop
      vertex  -1.521225e-01  1.735842e-01  2.877461e-01
      vertex  -1.535921e-01  1.797918e-01  2.889816e-01
      vertex  -1.597198e-01  1.731340e-01  2.905936e-01
    endloop
  endfacet
  facet normal  1.707144e-01  8.064723e-02  9.820146e-01
    outer loop
      vertex  -1.535921e-01  1.797918e-01  2.889816e-01
      vertex  -1.689981e-01  1.797918e-01  2.916597e-01
      vertex  -1.597198e-01  1.731340e-01  2.905936e-01
    endloop
  endfacet
  facet normal  1.688545e-02 -1.351164e-01  9.906858e-01
    outer loop
      vertex  -1.597198e-01  1.731340e-01  2.905936e-01
      vertex  -1.689981e-01  1.797918e-01  2.916597e-01
      vertex  -1.690245e-01  1.727460e-01  2.906992e-01
    endloop
  endfacet
  facet normal -1.147073e-01 -1.337609e-01  9.843527e-01
    outer loop
      vertex  -1.690245e-01  1.727460e-01  2.906992e-01
      vertex  -1.689981e-01  1.797918e-01  2.916597e-01
      vertex  -1.741328e-01  1.731578e-01  2.901599e-01
    endloop
  endfacet
  facet normal -3.960268e-01  1.001668e-01  9.127592e-01
    outer loop
      vertex  -1.689981e-01  1.797918e-01  2.916597e-01
      vertex  -1.852044e-01  1.797918e-01  2.846282e-01
      vertex  -1.741328e-01  1.731578e-01  2.901599e-01
    endloop
  endfacet
  facet normal -3.873993e-01  1.160796e-01  9.145749e-01
    outer loop
      vertex  -1.741328e-01  1.731578e-01  2.901599e-01
      vertex  -1.852044e-01  1.797918e-01  2.846282e-01
      vertex  -1.797509e-01  1.730268e-01  2.877968e-01
    endloop
  endfacet
  facet normal -6.689968e-01 -2.046208e-01  7.145444e-01
    outer loop
      vertex  -1.797509e-01  1.730268e-01  2.877968e-01
      vertex  -1.852044e-01  1.797918e-01  2.846282e-01
      vertex  -1.902813e-01  1.731034e-01  2.779596e-01
    endloop
  endfacet
  facet normal -8.636890e-01  1.902163e-01  4.667538e-01
    outer loop
      vertex  -1.852044e-01  1.797918e-01  2.846282e-01
      vertex  -1.929224e-01  1.797918e-01  2.703468e-01
      vertex  -1.902813e-01  1.731034e-01  2.779596e-01
    endloop
  endfacet
  facet normal -9.596748e-01 -6.868426e-02  2.725925e-01
    outer loop
      vertex  -1.902813e-01  1.731034e-01  2.779596e-01
      vertex  -1.929224e-01  1.797918e-01  2.703468e-01
      vertex  -1.934721e-01  1.729219e-01  2.666805e-01
    endloop
  endfacet
  facet normal -9.954864e-01  9.202949e-02 -2.318387e-02
    outer loop
      vertex  -1.929224e-01  1.797918e-01  2.703468e-01
      vertex  -1.925833e-01  1.797918e-01  2.557865e-01
      vertex  -1.934721e-01  1.729219e-01  2.666805e-01
    endloop
  endfacet
  facet normal  7.097505e-01  1.689328e-01  6.838976e-01
    outer loop
      vertex  -1.539704e-01  1.721550e-01  2.852756e-01
      vertex  -1.543962e-01  1.631957e-01  2.879306e-01
      vertex  -1.510212e-01  1.633784e-01  2.843828e-01
    endloop
  endfacet
  facet normal  1.827341e-01  9.829081e-01  2.235842e-02
    outer loop
      vertex  -1.470278e-01  1.630046e-01  2.830242e-01
      vertex  -1.435518e-01  1.624513e-01  2.789384e-01
      vertex  -1.476268e-01  1.631793e-01  2.802393e-01
    endloop
  endfacet
  facet normal  2.334366e-01  8.210704e-01 -5.209134e-01
    outer loop
      vertex  -1.566135e-01  1.635874e-01  2.417788e-01
      vertex  -1.524900e-01  1.619440e-01  2.410363e-01
      vertex  -1.595151e-01  1.619839e-01  2.379511e-01
    endloop
  endfacet
  facet normal  4.411197e-02  9.868872e-01 -1.552666e-01
    outer loop
      vertex  -1.543962e-01  1.631957e-01  2.879306e-01
      vertex  -1.580441e-01  1.631793e-01  2.867901e-01
      vertex  -1.614142e-01  1.636360e-01  2.887352e-01
    endloop
  endfacet
  facet normal  7.858812e-01  4.423689e-01 -4.320884e-01
    outer loop
      vertex  -1.433970e-01  1.635313e-01  2.513394e-01
      vertex  -1.393698e-01  1.617235e-01  2.568133e-01
      vertex  -1.454048e-01  1.619302e-01  2.460484e-01
    endloop
  endfacet
  facet normal  9.406372e-01  3.373555e-01 -3.732323e-02
    outer loop
      vertex  -1.393698e-01  1.617235e-01  2.568133e-01
      vertex  -1.395977e-01  1.632496e-01  2.648629e-01
      vertex  -1.388409e-01  1.616569e-01  2.695420e-01
    endloop
  endfacet
  facet normal  6.521809e-01 -4.433743e-01  6.148815e-01
    outer loop
      vertex  -1.435518e-01  1.624513e-01  2.789384e-01
      vertex  -1.470278e-01  1.630046e-01  2.830242e-01
      vertex  -1.516301e-01  1.616953e-01  2.869617e-01
    endloop
  endfacet
  facet normal -1.241490e-14  1.000000e+00  9.185106e-17
    outer loop
      vertex  -1.609390e-01  1.667918e-01  2.677357e-01
      vertex  -1.586850e-01  1.667918e-01  2.702209e-01
      vertex  -1.609969e-01  1.667918e-01  2.599182e-01
    endloop
  endfacet
  facet normal -2.426637e-16  1.000000e+00 -2.639565e-15
    outer loop
      vertex  -1.586850e-01  1.667918e-01  2.702209e-01
      vertex  -1.573820e-01  1.667918e-01  2.595859e-01
      vertex  -1.609969e-01  1.667918e-01  2.599182e-01
    endloop
  endfacet
  facet normal -4.563685e-16  1.000000e+00 -4.964130e-15
    outer loop
      vertex  -1.573820e-01  1.667918e-01  2.595859e-01
      vertex  -1.657185e-01  1.667918e-01  2.547610e-01
      vertex  -1.609969e-01  1.667918e-01  2.599182e-01
    endloop
  endfacet
  facet normal -2.745851e-15  1.000000e+00 -2.867977e-15
    outer loop
      vertex  -1.609969e-01  1.667918e-01  2.599182e-01
      vertex  -1.657185e-01  1.667918e-01  2.547610e-01
      vertex  -1.702404e-01  1.667918e-01  2.590904e-01
    endloop
  endfacet
  facet normal  6.540999e-15  1.000000e+00  6.831919e-15
    outer loop
      vertex  -1.657185e-01  1.667918e-01  2.547610e-01
      vertex  -1.742897e-01  1.667918e-01  2.589046e-01
      vertex  -1.702404e-01  1.667918e-01  2.590904e-01
    endloop
  endfacet
  facet normal  6.914013e-15  1.000000e+00 -1.301321e-15
    outer loop
      vertex  -1.702404e-01  1.667918e-01  2.590904e-01
      vertex  -1.742897e-01  1.667918e-01  2.589046e-01
      vertex  -1.726330e-01  1.667918e-01  2.677070e-01
    endloop
  endfacet
  facet normal  0.000000e+00  1.000000e+00  0.000000e+00
    outer loop
      vertex  -1.726330e-01  1.667918e-01  2.677070e-01
      vertex  -1.676370e-01  1.667918e-01  2.735367e-01
      vertex  -1.666119e-01  1.667918e-01  2.703420e-01
    endloop
  endfacet
  facet normal -0.000000e+00  1.000000e+00 -0.000000e+00
    outer loop
      vertex  -1.666119e-01  1.667918e-01  2.703420e-01
      vertex  -1.676370e-01  1.667918e-01  2.735367e-01
      vertex  -1.609390e-01  1.667918e-01  2.677357e-01
    endloop
  endfacet
  facet normal -5.417274e-15  1.000000e+00 -6.254977e-15
    outer loop
      vertex  -1.676370e-01  1.667918e-01  2.735367e-01
      vertex  -1.586850e-01  1.667918e-01  2.702209e-01
      vertex  -1.609390e-01  1.667918e-01  2.677357e-01
    endloop
  endfacet
  facet normal -8.918903e-02  1.667419e-02  9.958751e-01
    outer loop
      vertex  -1.702404e-01  1.667918e-01  2.590904e-01
      vertex  -1.603288e-01  1.579418e-01  2.601262e-01
      vertex  -1.609969e-01  1.667918e-01  2.599182e-01
    endloop
  endfacet
  facet normal -9.971486e-01 -7.510140e-02  7.377354e-03
    outer loop
      vertex  -1.609969e-01  1.667918e-01  2.599182e-01
      vertex  -1.603288e-01  1.579418e-01  2.601262e-01
      vertex  -1.609390e-01  1.667918e-01  2.677357e-01
    endloop
  endfacet
  facet normal -9.781085e-01  9.273299e-02 -1.862912e-01
    outer loop
      vertex  -1.603288e-01  1.579418e-01  2.601262e-01
      vertex  -1.616557e-01  1.579418e-01  2.670931e-01
      vertex  -1.609390e-01  1.667918e-01  2.677357e-01
    endloop
  endfacet
  facet normal -4.154181e-01  9.929714e-02 -9.041946e-01
    outer loop
      vertex  -1.609390e-01  1.667918e-01  2.677357e-01
      vertex  -1.616557e-01  1.579418e-01  2.670931e-01
      vertex  -1.666119e-01  1.667918e-01  2.703420e-01
    endloop
  endfacet
  facet normal -3.399339e-01  1.504336e-01 -9.283397e-01
    outer loop
      vertex  -1.616557e-01  1.579418e-01  2.670931e-01
      vertex  -1.677260e-01  1.579418e-01  2.693158e-01
      vertex  -1.666119e-01  1.667918e-01  2.703420e-01
    endloop
  endfacet
  facet normal  4.002861e-01  5.566622e-02 -9.146979e-01
    outer loop
      vertex  -1.666119e-01  1.667918e-01  2.703420e-01
      vertex  -1.677260e-01  1.579418e-01  2.693158e-01
      vertex  -1.726330e-01  1.667918e-01  2.677070e-01
    endloop
  endfacet
  facet normal  7.587189e-01  3.172590e-01 -5.689397e-01
    outer loop
      vertex  -1.677260e-01  1.579418e-01  2.693158e-01
      vertex  -1.714140e-01  1.579418e-01  2.643977e-01
      vertex  -1.726330e-01  1.667918e-01  2.677070e-01
    endloop
  endfacet
  facet normal  9.630301e-01  3.265959e-02  2.674067e-01
    outer loop
      vertex  -1.726330e-01  1.667918e-01  2.677070e-01
      vertex  -1.714140e-01  1.579418e-01  2.643977e-01
      vertex  -1.702404e-01  1.667918e-01  2.590904e-01
    endloop
  endfacet
  facet normal  7.709019e-01  2.492836e-01  5.861467e-01
    outer loop
      vertex  -1.714140e-01  1.579418e-01  2.643977e-01
      vertex  -1.670049e-01  1.579418e-01  2.585989e-01
      vertex  -1.702404e-01  1.667918e-01  2.590904e-01
    endloop
  endfacet
  facet normal -2.209870e-01 -1.344343e-01  9.659669e-01
    outer loop
      vertex  -1.670049e-01  1.579418e-01  2.585989e-01
      vertex  -1.603288e-01  1.579418e-01  2.601262e-01
      vertex  -1.702404e-01  1.667918e-01  2.590904e-01
    endloop
  endfacet
  facet normal  5.911021e-02  9.830053e-01 -1.738002e-01
    outer loop
      vertex  -1.686247e-01  1.581362e-01  2.544518e-01
      vertex  -1.561465e-01  1.587918e-01  2.624038e-01
      vertex  -1.633054e-01  1.579418e-01  2.551614e-01
    endloop
  endfacet
  facet normal  5.634710e-01  5.449262e-01 -6.209315e-01
    outer loop
      vertex  -1.633054e-01  1.579418e-01  2.551614e-01
      vertex  -1.561465e-01  1.587918e-01  2.624038e-01
      vertex  -1.570805e-01  1.579418e-01  2.608103e-01
    endloop
  endfacet
  facet normal  6.632404e-01 -7.483335e-01  1.045368e-02
    outer loop
      vertex  -1.570805e-01  1.579418e-01  2.608103e-01
      vertex  -1.561465e-01  1.587918e-01  2.624038e-01
      vertex  -1.571702e-01  1.579418e-01  2.665007e-01
    endloop
  endfacet
  facet normal  7.455413e-01  5.905966e-01  3.088106e-01
    outer loop
      vertex  -1.571702e-01  1.579418e-01  2.665007e-01
      vertex  -1.561465e-01  1.587918e-01  2.624038e-01
      vertex  -1.580868e-01  1.579418e-01  2.687136e-01
    endloop
  endfacet
  facet normal  5.335575e-01  8.008491e-01  2.719505e-01
    outer loop
      vertex  -1.561465e-01  1.587918e-01  2.624038e-01
      vertex  -1.610781e-01  1.587918e-01  2.720794e-01
      vertex  -1.580868e-01  1.579418e-01  2.687136e-01
    endloop
  endfacet
  facet normal  7.063733e-01 -2.012827e-01  6.786177e-01
    outer loop
      vertex  -1.580868e-01  1.579418e-01  2.687136e-01
      vertex  -1.610781e-01  1.587918e-01  2.720794e-01
      vertex  -1.616220e-01  1.579418e-01  2.723934e-01
    endloop
  endfacet
  facet normal  1.403396e-01  2.628464e-01  9.545767e-01
    outer loop
      vertex  -1.610781e-01  1.587918e-01  2.720794e-01
      vertex  -1.679885e-01  1.582709e-01  2.732388e-01
      vertex  -1.616220e-01  1.579418e-01  2.723934e-01
    endloop
  endfacet
  facet normal  1.508671e-15 -1.000000e+00 -3.018113e-15
    outer loop
      vertex  -1.567325e-01  1.587918e-01  2.529145e-01
      vertex  -1.517426e-01  1.587918e-01  2.646052e-01
      vertex  -1.561465e-01  1.587918e-01  2.624038e-01
    endloop
  endfacet
  facet normal -0.000000e+00 -1.000000e+00  0.000000e+00
    outer loop
      vertex  -1.517426e-01  1.587918e-01  2.646052e-01
      vertex  -1.550472e-01  1.587918e-01  2.729751e-01
      vertex  -1.561465e-01  1.587918e-01  2.624038e-01
    endloop
  endfacet
  facet normal -4.674402e-15 -1.000000e+00  4.861020e-16
    outer loop
      vertex  -1.561465e-01  1.587918e-01  2.624038e-01
      vertex  -1.550472e-01  1.587918e-01  2.729751e-01
      vertex  -1.610781e-01  1.587918e-01  2.720794e-01
    endloop
  endfacet
  facet normal -3.672897e-15 -1.000000e+00 -6.257251e-15
    outer loop
      vertex  -1.550472e-01  1.587918e-01  2.729751e-01
      vertex  -1.646809e-01  1.587918e-01  2.786299e-01
      vertex  -1.610781e-01  1.587918e-01  2.720794e-01
    endloop
  endfacet
  facet normal  8.267668e-02 -9.955385e-01  4.547201e-02
    outer loop
      vertex  -1.610781e-01  1.587918e-01  2.720794e-01
      vertex  -1.646809e-01  1.587918e-01  2.786299e-01
      vertex  -1.679885e-01  1.582709e-01  2.732388e-01
    endloop
  endfacet
  facet normal -5.102617e-02 -9.905864e-01  1.270231e-01
    outer loop
      vertex  -1.646809e-01  1.587918e-01  2.786299e-01
      vertex  -1.764758e-01  1.587918e-01  2.738918e-01
      vertex  -1.679885e-01  1.582709e-01  2.732388e-01
    endloop
  endfacet
  facet normal -5.611068e-02 -9.962753e-01  6.547629e-02
    outer loop
      vertex  -1.679885e-01  1.582709e-01  2.732388e-01
      vertex  -1.764758e-01  1.587918e-01  2.738918e-01
      vertex  -1.765152e-01  1.581826e-01  2.645892e-01
    endloop
  endfacet
  facet normal -1.503499e-01 -9.864783e-01  6.523360e-02
    outer loop
      vertex  -1.764758e-01  1.587918e-01  2.738918e-01
      vertex  -1.800576e-01  1.587918e-01  2.656366e-01
      vertex  -1.765152e-01  1.581826e-01  2.645892e-01
    endloop
  endfacet
  facet normal -1.829423e-01 -9.819701e-01 -4.761215e-02
    outer loop
      vertex  -1.800576e-01  1.587918e-01  2.656366e-01
      vertex  -1.772440e-01  1.587918e-01  2.548260e-01
      vertex  -1.765152e-01  1.581826e-01  2.645892e-01
    endloop
  endfacet
  facet normal -7.815091e-02 -9.953523e-01 -5.626994e-02
    outer loop
      vertex  -1.765152e-01  1.581826e-01  2.645892e-01
      vertex  -1.772440e-01  1.587918e-01  2.548260e-01
      vertex  -1.686247e-01  1.581362e-01  2.544518e-01
    endloop
  endfacet
  facet normal -8.202572e-02 -9.822983e-01 -1.684096e-01
    outer loop
      vertex  -1.772440e-01  1.587918e-01  2.548260e-01
      vertex  -1.675431e-01  1.587918e-01  2.501010e-01
      vertex  -1.686247e-01  1.581362e-01  2.544518e-01
    endloop
  endfacet
  facet normal  3.644577e-02 -9.894751e-01 -1.400385e-01
    outer loop
      vertex  -1.675431e-01  1.587918e-01  2.501010e-01
      vertex  -1.567325e-01  1.587918e-01  2.529145e-01
      vertex  -1.686247e-01  1.581362e-01  2.544518e-01
    endloop
  endfacet
  facet normal  5.461033e-02 -9.985021e-01 -3.372254e-03
    outer loop
      vertex  -1.686247e-01  1.581362e-01  2.544518e-01
      vertex  -1.567325e-01  1.587918e-01  2.529145e-01
      vertex  -1.561465e-01  1.587918e-01  2.624038e-01
    endloop
  endfacet
  facet normal -3.678318e-01 -1.620133e-01  9.156699e-01
    outer loop
      vertex  -1.646809e-01  1.587918e-01  2.786299e-01
      vertex  -1.729550e-01  1.668146e-01  2.767256e-01
      vertex  -1.764758e-01  1.587918e-01  2.738918e-01
    endloop
  endfacet
  facet normal -8.106725e-01  1.564739e-01  5.642038e-01
    outer loop
      vertex  -1.729550e-01  1.668146e-01  2.767256e-01
      vertex  -1.808522e-01  1.667918e-01  2.653850e-01
      vertex  -1.764758e-01  1.587918e-01  2.738918e-01
    endloop
  endfacet
  facet normal -9.145525e-01 -7.835697e-02  3.968048e-01
    outer loop
      vertex  -1.764758e-01  1.587918e-01  2.738918e-01
      vertex  -1.808522e-01  1.667918e-01  2.653850e-01
      vertex  -1.800576e-01  1.587918e-01  2.656366e-01
    endloop
  endfacet
  facet normal -9.625657e-01 -1.034867e-01 -2.505151e-01
    outer loop
      vertex  -1.800576e-01  1.587918e-01  2.656366e-01
      vertex  -1.808522e-01  1.667918e-01  2.653850e-01
      vertex  -1.772440e-01  1.587918e-01  2.548260e-01
    endloop
  endfacet
  facet normal -9.083349e-01  1.193855e-01 -4.008427e-01
    outer loop
      vertex  -1.808522e-01  1.667918e-01  2.653850e-01
      vertex  -1.754118e-01  1.667918e-01  2.530566e-01
      vertex  -1.772440e-01  1.587918e-01  2.548260e-01
    endloop
  endfacet
  facet normal -4.357724e-01 -9.807169e-02 -8.946979e-01
    outer loop
      vertex  -1.772440e-01  1.587918e-01  2.548260e-01
      vertex  -1.754118e-01  1.667918e-01  2.530566e-01
      vertex  -1.675431e-01  1.587918e-01  2.501010e-01
    endloop
  endfacet
  facet normal -2.906695e-01  6.674103e-02 -9.544930e-01
    outer loop
      vertex  -1.754118e-01  1.667918e-01  2.530566e-01
      vertex  -1.641954e-01  1.667914e-01  2.496409e-01
      vertex  -1.675431e-01  1.587918e-01  2.501010e-01
    endloop
  endfacet
  facet normal  2.486607e-01 -1.590118e-01 -9.554492e-01
    outer loop
      vertex  -1.675431e-01  1.587918e-01  2.501010e-01
      vertex  -1.641954e-01  1.667914e-01  2.496409e-01
      vertex  -1.567325e-01  1.587918e-01  2.529145e-01
    endloop
  endfacet
  facet normal  5.436213e-01  1.708707e-01 -8.217536e-01
    outer loop
      vertex  -1.641954e-01  1.667914e-01  2.496409e-01
      vertex  -1.538094e-01  1.667918e-01  2.565118e-01
      vertex  -1.567325e-01  1.587918e-01  2.529145e-01
    endloop
  endfacet
  facet normal  9.082380e-01 -1.575502e-01 -3.876618e-01
    outer loop
      vertex  -1.567325e-01  1.587918e-01  2.529145e-01
      vertex  -1.538094e-01  1.667918e-01  2.565118e-01
      vertex  -1.517426e-01  1.587918e-01  2.646052e-01
    endloop
  endfacet
  facet normal  9.826382e-01  8.937171e-02 -1.625882e-01
    outer loop
      vertex  -1.538094e-01  1.667918e-01  2.565118e-01
      vertex  -1.520047e-01  1.667824e-01  2.674138e-01
      vertex  -1.517426e-01  1.587918e-01  2.646052e-01
    endloop
  endfacet
  facet normal  9.256430e-01 -9.810017e-02  3.654605e-01
    outer loop
      vertex  -1.517426e-01  1.587918e-01  2.646052e-01
      vertex  -1.520047e-01  1.667824e-01  2.674138e-01
      vertex  -1.550472e-01  1.587918e-01  2.729751e-01
    endloop
  endfacet
  facet normal  7.772114e-01  1.322226e-01  6.151907e-01
    outer loop
      vertex  -1.520047e-01  1.667824e-01  2.674138e-01
      vertex  -1.600354e-01  1.668307e-01  2.775493e-01
      vertex  -1.550472e-01  1.587918e-01  2.729751e-01
    endloop
  endfacet
  facet normal  4.985037e-01 -1.739057e-01  8.492649e-01
    outer loop
      vertex  -1.550472e-01  1.587918e-01  2.729751e-01
      vertex  -1.600354e-01  1.668307e-01  2.775493e-01
      vertex  -1.646809e-01  1.587918e-01  2.786299e-01
    endloop
  endfacet
  facet normal -6.291816e-02  1.685911e-01  9.836760e-01
    outer loop
      vertex  -1.600354e-01  1.668307e-01  2.775493e-01
      vertex  -1.729550e-01  1.668146e-01  2.767256e-01
      vertex  -1.646809e-01  1.587918e-01  2.786299e-01
    endloop
  endfacet
  facet normal -8.733658e-16  1.000000e+00  3.817612e-15
    outer loop
      vertex  -1.616557e-01  1.579418e-01  2.670931e-01
      vertex  -1.603288e-01  1.579418e-01  2.601262e-01
      vertex  -1.670049e-01  1.579418e-01  2.585989e-01
    endloop
  endfacet
  facet normal -4.352222e-01  7.332812e-03 -9.002932e-01
    outer loop
      vertex  -1.661780e-01  1.452418e-01  2.684641e-01
      vertex  -1.677260e-01  1.579418e-01  2.693158e-01
      vertex  -1.622077e-01  1.452418e-01  2.665447e-01
    endloop
  endfacet
  facet normal -3.433188e-01  5.540237e-02 -9.375835e-01
    outer loop
      vertex  -1.677260e-01  1.579418e-01  2.693158e-01
      vertex  -1.616557e-01  1.579418e-01  2.670931e-01
      vertex  -1.622077e-01  1.452418e-01  2.665447e-01
    endloop
  endfacet
  facet normal -9.957531e-01  4.670670e-02 -7.933595e-02
    outer loop
      vertex  -1.622077e-01  1.452418e-01  2.665447e-01
      vertex  -1.616557e-01  1.579418e-01  2.670931e-01
      vertex  -1.619274e-01  1.452418e-01  2.630261e-01
    endloop
  endfacet
  facet normal -7.002211e-01 -2.041022e-01  6.841292e-01
    outer loop
      vertex  -1.619274e-01  1.452418e-01  2.630261e-01
      vertex  -1.616557e-01  1.579418e-01  2.670931e-01
      vertex  -1.658127e-01  1.452418e-01  2.590494e-01
    endloop
  endfacet
  facet normal -8.446393e-01 -6.042463e-02  5.319148e-01
    outer loop
      vertex  -1.616557e-01  1.579418e-01  2.670931e-01
      vertex  -1.670049e-01  1.579418e-01  2.585989e-01
      vertex  -1.658127e-01  1.452418e-01  2.590494e-01
    endloop
  endfacet
  facet normal  7.923741e-01  9.575812e-02  6.024729e-01
    outer loop
      vertex  -1.670049e-01  1.579418e-01  2.585989e-01
      vertex  -1.714140e-01  1.579418e-01  2.643977e-01
      vertex  -1.658127e-01  1.452418e-01  2.590494e-01
    endloop
  endfacet
  facet normal  8.179361e-01  1.241830e-01  5.617465e-01
    outer loop
      vertex  -1.658127e-01  1.452418e-01  2.590494e-01
      vertex  -1.714140e-01  1.579418e-01  2.643977e-01
      vertex  -1.703973e-01  1.452418e-01  2.657248e-01
    endloop
  endfacet
  facet normal  8.000496e-01  1.353017e-03 -5.999323e-01
    outer loop
      vertex  -1.714140e-01  1.579418e-01  2.643977e-01
      vertex  -1.677260e-01  1.579418e-01  2.693158e-01
      vertex  -1.703973e-01  1.452418e-01  2.657248e-01
    endloop
  endfacet
  facet normal  5.404783e-01  1.217127e-01 -8.325078e-01
    outer loop
      vertex  -1.703973e-01  1.452418e-01  2.657248e-01
      vertex  -1.677260e-01  1.579418e-01  2.693158e-01
      vertex  -1.661780e-01  1.452418e-01  2.684641e-01
    endloop
  endfacet
  facet normal -1.408082e-01 -6.894500e-02  9.876333e-01
    outer loop
      vertex   3.540927e-02  1.579418e-01  3.291253e-01
      vertex   3.601805e-02  1.484168e-01  3.285472e-01
      vertex   4.401565e-02  1.579418e-01  3.303523e-01
    endloop
  endfacet
  facet normal -2.811400e-01  5.447708e-02  9.581193e-01
    outer loop
      vertex   3.601805e-02  1.484168e-01  3.285472e-01
      vertex   4.429970e-02  1.484168e-01  3.309772e-01
      vertex   4.401565e-02  1.579418e-01  3.303523e-01
    endloop
  endfacet
  facet normal -8.623828e-01  7.493624e-03  5.062013e-01
    outer loop
      vertex   4.429970e-02  1.484168e-01  3.309772e-01
      vertex   4.816219e-02  1.484168e-01  3.375575e-01
      vertex   4.401565e-02  1.579418e-01  3.303523e-01
    endloop
  endfacet
  facet normal -8.884854e-01 -4.103794e-02  4.570664e-01
    outer loop
      vertex   4.401565e-02  1.579418e-01  3.303523e-01
      vertex   4.816219e-02  1.484168e-01  3.375575e-01
      vertex   4.802861e-02  1.579418e-01  3.381531e-01
    endloop
  endfacet
  facet normal -9.361479e-01  8.847564e-03 -3.514951e-01
    outer loop
      vertex   4.802861e-02  1.579418e-01  3.381531e-01
      vertex   4.816219e-02  1.484168e-01  3.375575e-01
      vertex   4.539780e-02  1.579418e-01  3.451598e-01
    endloop
  endfacet
  facet normal -9.064971e-01  6.932168e-02 -4.164822e-01
    outer loop
      vertex   4.816219e-02  1.484168e-01  3.375575e-01
      vertex   4.400827e-02  1.484168e-01  3.465988e-01
      vertex   4.539780e-02  1.579418e-01  3.451598e-01
    endloop
  endfacet
  facet normal -4.122036e-01 -7.701744e-02 -9.078307e-01
    outer loop
      vertex   4.539780e-02  1.579418e-01  3.451598e-01
      vertex   4.400827e-02  1.484168e-01  3.465988e-01
      vertex   3.858303e-02  1.579418e-01  3.482541e-01
    endloop
  endfacet
  facet normal -1.405547e-01  9.126806e-02 -9.858572e-01
    outer loop
      vertex   4.400827e-02  1.484168e-01  3.465988e-01
      vertex   3.541291e-02  1.484168e-01  3.478242e-01
      vertex   3.858303e-02  1.579418e-01  3.482541e-01
    endloop
  endfacet
  facet normal  3.123304e-01 -6.116996e-02 -9.480021e-01
    outer loop
      vertex   3.858303e-02  1.579418e-01  3.482541e-01
      vertex   3.541291e-02  1.484168e-01  3.478242e-01
      vertex   3.256452e-02  1.579418e-01  3.462712e-01
    endloop
  endfacet
  facet normal  6.337126e-01  6.380825e-02 -7.709325e-01
    outer loop
      vertex   3.541291e-02  1.484168e-01  3.478242e-01
      vertex   2.963862e-02  1.484168e-01  3.430777e-01
      vertex   3.256452e-02  1.579418e-01  3.462712e-01
    endloop
  endfacet
  facet normal  7.784382e-01 -2.888660e-02 -6.270564e-01
    outer loop
      vertex   3.256452e-02  1.579418e-01  3.462712e-01
      vertex   2.963862e-02  1.484168e-01  3.430777e-01
      vertex   2.943173e-02  1.579418e-01  3.423821e-01
    endloop
  endfacet
  facet normal  9.819244e-01  7.516395e-03 -1.891244e-01
    outer loop
      vertex   2.943173e-02  1.579418e-01  3.423821e-01
      vertex   2.963862e-02  1.484168e-01  3.430777e-01
      vertex   2.868032e-02  1.579418e-01  3.384808e-01
    endloop
  endfacet
  facet normal  9.938561e-01  5.313346e-02 -9.709191e-02
    outer loop
      vertex   2.963862e-02  1.484168e-01  3.430777e-01
      vertex   2.891186e-02  1.484168e-01  3.356384e-01
      vertex   2.868032e-02  1.579418e-01  3.384808e-01
    endloop
  endfacet
  facet normal  9.788284e-01 -3.631691e-02  2.014349e-01
    outer loop
      vertex   2.868032e-02  1.579418e-01  3.384808e-01
      vertex   2.891186e-02  1.484168e-01  3.356384e-01
      vertex   2.962754e-02  1.579418e-01  3.338779e-01
    endloop
  endfacet
  facet normal  7.042339e-01  7.751978e-02  7.057232e-01
    outer loop
      vertex   2.891186e-02  1.484168e-01  3.356384e-01
      vertex   3.601805e-02  1.484168e-01  3.285472e-01
      vertex   2.962754e-02  1.579418e-01  3.338779e-01
    endloop
  endfacet
  facet normal  6.349944e-01 -6.301825e-03  7.724910e-01
    outer loop
      vertex   2.962754e-02  1.579418e-01  3.338779e-01
      vertex   3.601805e-02  1.484168e-01  3.285472e-01
      vertex   3.540927e-02  1.579418e-01  3.291253e-01
    endloop
  endfacet
  facet normal -6.191012e-01 -9.020548e-04 -7.853107e-01
    outer loop
      vertex  -6.642971e-03  1.452418e-01  3.521750e-01
      vertex  -6.669173e-03  1.579418e-01  3.521811e-01
      vertex  -1.417311e-03  1.452418e-01  3.480553e-01
    endloop
  endfacet
  facet normal -6.431485e-01 -1.726687e-02 -7.655468e-01
    outer loop
      vertex  -6.669173e-03  1.579418e-01  3.521811e-01
      vertex  -1.638143e-03  1.579418e-01  3.479544e-01
      vertex  -1.417311e-03  1.452418e-01  3.480553e-01
    endloop
  endfacet
  facet normal  7.089780e-01  2.208780e-03  7.052271e-01
    outer loop
      vertex   7.272034e-02  1.579418e-01  3.703395e-01
      vertex   7.010898e-02  1.579418e-01  3.729647e-01
      vertex   7.274418e-02  1.452418e-01  3.703553e-01
    endloop
  endfacet
  facet normal  6.976166e-01 -2.458100e-03  7.164670e-01
    outer loop
      vertex   7.010898e-02  1.579418e-01  3.729647e-01
      vertex   7.006050e-02  1.452418e-01  3.729683e-01
      vertex   7.274418e-02  1.452418e-01  3.703553e-01
    endloop
  endfacet
  facet normal  8.491756e-01 -6.038202e-02  5.246474e-01
    outer loop
      vertex   7.891919e-02  1.579193e-01  3.619147e-01
      vertex   7.697575e-02  1.579418e-01  3.650629e-01
      vertex   7.799392e-02  1.452418e-01  3.619532e-01
    endloop
  endfacet
  facet normal  9.479287e-01 -1.983213e-03  3.184764e-01
    outer loop
      vertex   7.697575e-02  1.579418e-01  3.650629e-01
      vertex   7.695493e-02  1.452418e-01  3.650458e-01
      vertex   7.799392e-02  1.452418e-01  3.619532e-01
    endloop
  endfacet
  facet normal  5.342625e-01  4.768479e-03  8.453051e-01
    outer loop
      vertex   6.476700e-02  1.579418e-01  3.772099e-01
      vertex   6.163695e-02  1.579418e-01  3.791882e-01
      vertex   6.468644e-02  1.452418e-01  3.773325e-01
    endloop
  endfacet
  facet normal  5.124460e-01 -2.429674e-03  8.587160e-01
    outer loop
      vertex   6.163695e-02  1.579418e-01  3.791882e-01
      vertex   6.158888e-02  1.452418e-01  3.791810e-01
      vertex   6.468644e-02  1.452418e-01  3.773325e-01
    endloop
  endfacet
  facet normal -8.467241e-01  0.000000e+00  5.320323e-01
    outer loop
      vertex  -5.964013e-04  1.579418e-01  3.649119e-01
      vertex  -2.415431e-03  1.579418e-01  3.620169e-01
      vertex  -5.964013e-04  1.452418e-01  3.649119e-01
    endloop
  endfacet
  facet normal -8.587021e-01 -6.182195e-03  5.124378e-01
    outer loop
      vertex  -2.415431e-03  1.579418e-01  3.620169e-01
      vertex  -2.444902e-03  1.452418e-01  3.618143e-01
      vertex  -5.964013e-04  1.452418e-01  3.649119e-01
    endloop
  endfacet
  facet normal -7.131110e-01  0.000000e+00  7.010512e-01
    outer loop
      vertex   6.259170e-03  1.579418e-01  3.728945e-01
      vertex   3.723557e-03  1.579418e-01  3.703153e-01
      vertex   6.259170e-03  1.452418e-01  3.728945e-01
    endloop
  endfacet
  facet normal -7.182822e-01 -2.109350e-03  6.957486e-01
    outer loop
      vertex   3.723557e-03  1.579418e-01  3.703153e-01
      vertex   3.744889e-03  1.452418e-01  3.702988e-01
      vertex   6.259170e-03  1.452418e-01  3.728945e-01
    endloop
  endfacet
  facet normal -5.392285e-01  0.000000e+00  8.421595e-01
    outer loop
      vertex   1.471916e-02  1.579418e-01  3.791515e-01
      vertex   1.167319e-02  1.579418e-01  3.772012e-01
      vertex   1.471916e-02  1.452418e-01  3.791515e-01
    endloop
  endfacet
  facet normal -5.454499e-01 -2.109297e-03  8.381408e-01
    outer loop
      vertex   1.167319e-02  1.579418e-01  3.772012e-01
      vertex   1.169032e-02  1.452418e-01  3.771804e-01
      vertex   1.471916e-02  1.452418e-01  3.791515e-01
    endloop
  endfacet
  facet normal -6.825540e-01  6.800301e-02  7.276645e-01
    outer loop
      vertex  -3.527339e-03  1.579418e-01  3.551281e-01
      vertex  -6.669173e-03  1.579418e-01  3.521811e-01
      vertex  -4.715349e-03  1.452418e-01  3.552006e-01
    endloop
  endfacet
  facet normal -8.433793e-01 -1.996773e-03  5.373150e-01
    outer loop
      vertex  -6.669173e-03  1.579418e-01  3.521811e-01
      vertex  -6.642971e-03  1.452418e-01  3.521750e-01
      vertex  -4.715349e-03  1.452418e-01  3.552006e-01
    endloop
  endfacet
  facet normal  8.449128e-01  3.079142e-02 -5.340171e-01
    outer loop
      vertex   7.698447e-02  1.579418e-01  3.119691e-01
      vertex   7.896278e-02  1.579418e-01  3.150991e-01
      vertex   7.842395e-02  1.452418e-01  3.135143e-01
    endloop
  endfacet
  facet normal  7.131113e-01  0.000000e+00 -7.010509e-01
    outer loop
      vertex   7.025146e-02  1.579418e-01  3.040670e-01
      vertex   7.278708e-02  1.579418e-01  3.066462e-01
      vertex   7.025146e-02  1.452418e-01  3.040670e-01
    endloop
  endfacet
  facet normal  7.182830e-01 -2.109547e-03 -6.957479e-01
    outer loop
      vertex   7.278708e-02  1.579418e-01  3.066462e-01
      vertex   7.276575e-02  1.452418e-01  3.066627e-01
      vertex   7.025146e-02  1.452418e-01  3.040670e-01
    endloop
  endfacet
  facet normal  5.392290e-01  0.000000e+00 -8.421592e-01
    outer loop
      vertex   6.179147e-02  1.579418e-01  2.978100e-01
      vertex   6.483746e-02  1.579418e-01  2.997603e-01
      vertex   6.179147e-02  1.452418e-01  2.978100e-01
    endloop
  endfacet
  facet normal  5.454513e-01 -2.109600e-03 -8.381398e-01
    outer loop
      vertex   6.483746e-02  1.579418e-01  2.997603e-01
      vertex   6.482032e-02  1.452418e-01  2.997811e-01
      vertex   6.179147e-02  1.452418e-01  2.978100e-01
    endloop
  endfacet
  facet normal  3.231684e-01  5.862711e-04 -9.463413e-01
    outer loop
      vertex   5.205850e-02  1.579418e-01  2.936023e-01
      vertex   5.545295e-02  1.579418e-01  2.947614e-01
      vertex   5.200911e-02  1.452418e-01  2.935775e-01
    endloop
  endfacet
  facet normal  3.776159e-01 -1.609101e-02 -9.258225e-01
    outer loop
      vertex   5.545295e-02  1.579418e-01  2.947614e-01
      vertex   5.540894e-02  1.452418e-01  2.949642e-01
      vertex   5.200911e-02  1.452418e-01  2.935775e-01
    endloop
  endfacet
  facet normal  1.023137e-01  3.561049e-02 -9.941146e-01
    outer loop
      vertex   4.167194e-02  1.579418e-01  2.916971e-01
      vertex   4.535551e-02  1.579418e-01  2.920762e-01
      vertex   4.468702e-02  1.452418e-01  2.915525e-01
    endloop
  endfacet
  facet normal -1.032004e-01 -2.486667e-02 -9.943497e-01
    outer loop
      vertex   3.215878e-02  1.579418e-01  2.916128e-01
      vertex   3.484362e-02  1.452418e-01  2.916518e-01
      vertex   3.125807e-02  1.452418e-01  2.920239e-01
    endloop
  endfacet
  facet normal -3.493872e-01  4.254485e-03 -9.369687e-01
    outer loop
      vertex   2.103491e-02  1.579418e-01  2.948477e-01
      vertex   2.444242e-02  1.579418e-01  2.935770e-01
      vertex   2.101176e-02  1.452418e-01  2.947986e-01
    endloop
  endfacet
  facet normal  1.441604e-01 -1.332591e-01 -9.805406e-01
    outer loop
      vertex   2.444242e-02  1.579418e-01  2.935770e-01
      vertex   2.526373e-02  1.452418e-01  2.954238e-01
      vertex   2.101176e-02  1.452418e-01  2.947986e-01
    endloop
  endfacet
  facet normal -5.320290e-01 -0.000000e+00 -8.467262e-01
    outer loop
      vertex   1.182419e-02  1.579418e-01  2.996290e-01
      vertex   1.471916e-02  1.579418e-01  2.978100e-01
      vertex   1.182419e-02  1.452418e-01  2.996290e-01
    endloop
  endfacet
  facet normal -5.320290e-01 -0.000000e+00 -8.467262e-01
    outer loop
      vertex   1.471916e-02  1.579418e-01  2.978100e-01
      vertex   1.471916e-02  1.452418e-01  2.978100e-01
      vertex   1.182419e-02  1.452418e-01  2.996290e-01
    endloop
  endfacet
  facet normal  5.850762e-01 -1.021714e-01 -8.045166e-01
    outer loop
      vertex   8.536097e-02  1.579418e-01  3.424907e-01
      vertex   8.522674e-02  1.452418e-01  3.440059e-01
      vertex   7.951347e-02  1.452418e-01  3.398511e-01
    endloop
  endfacet
  facet normal  5.851778e-01 -1.241907e-02  8.108099e-01
    outer loop
      vertex   8.564530e-02  1.579418e-01  3.338253e-01
      vertex   7.905288e-02  1.579418e-01  3.385832e-01
      vertex   8.495449e-02  1.452418e-01  3.341293e-01
    endloop
  endfacet
  facet normal  7.214035e-01  9.464889e-02  6.860164e-01
    outer loop
      vertex   8.495449e-02  1.452418e-01  3.341293e-01
      vertex   7.905288e-02  1.579418e-01  3.385832e-01
      vertex   7.951347e-02  1.452418e-01  3.398511e-01
    endloop
  endfacet
  facet normal  5.254648e-01 -6.562810e-02 -8.482804e-01
    outer loop
      vertex   7.905288e-02  1.579418e-01  3.385832e-01
      vertex   8.536097e-02  1.579418e-01  3.424907e-01
      vertex   7.951347e-02  1.452418e-01  3.398511e-01
    endloop
  endfacet
  facet normal -9.505008e-01  0.000000e+00  3.107222e-01
    outer loop
      vertex   1.182419e-02  1.579418e-01  2.996290e-01
      vertex   1.182419e-02  1.452418e-01  2.996290e-01
      vertex   1.343010e-02  1.452418e-01  3.045415e-01
    endloop
  endfacet
  facet normal -9.478968e-01  3.360934e-03  3.185598e-01
    outer loop
      vertex   1.182419e-02  1.579418e-01  2.996290e-01
      vertex   1.343010e-02  1.452418e-01  3.045415e-01
      vertex   1.343501e-02  1.579418e-01  3.044221e-01
    endloop
  endfacet
  facet normal -9.629362e-01  0.000000e+00 -2.697294e-01
    outer loop
      vertex   1.311179e-02  1.452418e-01  3.056779e-01
      vertex   1.311179e-02  1.579418e-01  3.056779e-01
      vertex   1.343010e-02  1.452418e-01  3.045415e-01
    endloop
  endfacet
  facet normal -9.684329e-01 -1.968797e-03 -2.492666e-01
    outer loop
      vertex   1.311179e-02  1.579418e-01  3.056779e-01
      vertex   1.343501e-02  1.579418e-01  3.044221e-01
      vertex   1.343010e-02  1.452418e-01  3.045415e-01
    endloop
  endfacet
  facet normal  6.888649e-01  0.000000e+00 -7.248898e-01
    outer loop
      vertex   1.471916e-02  1.452418e-01  2.978100e-01
      vertex   1.471916e-02  1.579418e-01  2.978100e-01
      vertex   1.852753e-02  1.579418e-01  3.014291e-01
    endloop
  endfacet
  facet normal  6.952509e-01 -3.662372e-03 -7.187578e-01
    outer loop
      vertex   1.471916e-02  1.452418e-01  2.978100e-01
      vertex   1.852753e-02  1.579418e-01  3.014291e-01
      vertex   1.859903e-02  1.452418e-01  3.015630e-01
    endloop
  endfacet
  facet normal -1.672512e-01 -1.133346e-02 -9.858492e-01
    outer loop
      vertex   1.852753e-02  1.579418e-01  3.014291e-01
      vertex   2.121919e-02  1.579418e-01  3.009725e-01
      vertex   1.859903e-02  1.452418e-01  3.015630e-01
    endloop
  endfacet
  facet normal -3.019665e-01  1.798043e-02 -9.531490e-01
    outer loop
      vertex   1.859903e-02  1.452418e-01  3.015630e-01
      vertex   2.121919e-02  1.579418e-01  3.009725e-01
      vertex   2.145308e-02  1.452418e-01  3.006588e-01
    endloop
  endfacet
  facet normal -9.993644e-01 -1.914702e-02  3.006963e-02
    outer loop
      vertex   2.121919e-02  1.579418e-01  3.009725e-01
      vertex   2.103491e-02  1.579418e-01  2.948477e-01
      vertex   2.145308e-02  1.452418e-01  3.006588e-01
    endloop
  endfacet
  facet normal -9.971752e-01  1.527744e-03  7.509603e-02
    outer loop
      vertex   2.145308e-02  1.452418e-01  3.006588e-01
      vertex   2.103491e-02  1.579418e-01  2.948477e-01
      vertex   2.101176e-02  1.452418e-01  2.947986e-01
    endloop
  endfacet
  facet normal  7.492518e-01 -4.760061e-02 -6.605724e-01
    outer loop
      vertex   2.444242e-02  1.579418e-01  2.935770e-01
      vertex   2.934819e-02  1.579418e-01  2.991414e-01
      vertex   2.526373e-02  1.452418e-01  2.954238e-01
    endloop
  endfacet
  facet normal -9.354247e-01  5.503944e-02 -3.492153e-01
    outer loop
      vertex   3.215878e-02  1.579418e-01  2.916128e-01
      vertex   3.125807e-02  1.452418e-01  2.920239e-01
      vertex   2.934819e-02  1.579418e-01  2.991414e-01
    endloop
  endfacet
  facet normal -9.889760e-01 -7.828549e-02 -1.256894e-01
    outer loop
      vertex   3.125807e-02  1.452418e-01  2.920239e-01
      vertex   3.053668e-02  1.452418e-01  2.977001e-01
      vertex   2.934819e-02  1.579418e-01  2.991414e-01
    endloop
  endfacet
  facet normal  3.924397e-01  1.398980e-01 -9.090763e-01
    outer loop
      vertex   2.526373e-02  1.452418e-01  2.954238e-01
      vertex   2.934819e-02  1.579418e-01  2.991414e-01
      vertex   3.053668e-02  1.452418e-01  2.977001e-01
    endloop
  endfacet
  facet normal  7.544721e-01  1.575447e-01 -6.371433e-01
    outer loop
      vertex   3.484362e-02  1.452418e-01  2.916518e-01
      vertex   3.215878e-02  1.579418e-01  2.916128e-01
      vertex   3.739726e-02  1.579418e-01  2.978159e-01
    endloop
  endfacet
  facet normal  8.623741e-01  6.996932e-02 -5.014132e-01
    outer loop
      vertex   3.484362e-02  1.452418e-01  2.916518e-01
      vertex   3.739726e-02  1.579418e-01  2.978159e-01
      vertex   3.860758e-02  1.452418e-01  2.981254e-01
    endloop
  endfacet
  facet normal -7.241510e-01 -1.642920e-01 -6.697861e-01
    outer loop
      vertex   4.167194e-02  1.579418e-01  2.916971e-01
      vertex   4.468702e-02  1.452418e-01  2.915525e-01
      vertex   3.860758e-02  1.452418e-01  2.981254e-01
    endloop
  endfacet
  facet normal -8.163149e-01 -9.168925e-02 -5.702834e-01
    outer loop
      vertex   3.739726e-02  1.579418e-01  2.978159e-01
      vertex   4.167194e-02  1.579418e-01  2.916971e-01
      vertex   3.860758e-02  1.452418e-01  2.981254e-01
    endloop
  endfacet
  facet normal -7.879841e-01  4.263419e-03 -6.156808e-01
    outer loop
      vertex   5.205850e-02  1.579418e-01  2.936023e-01
      vertex   5.200911e-02  1.452418e-01  2.935775e-01
      vertex   4.792565e-02  1.579418e-01  2.988917e-01
    endloop
  endfacet
  facet normal  9.307649e-01 -3.398013e-02 -3.640358e-01
    outer loop
      vertex   4.468702e-02  1.452418e-01  2.915525e-01
      vertex   4.535551e-02  1.579418e-01  2.920762e-01
      vertex   4.752751e-02  1.452418e-01  2.988150e-01
    endloop
  endfacet
  facet normal  9.353358e-01 -2.719124e-02 -3.527147e-01
    outer loop
      vertex   4.535551e-02  1.579418e-01  2.920762e-01
      vertex   4.792565e-02  1.579418e-01  2.988917e-01
      vertex   4.752751e-02  1.452418e-01  2.988150e-01
    endloop
  endfacet
  facet normal -7.595135e-01  2.773631e-02 -6.498999e-01
    outer loop
      vertex   4.752751e-02  1.452418e-01  2.988150e-01
      vertex   4.792565e-02  1.579418e-01  2.988917e-01
      vertex   5.200911e-02  1.452418e-01  2.935775e-01
    endloop
  endfacet
  facet normal  9.965730e-01 -2.133346e-03  8.269092e-02
    outer loop
      vertex   5.545295e-02  1.579418e-01  2.947614e-01
      vertex   5.493830e-02  1.579418e-01  3.009639e-01
      vertex   5.540894e-02  1.452418e-01  2.949642e-01
    endloop
  endfacet
  facet normal -6.759277e-01 -0.000000e+00 -7.369679e-01
    outer loop
      vertex   6.179147e-02  1.579418e-01  2.978100e-01
      vertex   6.179147e-02  1.452418e-01  2.978100e-01
      vertex   5.929609e-02  1.452418e-01  3.000987e-01
    endloop
  endfacet
  facet normal -6.759277e-01  0.000000e+00 -7.369679e-01
    outer loop
      vertex   6.179147e-02  1.579418e-01  2.978100e-01
      vertex   5.929609e-02  1.452418e-01  3.000987e-01
      vertex   5.929609e-02  1.579418e-01  3.000987e-01
    endloop
  endfacet
  facet normal -7.873327e-01  0.000000e+00 -6.165284e-01
    outer loop
      vertex   5.929609e-02  1.452418e-01  3.000987e-01
      vertex   5.848122e-02  1.452418e-01  3.011393e-01
      vertex   5.929609e-02  1.579418e-01  3.000987e-01
    endloop
  endfacet
  facet normal -7.721173e-01 -2.528722e-03 -6.354750e-01
    outer loop
      vertex   5.929609e-02  1.579418e-01  3.000987e-01
      vertex   5.848122e-02  1.452418e-01  3.011393e-01
      vertex   5.832453e-02  1.579418e-01  3.012792e-01
    endloop
  endfacet
  facet normal  9.941262e-01  7.410409e-02 -7.887782e-02
    outer loop
      vertex   5.540894e-02  1.452418e-01  2.949642e-01
      vertex   5.493830e-02  1.579418e-01  3.009639e-01
      vertex   5.593198e-02  1.452418e-01  3.015562e-01
    endloop
  endfacet
  facet normal  9.262586e-02 -3.915514e-02 -9.949308e-01
    outer loop
      vertex   5.493830e-02  1.579418e-01  3.009639e-01
      vertex   5.832453e-02  1.579418e-01  3.012792e-01
      vertex   5.593198e-02  1.452418e-01  3.015562e-01
    endloop
  endfacet
  facet normal -1.613912e-01  8.875464e-03 -9.868506e-01
    outer loop
      vertex   5.593198e-02  1.452418e-01  3.015562e-01
      vertex   5.832453e-02  1.579418e-01  3.012792e-01
      vertex   5.848122e-02  1.452418e-01  3.011393e-01
    endloop
  endfacet
  facet normal -4.473223e-01 -0.000000e+00 -8.943728e-01
    outer loop
      vertex   7.025146e-02  1.579418e-01  3.040670e-01
      vertex   7.025146e-02  1.452418e-01  3.040670e-01
      vertex   6.399459e-02  1.452418e-01  3.071964e-01
    endloop
  endfacet
  facet normal -4.436117e-01 -2.282325e-03 -8.962162e-01
    outer loop
      vertex   7.025146e-02  1.579418e-01  3.040670e-01
      vertex   6.399459e-02  1.452418e-01  3.071964e-01
      vertex   6.403764e-02  1.579418e-01  3.071427e-01
    endloop
  endfacet
  facet normal  9.938564e-01 -1.159321e-03  1.106714e-01
    outer loop
      vertex   6.482032e-02  1.452418e-01  2.997811e-01
      vertex   6.483746e-02  1.579418e-01  2.997603e-01
      vertex   6.399459e-02  1.452418e-01  3.071964e-01
    endloop
  endfacet
  facet normal  9.941780e-01 -2.914086e-03  1.077109e-01
    outer loop
      vertex   6.483746e-02  1.579418e-01  2.997603e-01
      vertex   6.403764e-02  1.579418e-01  3.071427e-01
      vertex   6.399459e-02  1.452418e-01  3.071964e-01
    endloop
  endfacet
  facet normal -2.371684e-02 -1.233961e-01 -9.920741e-01
    outer loop
      vertex   7.698447e-02  1.579418e-01  3.119691e-01
      vertex   7.842395e-02  1.452418e-01  3.135143e-01
      vertex   7.031067e-02  1.452418e-01  3.137083e-01
    endloop
  endfacet
  facet normal  9.443110e-01 -1.159290e-03  3.290524e-01
    outer loop
      vertex   7.276575e-02  1.452418e-01  3.066627e-01
      vertex   7.278708e-02  1.579418e-01  3.066462e-01
      vertex   7.031067e-02  1.452418e-01  3.137083e-01
    endloop
  endfacet
  facet normal  9.259502e-01  2.882927e-02  3.765437e-01
    outer loop
      vertex   7.278708e-02  1.579418e-01  3.066462e-01
      vertex   7.011773e-02  1.579418e-01  3.132104e-01
      vertex   7.031067e-02  1.452418e-01  3.137083e-01
    endloop
  endfacet
  facet normal -1.777341e-01 -4.124714e-02 -9.832137e-01
    outer loop
      vertex   7.011773e-02  1.579418e-01  3.132104e-01
      vertex   7.698447e-02  1.579418e-01  3.119691e-01
      vertex   7.031067e-02  1.452418e-01  3.137083e-01
    endloop
  endfacet
  facet normal  8.485232e-01 -1.008240e-01  5.194641e-01
    outer loop
      vertex   7.842395e-02  1.452418e-01  3.135143e-01
      vertex   7.896278e-02  1.579418e-01  3.150991e-01
      vertex   7.517309e-02  1.452418e-01  3.188244e-01
    endloop
  endfacet
  facet normal  2.585331e-01 -5.372875e-02 -9.645070e-01
    outer loop
      vertex   8.321495e-02  1.579418e-01  3.229893e-01
      vertex   8.325472e-02  1.452418e-01  3.237074e-01
      vertex   7.627089e-02  1.452418e-01  3.218354e-01
    endloop
  endfacet
  facet normal  1.742687e-01 -5.821985e-03 -9.846809e-01
    outer loop
      vertex   8.321495e-02  1.579418e-01  3.229893e-01
      vertex   7.627089e-02  1.452418e-01  3.218354e-01
      vertex   7.532147e-02  1.579418e-01  3.215923e-01
    endloop
  endfacet
  facet normal  8.663225e-01 -1.160019e-01  4.858280e-01
    outer loop
      vertex   7.896278e-02  1.579418e-01  3.150991e-01
      vertex   7.532147e-02  1.579418e-01  3.215923e-01
      vertex   7.517309e-02  1.452418e-01  3.188244e-01
    endloop
  endfacet
  facet normal  9.376016e-01  6.354868e-02 -3.418551e-01
    outer loop
      vertex   7.517309e-02  1.452418e-01  3.188244e-01
      vertex   7.532147e-02  1.579418e-01  3.215923e-01
      vertex   7.627089e-02  1.452418e-01  3.218354e-01
    endloop
  endfacet
  facet normal  6.944521e-01  4.278853e-02  7.182655e-01
    outer loop
      vertex   8.321495e-02  1.579418e-01  3.229893e-01
      vertex   7.834798e-02  1.579418e-01  3.276949e-01
      vertex   8.325472e-02  1.452418e-01  3.237074e-01
    endloop
  endfacet
  facet normal  6.311675e-01  3.218104e-04  7.756464e-01
    outer loop
      vertex   8.325472e-02  1.452418e-01  3.237074e-01
      vertex   7.834798e-02  1.579418e-01  3.276949e-01
      vertex   7.878643e-02  1.452418e-01  3.273433e-01
    endloop
  endfacet
  facet normal  5.305556e-01 -4.911746e-02 -8.462259e-01
    outer loop
      vertex   8.564530e-02  1.579418e-01  3.338253e-01
      vertex   8.495449e-02  1.452418e-01  3.341293e-01
      vertex   7.973686e-02  1.452418e-01  3.308581e-01
    endloop
  endfacet
  facet normal  4.301026e-01  1.081464e-02 -9.027152e-01
    outer loop
      vertex   8.564530e-02  1.579418e-01  3.338253e-01
      vertex   7.973686e-02  1.452418e-01  3.308581e-01
      vertex   7.935327e-02  1.579418e-01  3.308274e-01
    endloop
  endfacet
  facet normal  9.822879e-01  2.878710e-02  1.851531e-01
    outer loop
      vertex   7.878643e-02  1.452418e-01  3.273433e-01
      vertex   7.834798e-02  1.579418e-01  3.276949e-01
      vertex   7.837550e-02  1.452418e-01  3.295234e-01
    endloop
  endfacet
  facet normal  9.513345e-01 -4.189650e-02 -3.052986e-01
    outer loop
      vertex   7.834798e-02  1.579418e-01  3.276949e-01
      vertex   7.935327e-02  1.579418e-01  3.308274e-01
      vertex   7.837550e-02  1.452418e-01  3.295234e-01
    endloop
  endfacet
  facet normal  6.999243e-01  1.941926e-02 -7.139530e-01
    outer loop
      vertex   7.837550e-02  1.452418e-01  3.295234e-01
      vertex   7.935327e-02  1.579418e-01  3.308274e-01
      vertex   7.973686e-02  1.452418e-01  3.308581e-01
    endloop
  endfacet
  facet normal -9.620906e-01  9.469743e-02  2.557620e-01
    outer loop
      vertex   2.219824e-02  1.452418e-01  3.834858e-01
      vertex   2.341286e-02  1.579418e-01  3.833525e-01
      vertex   2.159345e-02  1.579418e-01  3.765085e-01
    endloop
  endfacet
  facet normal  6.641853e-01  0.000000e+00  7.475680e-01
    outer loop
      vertex   1.471916e-02  1.579418e-01  3.791515e-01
      vertex   1.471916e-02  1.452418e-01  3.791515e-01
      vertex   1.959366e-02  1.452418e-01  3.748207e-01
    endloop
  endfacet
  facet normal  6.950050e-01  2.168087e-02  7.186780e-01
    outer loop
      vertex   1.471916e-02  1.579418e-01  3.791515e-01
      vertex   1.959366e-02  1.452418e-01  3.748207e-01
      vertex   1.861478e-02  1.579418e-01  3.753842e-01
    endloop
  endfacet
  facet normal -9.516643e-01  1.118368e-01  2.860551e-01
    outer loop
      vertex   2.219824e-02  1.452418e-01  3.834858e-01
      vertex   2.159345e-02  1.579418e-01  3.765085e-01
      vertex   1.959366e-02  1.452418e-01  3.748207e-01
    endloop
  endfacet
  facet normal -3.522995e-01 -6.856837e-02  9.333721e-01
    outer loop
      vertex   2.159345e-02  1.579418e-01  3.765085e-01
      vertex   1.861478e-02  1.579418e-01  3.753842e-01
      vertex   1.959366e-02  1.452418e-01  3.748207e-01
    endloop
  endfacet
  facet normal  4.473224e-01  0.000000e+00  8.943728e-01
    outer loop
      vertex   6.259170e-03  1.579418e-01  3.728945e-01
      vertex   6.259170e-03  1.452418e-01  3.728945e-01
      vertex   1.251603e-02  1.452418e-01  3.697651e-01
    endloop
  endfacet
  facet normal  4.436119e-01 -2.282272e-03  8.962161e-01
    outer loop
      vertex   6.259170e-03  1.579418e-01  3.728945e-01
      vertex   1.251603e-02  1.452418e-01  3.697651e-01
      vertex   1.247299e-02  1.579418e-01  3.698188e-01
    endloop
  endfacet
  facet normal -9.938566e-01 -1.159260e-03 -1.106692e-01
    outer loop
      vertex   1.169032e-02  1.452418e-01  3.771804e-01
      vertex   1.167319e-02  1.579418e-01  3.772012e-01
      vertex   1.251603e-02  1.452418e-01  3.697651e-01
    endloop
  endfacet
  facet normal -9.941782e-01 -2.914133e-03 -1.077085e-01
    outer loop
      vertex   1.167319e-02  1.579418e-01  3.772012e-01
      vertex   1.247299e-02  1.579418e-01  3.698188e-01
      vertex   1.251603e-02  1.452418e-01  3.697651e-01
    endloop
  endfacet
  facet normal  2.370902e-01  0.000000e+00  9.714876e-01
    outer loop
      vertex  -5.964013e-04  1.579418e-01  3.649119e-01
      vertex  -5.964013e-04  1.452418e-01  3.649119e-01
      vertex   6.199965e-03  1.452418e-01  3.632532e-01
    endloop
  endfacet
  facet normal  2.330615e-01 -2.282868e-03  9.724593e-01
    outer loop
      vertex  -5.964013e-04  1.579418e-01  3.649119e-01
      vertex   6.199965e-03  1.452418e-01  3.632532e-01
      vertex   6.146071e-03  1.579418e-01  3.632960e-01
    endloop
  endfacet
  facet normal -9.443113e-01 -1.159157e-03 -3.290515e-01
    outer loop
      vertex   3.744889e-03  1.452418e-01  3.702988e-01
      vertex   3.723557e-03  1.579418e-01  3.703153e-01
      vertex   6.199965e-03  1.452418e-01  3.632532e-01
    endloop
  endfacet
  facet normal -9.452835e-01 -2.913757e-03 -3.262370e-01
    outer loop
      vertex   3.723557e-03  1.579418e-01  3.703153e-01
      vertex   6.146071e-03  1.579418e-01  3.632960e-01
      vertex   6.199965e-03  1.452418e-01  3.632532e-01
    endloop
  endfacet
  facet normal -7.264439e-01  1.264720e-02 -6.871094e-01
    outer loop
      vertex  -2.444902e-03  1.452418e-01  3.618143e-01
      vertex  -2.415431e-03  1.579418e-01  3.620169e-01
      vertex   1.368575e-03  1.579418e-01  3.580163e-01
    endloop
  endfacet
  facet normal -7.567638e-01  3.198034e-02 -6.529057e-01
    outer loop
      vertex  -2.444902e-03  1.452418e-01  3.618143e-01
      vertex   1.368575e-03  1.579418e-01  3.580163e-01
      vertex   1.549905e-03  1.452418e-01  3.571841e-01
    endloop
  endfacet
  facet normal -9.576322e-01 -3.242545e-02  2.861627e-01
    outer loop
      vertex   1.368575e-03  1.579418e-01  3.580163e-01
      vertex  -1.638143e-03  1.579418e-01  3.479544e-01
      vertex   1.549905e-03  1.452418e-01  3.571841e-01
    endloop
  endfacet
  facet normal  8.890788e-01  3.933420e-01  2.341387e-01
    outer loop
      vertex  -1.638143e-03  1.579418e-01  3.479544e-01
      vertex  -3.527339e-03  1.579418e-01  3.551281e-01
      vertex   1.549905e-03  1.452418e-01  3.571841e-01
    endloop
  endfacet
  facet normal -3.016399e-01  3.365613e-02  9.528277e-01
    outer loop
      vertex   1.549905e-03  1.452418e-01  3.571841e-01
      vertex  -3.527339e-03  1.579418e-01  3.551281e-01
      vertex  -4.715349e-03  1.452418e-01  3.552006e-01
    endloop
  endfacet
  facet normal -8.896445e-01  7.312649e-02  4.507607e-01
    outer loop
      vertex   3.333486e-02  1.579418e-01  3.859268e-01
      vertex   2.921164e-02  1.579418e-01  3.777890e-01
      vertex   3.204117e-02  1.452418e-01  3.854338e-01
    endloop
  endfacet
  facet normal -9.372812e-01  1.000660e-03  3.485727e-01
    outer loop
      vertex   3.204117e-02  1.452418e-01  3.854338e-01
      vertex   2.921164e-02  1.579418e-01  3.777890e-01
      vertex   2.927057e-02  1.452418e-01  3.779839e-01
    endloop
  endfacet
  facet normal  6.911324e-01 -5.853924e-02  7.203535e-01
    outer loop
      vertex   2.341286e-02  1.579418e-01  3.833525e-01
      vertex   2.219824e-02  1.452418e-01  3.834858e-01
      vertex   2.921164e-02  1.579418e-01  3.777890e-01
    endloop
  endfacet
  facet normal  6.139567e-01  1.496151e-02  7.891979e-01
    outer loop
      vertex   2.219824e-02  1.452418e-01  3.834858e-01
      vertex   2.927057e-02  1.452418e-01  3.779839e-01
      vertex   2.921164e-02  1.579418e-01  3.777890e-01
    endloop
  endfacet
  facet normal -7.626995e-01  9.630199e-02  6.395432e-01
    outer loop
      vertex   4.260675e-02  1.452418e-01  3.851799e-01
      vertex   4.435184e-02  1.579418e-01  3.853487e-01
      vertex   3.930714e-02  1.579418e-01  3.793326e-01
    endloop
  endfacet
  facet normal  7.577375e-01 -1.022050e-01  6.445061e-01
    outer loop
      vertex   3.333486e-02  1.579418e-01  3.859268e-01
      vertex   3.204117e-02  1.452418e-01  3.854338e-01
      vertex   3.688503e-02  1.452418e-01  3.797389e-01
    endloop
  endfacet
  facet normal -6.810178e-01  1.527947e-01  7.161484e-01
    outer loop
      vertex   4.260675e-02  1.452418e-01  3.851799e-01
      vertex   3.930714e-02  1.579418e-01  3.793326e-01
      vertex   3.688503e-02  1.452418e-01  3.797389e-01
    endloop
  endfacet
  facet normal  7.359239e-01 -1.190284e-01  6.665195e-01
    outer loop
      vertex   3.930714e-02  1.579418e-01  3.793326e-01
      vertex   3.333486e-02  1.579418e-01  3.859268e-01
      vertex   3.688503e-02  1.452418e-01  3.797389e-01
    endloop
  endfacet
  facet normal -7.147627e-01  4.260215e-02  6.980683e-01
    outer loop
      vertex   5.374683e-02  1.579418e-01  3.834404e-01
      vertex   4.937576e-02  1.579418e-01  3.789648e-01
      vertex   5.302870e-02  1.452418e-01  3.834802e-01
    endloop
  endfacet
  facet normal -7.753637e-01  1.508182e-03  6.315131e-01
    outer loop
      vertex   5.302870e-02  1.452418e-01  3.834802e-01
      vertex   4.937576e-02  1.579418e-01  3.789648e-01
      vertex   4.923094e-02  1.452418e-01  3.788173e-01
    endloop
  endfacet
  facet normal  8.597619e-01 -1.247209e-01  4.952314e-01
    outer loop
      vertex   4.435184e-02  1.579418e-01  3.853487e-01
      vertex   4.260675e-02  1.452418e-01  3.851799e-01
      vertex   4.602409e-02  1.452418e-01  3.792472e-01
    endloop
  endfacet
  facet normal  9.648885e-01  8.586202e-04  2.626584e-01
    outer loop
      vertex   4.435184e-02  1.579418e-01  3.853487e-01
      vertex   4.602409e-02  1.452418e-01  3.792472e-01
      vertex   4.605401e-02  1.579418e-01  3.790957e-01
    endloop
  endfacet
  facet normal  3.938295e-02 -1.205216e-02  9.991515e-01
    outer loop
      vertex   4.937576e-02  1.579418e-01  3.789648e-01
      vertex   4.605401e-02  1.579418e-01  3.790957e-01
      vertex   4.923094e-02  1.452418e-01  3.788173e-01
    endloop
  endfacet
  facet normal  1.328439e-01  1.150442e-02  9.910702e-01
    outer loop
      vertex   4.923094e-02  1.452418e-01  3.788173e-01
      vertex   4.605401e-02  1.579418e-01  3.790957e-01
      vertex   4.602409e-02  1.452418e-01  3.792472e-01
    endloop
  endfacet
  facet normal  9.596896e-01 -5.340223e-02  2.759424e-01
    outer loop
      vertex   5.374683e-02  1.579418e-01  3.834404e-01
      vertex   5.302870e-02  1.452418e-01  3.834802e-01
      vertex   5.490051e-02  1.452418e-01  3.769703e-01
    endloop
  endfacet
  facet normal  9.846975e-01  6.668882e-04  1.742712e-01
    outer loop
      vertex   5.374683e-02  1.579418e-01  3.834404e-01
      vertex   5.490051e-02  1.452418e-01  3.769703e-01
      vertex   5.514381e-02  1.579418e-01  3.755469e-01
    endloop
  endfacet
  facet normal -6.532400e-01  2.040227e-03  7.571481e-01
    outer loop
      vertex   6.158888e-02  1.452418e-01  3.791810e-01
      vertex   6.163695e-02  1.579418e-01  3.791882e-01
      vertex   5.695863e-02  1.452418e-01  3.751862e-01
    endloop
  endfacet
  facet normal -4.869512e-01 -9.425140e-02  8.683289e-01
    outer loop
      vertex   6.163695e-02  1.579418e-01  3.791882e-01
      vertex   5.514381e-02  1.579418e-01  3.755469e-01
      vertex   5.695863e-02  1.452418e-01  3.751862e-01
    endloop
  endfacet
  facet normal  6.533142e-01  7.194962e-02  7.536603e-01
    outer loop
      vertex   5.695863e-02  1.452418e-01  3.751862e-01
      vertex   5.514381e-02  1.579418e-01  3.755469e-01
      vertex   5.490051e-02  1.452418e-01  3.769703e-01
    endloop
  endfacet
  facet normal -1.860414e-01 -1.019937e-03  9.825414e-01
    outer loop
      vertex   7.695493e-02  1.452418e-01  3.650458e-01
      vertex   7.697575e-02  1.579418e-01  3.650629e-01
      vertex   7.011773e-02  1.452418e-01  3.637511e-01
    endloop
  endfacet
  facet normal -1.611048e-01 -1.492815e-02  9.868244e-01
    outer loop
      vertex   7.697575e-02  1.579418e-01  3.650629e-01
      vertex   6.998218e-02  1.579418e-01  3.639211e-01
      vertex   7.011773e-02  1.452418e-01  3.637511e-01
    endloop
  endfacet
  facet normal  9.291095e-01  1.486303e-02 -3.695059e-01
    outer loop
      vertex   7.011773e-02  1.452418e-01  3.637511e-01
      vertex   6.998218e-02  1.579418e-01  3.639211e-01
      vertex   7.274418e-02  1.452418e-01  3.703553e-01
    endloop
  endfacet
  facet normal  9.197941e-01  1.238689e-03 -3.923994e-01
    outer loop
      vertex   6.998218e-02  1.579418e-01  3.639211e-01
      vertex   7.272034e-02  1.579418e-01  3.703395e-01
      vertex   7.274418e-02  1.452418e-01  3.703553e-01
    endloop
  endfacet
  facet normal  9.661816e-01 -8.615599e-03 -2.577187e-01
    outer loop
      vertex   6.476700e-02  1.579418e-01  3.772099e-01
      vertex   6.468644e-02  1.452418e-01  3.773325e-01
      vertex   6.294166e-02  1.452418e-01  3.707913e-01
    endloop
  endfacet
  facet normal -2.924402e-01  1.389755e-03  9.562828e-01
    outer loop
      vertex   7.006050e-02  1.452418e-01  3.729683e-01
      vertex   7.010898e-02  1.579418e-01  3.729647e-01
      vertex   6.294166e-02  1.452418e-01  3.707913e-01
    endloop
  endfacet
  facet normal -3.281062e-01  2.356069e-02  9.443470e-01
    outer loop
      vertex   7.010898e-02  1.579418e-01  3.729647e-01
      vertex   6.333774e-02  1.579418e-01  3.706121e-01
      vertex   6.294166e-02  1.452418e-01  3.707913e-01
    endloop
  endfacet
  facet normal  9.767848e-01 -3.345027e-02 -2.115955e-01
    outer loop
      vertex   6.333774e-02  1.579418e-01  3.706121e-01
      vertex   6.476700e-02  1.579418e-01  3.772099e-01
      vertex   6.294166e-02  1.452418e-01  3.707913e-01
    endloop
  endfacet
  facet normal  7.563100e-01 -5.718042e-02 -6.517097e-01
    outer loop
      vertex   7.891919e-02  1.579193e-01  3.619147e-01
      vertex   7.799392e-02  1.452418e-01  3.619532e-01
      vertex   7.471865e-02  1.579418e-01  3.570380e-01
    endloop
  endfacet
  facet normal  4.735862e-02  3.104860e-02  9.983953e-01
    outer loop
      vertex   8.257587e-02  1.452418e-01  3.551937e-01
      vertex   8.293132e-02  1.579418e-01  3.547819e-01
      vertex   7.576358e-02  1.452418e-01  3.555169e-01
    endloop
  endfacet
  facet normal  2.637392e-01 -9.329197e-02  9.600720e-01
    outer loop
      vertex   8.293132e-02  1.579418e-01  3.547819e-01
      vertex   7.471865e-02  1.579418e-01  3.570380e-01
      vertex   7.576358e-02  1.452418e-01  3.555169e-01
    endloop
  endfacet
  facet normal  9.384816e-01  1.161673e-01 -3.252036e-01
    outer loop
      vertex   7.576358e-02  1.452418e-01  3.555169e-01
      vertex   7.471865e-02  1.579418e-01  3.570380e-01
      vertex   7.799392e-02  1.452418e-01  3.619532e-01
    endloop
  endfacet
  facet normal  5.295922e-01  9.497157e-02  8.429191e-01
    outer loop
      vertex   8.522674e-02  1.452418e-01  3.440059e-01
      vertex   8.536097e-02  1.579418e-01  3.424907e-01
      vertex   7.952354e-02  1.579418e-01  3.461583e-01
    endloop
  endfacet
  facet normal  3.412535e-01 -6.050303e-03  9.399518e-01
    outer loop
      vertex   8.522674e-02  1.452418e-01  3.440059e-01
      vertex   7.952354e-02  1.579418e-01  3.461583e-01
      vertex   7.937431e-02  1.452418e-01  3.461307e-01
    endloop
  endfacet
  facet normal  8.183104e-01 -4.149251e-02 -5.732769e-01
    outer loop
      vertex   8.293132e-02  1.579418e-01  3.547819e-01
      vertex   8.257587e-02  1.452418e-01  3.551937e-01
      vertex   7.835532e-02  1.452418e-01  3.491692e-01
    endloop
  endfacet
  facet normal  7.718664e-01  2.864147e-03 -6.357782e-01
    outer loop
      vertex   8.293132e-02  1.579418e-01  3.547819e-01
      vertex   7.835532e-02  1.452418e-01  3.491692e-01
      vertex   7.823186e-02  1.579418e-01  3.490765e-01
    endloop
  endfacet
  facet normal  9.143676e-01 -1.162325e-02  4.047183e-01
    outer loop
      vertex   7.952354e-02  1.579418e-01  3.461583e-01
      vertex   7.823186e-02  1.579418e-01  3.490765e-01
      vertex   7.937431e-02  1.452418e-01  3.461307e-01
    endloop
  endfacet
  facet normal  9.480433e-01  1.153669e-02  3.179320e-01
    outer loop
      vertex   7.937431e-02  1.452418e-01  3.461307e-01
      vertex   7.823186e-02  1.579418e-01  3.490765e-01
      vertex   7.835532e-02  1.452418e-01  3.491692e-01
    endloop
  endfacet
  facet normal -2.522817e-14  1.000000e+00  1.197352e-14
    outer loop
      vertex   2.943173e-02  1.579418e-01  3.423821e-01
      vertex   2.868032e-02  1.579418e-01  3.384808e-01
      vertex   1.311179e-02  1.579418e-01  3.056779e-01
    endloop
  endfacet
  facet normal  0.000000e+00  1.000000e+00  0.000000e+00
    outer loop
      vertex   1.311179e-02  1.579418e-01  3.056779e-01
      vertex   2.868032e-02  1.579418e-01  3.384808e-01
      vertex   2.962754e-02  1.579418e-01  3.338779e-01
    endloop
  endfacet
  facet normal -1.342623e-11  1.000000e+00 -1.720502e-11
    outer loop
      vertex  -1.616220e-01  1.579418e-01  2.723934e-01
      vertex  -1.764456e-01  1.579418e-01  2.839612e-01
      vertex  -8.049942e-03  1.579418e-01  3.452812e-01
    endloop
  endfacet
  facet normal -2.621676e-14  1.000000e+00  1.535424e-14
    outer loop
      vertex   1.311179e-02  1.579418e-01  3.056779e-01
      vertex   2.962754e-02  1.579418e-01  3.338779e-01
      vertex   1.343501e-02  1.579418e-01  3.044221e-01
    endloop
  endfacet
  facet normal  5.334898e-16  1.000000e+00  6.490075e-16
    outer loop
      vertex   2.962754e-02  1.579418e-01  3.338779e-01
      vertex   3.540927e-02  1.579418e-01  3.291253e-01
      vertex   1.343501e-02  1.579418e-01  3.044221e-01
    endloop
  endfacet
  facet normal -8.241549e-15  1.000000e+00  2.896343e-15
    outer loop
      vertex   4.605401e-02  1.579418e-01  3.790957e-01
      vertex   4.937576e-02  1.579418e-01  3.789648e-01
      vertex   3.858303e-02  1.579418e-01  3.482541e-01
    endloop
  endfacet
  facet normal -3.004154e-15  1.000000e+00 -4.781123e-15
    outer loop
      vertex   1.471916e-02  1.579418e-01  2.978100e-01
      vertex   1.182419e-02  1.579418e-01  2.996290e-01
      vertex   1.343501e-02  1.579418e-01  3.044221e-01
    endloop
  endfacet
  facet normal  5.759752e-16  1.000000e+00 -1.582478e-15
    outer loop
      vertex   1.311179e-02  1.579418e-01  3.056779e-01
      vertex  -1.584311e-01  1.579418e-01  2.432414e-01
      vertex  -1.016609e-02  1.579418e-01  3.147448e-01
    endloop
  endfacet
  facet normal  9.345305e-15  1.000000e+00 -5.696274e-15
    outer loop
      vertex   2.121919e-02  1.579418e-01  3.009725e-01
      vertex   1.852753e-02  1.579418e-01  3.014291e-01
      vertex   3.540927e-02  1.579418e-01  3.291253e-01
    endloop
  endfacet
  facet normal  7.837483e-15  1.000000e+00  3.857363e-15
    outer loop
      vertex   4.401565e-02  1.579418e-01  3.303523e-01
      vertex   5.832453e-02  1.579418e-01  3.012792e-01
      vertex   5.493830e-02  1.579418e-01  3.009639e-01
    endloop
  endfacet
  facet normal  6.399325e-15  1.000000e+00  1.336817e-14
    outer loop
      vertex  -1.016609e-02  1.579418e-01  3.147448e-01
      vertex  -6.893667e-03  1.579418e-01  3.152545e-01
      vertex   1.311179e-02  1.579418e-01  3.056779e-01
    endloop
  endfacet
  facet normal  0.000000e+00  1.000000e+00  0.000000e+00
    outer loop
      vertex   1.311179e-02  1.579418e-01  3.056779e-01
      vertex  -6.893667e-03  1.579418e-01  3.152545e-01
      vertex  -2.563617e-03  1.579418e-01  3.204866e-01
    endloop
  endfacet
  facet normal  0.000000e+00  1.000000e+00  0.000000e+00
    outer loop
      vertex   4.401565e-02  1.579418e-01  3.303523e-01
      vertex   4.792565e-02  1.579418e-01  2.988917e-01
      vertex   3.540927e-02  1.579418e-01  3.291253e-01
    endloop
  endfacet
  facet normal  5.428427e-15  1.000000e+00 -3.826203e-15
    outer loop
      vertex   6.333774e-02  1.579418e-01  3.706121e-01
      vertex   7.010898e-02  1.579418e-01  3.729647e-01
      vertex   4.539780e-02  1.579418e-01  3.451598e-01
    endloop
  endfacet
  facet normal -0.000000e+00  1.000000e+00  0.000000e+00
    outer loop
      vertex   5.514381e-02  1.579418e-01  3.755469e-01
      vertex   6.163695e-02  1.579418e-01  3.791882e-01
      vertex   4.539780e-02  1.579418e-01  3.451598e-01
    endloop
  endfacet
  facet normal  1.909364e-09  1.000000e+00  1.295086e-09
    outer loop
      vertex  -2.563617e-03  1.579418e-01  3.204866e-01
      vertex  -7.186249e-03  1.579418e-01  3.273019e-01
      vertex  -1.638143e-03  1.579418e-01  3.479544e-01
    endloop
  endfacet
  facet normal -2.718705e-15  1.000000e+00 -2.319681e-15
    outer loop
      vertex   1.247299e-02  1.579418e-01  3.698188e-01
      vertex   1.471916e-02  1.579418e-01  3.791515e-01
      vertex   3.256452e-02  1.579418e-01  3.462712e-01
    endloop
  endfacet
  facet normal -1.718090e-15  1.000000e+00 -1.776611e-15
    outer loop
      vertex   3.256452e-02  1.579418e-01  3.462712e-01
      vertex   1.471916e-02  1.579418e-01  3.791515e-01
      vertex   1.861478e-02  1.579418e-01  3.753842e-01
    endloop
  endfacet
  facet normal  2.251148e-15  1.000000e+00 -3.515812e-15
    outer loop
      vertex   1.247299e-02  1.579418e-01  3.698188e-01
      vertex   1.167319e-02  1.579418e-01  3.772012e-01
      vertex   1.471916e-02  1.579418e-01  3.791515e-01
    endloop
  endfacet
  facet normal -3.265694e-15  1.000000e+00  6.601426e-16
    outer loop
      vertex   3.540927e-02  1.579418e-01  3.291253e-01
      vertex   2.934819e-02  1.579418e-01  2.991414e-01
      vertex   2.121919e-02  1.579418e-01  3.009725e-01
    endloop
  endfacet
  facet normal -2.377512e-15  1.000000e+00  4.603213e-15
    outer loop
      vertex   2.121919e-02  1.579418e-01  3.009725e-01
      vertex   2.934819e-02  1.579418e-01  2.991414e-01
      vertex   2.103491e-02  1.579418e-01  2.948477e-01
    endloop
  endfacet
  facet normal  4.910059e-15  1.000000e+00 -3.244092e-15
    outer loop
      vertex   1.343501e-02  1.579418e-01  3.044221e-01
      vertex   3.540927e-02  1.579418e-01  3.291253e-01
      vertex   1.471916e-02  1.579418e-01  2.978100e-01
    endloop
  endfacet
  facet normal  0.000000e+00  1.000000e+00  0.000000e+00
    outer loop
      vertex   1.471916e-02  1.579418e-01  2.978100e-01
      vertex   3.540927e-02  1.579418e-01  3.291253e-01
      vertex   1.852753e-02  1.579418e-01  3.014291e-01
    endloop
  endfacet
  facet normal  2.529270e-15  1.000000e+00  1.047091e-15
    outer loop
      vertex   4.792565e-02  1.579418e-01  2.988917e-01
      vertex   3.739726e-02  1.579418e-01  2.978159e-01
      vertex   3.540927e-02  1.579418e-01  3.291253e-01
    endloop
  endfacet
  facet normal -3.337208e-15  1.000000e+00  6.745986e-16
    outer loop
      vertex   3.540927e-02  1.579418e-01  3.291253e-01
      vertex   3.739726e-02  1.579418e-01  2.978159e-01
      vertex   2.934819e-02  1.579418e-01  2.991414e-01
    endloop
  endfacet
  facet normal  0.000000e+00  1.000000e+00  0.000000e+00
    outer loop
      vertex   4.401565e-02  1.579418e-01  3.303523e-01
      vertex   6.179147e-02  1.579418e-01  2.978100e-01
      vertex   5.832453e-02  1.579418e-01  3.012792e-01
    endloop
  endfacet
  facet normal  0.000000e+00  1.000000e+00  0.000000e+00
    outer loop
      vertex   5.832453e-02  1.579418e-01  3.012792e-01
      vertex   6.179147e-02  1.579418e-01  2.978100e-01
      vertex   5.929609e-02  1.579418e-01  3.000987e-01
    endloop
  endfacet
  facet normal  0.000000e+00  1.000000e+00  0.000000e+00
    outer loop
      vertex   4.401565e-02  1.579418e-01  3.303523e-01
      vertex   7.025146e-02  1.579418e-01  3.040670e-01
      vertex   6.403764e-02  1.579418e-01  3.071427e-01
    endloop
  endfacet
  facet normal  1.339647e-15  1.000000e+00  3.883772e-15
    outer loop
      vertex   4.802861e-02  1.579418e-01  3.381531e-01
      vertex   7.834798e-02  1.579418e-01  3.276949e-01
      vertex   7.532147e-02  1.579418e-01  3.215923e-01
    endloop
  endfacet
  facet normal  0.000000e+00  1.000000e+00  0.000000e+00
    outer loop
      vertex   7.823186e-02  1.579418e-01  3.490765e-01
      vertex   7.952354e-02  1.579418e-01  3.461583e-01
      vertex   7.905288e-02  1.579418e-01  3.385832e-01
    endloop
  endfacet
  facet normal -6.601800e-15  1.000000e+00  5.730287e-16
    outer loop
      vertex   8.293132e-02  1.579418e-01  3.547819e-01
      vertex   7.823186e-02  1.579418e-01  3.490765e-01
      vertex   7.471865e-02  1.579418e-01  3.570380e-01
    endloop
  endfacet
  facet normal -1.087323e-15  1.000000e+00  3.006431e-15
    outer loop
      vertex   7.823186e-02  1.579418e-01  3.490765e-01
      vertex   4.802861e-02  1.579418e-01  3.381531e-01
      vertex   7.471865e-02  1.579418e-01  3.570380e-01
    endloop
  endfacet
  facet normal -7.438515e-15  1.000000e+00  3.173394e-15
    outer loop
      vertex   7.272034e-02  1.579418e-01  3.703395e-01
      vertex   6.998218e-02  1.579418e-01  3.639211e-01
      vertex   7.010898e-02  1.579418e-01  3.729647e-01
    endloop
  endfacet
  facet normal -2.367485e-15  1.000000e+00  3.102290e-15
    outer loop
      vertex   6.998218e-02  1.579418e-01  3.639211e-01
      vertex   4.539780e-02  1.579418e-01  3.451598e-01
      vertex   7.010898e-02  1.579418e-01  3.729647e-01
    endloop
  endfacet
  facet normal  0.000000e+00  1.000000e+00  0.000000e+00
    outer loop
      vertex   5.374683e-02  1.579418e-01  3.834404e-01
      vertex   5.514381e-02  1.579418e-01  3.755469e-01
      vertex   4.937576e-02  1.579418e-01  3.789648e-01
    endloop
  endfacet
  facet normal  0.000000e+00  1.000000e+00  0.000000e+00
    outer loop
      vertex   3.858303e-02  1.579418e-01  3.482541e-01
      vertex   4.937576e-02  1.579418e-01  3.789648e-01
      vertex   5.514381e-02  1.579418e-01  3.755469e-01
    endloop
  endfacet
  facet normal -0.000000e+00  1.000000e+00  0.000000e+00
    outer loop
      vertex   3.858303e-02  1.579418e-01  3.482541e-01
      vertex   5.514381e-02  1.579418e-01  3.755469e-01
      vertex   4.539780e-02  1.579418e-01  3.451598e-01
    endloop
  endfacet
  facet normal  0.000000e+00  1.000000e+00  0.000000e+00
    outer loop
      vertex   6.476700e-02  1.579418e-01  3.772099e-01
      vertex   6.333774e-02  1.579418e-01  3.706121e-01
      vertex   6.163695e-02  1.579418e-01  3.791882e-01
    endloop
  endfacet
  facet normal  0.000000e+00  1.000000e+00  0.000000e+00
    outer loop
      vertex   6.333774e-02  1.579418e-01  3.706121e-01
      vertex   4.539780e-02  1.579418e-01  3.451598e-01
      vertex   6.163695e-02  1.579418e-01  3.791882e-01
    endloop
  endfacet
  facet normal  4.110481e-15  1.000000e+00 -9.577203e-17
    outer loop
      vertex   3.858303e-02  1.579418e-01  3.482541e-01
      vertex   3.930714e-02  1.579418e-01  3.793326e-01
      vertex   4.605401e-02  1.579418e-01  3.790957e-01
    endloop
  endfacet
  facet normal  0.000000e+00  1.000000e+00  0.000000e+00
    outer loop
      vertex  -1.584311e-01  1.579418e-01  2.432414e-01
      vertex  -1.675372e-01  1.579418e-01  2.417832e-01
      vertex  -1.633054e-01  1.579418e-01  2.551614e-01
    endloop
  endfacet
  facet normal  3.812666e-02  9.992001e-01 -1.206016e-02
    outer loop
      vertex  -1.633054e-01  1.579418e-01  2.551614e-01
      vertex  -1.675372e-01  1.579418e-01  2.417832e-01
      vertex  -1.686247e-01  1.581362e-01  2.544518e-01
    endloop
  endfacet
  facet normal -5.397187e-03  9.998605e-01 -1.580642e-02
    outer loop
      vertex  -1.675372e-01  1.579418e-01  2.417832e-01
      vertex  -1.785071e-01  1.579418e-01  2.455289e-01
      vertex  -1.686247e-01  1.581362e-01  2.544518e-01
    endloop
  endfacet
  facet normal -1.099495e-02  9.998934e-01 -9.607510e-03
    outer loop
      vertex  -1.785071e-01  1.579418e-01  2.455289e-01
      vertex  -1.861344e-01  1.579418e-01  2.542577e-01
      vertex  -1.686247e-01  1.581362e-01  2.544518e-01
    endloop
  endfacet
  facet normal -1.095570e-02  9.998541e-01 -1.310799e-02
    outer loop
      vertex  -1.686247e-01  1.581362e-01  2.544518e-01
      vertex  -1.861344e-01  1.579418e-01  2.542577e-01
      vertex  -1.765152e-01  1.581826e-01  2.645892e-01
    endloop
  endfacet
  facet normal -2.065993e-02  9.997783e-01 -4.071021e-03
    outer loop
      vertex  -1.861344e-01  1.579418e-01  2.542577e-01
      vertex  -1.883754e-01  1.579418e-01  2.656307e-01
      vertex  -1.765152e-01  1.581826e-01  2.645892e-01
    endloop
  endfacet
  facet normal -1.971143e-02  9.997830e-01  6.730540e-03
    outer loop
      vertex  -1.883754e-01  1.579418e-01  2.656307e-01
      vertex  -1.846297e-01  1.579418e-01  2.766006e-01
      vertex  -1.765152e-01  1.581826e-01  2.645892e-01
    endloop
  endfacet
  facet normal -1.121628e-02  9.998593e-01  1.247114e-02
    outer loop
      vertex  -1.846297e-01  1.579418e-01  2.766006e-01
      vertex  -1.764456e-01  1.579418e-01  2.839612e-01
      vertex  -1.765152e-01  1.581826e-01  2.645892e-01
    endloop
  endfacet
  facet normal -2.303576e-02  9.996564e-01  1.251109e-02
    outer loop
      vertex  -1.765152e-01  1.581826e-01  2.645892e-01
      vertex  -1.764456e-01  1.579418e-01  2.839612e-01
      vertex  -1.679885e-01  1.582709e-01  2.732388e-01
    endloop
  endfacet
  facet normal  6.197140e-02  9.949136e-01  7.941315e-02
    outer loop
      vertex  -1.764456e-01  1.579418e-01  2.839612e-01
      vertex  -1.616220e-01  1.579418e-01  2.723934e-01
      vertex  -1.679885e-01  1.582709e-01  2.732388e-01
    endloop
  endfacet
  facet normal -0.000000e+00  1.000000e+00  0.000000e+00
    outer loop
      vertex  -1.633054e-01  1.579418e-01  2.551614e-01
      vertex  -1.570805e-01  1.579418e-01  2.608103e-01
      vertex  -1.584311e-01  1.579418e-01  2.432414e-01
    endloop
  endfacet
  facet normal -1.944103e-16  1.000000e+00  1.494579e-17
    outer loop
      vertex  -1.584311e-01  1.579418e-01  2.432414e-01
      vertex  -1.570805e-01  1.579418e-01  2.608103e-01
      vertex  -1.016609e-02  1.579418e-01  3.147448e-01
    endloop
  endfacet
  facet normal -1.878366e-16  1.000000e+00 -2.960590e-18
    outer loop
      vertex  -1.016609e-02  1.579418e-01  3.147448e-01
      vertex  -1.570805e-01  1.579418e-01  2.608103e-01
      vertex  -1.571702e-01  1.579418e-01  2.665007e-01
    endloop
  endfacet
  facet normal  7.141645e-11  1.000000e+00 -1.959656e-10
    outer loop
      vertex  -1.616220e-01  1.579418e-01  2.723934e-01
      vertex  -8.049942e-03  1.579418e-01  3.452812e-01
      vertex  -1.112457e-02  1.579418e-01  3.272398e-01
    endloop
  endfacet
  facet normal  2.905604e-12  1.000000e+00 -1.842899e-10
    outer loop
      vertex  -1.112457e-02  1.579418e-01  3.272398e-01
      vertex  -8.049942e-03  1.579418e-01  3.452812e-01
      vertex  -7.186249e-03  1.579418e-01  3.273019e-01
    endloop
  endfacet
  facet normal  6.291716e-09  1.000000e+00  1.178114e-10
    outer loop
      vertex  -1.638143e-03  1.579418e-01  3.479544e-01
      vertex  -7.186249e-03  1.579418e-01  3.273019e-01
      vertex  -8.049942e-03  1.579418e-01  3.452812e-01
    endloop
  endfacet
  facet normal  0.000000e+00  1.000000e+00 -0.000000e+00
    outer loop
      vertex   3.858303e-02  1.579418e-01  3.482541e-01
      vertex   2.921164e-02  1.579418e-01  3.777890e-01
      vertex   3.930714e-02  1.579418e-01  3.793326e-01
    endloop
  endfacet
  facet normal  7.732414e-15  1.000000e+00  6.597530e-15
    outer loop
      vertex   1.247299e-02  1.579418e-01  3.698188e-01
      vertex   3.256452e-02  1.579418e-01  3.462712e-01
      vertex   6.259170e-03  1.579418e-01  3.728945e-01
    endloop
  endfacet
  facet normal  1.042696e-15  1.000000e+00 -1.228603e-17
    outer loop
      vertex   3.256452e-02  1.579418e-01  3.462712e-01
      vertex   6.146071e-03  1.579418e-01  3.632960e-01
      vertex   6.259170e-03  1.579418e-01  3.728945e-01
    endloop
  endfacet
  facet normal  3.915294e-09  1.000000e+00 -4.174050e-09
    outer loop
      vertex  -6.669173e-03  1.579418e-01  3.521811e-01
      vertex  -3.527339e-03  1.579418e-01  3.551281e-01
      vertex  -1.638143e-03  1.579418e-01  3.479544e-01
    endloop
  endfacet
  facet normal  4.730283e-15  1.000000e+00 -9.158523e-15
    outer loop
      vertex   2.444242e-02  1.579418e-01  2.935770e-01
      vertex   2.103491e-02  1.579418e-01  2.948477e-01
      vertex   2.934819e-02  1.579418e-01  2.991414e-01
    endloop
  endfacet
  facet normal -3.817723e-15  1.000000e+00 -4.744760e-16
    outer loop
      vertex   4.792565e-02  1.579418e-01  2.988917e-01
      vertex   4.401565e-02  1.579418e-01  3.303523e-01
      vertex   5.493830e-02  1.579418e-01  3.009639e-01
    endloop
  endfacet
  facet normal -3.086550e-15  1.000000e+00 -3.080736e-15
    outer loop
      vertex   4.401565e-02  1.579418e-01  3.303523e-01
      vertex   7.011773e-02  1.579418e-01  3.132104e-01
      vertex   7.025146e-02  1.579418e-01  3.040670e-01
    endloop
  endfacet
  facet normal  2.972206e-15  1.000000e+00  3.074125e-15
    outer loop
      vertex   8.321495e-02  1.579418e-01  3.229893e-01
      vertex   7.532147e-02  1.579418e-01  3.215923e-01
      vertex   7.834798e-02  1.579418e-01  3.276949e-01
    endloop
  endfacet
  facet normal -7.750293e-16  1.000000e+00  3.987008e-16
    outer loop
      vertex   4.401565e-02  1.579418e-01  3.303523e-01
      vertex   4.802861e-02  1.579418e-01  3.381531e-01
      vertex   7.532147e-02  1.579418e-01  3.215923e-01
    endloop
  endfacet
  facet normal -3.889141e-15  1.000000e+00 -1.073020e-14
    outer loop
      vertex   7.532147e-02  1.579418e-01  3.215923e-01
      vertex   7.896278e-02  1.579418e-01  3.150991e-01
      vertex   4.401565e-02  1.579418e-01  3.303523e-01
    endloop
  endfacet
  facet normal  1.244639e-09  1.000000e+00  1.317482e-09
    outer loop
      vertex  -2.563617e-03  1.579418e-01  3.204866e-01
      vertex  -1.638143e-03  1.579418e-01  3.479544e-01
      vertex   1.311179e-02  1.579418e-01  3.056779e-01
    endloop
  endfacet
  facet normal -1.113053e-09  1.000000e+00  4.949028e-10
    outer loop
      vertex   1.311179e-02  1.579418e-01  3.056779e-01
      vertex  -1.638143e-03  1.579418e-01  3.479544e-01
      vertex   2.943173e-02  1.579418e-01  3.423821e-01
    endloop
  endfacet
  facet normal -1.050104e-09  1.000000e+00  8.458915e-10
    outer loop
      vertex   2.943173e-02  1.579418e-01  3.423821e-01
      vertex  -1.638143e-03  1.579418e-01  3.479544e-01
      vertex   3.256452e-02  1.579418e-01  3.462712e-01
    endloop
  endfacet
  facet normal  3.047353e-16  1.000000e+00 -8.073569e-16
    outer loop
      vertex   1.861478e-02  1.579418e-01  3.753842e-01
      vertex   2.159345e-02  1.579418e-01  3.765085e-01
      vertex   3.256452e-02  1.579418e-01  3.462712e-01
    endloop
  endfacet
  facet normal  1.454158e-16  1.000000e+00 -8.651632e-16
    outer loop
      vertex   2.159345e-02  1.579418e-01  3.765085e-01
      vertex   2.921164e-02  1.579418e-01  3.777890e-01
      vertex   3.256452e-02  1.579418e-01  3.462712e-01
    endloop
  endfacet
  facet normal -4.175238e-15  1.000000e+00 -1.324797e-15
    outer loop
      vertex   3.256452e-02  1.579418e-01  3.462712e-01
      vertex   2.921164e-02  1.579418e-01  3.777890e-01
      vertex   3.858303e-02  1.579418e-01  3.482541e-01
    endloop
  endfacet
  facet normal  0.000000e+00  1.000000e+00 -0.000000e+00
    outer loop
      vertex   6.146071e-03  1.579418e-01  3.632960e-01
      vertex   3.723557e-03  1.579418e-01  3.703153e-01
      vertex   6.259170e-03  1.579418e-01  3.728945e-01
    endloop
  endfacet
  facet normal  6.123245e-09  1.000000e+00 -5.540827e-09
    outer loop
      vertex  -1.638143e-03  1.579418e-01  3.479544e-01
      vertex   1.368575e-03  1.579418e-01  3.580163e-01
      vertex   6.146071e-03  1.579418e-01  3.632960e-01
    endloop
  endfacet
  facet normal  0.000000e+00  1.000000e+00  0.000000e+00
    outer loop
      vertex   4.401565e-02  1.579418e-01  3.303523e-01
      vertex   6.403764e-02  1.579418e-01  3.071427e-01
      vertex   6.179147e-02  1.579418e-01  2.978100e-01
    endloop
  endfacet
  facet normal  3.042552e-15  1.000000e+00 -2.991095e-15
    outer loop
      vertex   7.011773e-02  1.579418e-01  3.132104e-01
      vertex   7.278708e-02  1.579418e-01  3.066462e-01
      vertex   7.025146e-02  1.579418e-01  3.040670e-01
    endloop
  endfacet
  facet normal  2.877188e-15  1.000000e+00  1.591642e-14
    outer loop
      vertex   7.698447e-02  1.579418e-01  3.119691e-01
      vertex   7.011773e-02  1.579418e-01  3.132104e-01
      vertex   7.896278e-02  1.579418e-01  3.150991e-01
    endloop
  endfacet
  facet normal  4.475101e-15  1.000000e+00  8.433405e-15
    outer loop
      vertex   7.011773e-02  1.579418e-01  3.132104e-01
      vertex   4.401565e-02  1.579418e-01  3.303523e-01
      vertex   7.896278e-02  1.579418e-01  3.150991e-01
    endloop
  endfacet
  facet normal -2.861098e-03  9.999710e-01  7.062492e-03
    outer loop
      vertex   4.539780e-02  1.579418e-01  3.451598e-01
      vertex   7.891919e-02  1.579193e-01  3.619147e-01
      vertex   7.471865e-02  1.579418e-01  3.570380e-01
    endloop
  endfacet
  facet normal  0.000000e+00  1.000000e+00  0.000000e+00
    outer loop
      vertex   2.341286e-02  1.579418e-01  3.833525e-01
      vertex   2.921164e-02  1.579418e-01  3.777890e-01
      vertex   2.159345e-02  1.579418e-01  3.765085e-01
    endloop
  endfacet
  facet normal  0.000000e+00  1.000000e+00  0.000000e+00
    outer loop
      vertex   6.403764e-02  1.579418e-01  3.071427e-01
      vertex   6.483746e-02  1.579418e-01  2.997603e-01
      vertex   6.179147e-02  1.579418e-01  2.978100e-01
    endloop
  endfacet
  facet normal  0.000000e+00  1.000000e+00  0.000000e+00
    outer loop
      vertex   4.802861e-02  1.579418e-01  3.381531e-01
      vertex   7.935327e-02  1.579418e-01  3.308274e-01
      vertex   7.834798e-02  1.579418e-01  3.276949e-01
    endloop
  endfacet
  facet normal  0.000000e+00  1.000000e+00  0.000000e+00
    outer loop
      vertex   7.935327e-02  1.579418e-01  3.308274e-01
      vertex   4.802861e-02  1.579418e-01  3.381531e-01
      vertex   7.905288e-02  1.579418e-01  3.385832e-01
    endloop
  endfacet
  facet normal  0.000000e+00  1.000000e+00  0.000000e+00
    outer loop
      vertex   4.802861e-02  1.579418e-01  3.381531e-01
      vertex   7.823186e-02  1.579418e-01  3.490765e-01
      vertex   7.905288e-02  1.579418e-01  3.385832e-01
    endloop
  endfacet
  facet normal  8.216382e-16  1.000000e+00  3.085002e-16
    outer loop
      vertex   4.539780e-02  1.579418e-01  3.451598e-01
      vertex   7.471865e-02  1.579418e-01  3.570380e-01
      vertex   4.802861e-02  1.579418e-01  3.381531e-01
    endloop
  endfacet
  facet normal  1.938755e-03  9.999949e-01 -2.540493e-03
    outer loop
      vertex   4.539780e-02  1.579418e-01  3.451598e-01
      vertex   6.998218e-02  1.579418e-01  3.639211e-01
      vertex   7.891919e-02  1.579193e-01  3.619147e-01
    endloop
  endfacet
  facet normal -2.763507e-15  1.000000e+00  7.285781e-15
    outer loop
      vertex  -1.520288e-02  1.579418e-01  3.241587e-01
      vertex  -1.580299e-02  1.579418e-01  3.201215e-01
      vertex  -1.571702e-01  1.579418e-01  2.665007e-01
    endloop
  endfacet
  facet normal -6.492153e-15  1.000000e+00  1.920687e-14
    outer loop
      vertex  -1.391047e-02  1.579418e-01  3.163693e-01
      vertex  -1.016609e-02  1.579418e-01  3.147448e-01
      vertex  -1.571702e-01  1.579418e-01  2.665007e-01
    endloop
  endfacet
  facet normal -1.182000e-09  1.000000e+00 -1.834187e-09
    outer loop
      vertex  -1.638143e-03  1.579418e-01  3.479544e-01
      vertex   6.146071e-03  1.579418e-01  3.632960e-01
      vertex   3.256452e-02  1.579418e-01  3.462712e-01
    endloop
  endfacet
  facet normal -3.674171e-15  1.000000e+00 -1.371652e-15
    outer loop
      vertex   3.215878e-02  1.579418e-01  2.916128e-01
      vertex   2.934819e-02  1.579418e-01  2.991414e-01
      vertex   3.739726e-02  1.579418e-01  2.978159e-01
    endloop
  endfacet
  facet normal  0.000000e+00  1.000000e+00 -0.000000e+00
    outer loop
      vertex   4.535551e-02  1.579418e-01  2.920762e-01
      vertex   4.167194e-02  1.579418e-01  2.916971e-01
      vertex   4.792565e-02  1.579418e-01  2.988917e-01
    endloop
  endfacet
  facet normal  2.893223e-15  1.000000e+00 -2.514835e-15
    outer loop
      vertex   4.167194e-02  1.579418e-01  2.916971e-01
      vertex   3.739726e-02  1.579418e-01  2.978159e-01
      vertex   4.792565e-02  1.579418e-01  2.988917e-01
    endloop
  endfacet
  facet normal -7.951432e-15  1.000000e+00 -6.597722e-16
    outer loop
      vertex   5.545295e-02  1.579418e-01  2.947614e-01
      vertex   5.205850e-02  1.579418e-01  2.936023e-01
      vertex   5.493830e-02  1.579418e-01  3.009639e-01
    endloop
  endfacet
  facet normal -3.215522e-15  1.000000e+00 -2.512405e-15
    outer loop
      vertex   5.205850e-02  1.579418e-01  2.936023e-01
      vertex   4.792565e-02  1.579418e-01  2.988917e-01
      vertex   5.493830e-02  1.579418e-01  3.009639e-01
    endloop
  endfacet
  facet normal  0.000000e+00  1.000000e+00  0.000000e+00
    outer loop
      vertex   7.952354e-02  1.579418e-01  3.461583e-01
      vertex   8.536097e-02  1.579418e-01  3.424907e-01
      vertex   7.905288e-02  1.579418e-01  3.385832e-01
    endloop
  endfacet
  facet normal  1.056367e-03  9.999785e-01 -6.470626e-03
    outer loop
      vertex   6.998218e-02  1.579418e-01  3.639211e-01
      vertex   7.697575e-02  1.579418e-01  3.650629e-01
      vertex   7.891919e-02  1.579193e-01  3.619147e-01
    endloop
  endfacet
  facet normal  3.996209e-15  1.000000e+00 -3.350924e-15
    outer loop
      vertex   4.435184e-02  1.579418e-01  3.853487e-01
      vertex   4.605401e-02  1.579418e-01  3.790957e-01
      vertex   3.930714e-02  1.579418e-01  3.793326e-01
    endloop
  endfacet
  facet normal -0.000000e+00  1.000000e+00  0.000000e+00
    outer loop
      vertex  -1.616220e-01  1.579418e-01  2.723934e-01
      vertex  -1.112457e-02  1.579418e-01  3.272398e-01
      vertex  -1.580868e-01  1.579418e-01  2.687136e-01
    endloop
  endfacet
  facet normal  0.000000e+00  1.000000e+00  0.000000e+00
    outer loop
      vertex  -1.112457e-02  1.579418e-01  3.272398e-01
      vertex  -1.265607e-02  1.579418e-01  3.266054e-01
      vertex  -1.580868e-01  1.579418e-01  2.687136e-01
    endloop
  endfacet
  facet normal -0.000000e+00  1.000000e+00  0.000000e+00
    outer loop
      vertex  -1.580868e-01  1.579418e-01  2.687136e-01
      vertex  -1.265607e-02  1.579418e-01  3.266054e-01
      vertex  -1.571702e-01  1.579418e-01  2.665007e-01
    endloop
  endfacet
  facet normal  8.319873e-15  1.000000e+00 -2.000408e-14
    outer loop
      vertex  -1.265607e-02  1.579418e-01  3.266054e-01
      vertex  -1.520288e-02  1.579418e-01  3.241587e-01
      vertex  -1.571702e-01  1.579418e-01  2.665007e-01
    endloop
  endfacet
  facet normal  2.355180e-15  1.000000e+00 -6.209255e-15
    outer loop
      vertex  -1.580299e-02  1.579418e-01  3.201215e-01
      vertex  -1.391047e-02  1.579418e-01  3.163693e-01
      vertex  -1.571702e-01  1.579418e-01  2.665007e-01
    endloop
  endfacet
  facet normal  0.000000e+00  1.000000e+00  0.000000e+00
    outer loop
      vertex   2.921164e-02  1.579418e-01  3.777890e-01
      vertex   3.333486e-02  1.579418e-01  3.859268e-01
      vertex   3.930714e-02  1.579418e-01  3.793326e-01
    endloop
  endfacet
  facet normal  4.407208e-15  1.000000e+00 -2.769234e-15
    outer loop
      vertex  -2.415431e-03  1.579418e-01  3.620169e-01
      vertex  -5.964013e-04  1.579418e-01  3.649119e-01
      vertex   1.368575e-03  1.579418e-01  3.580163e-01
    endloop
  endfacet
  facet normal -1.035378e-15  1.000000e+00 -4.320159e-15
    outer loop
      vertex  -5.964013e-04  1.579418e-01  3.649119e-01
      vertex   6.146071e-03  1.579418e-01  3.632960e-01
      vertex   1.368575e-03  1.579418e-01  3.580163e-01
    endloop
  endfacet
  facet normal  0.000000e+00  1.000000e+00  0.000000e+00
    outer loop
      vertex   8.564530e-02  1.579418e-01  3.338253e-01
      vertex   7.935327e-02  1.579418e-01  3.308274e-01
      vertex   7.905288e-02  1.579418e-01  3.385832e-01
    endloop
  endfacet
  facet normal -8.681054e-14 -1.000000e+00 -9.465003e-14
    outer loop
      vertex   5.848122e-02  1.452418e-01  3.011393e-01
      vertex   5.929609e-02  1.452418e-01  3.000987e-01
      vertex   6.179147e-02  1.452418e-01  2.978100e-01
    endloop
  endfacet
  facet normal  0.000000e+00 -1.000000e+00  0.000000e+00
    outer loop
      vertex   1.311179e-02  1.452418e-01  3.056779e-01
      vertex  -1.622077e-01  1.452418e-01  2.665447e-01
      vertex  -1.619274e-01  1.452418e-01  2.630261e-01
    endloop
  endfacet
  facet normal  4.953357e-16 -1.000000e+00  6.605292e-16
    outer loop
      vertex   3.639827e-02  1.452418e-01  3.302354e-01
      vertex   1.311179e-02  1.452418e-01  3.056779e-01
      vertex   1.859903e-02  1.452418e-01  3.015630e-01
    endloop
  endfacet
  facet normal  2.562771e-16 -1.000000e+00  8.089317e-16
    outer loop
      vertex   1.859903e-02  1.452418e-01  3.015630e-01
      vertex   2.145308e-02  1.452418e-01  3.006588e-01
      vertex   3.639827e-02  1.452418e-01  3.302354e-01
    endloop
  endfacet
  facet normal  2.534628e-15 -1.000000e+00  1.716242e-14
    outer loop
      vertex   2.145308e-02  1.452418e-01  3.006588e-01
      vertex   3.053668e-02  1.452418e-01  2.977001e-01
      vertex   3.860758e-02  1.452418e-01  2.981254e-01
    endloop
  endfacet
  facet normal  0.000000e+00 -1.000000e+00  0.000000e+00
    outer loop
      vertex   1.311179e-02  1.452418e-01  3.056779e-01
      vertex  -1.619274e-01  1.452418e-01  2.630261e-01
      vertex  -1.584311e-01  1.452418e-01  2.432414e-01
    endloop
  endfacet
  facet normal  0.000000e+00 -1.000000e+00 -0.000000e+00
    outer loop
      vertex  -1.619274e-01  1.452418e-01  2.630261e-01
      vertex  -1.658127e-01  1.452418e-01  2.590494e-01
      vertex  -1.584311e-01  1.452418e-01  2.432414e-01
    endloop
  endfacet
  facet normal  1.289675e-16 -1.000000e+00  8.732619e-16
    outer loop
      vertex   3.639827e-02  1.452418e-01  3.302354e-01
      vertex   2.145308e-02  1.452418e-01  3.006588e-01
      vertex   3.860758e-02  1.452418e-01  2.981254e-01
    endloop
  endfacet
  facet normal  0.000000e+00 -1.000000e+00  0.000000e+00
    outer loop
      vertex   2.101176e-02  1.452418e-01  2.947986e-01
      vertex   2.526373e-02  1.452418e-01  2.954238e-01
      vertex   2.145308e-02  1.452418e-01  3.006588e-01
    endloop
  endfacet
  facet normal -4.005197e-15 -1.000000e+00 -2.915441e-15
    outer loop
      vertex   2.145308e-02  1.452418e-01  3.006588e-01
      vertex   2.526373e-02  1.452418e-01  2.954238e-01
      vertex   3.053668e-02  1.452418e-01  2.977001e-01
    endloop
  endfacet
  facet normal  0.000000e+00 -1.000000e+00  0.000000e+00
    outer loop
      vertex   1.311179e-02  1.452418e-01  3.056779e-01
      vertex   1.343010e-02  1.452418e-01  3.045415e-01
      vertex   1.859903e-02  1.452418e-01  3.015630e-01
    endloop
  endfacet
  facet normal  8.256030e-16 -1.000000e+00 -1.177066e-16
    outer loop
      vertex   3.049981e-02  1.452418e-01  3.361214e-01
      vertex   3.151699e-02  1.452418e-01  3.432560e-01
      vertex  -1.417311e-03  1.452418e-01  3.480553e-01
    endloop
  endfacet
  facet normal -4.651137e-15 -1.000000e+00 -1.000720e-14
    outer loop
      vertex  -2.444902e-03  1.452418e-01  3.618143e-01
      vertex   1.549905e-03  1.452418e-01  3.571841e-01
      vertex   3.151699e-02  1.452418e-01  3.432560e-01
    endloop
  endfacet
  facet normal  1.111164e-16 -1.000000e+00  8.289742e-16
    outer loop
      vertex   3.902161e-02  1.452418e-01  3.467039e-01
      vertex   4.923094e-02  1.452418e-01  3.788173e-01
      vertex   4.602409e-02  1.452418e-01  3.792472e-01
    endloop
  endfacet
  facet normal -6.647693e-17 -1.000000e+00  8.598145e-16
    outer loop
      vertex   3.860758e-02  1.452418e-01  2.981254e-01
      vertex   4.752751e-02  1.452418e-01  2.988150e-01
      vertex   3.639827e-02  1.452418e-01  3.302354e-01
    endloop
  endfacet
  facet normal  3.180747e-15 -1.000000e+00 -9.560820e-16
    outer loop
      vertex   2.927057e-02  1.452418e-01  3.779839e-01
      vertex   2.219824e-02  1.452418e-01  3.834858e-01
      vertex   1.959366e-02  1.452418e-01  3.748207e-01
    endloop
  endfacet
  facet normal -1.496759e-14 -1.000000e+00  1.040051e-14
    outer loop
      vertex   6.158888e-02  1.452418e-01  3.791810e-01
      vertex   5.695863e-02  1.452418e-01  3.751862e-01
      vertex   3.902161e-02  1.452418e-01  3.467039e-01
    endloop
  endfacet
  facet normal -5.307541e-15 -1.000000e+00  4.606310e-15
    outer loop
      vertex   7.006050e-02  1.452418e-01  3.729683e-01
      vertex   6.294166e-02  1.452418e-01  3.707913e-01
      vertex   4.448362e-02  1.452418e-01  3.434978e-01
    endloop
  endfacet
  facet normal  0.000000e+00 -1.000000e+00  0.000000e+00
    outer loop
      vertex   6.158888e-02  1.452418e-01  3.791810e-01
      vertex   6.294166e-02  1.452418e-01  3.707913e-01
      vertex   6.468644e-02  1.452418e-01  3.773325e-01
    endloop
  endfacet
  facet normal  7.455363e-15 -1.000000e+00 -2.964991e-15
    outer loop
      vertex   7.011773e-02  1.452418e-01  3.637511e-01
      vertex   7.274418e-02  1.452418e-01  3.703553e-01
      vertex   7.006050e-02  1.452418e-01  3.729683e-01
    endloop
  endfacet
  facet normal -3.046933e-16 -1.000000e+00  3.940912e-15
    outer loop
      vertex   4.752751e-02  1.452418e-01  2.988150e-01
      vertex   3.860758e-02  1.452418e-01  2.981254e-01
      vertex   4.468702e-02  1.452418e-01  2.915525e-01
    endloop
  endfacet
  facet normal -1.072938e-15 -1.000000e+00  3.389224e-15
    outer loop
      vertex   1.549905e-03  1.452418e-01  3.571841e-01
      vertex  -4.715349e-03  1.452418e-01  3.552006e-01
      vertex  -1.417311e-03  1.452418e-01  3.480553e-01
    endloop
  endfacet
  facet normal  5.473514e-15 -1.000000e+00  5.694069e-15
    outer loop
      vertex  -2.444902e-03  1.452418e-01  3.618143e-01
      vertex   6.199965e-03  1.452418e-01  3.632532e-01
      vertex  -5.964013e-04  1.452418e-01  3.649119e-01
    endloop
  endfacet
  facet normal -3.566045e-16 -1.000000e+00  7.761626e-16
    outer loop
      vertex   3.902161e-02  1.452418e-01  3.467039e-01
      vertex   2.927057e-02  1.452418e-01  3.779839e-01
      vertex   3.151699e-02  1.452418e-01  3.432560e-01
    endloop
  endfacet
  facet normal  2.552992e-15 -1.000000e+00  9.643735e-16
    outer loop
      vertex   2.927057e-02  1.452418e-01  3.779839e-01
      vertex   1.959366e-02  1.452418e-01  3.748207e-01
      vertex   3.151699e-02  1.452418e-01  3.432560e-01
    endloop
  endfacet
  facet normal  1.308722e-14 -1.000000e+00 -6.028801e-15
    outer loop
      vertex   1.169032e-02  1.452418e-01  3.771804e-01
      vertex   1.251603e-02  1.452418e-01  3.697651e-01
      vertex   1.471916e-02  1.452418e-01  3.791515e-01
    endloop
  endfacet
  facet normal -4.208189e-15 -1.000000e+00 -1.969283e-15
    outer loop
      vertex   1.251603e-02  1.452418e-01  3.697651e-01
      vertex   3.151699e-02  1.452418e-01  3.432560e-01
      vertex   1.471916e-02  1.452418e-01  3.791515e-01
    endloop
  endfacet
  facet normal  0.000000e+00 -1.000000e+00  0.000000e+00
    outer loop
      vertex   1.471916e-02  1.452418e-01  3.791515e-01
      vertex   3.151699e-02  1.452418e-01  3.432560e-01
      vertex   1.959366e-02  1.452418e-01  3.748207e-01
    endloop
  endfacet
  facet normal -3.591575e-15 -1.000000e+00 -2.322899e-16
    outer loop
      vertex   3.902161e-02  1.452418e-01  3.467039e-01
      vertex   3.688503e-02  1.452418e-01  3.797389e-01
      vertex   2.927057e-02  1.452418e-01  3.779839e-01
    endloop
  endfacet
  facet normal  2.022102e-15 -1.000000e+00 -3.546952e-15
    outer loop
      vertex   7.835532e-02  1.452418e-01  3.491692e-01
      vertex   7.576358e-02  1.452418e-01  3.555169e-01
      vertex   4.635719e-02  1.452418e-01  3.387524e-01
    endloop
  endfacet
  facet normal -5.089437e-15 -1.000000e+00 -2.293308e-15
    outer loop
      vertex  -1.661780e-01  1.452418e-01  2.684641e-01
      vertex  -1.736339e-01  1.452418e-01  2.850107e-01
      vertex  -1.703973e-01  1.452418e-01  2.657248e-01
    endloop
  endfacet
  facet normal  3.970195e-15 -1.000000e+00 -7.728612e-16
    outer loop
      vertex  -1.736339e-01  1.452418e-01  2.850107e-01
      vertex  -1.815469e-01  1.452418e-01  2.802745e-01
      vertex  -1.703973e-01  1.452418e-01  2.657248e-01
    endloop
  endfacet
  facet normal  1.283944e-15 -1.000000e+00 -2.831374e-15
    outer loop
      vertex  -1.815469e-01  1.452418e-01  2.802745e-01
      vertex  -1.885052e-01  1.452418e-01  2.673163e-01
      vertex  -1.703973e-01  1.452418e-01  2.657248e-01
    endloop
  endfacet
  facet normal  1.568221e-15 -1.000000e+00  4.032439e-16
    outer loop
      vertex  -1.885052e-01  1.452418e-01  2.673163e-01
      vertex  -1.841789e-01  1.452418e-01  2.504913e-01
      vertex  -1.703973e-01  1.452418e-01  2.657248e-01
    endloop
  endfacet
  facet normal -1.467730e-15 -1.000000e+00  3.149843e-15
    outer loop
      vertex  -1.703973e-01  1.452418e-01  2.657248e-01
      vertex  -1.841789e-01  1.452418e-01  2.504913e-01
      vertex  -1.658127e-01  1.452418e-01  2.590494e-01
    endloop
  endfacet
  facet normal  0.000000e+00 -1.000000e+00  0.000000e+00
    outer loop
      vertex  -1.841789e-01  1.452418e-01  2.504913e-01
      vertex  -1.692227e-01  1.452418e-01  2.416534e-01
      vertex  -1.658127e-01  1.452418e-01  2.590494e-01
    endloop
  endfacet
  facet normal  0.000000e+00 -1.000000e+00  0.000000e+00
    outer loop
      vertex  -1.692227e-01  1.452418e-01  2.416534e-01
      vertex  -1.584311e-01  1.452418e-01  2.432414e-01
      vertex  -1.658127e-01  1.452418e-01  2.590494e-01
    endloop
  endfacet
  facet normal -2.613725e-10 -1.000000e+00  3.022561e-10
    outer loop
      vertex  -1.632316e-02  1.452418e-01  3.222981e-01
      vertex  -1.009414e-02  1.452418e-01  3.276847e-01
      vertex  -8.051924e-03  1.452418e-01  3.452831e-01
    endloop
  endfacet
  facet normal  1.424643e-15 -1.000000e+00 -2.206801e-16
    outer loop
      vertex   3.639827e-02  1.452418e-01  3.302354e-01
      vertex  -3.494085e-03  1.452418e-01  3.242484e-01
      vertex   1.311179e-02  1.452418e-01  3.056779e-01
    endloop
  endfacet
  facet normal -1.805834e-15 -1.000000e+00 -3.109395e-15
    outer loop
      vertex  -3.494085e-03  1.452418e-01  3.242484e-01
      vertex  -4.896315e-03  1.452418e-01  3.161364e-01
      vertex   1.311179e-02  1.452418e-01  3.056779e-01
    endloop
  endfacet
  facet normal  0.000000e+00 -1.000000e+00  0.000000e+00
    outer loop
      vertex   1.182419e-02  1.452418e-01  2.996290e-01
      vertex   1.471916e-02  1.452418e-01  2.978100e-01
      vertex   1.343010e-02  1.452418e-01  3.045415e-01
    endloop
  endfacet
  facet normal  0.000000e+00 -1.000000e+00  0.000000e+00
    outer loop
      vertex   1.471916e-02  1.452418e-01  2.978100e-01
      vertex   1.859903e-02  1.452418e-01  3.015630e-01
      vertex   1.343010e-02  1.452418e-01  3.045415e-01
    endloop
  endfacet
  facet normal  5.112840e-15 -1.000000e+00  7.860949e-15
    outer loop
      vertex   6.199965e-03  1.452418e-01  3.632532e-01
      vertex  -2.444902e-03  1.452418e-01  3.618143e-01
      vertex   3.151699e-02  1.452418e-01  3.432560e-01
    endloop
  endfacet
  facet normal -3.353962e-15 -1.000000e+00 -2.858229e-15
    outer loop
      vertex   6.199965e-03  1.452418e-01  3.632532e-01
      vertex   3.151699e-02  1.452418e-01  3.432560e-01
      vertex   6.259170e-03  1.452418e-01  3.728945e-01
    endloop
  endfacet
  facet normal  7.731321e-15 -1.000000e+00  6.588592e-15
    outer loop
      vertex   3.151699e-02  1.452418e-01  3.432560e-01
      vertex   1.251603e-02  1.452418e-01  3.697651e-01
      vertex   6.259170e-03  1.452418e-01  3.728945e-01
    endloop
  endfacet
  facet normal  3.047634e-15 -1.000000e+00  1.971098e-16
    outer loop
      vertex   3.902161e-02  1.452418e-01  3.467039e-01
      vertex   4.602409e-02  1.452418e-01  3.792472e-01
      vertex   3.688503e-02  1.452418e-01  3.797389e-01
    endloop
  endfacet
  facet normal  2.874387e-15 -1.000000e+00 -3.022664e-15
    outer loop
      vertex   3.688503e-02  1.452418e-01  3.797389e-01
      vertex   4.602409e-02  1.452418e-01  3.792472e-01
      vertex   4.260675e-02  1.452418e-01  3.851799e-01
    endloop
  endfacet
  facet normal -0.000000e+00 -1.000000e+00  0.000000e+00
    outer loop
      vertex   6.294166e-02  1.452418e-01  3.707913e-01
      vertex   6.158888e-02  1.452418e-01  3.791810e-01
      vertex   3.902161e-02  1.452418e-01  3.467039e-01
    endloop
  endfacet
  facet normal  1.799354e-14 -1.000000e+00 -1.035716e-14
    outer loop
      vertex   5.695863e-02  1.452418e-01  3.751862e-01
      vertex   5.490051e-02  1.452418e-01  3.769703e-01
      vertex   3.902161e-02  1.452418e-01  3.467039e-01
    endloop
  endfacet
  facet normal -8.617017e-15 -1.000000e+00  3.603779e-15
    outer loop
      vertex   3.902161e-02  1.452418e-01  3.467039e-01
      vertex   5.490051e-02  1.452418e-01  3.769703e-01
      vertex   4.923094e-02  1.452418e-01  3.788173e-01
    endloop
  endfacet
  facet normal  3.445050e-15 -1.000000e+00 -2.989891e-15
    outer loop
      vertex   7.011773e-02  1.452418e-01  3.637511e-01
      vertex   7.006050e-02  1.452418e-01  3.729683e-01
      vertex   4.448362e-02  1.452418e-01  3.434978e-01
    endloop
  endfacet
  facet normal -3.210278e-15 -1.000000e+00  3.187974e-15
    outer loop
      vertex   4.448362e-02  1.452418e-01  3.434978e-01
      vertex   6.294166e-02  1.452418e-01  3.707913e-01
      vertex   3.902161e-02  1.452418e-01  3.467039e-01
    endloop
  endfacet
  facet normal -2.115082e-16 -1.000000e+00 -4.458930e-15
    outer loop
      vertex   7.576358e-02  1.452418e-01  3.555169e-01
      vertex   7.835532e-02  1.452418e-01  3.491692e-01
      vertex   8.257587e-02  1.452418e-01  3.551937e-01
    endloop
  endfacet
  facet normal -3.042201e-15 -1.000000e+00 -5.238247e-15
    outer loop
      vertex  -4.896315e-03  1.452418e-01  3.161364e-01
      vertex  -1.223945e-02  1.452418e-01  3.151024e-01
      vertex   1.311179e-02  1.452418e-01  3.056779e-01
    endloop
  endfacet
  facet normal -4.107449e-16 -1.000000e+00  1.840167e-15
    outer loop
      vertex   1.311179e-02  1.452418e-01  3.056779e-01
      vertex  -1.223945e-02  1.452418e-01  3.151024e-01
      vertex  -1.622077e-01  1.452418e-01  2.665447e-01
    endloop
  endfacet
  facet normal  1.335002e-10 -1.000000e+00  2.564328e-10
    outer loop
      vertex  -1.009414e-02  1.452418e-01  3.276847e-01
      vertex  -3.494085e-03  1.452418e-01  3.242484e-01
      vertex  -8.051924e-03  1.452418e-01  3.452831e-01
    endloop
  endfacet
  facet normal -3.306709e-11 -1.000000e+00  2.203406e-10
    outer loop
      vertex  -3.494085e-03  1.452418e-01  3.242484e-01
      vertex   3.639827e-02  1.452418e-01  3.302354e-01
      vertex  -8.051924e-03  1.452418e-01  3.452831e-01
    endloop
  endfacet
  facet normal -3.823008e-10 -1.000000e+00 -8.112819e-10
    outer loop
      vertex  -8.051924e-03  1.452418e-01  3.452831e-01
      vertex   3.639827e-02  1.452418e-01  3.302354e-01
      vertex  -1.417311e-03  1.452418e-01  3.480553e-01
    endloop
  endfacet
  facet normal -1.428967e-15 -1.000000e+00 -6.147523e-15
    outer loop
      vertex  -1.417311e-03  1.452418e-01  3.480553e-01
      vertex   3.639827e-02  1.452418e-01  3.302354e-01
      vertex   3.049981e-02  1.452418e-01  3.361214e-01
    endloop
  endfacet
  facet normal  1.410063e-14 -1.000000e+00 -2.965415e-15
    outer loop
      vertex   6.259170e-03  1.452418e-01  3.728945e-01
      vertex   3.744889e-03  1.452418e-01  3.702988e-01
      vertex   6.199965e-03  1.452418e-01  3.632532e-01
    endloop
  endfacet
  facet normal -9.270450e-15 -1.000000e+00  1.598040e-15
    outer loop
      vertex   5.302870e-02  1.452418e-01  3.834802e-01
      vertex   4.923094e-02  1.452418e-01  3.788173e-01
      vertex   5.490051e-02  1.452418e-01  3.769703e-01
    endloop
  endfacet
  facet normal  1.023620e-15 -1.000000e+00 -3.547060e-16
    outer loop
      vertex   7.576358e-02  1.452418e-01  3.555169e-01
      vertex   7.799392e-02  1.452418e-01  3.619532e-01
      vertex   4.448362e-02  1.452418e-01  3.434978e-01
    endloop
  endfacet
  facet normal  3.880543e-15 -1.000000e+00  1.346287e-14
    outer loop
      vertex   7.878643e-02  1.452418e-01  3.273433e-01
      vertex   7.837550e-02  1.452418e-01  3.295234e-01
      vertex   4.635719e-02  1.452418e-01  3.387524e-01
    endloop
  endfacet
  facet normal -1.905370e-15 -1.000000e+00  3.039028e-15
    outer loop
      vertex   8.495449e-02  1.452418e-01  3.341293e-01
      vertex   7.951347e-02  1.452418e-01  3.398511e-01
      vertex   7.973686e-02  1.452418e-01  3.308581e-01
    endloop
  endfacet
  facet normal -5.142848e-16 -1.000000e+00 -4.955204e-15
    outer loop
      vertex   3.125807e-02  1.452418e-01  2.920239e-01
      vertex   3.484362e-02  1.452418e-01  2.916518e-01
      vertex   3.053668e-02  1.452418e-01  2.977001e-01
    endloop
  endfacet
  facet normal  3.547660e-15 -1.000000e+00 -2.062728e-15
    outer loop
      vertex   3.484362e-02  1.452418e-01  2.916518e-01
      vertex   3.860758e-02  1.452418e-01  2.981254e-01
      vertex   3.053668e-02  1.452418e-01  2.977001e-01
    endloop
  endfacet
  facet normal -3.535614e-15 -1.000000e+00  2.252531e-15
    outer loop
      vertex  -4.715349e-03  1.452418e-01  3.552006e-01
      vertex  -6.642971e-03  1.452418e-01  3.521750e-01
      vertex  -1.417311e-03  1.452418e-01  3.480553e-01
    endloop
  endfacet
  facet normal  1.227679e-15 -1.000000e+00  2.641425e-15
    outer loop
      vertex   1.549905e-03  1.452418e-01  3.571841e-01
      vertex  -1.417311e-03  1.452418e-01  3.480553e-01
      vertex   3.151699e-02  1.452418e-01  3.432560e-01
    endloop
  endfacet
  facet normal  2.427056e-16 -1.000000e+00  1.063235e-15
    outer loop
      vertex   7.799392e-02  1.452418e-01  3.619532e-01
      vertex   7.011773e-02  1.452418e-01  3.637511e-01
      vertex   4.448362e-02  1.452418e-01  3.434978e-01
    endloop
  endfacet
  facet normal  2.721811e-15 -1.000000e+00 -4.774305e-15
    outer loop
      vertex   4.635719e-02  1.452418e-01  3.387524e-01
      vertex   7.576358e-02  1.452418e-01  3.555169e-01
      vertex   4.448362e-02  1.452418e-01  3.434978e-01
    endloop
  endfacet
  facet normal  7.508045e-16 -1.000000e+00  2.604786e-15
    outer loop
      vertex   4.635719e-02  1.452418e-01  3.387524e-01
      vertex   7.837550e-02  1.452418e-01  3.295234e-01
      vertex   7.951347e-02  1.452418e-01  3.398511e-01
    endloop
  endfacet
  facet normal -2.953781e-15 -1.000000e+00  3.012984e-15
    outer loop
      vertex   7.837550e-02  1.452418e-01  3.295234e-01
      vertex   7.973686e-02  1.452418e-01  3.308581e-01
      vertex   7.951347e-02  1.452418e-01  3.398511e-01
    endloop
  endfacet
  facet normal -7.373992e-16 -1.000000e+00  3.367752e-16
    outer loop
      vertex   7.878643e-02  1.452418e-01  3.273433e-01
      vertex   4.635719e-02  1.452418e-01  3.387524e-01
      vertex   7.627089e-02  1.452418e-01  3.218354e-01
    endloop
  endfacet
  facet normal -2.335039e-14 -1.000000e+00 -9.629724e-15
    outer loop
      vertex   5.593198e-02  1.452418e-01  3.015562e-01
      vertex   5.848122e-02  1.452418e-01  3.011393e-01
      vertex   4.417631e-02  1.452418e-01  3.329440e-01
    endloop
  endfacet
  facet normal  2.482856e-11 -1.000000e+00  1.118779e-11
    outer loop
      vertex  -1.736339e-01  1.452418e-01  2.850107e-01
      vertex  -1.661780e-01  1.452418e-01  2.684641e-01
      vertex  -8.051924e-03  1.452418e-01  3.452831e-01
    endloop
  endfacet
  facet normal  1.509459e-11 -1.000000e+00  3.122442e-11
    outer loop
      vertex  -1.661780e-01  1.452418e-01  2.684641e-01
      vertex  -1.622077e-01  1.452418e-01  2.665447e-01
      vertex  -8.051924e-03  1.452418e-01  3.452831e-01
    endloop
  endfacet
  facet normal -9.225659e-11 -1.000000e+00  2.413991e-10
    outer loop
      vertex  -8.051924e-03  1.452418e-01  3.452831e-01
      vertex  -1.622077e-01  1.452418e-01  2.665447e-01
      vertex  -1.632316e-02  1.452418e-01  3.222981e-01
    endloop
  endfacet
  facet normal  0.000000e+00 -1.000000e+00  0.000000e+00
    outer loop
      vertex   7.799392e-02  1.452418e-01  3.619532e-01
      vertex   7.695493e-02  1.452418e-01  3.650458e-01
      vertex   7.011773e-02  1.452418e-01  3.637511e-01
    endloop
  endfacet
  facet normal -4.327814e-14 -1.000000e+00 -5.378994e-15
    outer loop
      vertex   7.937431e-02  1.452418e-01  3.461307e-01
      vertex   7.835532e-02  1.452418e-01  3.491692e-01
      vertex   7.951347e-02  1.452418e-01  3.398511e-01
    endloop
  endfacet
  facet normal  8.336805e-16 -1.000000e+00  1.036173e-16
    outer loop
      vertex   7.835532e-02  1.452418e-01  3.491692e-01
      vertex   4.635719e-02  1.452418e-01  3.387524e-01
      vertex   7.951347e-02  1.452418e-01  3.398511e-01
    endloop
  endfacet
  facet normal -3.601003e-15 -1.000000e+00 -7.905339e-15
    outer loop
      vertex   7.517309e-02  1.452418e-01  3.188244e-01
      vertex   7.627089e-02  1.452418e-01  3.218354e-01
      vertex   4.417631e-02  1.452418e-01  3.329440e-01
    endloop
  endfacet
  facet normal -7.653439e-16 -1.000000e+00  2.873617e-16
    outer loop
      vertex   4.417631e-02  1.452418e-01  3.329440e-01
      vertex   7.627089e-02  1.452418e-01  3.218354e-01
      vertex   4.635719e-02  1.452418e-01  3.387524e-01
    endloop
  endfacet
  facet normal  4.528660e-15 -1.000000e+00 -2.068270e-15
    outer loop
      vertex   8.325472e-02  1.452418e-01  3.237074e-01
      vertex   7.878643e-02  1.452418e-01  3.273433e-01
      vertex   7.627089e-02  1.452418e-01  3.218354e-01
    endloop
  endfacet
  facet normal  0.000000e+00 -1.000000e+00  0.000000e+00
    outer loop
      vertex   6.399459e-02  1.452418e-01  3.071964e-01
      vertex   7.025146e-02  1.452418e-01  3.040670e-01
      vertex   4.417631e-02  1.452418e-01  3.329440e-01
    endloop
  endfacet
  facet normal  0.000000e+00 -1.000000e+00  0.000000e+00
    outer loop
      vertex   7.025146e-02  1.452418e-01  3.040670e-01
      vertex   7.031067e-02  1.452418e-01  3.137083e-01
      vertex   4.417631e-02  1.452418e-01  3.329440e-01
    endloop
  endfacet
  facet normal -3.450472e-15 -1.000000e+00 -3.388100e-16
    outer loop
      vertex   3.639827e-02  1.452418e-01  3.302354e-01
      vertex   4.752751e-02  1.452418e-01  2.988150e-01
      vertex   4.417631e-02  1.452418e-01  3.329440e-01
    endloop
  endfacet
  facet normal  3.199993e-15 -1.000000e+00  3.142149e-16
    outer loop
      vertex   4.752751e-02  1.452418e-01  2.988150e-01
      vertex   5.593198e-02  1.452418e-01  3.015562e-01
      vertex   4.417631e-02  1.452418e-01  3.329440e-01
    endloop
  endfacet
  facet normal  1.211404e-15 -1.000000e+00 -3.169765e-15
    outer loop
      vertex  -1.223945e-02  1.452418e-01  3.151024e-01
      vertex  -1.632316e-02  1.452418e-01  3.222981e-01
      vertex  -1.622077e-01  1.452418e-01  2.665447e-01
    endloop
  endfacet
  facet normal -3.047641e-15 -1.000000e+00 -2.592222e-15
    outer loop
      vertex   3.204117e-02  1.452418e-01  3.854338e-01
      vertex   2.927057e-02  1.452418e-01  3.779839e-01
      vertex   3.688503e-02  1.452418e-01  3.797389e-01
    endloop
  endfacet
  facet normal  3.163355e-15 -1.000000e+00 -4.349811e-15
    outer loop
      vertex   8.522674e-02  1.452418e-01  3.440059e-01
      vertex   7.937431e-02  1.452418e-01  3.461307e-01
      vertex   7.951347e-02  1.452418e-01  3.398511e-01
    endloop
  endfacet
  facet normal -3.535849e-15 -1.000000e+00 -4.803941e-15
    outer loop
      vertex   7.031067e-02  1.452418e-01  3.137083e-01
      vertex   7.842395e-02  1.452418e-01  3.135143e-01
      vertex   4.417631e-02  1.452418e-01  3.329440e-01
    endloop
  endfacet
  facet normal  3.301647e-15 -1.000000e+00  7.248159e-15
    outer loop
      vertex   7.842395e-02  1.452418e-01  3.135143e-01
      vertex   7.517309e-02  1.452418e-01  3.188244e-01
      vertex   4.417631e-02  1.452418e-01  3.329440e-01
    endloop
  endfacet
  facet normal  1.110958e-14 -1.000000e+00 -6.822684e-17
    outer loop
      vertex   7.025146e-02  1.452418e-01  3.040670e-01
      vertex   7.276575e-02  1.452418e-01  3.066627e-01
      vertex   7.031067e-02  1.452418e-01  3.137083e-01
    endloop
  endfacet
  facet normal  1.691358e-14 -1.000000e+00  8.479990e-15
    outer loop
      vertex   5.848122e-02  1.452418e-01  3.011393e-01
      vertex   6.179147e-02  1.452418e-01  2.978100e-01
      vertex   4.417631e-02  1.452418e-01  3.329440e-01
    endloop
  endfacet
  facet normal  0.000000e+00 -1.000000e+00  0.000000e+00
    outer loop
      vertex   6.179147e-02  1.452418e-01  2.978100e-01
      vertex   6.399459e-02  1.452418e-01  3.071964e-01
      vertex   4.417631e-02  1.452418e-01  3.329440e-01
    endloop
  endfacet
  facet normal  0.000000e+00 -1.000000e+00  0.000000e+00
    outer loop
      vertex   5.200911e-02  1.452418e-01  2.935775e-01
      vertex   5.540894e-02  1.452418e-01  2.949642e-01
      vertex   4.752751e-02  1.452418e-01  2.988150e-01
    endloop
  endfacet
  facet normal  1.980419e-15 -1.000000e+00  4.053342e-15
    outer loop
      vertex   4.752751e-02  1.452418e-01  2.988150e-01
      vertex   5.540894e-02  1.452418e-01  2.949642e-01
      vertex   5.593198e-02  1.452418e-01  3.015562e-01
    endloop
  endfacet
  facet normal  0.000000e+00 -1.000000e+00  0.000000e+00
    outer loop
      vertex   6.179147e-02  1.452418e-01  2.978100e-01
      vertex   6.482032e-02  1.452418e-01  2.997811e-01
      vertex   6.399459e-02  1.452418e-01  3.071964e-01
    endloop
  endfacet
  facet normal -5.131019e-01 -4.275255e-02  8.572623e-01
    outer loop
      vertex  -1.736339e-01  1.452418e-01  2.850107e-01
      vertex  -1.764456e-01  1.579418e-01  2.839612e-01
      vertex  -1.815469e-01  1.452418e-01  2.802745e-01
    endloop
  endfacet
  facet normal -6.677805e-01  5.269596e-02  7.424906e-01
    outer loop
      vertex  -1.764456e-01  1.579418e-01  2.839612e-01
      vertex  -1.846297e-01  1.579418e-01  2.766006e-01
      vertex  -1.815469e-01  1.452418e-01  2.802745e-01
    endloop
  endfacet
  facet normal -8.784149e-01 -7.677349e-02  4.716916e-01
    outer loop
      vertex  -1.815469e-01  1.452418e-01  2.802745e-01
      vertex  -1.846297e-01  1.579418e-01  2.766006e-01
      vertex  -1.885052e-01  1.452418e-01  2.673163e-01
    endloop
  endfacet
  facet normal -9.450482e-01  5.248718e-02  3.226901e-01
    outer loop
      vertex  -1.846297e-01  1.579418e-01  2.766006e-01
      vertex  -1.883754e-01  1.579418e-01  2.656307e-01
      vertex  -1.885052e-01  1.452418e-01  2.673163e-01
    endloop
  endfacet
  facet normal -9.810137e-01 -1.562897e-02 -1.933078e-01
    outer loop
      vertex  -1.883754e-01  1.579418e-01  2.656307e-01
      vertex  -1.861344e-01  1.579418e-01  2.542577e-01
      vertex  -1.885052e-01  1.452418e-01  2.673163e-01
    endloop
  endfacet
  facet normal -9.657633e-01 -7.505290e-02 -2.483312e-01
    outer loop
      vertex  -1.885052e-01  1.452418e-01  2.673163e-01
      vertex  -1.861344e-01  1.579418e-01  2.542577e-01
      vertex  -1.841789e-01  1.452418e-01  2.504913e-01
    endloop
  endfacet
  facet normal -7.506698e-01  7.895058e-02 -6.559433e-01
    outer loop
      vertex  -1.861344e-01  1.579418e-01  2.542577e-01
      vertex  -1.785071e-01  1.579418e-01  2.455289e-01
      vertex  -1.841789e-01  1.452418e-01  2.504913e-01
    endloop
  endfacet
  facet normal -5.057298e-01 -1.085470e-01 -8.558358e-01
    outer loop
      vertex  -1.841789e-01  1.452418e-01  2.504913e-01
      vertex  -1.785071e-01  1.579418e-01  2.455289e-01
      vertex  -1.692227e-01  1.452418e-01  2.416534e-01
    endloop
  endfacet
  facet normal -3.226916e-01  5.248682e-02 -9.450477e-01
    outer loop
      vertex  -1.785071e-01  1.579418e-01  2.455289e-01
      vertex  -1.675372e-01  1.579418e-01  2.417832e-01
      vertex  -1.692227e-01  1.452418e-01  2.416534e-01
    endloop
  endfacet
  facet normal  1.581131e-01 -1.089269e-02 -9.873610e-01
    outer loop
      vertex  -1.675372e-01  1.579418e-01  2.417832e-01
      vertex  -1.584311e-01  1.579418e-01  2.432414e-01
      vertex  -1.692227e-01  1.452418e-01  2.416534e-01
    endloop
  endfacet
  facet normal  1.455862e-01  3.683082e-18 -9.893456e-01
    outer loop
      vertex  -1.692227e-01  1.452418e-01  2.416534e-01
      vertex  -1.584311e-01  1.579418e-01  2.432414e-01
      vertex  -1.584311e-01  1.452418e-01  2.432414e-01
    endloop
  endfacet
  facet normal -2.003516e-01 -5.404707e-01 -8.171601e-01
    outer loop
      vertex   3.572994e-02  1.484168e-01  3.454110e-01
      vertex   4.339048e-02  1.484168e-01  3.435328e-01
      vertex   3.902161e-02  1.452418e-01  3.467039e-01
    endloop
  endfacet
  facet normal -4.994818e-01 -1.625901e-01 -8.509303e-01
    outer loop
      vertex   3.902161e-02  1.452418e-01  3.467039e-01
      vertex   4.339048e-02  1.484168e-01  3.435328e-01
      vertex   4.448362e-02  1.452418e-01  3.434978e-01
    endloop
  endfacet
  facet normal -8.868534e-01 -3.014807e-01 -3.501435e-01
    outer loop
      vertex   4.448362e-02  1.452418e-01  3.434978e-01
      vertex   4.339048e-02  1.484168e-01  3.435328e-01
      vertex   4.635719e-02  1.452418e-01  3.387524e-01
    endloop
  endfacet
  facet normal -8.875489e-01 -2.885257e-01 -3.591794e-01
    outer loop
      vertex   4.339048e-02  1.484168e-01  3.435328e-01
      vertex   4.545879e-02  1.484168e-01  3.384220e-01
      vertex   4.635719e-02  1.452418e-01  3.387524e-01
    endloop
  endfacet
  facet normal -9.126978e-01 -2.225926e-01  3.426883e-01
    outer loop
      vertex   4.635719e-02  1.452418e-01  3.387524e-01
      vertex   4.545879e-02  1.484168e-01  3.384220e-01
      vertex   4.417631e-02  1.452418e-01  3.329440e-01
    endloop
  endfacet
  facet normal -8.101836e-01 -4.045801e-01  4.241668e-01
    outer loop
      vertex   4.545879e-02  1.484168e-01  3.384220e-01
      vertex   4.213200e-02  1.484168e-01  3.320676e-01
      vertex   4.417631e-02  1.452418e-01  3.329440e-01
    endloop
  endfacet
  facet normal -3.284672e-01  4.886110e-02  9.432507e-01
    outer loop
      vertex   4.417631e-02  1.452418e-01  3.329440e-01
      vertex   4.213200e-02  1.484168e-01  3.320676e-01
      vertex   3.639827e-02  1.452418e-01  3.302354e-01
    endloop
  endfacet
  facet normal  1.260204e-01 -6.566700e-01  7.435747e-01
    outer loop
      vertex   4.213200e-02  1.484168e-01  3.320676e-01
      vertex   3.289222e-02  1.484168e-01  3.336335e-01
      vertex   3.639827e-02  1.452418e-01  3.302354e-01
    endloop
  endfacet
  facet normal  7.061811e-01  2.240389e-02  7.076766e-01
    outer loop
      vertex   3.639827e-02  1.452418e-01  3.302354e-01
      vertex   3.289222e-02  1.484168e-01  3.336335e-01
      vertex   3.049981e-02  1.452418e-01  3.361214e-01
    endloop
  endfacet
  facet normal  8.493283e-01 -4.938021e-01  1.865498e-01
    outer loop
      vertex   3.289222e-02  1.484168e-01  3.336335e-01
      vertex   3.154526e-02  1.484168e-01  3.397660e-01
      vertex   3.049981e-02  1.452418e-01  3.361214e-01
    endloop
  endfacet
  facet normal  9.769448e-01 -1.617993e-01 -1.392834e-01
    outer loop
      vertex   3.049981e-02  1.452418e-01  3.361214e-01
      vertex   3.154526e-02  1.484168e-01  3.397660e-01
      vertex   3.151699e-02  1.452418e-01  3.432560e-01
    endloop
  endfacet
  facet normal  6.699377e-01 -5.518572e-01 -4.966258e-01
    outer loop
      vertex   3.154526e-02  1.484168e-01  3.397660e-01
      vertex   3.572994e-02  1.484168e-01  3.454110e-01
      vertex   3.151699e-02  1.452418e-01  3.432560e-01
    endloop
  endfacet
  facet normal  4.166688e-01  6.268205e-02 -9.068947e-01
    outer loop
      vertex   3.151699e-02  1.452418e-01  3.432560e-01
      vertex   3.572994e-02  1.484168e-01  3.454110e-01
      vertex   3.902161e-02  1.452418e-01  3.467039e-01
    endloop
  endfacet
  facet normal -3.855443e-01  6.283725e-04  9.226891e-01
    outer loop
      vertex  -1.417311e-03  1.452418e-01  3.480553e-01
      vertex  -1.638143e-03  1.579418e-01  3.479544e-01
      vertex  -8.051924e-03  1.452418e-01  3.452831e-01
    endloop
  endfacet
  facet normal -3.848121e-01  1.942239e-04  9.229949e-01
    outer loop
      vertex  -1.638143e-03  1.579418e-01  3.479544e-01
      vertex  -8.049942e-03  1.579418e-01  3.452812e-01
      vertex  -8.051924e-03  1.452418e-01  3.452831e-01
    endloop
  endfacet
  facet normal -3.421625e-01  1.898795e-03  9.396389e-01
    outer loop
      vertex  -1.764456e-01  1.579418e-01  2.839612e-01
      vertex  -1.736339e-01  1.452418e-01  2.850107e-01
      vertex  -8.049942e-03  1.579418e-01  3.452812e-01
    endloop
  endfacet
  facet normal -3.420474e-01  1.899724e-04  9.396827e-01
    outer loop
      vertex  -1.736339e-01  1.452418e-01  2.850107e-01
      vertex  -8.051924e-03  1.452418e-01  3.452831e-01
      vertex  -8.049942e-03  1.579418e-01  3.452812e-01
    endloop
  endfacet
  facet normal  3.420202e-01  0.000000e+00 -9.396926e-01
    outer loop
      vertex   1.311179e-02  1.452418e-01  3.056779e-01
      vertex  -1.584311e-01  1.452418e-01  2.432414e-01
      vertex   1.311179e-02  1.579418e-01  3.056779e-01
    endloop
  endfacet
  facet normal  3.420202e-01  0.000000e+00 -9.396926e-01
    outer loop
      vertex  -1.584311e-01  1.452418e-01  2.432414e-01
      vertex  -1.584311e-01  1.579418e-01  2.432414e-01
      vertex   1.311179e-02  1.579418e-01  3.056779e-01
    endloop
  endfacet
  facet normal  3.279668e-01  9.218445e-01  2.064957e-01
    outer loop
      vertex  -4.071578e-03  1.319551e-01  3.177536e-01
      vertex  -1.042525e-02  1.322271e-01  3.266305e-01
      vertex  -4.692008e-03  1.304951e-01  3.252570e-01
    endloop
  endfacet
  facet normal  2.178452e-01 -9.582340e-01  1.852868e-01
    outer loop
      vertex  -4.071578e-03  1.319551e-01  3.177536e-01
      vertex  -3.477362e-03  1.332718e-01  3.238645e-01
      vertex  -1.042525e-02  1.322271e-01  3.266305e-01
    endloop
  endfacet
  facet normal  3.213332e-01 -8.014147e-01  5.044596e-01
    outer loop
      vertex  -3.477362e-03  1.332718e-01  3.238645e-01
      vertex  -9.753296e-03  1.332718e-01  3.278621e-01
      vertex  -1.042525e-02  1.322271e-01  3.266305e-01
    endloop
  endfacet
  facet normal -5.260715e-01 -4.851183e-01  6.985048e-01
    outer loop
      vertex  -9.753296e-03  1.332718e-01  3.278621e-01
      vertex  -1.567678e-02  1.332718e-01  3.234009e-01
      vertex  -1.042525e-02  1.322271e-01  3.266305e-01
    endloop
  endfacet
  facet normal -2.889498e-01 -9.430531e-01  1.647998e-01
    outer loop
      vertex  -1.042525e-02  1.322271e-01  3.266305e-01
      vertex  -1.567678e-02  1.332718e-01  3.234009e-01
      vertex  -1.528260e-02  1.322184e-01  3.180643e-01
    endloop
  endfacet
  facet normal  1.479043e-01 -9.847963e-01  9.110752e-02
    outer loop
      vertex  -5.550102e-03  1.296818e-01  3.178591e-01
      vertex  -4.692008e-03  1.304951e-01  3.252570e-01
      vertex  -1.042464e-02  1.297003e-01  3.259732e-01
    endloop
  endfacet
  facet normal  4.616382e-01  2.629265e-02  8.866786e-01
    outer loop
      vertex  -1.009414e-02  1.452418e-01  3.276847e-01
      vertex  -9.753296e-03  1.332718e-01  3.278621e-01
      vertex  -3.494085e-03  1.452418e-01  3.242484e-01
    endloop
  endfacet
  facet normal  5.370627e-01 -2.629396e-02  8.431324e-01
    outer loop
      vertex  -9.753296e-03  1.332718e-01  3.278621e-01
      vertex  -3.477362e-03  1.332718e-01  3.238645e-01
      vertex  -3.494085e-03  1.452418e-01  3.242484e-01
    endloop
  endfacet
  facet normal  9.952009e-01  4.525803e-03 -9.774835e-02
    outer loop
      vertex  -3.477362e-03  1.332718e-01  3.238645e-01
      vertex  -4.071578e-03  1.319551e-01  3.177536e-01
      vertex  -3.494085e-03  1.452418e-01  3.242484e-01
    endloop
  endfacet
  facet normal  9.845821e-01  4.040002e-02 -1.701938e-01
    outer loop
      vertex  -3.494085e-03  1.452418e-01  3.242484e-01
      vertex  -4.071578e-03  1.319551e-01  3.177536e-01
      vertex  -4.896315e-03  1.452418e-01  3.161364e-01
    endloop
  endfacet
  facet normal  6.143792e-01 -5.764283e-02 -7.869025e-01
    outer loop
      vertex  -4.071578e-03  1.319551e-01  3.177536e-01
      vertex  -7.870321e-03  1.326332e-01  3.147381e-01
      vertex  -4.896315e-03  1.452418e-01  3.161364e-01
    endloop
  endfacet
  facet normal  1.390243e-01  7.670626e-02 -9.873137e-01
    outer loop
      vertex  -4.896315e-03  1.452418e-01  3.161364e-01
      vertex  -7.870321e-03  1.326332e-01  3.147381e-01
      vertex  -1.223945e-02  1.452418e-01  3.151024e-01
    endloop
  endfacet
  facet normal -4.015347e-01 -1.128749e-01 -9.088615e-01
    outer loop
      vertex  -7.870321e-03  1.326332e-01  3.147381e-01
      vertex  -1.528260e-02  1.322184e-01  3.180643e-01
      vertex  -1.223945e-02  1.452418e-01  3.151024e-01
    endloop
  endfacet
  facet normal -8.661258e-01  9.059460e-02 -4.915473e-01
    outer loop
      vertex  -1.223945e-02  1.452418e-01  3.151024e-01
      vertex  -1.528260e-02  1.322184e-01  3.180643e-01
      vertex  -1.632316e-02  1.452418e-01  3.222981e-01
    endloop
  endfacet
  facet normal -9.963106e-01 -5.949894e-02 -6.184698e-02
    outer loop
      vertex  -1.528260e-02  1.322184e-01  3.180643e-01
      vertex  -1.567678e-02  1.332718e-01  3.234009e-01
      vertex  -1.632316e-02  1.452418e-01  3.222981e-01
    endloop
  endfacet
  facet normal -6.010961e-01  4.107462e-02  7.981205e-01
    outer loop
      vertex  -1.567678e-02  1.332718e-01  3.234009e-01
      vertex  -9.753296e-03  1.332718e-01  3.278621e-01
      vertex  -1.632316e-02  1.452418e-01  3.222981e-01
    endloop
  endfacet
  facet normal -6.540858e-01 -7.409782e-03  7.563841e-01
    outer loop
      vertex  -1.632316e-02  1.452418e-01  3.222981e-01
      vertex  -9.753296e-03  1.332718e-01  3.278621e-01
      vertex  -1.009414e-02  1.452418e-01  3.276847e-01
    endloop
  endfacet
  facet normal  8.369355e-01 -5.460462e-01 -3.704853e-02
    outer loop
      vertex  -4.692008e-03  1.304951e-01  3.252570e-01
      vertex  -5.550102e-03  1.296818e-01  3.178591e-01
      vertex  -4.071578e-03  1.319551e-01  3.177536e-01
    endloop
  endfacet
  facet normal  5.321182e-01 -3.811554e-01 -7.560230e-01
    outer loop
      vertex  -4.071578e-03  1.319551e-01  3.177536e-01
      vertex  -5.550102e-03  1.296818e-01  3.178591e-01
      vertex  -7.870321e-03  1.326332e-01  3.147381e-01
    endloop
  endfacet
  facet normal  2.606600e-01 -5.972214e-01 -7.585400e-01
    outer loop
      vertex  -5.550102e-03  1.296818e-01  3.178591e-01
      vertex  -1.016391e-02  1.296513e-01  3.162977e-01
      vertex  -7.870321e-03  1.326332e-01  3.147381e-01
    endloop
  endfacet
  facet normal -3.957797e-01 -1.677993e-01 -9.028853e-01
    outer loop
      vertex  -7.870321e-03  1.326332e-01  3.147381e-01
      vertex  -1.016391e-02  1.296513e-01  3.162977e-01
      vertex  -1.528260e-02  1.322184e-01  3.180643e-01
    endloop
  endfacet
  facet normal -5.199929e-01 -6.980156e-01 -4.923227e-01
    outer loop
      vertex  -1.016391e-02  1.296513e-01  3.162977e-01
      vertex  -1.427840e-02  1.295601e-01  3.207726e-01
      vertex  -1.528260e-02  1.322184e-01  3.180643e-01
    endloop
  endfacet
  facet normal -7.739790e-01  2.841418e-01  5.658798e-01
    outer loop
      vertex  -1.427840e-02  1.295601e-01  3.207726e-01
      vertex  -1.042464e-02  1.297003e-01  3.259732e-01
      vertex  -1.528260e-02  1.322184e-01  3.180643e-01
    endloop
  endfacet
  facet normal -8.627281e-01 -1.275138e-01  4.893265e-01
    outer loop
      vertex  -1.528260e-02  1.322184e-01  3.180643e-01
      vertex  -1.042464e-02  1.297003e-01  3.259732e-01
      vertex  -1.042525e-02  1.322271e-01  3.266305e-01
    endloop
  endfacet
  facet normal  1.539488e-01 -2.487473e-01  9.562554e-01
    outer loop
      vertex  -1.042464e-02  1.297003e-01  3.259732e-01
      vertex  -4.692008e-03  1.304951e-01  3.252570e-01
      vertex  -1.042525e-02  1.322271e-01  3.266305e-01
    endloop
  endfacet
  facet normal  1.029464e-02 -9.998876e-01 -1.089970e-02
    outer loop
      vertex  -1.427840e-02  1.295601e-01  3.207726e-01
      vertex  -1.016391e-02  1.296513e-01  3.162977e-01
      vertex  -5.550102e-03  1.296818e-01  3.178591e-01
    endloop
  endfacet
  facet normal  1.838037e-02 -9.997422e-01  1.332977e-02
    outer loop
      vertex  -1.427840e-02  1.295601e-01  3.207726e-01
      vertex  -5.550102e-03  1.296818e-01  3.178591e-01
      vertex  -1.042464e-02  1.297003e-01  3.259732e-01
    endloop
  endfacet
endsolid vcg
