[0.092s] DEBUG:colcon:Command line arguments: ['/usr/bin/colcon', 'build', '--packages-select', 'tauv_common', 'tauv_msgs', '--symlink-install', '--allow-overriding', 'tauv_msgs']
[0.092s] DEBUG:colcon:Parsed command line arguments: Namespace(log_base=None, log_level=None, verb_name='build', build_base='build', install_base='install', merge_install=False, symlink_install=True, test_result_base=None, continue_on_error=False, executor='parallel', parallel_workers=20, event_handlers=None, ignore_user_meta=False, metas=['./colcon.meta'], base_paths=['.'], packages_ignore=None, packages_ignore_regex=None, paths=None, packages_up_to=None, packages_up_to_regex=None, packages_above=None, packages_above_and_dependencies=None, packages_above_depth=None, packages_select_by_dep=None, packages_skip_by_dep=None, packages_skip_up_to=None, packages_select_build_failed=False, packages_skip_build_finished=False, packages_select_test_failures=False, packages_skip_test_passed=False, packages_select=['tauv_common', 'tauv_msgs'], packages_skip=None, packages_select_regex=None, packages_skip_regex=None, packages_start=None, packages_end=None, allow_overriding=['tauv_msgs'], cmake_args=None, cmake_target=None, cmake_target_skip_unavailable=False, cmake_clean_cache=False, cmake_clean_first=False, cmake_force_configure=False, ament_cmake_args=None, catkin_cmake_args=None, catkin_skip_building_tests=False, mixin_files=None, mixin=None, verb_parser=<colcon_mixin.mixin.mixin_argument.MixinArgumentDecorator object at 0x72bfc29c8560>, verb_extension=<colcon_core.verb.build.BuildVerb object at 0x72bfc29c81a0>, main=<bound method BuildVerb.main of <colcon_core.verb.build.BuildVerb object at 0x72bfc29c81a0>>, mixin_verb=('build',))
[0.121s] Level 1:colcon.colcon_core.package_discovery:discover_packages(colcon_meta) check parameters
[0.121s] Level 1:colcon.colcon_core.package_discovery:discover_packages(recursive) check parameters
[0.121s] Level 1:colcon.colcon_core.package_discovery:discover_packages(ignore) check parameters
[0.121s] Level 1:colcon.colcon_core.package_discovery:discover_packages(path) check parameters
[0.121s] Level 1:colcon.colcon_core.package_discovery:discover_packages(colcon_meta) discover
[0.121s] Level 1:colcon.colcon_core.package_discovery:discover_packages(recursive) discover
[0.121s] INFO:colcon.colcon_core.package_discovery:Crawling recursively for packages in '/home/gleb/dev/tauv-mono'
[0.121s] Level 1:colcon.colcon_core.package_identification:_identify(.) by extensions ['ignore', 'ignore_ament_install']
[0.121s] Level 1:colcon.colcon_core.package_identification:_identify(.) by extension 'ignore'
[0.121s] Level 1:colcon.colcon_core.package_identification:_identify(.) by extension 'ignore_ament_install'
[0.121s] Level 1:colcon.colcon_core.package_identification:_identify(.) by extensions ['colcon_pkg']
[0.121s] Level 1:colcon.colcon_core.package_identification:_identify(.) by extension 'colcon_pkg'
[0.121s] Level 1:colcon.colcon_core.package_identification:_identify(.) by extensions ['colcon_meta']
[0.121s] Level 1:colcon.colcon_core.package_identification:_identify(.) by extension 'colcon_meta'
[0.121s] Level 1:colcon.colcon_core.package_identification:_identify(.) by extensions ['ros']
[0.121s] Level 1:colcon.colcon_core.package_identification:_identify(.) by extension 'ros'
[0.144s] Level 1:colcon.colcon_core.package_identification:_identify(.) by extensions ['cmake', 'python']
[0.144s] Level 1:colcon.colcon_core.package_identification:_identify(.) by extension 'cmake'
[0.144s] Level 1:colcon.colcon_core.package_identification:_identify(.) by extension 'python'
[0.144s] Level 1:colcon.colcon_core.package_identification:_identify(.) by extensions ['python_setup_py']
[0.144s] Level 1:colcon.colcon_core.package_identification:_identify(.) by extension 'python_setup_py'
[0.144s] Level 1:colcon.colcon_core.package_identification:_identify(build) by extensions ['ignore', 'ignore_ament_install']
[0.144s] Level 1:colcon.colcon_core.package_identification:_identify(build) by extension 'ignore'
[0.144s] Level 1:colcon.colcon_core.package_identification:_identify(build) ignored
[0.144s] Level 1:colcon.colcon_core.package_identification:_identify(config) by extensions ['ignore', 'ignore_ament_install']
[0.145s] Level 1:colcon.colcon_core.package_identification:_identify(config) by extension 'ignore'
[0.145s] Level 1:colcon.colcon_core.package_identification:_identify(config) by extension 'ignore_ament_install'
[0.145s] Level 1:colcon.colcon_core.package_identification:_identify(config) by extensions ['colcon_pkg']
[0.145s] Level 1:colcon.colcon_core.package_identification:_identify(config) by extension 'colcon_pkg'
[0.145s] Level 1:colcon.colcon_core.package_identification:_identify(config) by extensions ['colcon_meta']
[0.145s] Level 1:colcon.colcon_core.package_identification:_identify(config) by extension 'colcon_meta'
[0.145s] Level 1:colcon.colcon_core.package_identification:_identify(config) by extensions ['ros']
[0.145s] Level 1:colcon.colcon_core.package_identification:_identify(config) by extension 'ros'
[0.145s] Level 1:colcon.colcon_core.package_identification:_identify(config) by extensions ['cmake', 'python']
[0.145s] Level 1:colcon.colcon_core.package_identification:_identify(config) by extension 'cmake'
[0.145s] Level 1:colcon.colcon_core.package_identification:_identify(config) by extension 'python'
[0.145s] Level 1:colcon.colcon_core.package_identification:_identify(config) by extensions ['python_setup_py']
[0.145s] Level 1:colcon.colcon_core.package_identification:_identify(config) by extension 'python_setup_py'
[0.145s] Level 1:colcon.colcon_core.package_identification:_identify(config/osprey) by extensions ['ignore', 'ignore_ament_install']
[0.145s] Level 1:colcon.colcon_core.package_identification:_identify(config/osprey) by extension 'ignore'
[0.145s] Level 1:colcon.colcon_core.package_identification:_identify(config/osprey) by extension 'ignore_ament_install'
[0.145s] Level 1:colcon.colcon_core.package_identification:_identify(config/osprey) by extensions ['colcon_pkg']
[0.145s] Level 1:colcon.colcon_core.package_identification:_identify(config/osprey) by extension 'colcon_pkg'
[0.145s] Level 1:colcon.colcon_core.package_identification:_identify(config/osprey) by extensions ['colcon_meta']
[0.145s] Level 1:colcon.colcon_core.package_identification:_identify(config/osprey) by extension 'colcon_meta'
[0.145s] Level 1:colcon.colcon_core.package_identification:_identify(config/osprey) by extensions ['ros']
[0.145s] Level 1:colcon.colcon_core.package_identification:_identify(config/osprey) by extension 'ros'
[0.145s] Level 1:colcon.colcon_core.package_identification:_identify(config/osprey) by extensions ['cmake', 'python']
[0.145s] Level 1:colcon.colcon_core.package_identification:_identify(config/osprey) by extension 'cmake'
[0.145s] Level 1:colcon.colcon_core.package_identification:_identify(config/osprey) by extension 'python'
[0.145s] Level 1:colcon.colcon_core.package_identification:_identify(config/osprey) by extensions ['python_setup_py']
[0.145s] Level 1:colcon.colcon_core.package_identification:_identify(config/osprey) by extension 'python_setup_py'
[0.145s] Level 1:colcon.colcon_core.package_identification:_identify(config/osprey/network) by extensions ['ignore', 'ignore_ament_install']
[0.145s] Level 1:colcon.colcon_core.package_identification:_identify(config/osprey/network) by extension 'ignore'
[0.145s] Level 1:colcon.colcon_core.package_identification:_identify(config/osprey/network) by extension 'ignore_ament_install'
[0.145s] Level 1:colcon.colcon_core.package_identification:_identify(config/osprey/network) by extensions ['colcon_pkg']
[0.145s] Level 1:colcon.colcon_core.package_identification:_identify(config/osprey/network) by extension 'colcon_pkg'
[0.145s] Level 1:colcon.colcon_core.package_identification:_identify(config/osprey/network) by extensions ['colcon_meta']
[0.145s] Level 1:colcon.colcon_core.package_identification:_identify(config/osprey/network) by extension 'colcon_meta'
[0.145s] Level 1:colcon.colcon_core.package_identification:_identify(config/osprey/network) by extensions ['ros']
[0.145s] Level 1:colcon.colcon_core.package_identification:_identify(config/osprey/network) by extension 'ros'
[0.145s] Level 1:colcon.colcon_core.package_identification:_identify(config/osprey/network) by extensions ['cmake', 'python']
[0.145s] Level 1:colcon.colcon_core.package_identification:_identify(config/osprey/network) by extension 'cmake'
[0.146s] Level 1:colcon.colcon_core.package_identification:_identify(config/osprey/network) by extension 'python'
[0.146s] Level 1:colcon.colcon_core.package_identification:_identify(config/osprey/network) by extensions ['python_setup_py']
[0.146s] Level 1:colcon.colcon_core.package_identification:_identify(config/osprey/network) by extension 'python_setup_py'
[0.146s] Level 1:colcon.colcon_core.package_identification:_identify(config/osprey/network/NetworkManager) by extensions ['ignore', 'ignore_ament_install']
[0.146s] Level 1:colcon.colcon_core.package_identification:_identify(config/osprey/network/NetworkManager) by extension 'ignore'
[0.146s] Level 1:colcon.colcon_core.package_identification:_identify(config/osprey/network/NetworkManager) by extension 'ignore_ament_install'
[0.146s] Level 1:colcon.colcon_core.package_identification:_identify(config/osprey/network/NetworkManager) by extensions ['colcon_pkg']
[0.146s] Level 1:colcon.colcon_core.package_identification:_identify(config/osprey/network/NetworkManager) by extension 'colcon_pkg'
[0.146s] Level 1:colcon.colcon_core.package_identification:_identify(config/osprey/network/NetworkManager) by extensions ['colcon_meta']
[0.146s] Level 1:colcon.colcon_core.package_identification:_identify(config/osprey/network/NetworkManager) by extension 'colcon_meta'
[0.146s] Level 1:colcon.colcon_core.package_identification:_identify(config/osprey/network/NetworkManager) by extensions ['ros']
[0.146s] Level 1:colcon.colcon_core.package_identification:_identify(config/osprey/network/NetworkManager) by extension 'ros'
[0.146s] Level 1:colcon.colcon_core.package_identification:_identify(config/osprey/network/NetworkManager) by extensions ['cmake', 'python']
[0.146s] Level 1:colcon.colcon_core.package_identification:_identify(config/osprey/network/NetworkManager) by extension 'cmake'
[0.146s] Level 1:colcon.colcon_core.package_identification:_identify(config/osprey/network/NetworkManager) by extension 'python'
[0.146s] Level 1:colcon.colcon_core.package_identification:_identify(config/osprey/network/NetworkManager) by extensions ['python_setup_py']
[0.146s] Level 1:colcon.colcon_core.package_identification:_identify(config/osprey/network/NetworkManager) by extension 'python_setup_py'
[0.146s] Level 1:colcon.colcon_core.package_identification:_identify(containers) by extensions ['ignore', 'ignore_ament_install']
[0.146s] Level 1:colcon.colcon_core.package_identification:_identify(containers) by extension 'ignore'
[0.146s] Level 1:colcon.colcon_core.package_identification:_identify(containers) by extension 'ignore_ament_install'
[0.146s] Level 1:colcon.colcon_core.package_identification:_identify(containers) by extensions ['colcon_pkg']
[0.146s] Level 1:colcon.colcon_core.package_identification:_identify(containers) by extension 'colcon_pkg'
[0.146s] Level 1:colcon.colcon_core.package_identification:_identify(containers) by extensions ['colcon_meta']
[0.146s] Level 1:colcon.colcon_core.package_identification:_identify(containers) by extension 'colcon_meta'
[0.146s] Level 1:colcon.colcon_core.package_identification:_identify(containers) by extensions ['ros']
[0.146s] Level 1:colcon.colcon_core.package_identification:_identify(containers) by extension 'ros'
[0.146s] Level 1:colcon.colcon_core.package_identification:_identify(containers) by extensions ['cmake', 'python']
[0.146s] Level 1:colcon.colcon_core.package_identification:_identify(containers) by extension 'cmake'
[0.146s] Level 1:colcon.colcon_core.package_identification:_identify(containers) by extension 'python'
[0.146s] Level 1:colcon.colcon_core.package_identification:_identify(containers) by extensions ['python_setup_py']
[0.146s] Level 1:colcon.colcon_core.package_identification:_identify(containers) by extension 'python_setup_py'
[0.146s] Level 1:colcon.colcon_core.package_identification:_identify(containers/arena-sdk) by extensions ['ignore', 'ignore_ament_install']
[0.146s] Level 1:colcon.colcon_core.package_identification:_identify(containers/arena-sdk) by extension 'ignore'
[0.146s] Level 1:colcon.colcon_core.package_identification:_identify(containers/arena-sdk) by extension 'ignore_ament_install'
[0.146s] Level 1:colcon.colcon_core.package_identification:_identify(containers/arena-sdk) by extensions ['colcon_pkg']
[0.146s] Level 1:colcon.colcon_core.package_identification:_identify(containers/arena-sdk) by extension 'colcon_pkg'
[0.146s] Level 1:colcon.colcon_core.package_identification:_identify(containers/arena-sdk) by extensions ['colcon_meta']
[0.146s] Level 1:colcon.colcon_core.package_identification:_identify(containers/arena-sdk) by extension 'colcon_meta'
[0.147s] Level 1:colcon.colcon_core.package_identification:_identify(containers/arena-sdk) by extensions ['ros']
[0.147s] Level 1:colcon.colcon_core.package_identification:_identify(containers/arena-sdk) by extension 'ros'
[0.147s] Level 1:colcon.colcon_core.package_identification:_identify(containers/arena-sdk) by extensions ['cmake', 'python']
[0.147s] Level 1:colcon.colcon_core.package_identification:_identify(containers/arena-sdk) by extension 'cmake'
[0.147s] Level 1:colcon.colcon_core.package_identification:_identify(containers/arena-sdk) by extension 'python'
[0.147s] Level 1:colcon.colcon_core.package_identification:_identify(containers/arena-sdk) by extensions ['python_setup_py']
[0.147s] Level 1:colcon.colcon_core.package_identification:_identify(containers/arena-sdk) by extension 'python_setup_py'
[0.147s] Level 1:colcon.colcon_core.package_identification:_identify(deployment) by extensions ['ignore', 'ignore_ament_install']
[0.147s] Level 1:colcon.colcon_core.package_identification:_identify(deployment) by extension 'ignore'
[0.147s] Level 1:colcon.colcon_core.package_identification:_identify(deployment) by extension 'ignore_ament_install'
[0.147s] Level 1:colcon.colcon_core.package_identification:_identify(deployment) by extensions ['colcon_pkg']
[0.147s] Level 1:colcon.colcon_core.package_identification:_identify(deployment) by extension 'colcon_pkg'
[0.147s] Level 1:colcon.colcon_core.package_identification:_identify(deployment) by extensions ['colcon_meta']
[0.147s] Level 1:colcon.colcon_core.package_identification:_identify(deployment) by extension 'colcon_meta'
[0.147s] Level 1:colcon.colcon_core.package_identification:_identify(deployment) by extensions ['ros']
[0.147s] Level 1:colcon.colcon_core.package_identification:_identify(deployment) by extension 'ros'
[0.147s] Level 1:colcon.colcon_core.package_identification:_identify(deployment) by extensions ['cmake', 'python']
[0.147s] Level 1:colcon.colcon_core.package_identification:_identify(deployment) by extension 'cmake'
[0.147s] Level 1:colcon.colcon_core.package_identification:_identify(deployment) by extension 'python'
[0.147s] Level 1:colcon.colcon_core.package_identification:_identify(deployment) by extensions ['python_setup_py']
[0.147s] Level 1:colcon.colcon_core.package_identification:_identify(deployment) by extension 'python_setup_py'
[0.147s] Level 1:colcon.colcon_core.package_identification:_identify(firmware) by extensions ['ignore', 'ignore_ament_install']
[0.147s] Level 1:colcon.colcon_core.package_identification:_identify(firmware) by extension 'ignore'
[0.147s] Level 1:colcon.colcon_core.package_identification:_identify(firmware) by extension 'ignore_ament_install'
[0.147s] Level 1:colcon.colcon_core.package_identification:_identify(firmware) by extensions ['colcon_pkg']
[0.147s] Level 1:colcon.colcon_core.package_identification:_identify(firmware) by extension 'colcon_pkg'
[0.147s] Level 1:colcon.colcon_core.package_identification:_identify(firmware) by extensions ['colcon_meta']
[0.147s] Level 1:colcon.colcon_core.package_identification:_identify(firmware) by extension 'colcon_meta'
[0.147s] Level 1:colcon.colcon_core.package_identification:_identify(firmware) by extensions ['ros']
[0.147s] Level 1:colcon.colcon_core.package_identification:_identify(firmware) by extension 'ros'
[0.147s] Level 1:colcon.colcon_core.package_identification:_identify(firmware) by extensions ['cmake', 'python']
[0.147s] Level 1:colcon.colcon_core.package_identification:_identify(firmware) by extension 'cmake'
[0.147s] Level 1:colcon.colcon_core.package_identification:_identify(firmware) by extension 'python'
[0.147s] Level 1:colcon.colcon_core.package_identification:_identify(firmware) by extensions ['python_setup_py']
[0.147s] Level 1:colcon.colcon_core.package_identification:_identify(firmware) by extension 'python_setup_py'
[0.147s] Level 1:colcon.colcon_core.package_identification:_identify(firmware/arduino-bar02-depth) by extensions ['ignore', 'ignore_ament_install']
[0.147s] Level 1:colcon.colcon_core.package_identification:_identify(firmware/arduino-bar02-depth) by extension 'ignore'
[0.147s] Level 1:colcon.colcon_core.package_identification:_identify(firmware/arduino-bar02-depth) by extension 'ignore_ament_install'
[0.147s] Level 1:colcon.colcon_core.package_identification:_identify(firmware/arduino-bar02-depth) by extensions ['colcon_pkg']
[0.148s] Level 1:colcon.colcon_core.package_identification:_identify(firmware/arduino-bar02-depth) by extension 'colcon_pkg'
[0.148s] Level 1:colcon.colcon_core.package_identification:_identify(firmware/arduino-bar02-depth) by extensions ['colcon_meta']
[0.148s] Level 1:colcon.colcon_core.package_identification:_identify(firmware/arduino-bar02-depth) by extension 'colcon_meta'
[0.148s] Level 1:colcon.colcon_core.package_identification:_identify(firmware/arduino-bar02-depth) by extensions ['ros']
[0.148s] Level 1:colcon.colcon_core.package_identification:_identify(firmware/arduino-bar02-depth) by extension 'ros'
[0.148s] Level 1:colcon.colcon_core.package_identification:_identify(firmware/arduino-bar02-depth) by extensions ['cmake', 'python']
[0.148s] Level 1:colcon.colcon_core.package_identification:_identify(firmware/arduino-bar02-depth) by extension 'cmake'
[0.148s] Level 1:colcon.colcon_core.package_identification:_identify(firmware/arduino-bar02-depth) by extension 'python'
[0.148s] Level 1:colcon.colcon_core.package_identification:_identify(firmware/arduino-bar02-depth) by extensions ['python_setup_py']
[0.148s] Level 1:colcon.colcon_core.package_identification:_identify(firmware/arduino-bar02-depth) by extension 'python_setup_py'
[0.148s] Level 1:colcon.colcon_core.package_identification:_identify(firmware/leds) by extensions ['ignore', 'ignore_ament_install']
[0.148s] Level 1:colcon.colcon_core.package_identification:_identify(firmware/leds) by extension 'ignore'
[0.148s] Level 1:colcon.colcon_core.package_identification:_identify(firmware/leds) by extension 'ignore_ament_install'
[0.148s] Level 1:colcon.colcon_core.package_identification:_identify(firmware/leds) by extensions ['colcon_pkg']
[0.148s] Level 1:colcon.colcon_core.package_identification:_identify(firmware/leds) by extension 'colcon_pkg'
[0.148s] Level 1:colcon.colcon_core.package_identification:_identify(firmware/leds) by extensions ['colcon_meta']
[0.148s] Level 1:colcon.colcon_core.package_identification:_identify(firmware/leds) by extension 'colcon_meta'
[0.148s] Level 1:colcon.colcon_core.package_identification:_identify(firmware/leds) by extensions ['ros']
[0.148s] Level 1:colcon.colcon_core.package_identification:_identify(firmware/leds) by extension 'ros'
[0.148s] Level 1:colcon.colcon_core.package_identification:_identify(firmware/leds) by extensions ['cmake', 'python']
[0.148s] Level 1:colcon.colcon_core.package_identification:_identify(firmware/leds) by extension 'cmake'
[0.148s] Level 1:colcon.colcon_core.package_identification:_identify(firmware/leds) by extension 'python'
[0.148s] Level 1:colcon.colcon_core.package_identification:_identify(firmware/leds) by extensions ['python_setup_py']
[0.148s] Level 1:colcon.colcon_core.package_identification:_identify(firmware/leds) by extension 'python_setup_py'
[0.148s] Level 1:colcon.colcon_core.package_identification:_identify(firmware/leds/libraries) by extensions ['ignore', 'ignore_ament_install']
[0.148s] Level 1:colcon.colcon_core.package_identification:_identify(firmware/leds/libraries) by extension 'ignore'
[0.148s] Level 1:colcon.colcon_core.package_identification:_identify(firmware/leds/libraries) by extension 'ignore_ament_install'
[0.148s] Level 1:colcon.colcon_core.package_identification:_identify(firmware/leds/libraries) by extensions ['colcon_pkg']
[0.148s] Level 1:colcon.colcon_core.package_identification:_identify(firmware/leds/libraries) by extension 'colcon_pkg'
[0.148s] Level 1:colcon.colcon_core.package_identification:_identify(firmware/leds/libraries) by extensions ['colcon_meta']
[0.148s] Level 1:colcon.colcon_core.package_identification:_identify(firmware/leds/libraries) by extension 'colcon_meta'
[0.148s] Level 1:colcon.colcon_core.package_identification:_identify(firmware/leds/libraries) by extensions ['ros']
[0.148s] Level 1:colcon.colcon_core.package_identification:_identify(firmware/leds/libraries) by extension 'ros'
[0.148s] Level 1:colcon.colcon_core.package_identification:_identify(firmware/leds/libraries) by extensions ['cmake', 'python']
[0.148s] Level 1:colcon.colcon_core.package_identification:_identify(firmware/leds/libraries) by extension 'cmake'
[0.148s] Level 1:colcon.colcon_core.package_identification:_identify(firmware/leds/libraries) by extension 'python'
[0.148s] Level 1:colcon.colcon_core.package_identification:_identify(firmware/leds/libraries) by extensions ['python_setup_py']
[0.148s] Level 1:colcon.colcon_core.package_identification:_identify(firmware/leds/libraries) by extension 'python_setup_py'
[0.148s] Level 1:colcon.colcon_core.package_identification:_identify(firmware/powerboard_arduino) by extensions ['ignore', 'ignore_ament_install']
[0.148s] Level 1:colcon.colcon_core.package_identification:_identify(firmware/powerboard_arduino) by extension 'ignore'
[0.149s] Level 1:colcon.colcon_core.package_identification:_identify(firmware/powerboard_arduino) by extension 'ignore_ament_install'
[0.149s] Level 1:colcon.colcon_core.package_identification:_identify(firmware/powerboard_arduino) by extensions ['colcon_pkg']
[0.149s] Level 1:colcon.colcon_core.package_identification:_identify(firmware/powerboard_arduino) by extension 'colcon_pkg'
[0.149s] Level 1:colcon.colcon_core.package_identification:_identify(firmware/powerboard_arduino) by extensions ['colcon_meta']
[0.149s] Level 1:colcon.colcon_core.package_identification:_identify(firmware/powerboard_arduino) by extension 'colcon_meta'
[0.149s] Level 1:colcon.colcon_core.package_identification:_identify(firmware/powerboard_arduino) by extensions ['ros']
[0.149s] Level 1:colcon.colcon_core.package_identification:_identify(firmware/powerboard_arduino) by extension 'ros'
[0.149s] Level 1:colcon.colcon_core.package_identification:_identify(firmware/powerboard_arduino) by extensions ['cmake', 'python']
[0.149s] Level 1:colcon.colcon_core.package_identification:_identify(firmware/powerboard_arduino) by extension 'cmake'
[0.149s] Level 1:colcon.colcon_core.package_identification:_identify(firmware/powerboard_arduino) by extension 'python'
[0.149s] Level 1:colcon.colcon_core.package_identification:_identify(firmware/powerboard_arduino) by extensions ['python_setup_py']
[0.149s] Level 1:colcon.colcon_core.package_identification:_identify(firmware/powerboard_arduino) by extension 'python_setup_py'
[0.149s] Level 1:colcon.colcon_core.package_identification:_identify(firmware/powerboard_stm32) by extensions ['ignore', 'ignore_ament_install']
[0.149s] Level 1:colcon.colcon_core.package_identification:_identify(firmware/powerboard_stm32) by extension 'ignore'
[0.149s] Level 1:colcon.colcon_core.package_identification:_identify(firmware/powerboard_stm32) by extension 'ignore_ament_install'
[0.149s] Level 1:colcon.colcon_core.package_identification:_identify(firmware/powerboard_stm32) by extensions ['colcon_pkg']
[0.149s] Level 1:colcon.colcon_core.package_identification:_identify(firmware/powerboard_stm32) by extension 'colcon_pkg'
[0.149s] Level 1:colcon.colcon_core.package_identification:_identify(firmware/powerboard_stm32) by extensions ['colcon_meta']
[0.149s] Level 1:colcon.colcon_core.package_identification:_identify(firmware/powerboard_stm32) by extension 'colcon_meta'
[0.149s] Level 1:colcon.colcon_core.package_identification:_identify(firmware/powerboard_stm32) by extensions ['ros']
[0.149s] Level 1:colcon.colcon_core.package_identification:_identify(firmware/powerboard_stm32) by extension 'ros'
[0.149s] Level 1:colcon.colcon_core.package_identification:_identify(firmware/powerboard_stm32) by extensions ['cmake', 'python']
[0.149s] Level 1:colcon.colcon_core.package_identification:_identify(firmware/powerboard_stm32) by extension 'cmake'
[0.152s] Level 1:colcon.colcon_core.package_identification:_identify(firmware/powerboard_stm32) by extension 'python'
[0.152s] DEBUG:colcon.colcon_core.package_identification:Package 'firmware/powerboard_stm32' with type 'cmake' and name 'powerboard_stm32'
[0.153s] Level 1:colcon.colcon_core.package_identification:_identify(firmware/rtvc) by extensions ['ignore', 'ignore_ament_install']
[0.153s] Level 1:colcon.colcon_core.package_identification:_identify(firmware/rtvc) by extension 'ignore'
[0.153s] Level 1:colcon.colcon_core.package_identification:_identify(firmware/rtvc) by extension 'ignore_ament_install'
[0.153s] Level 1:colcon.colcon_core.package_identification:_identify(firmware/rtvc) by extensions ['colcon_pkg']
[0.153s] Level 1:colcon.colcon_core.package_identification:_identify(firmware/rtvc) by extension 'colcon_pkg'
[0.153s] Level 1:colcon.colcon_core.package_identification:_identify(firmware/rtvc) by extensions ['colcon_meta']
[0.153s] Level 1:colcon.colcon_core.package_identification:_identify(firmware/rtvc) by extension 'colcon_meta'
[0.153s] Level 1:colcon.colcon_core.package_identification:_identify(firmware/rtvc) by extensions ['ros']
[0.153s] Level 1:colcon.colcon_core.package_identification:_identify(firmware/rtvc) by extension 'ros'
[0.153s] Level 1:colcon.colcon_core.package_identification:_identify(firmware/rtvc) by extensions ['cmake', 'python']
[0.153s] Level 1:colcon.colcon_core.package_identification:_identify(firmware/rtvc) by extension 'cmake'
[0.155s] Level 1:colcon.colcon_core.package_identification:_identify(firmware/rtvc) by extension 'python'
[0.155s] DEBUG:colcon.colcon_core.package_identification:Package 'firmware/rtvc' with type 'cmake' and name 'rtvc'
[0.155s] Level 1:colcon.colcon_core.package_identification:_identify(firmware/schemas) by extensions ['ignore', 'ignore_ament_install']
[0.155s] Level 1:colcon.colcon_core.package_identification:_identify(firmware/schemas) by extension 'ignore'
[0.155s] Level 1:colcon.colcon_core.package_identification:_identify(firmware/schemas) by extension 'ignore_ament_install'
[0.155s] Level 1:colcon.colcon_core.package_identification:_identify(firmware/schemas) by extensions ['colcon_pkg']
[0.155s] Level 1:colcon.colcon_core.package_identification:_identify(firmware/schemas) by extension 'colcon_pkg'
[0.155s] Level 1:colcon.colcon_core.package_identification:_identify(firmware/schemas) by extensions ['colcon_meta']
[0.155s] Level 1:colcon.colcon_core.package_identification:_identify(firmware/schemas) by extension 'colcon_meta'
[0.155s] Level 1:colcon.colcon_core.package_identification:_identify(firmware/schemas) by extensions ['ros']
[0.155s] Level 1:colcon.colcon_core.package_identification:_identify(firmware/schemas) by extension 'ros'
[0.155s] Level 1:colcon.colcon_core.package_identification:_identify(firmware/schemas) by extensions ['cmake', 'python']
[0.155s] Level 1:colcon.colcon_core.package_identification:_identify(firmware/schemas) by extension 'cmake'
[0.155s] Level 1:colcon.colcon_core.package_identification:_identify(firmware/schemas) by extension 'python'
[0.155s] Level 1:colcon.colcon_core.package_identification:_identify(firmware/schemas) by extensions ['python_setup_py']
[0.155s] Level 1:colcon.colcon_core.package_identification:_identify(firmware/schemas) by extension 'python_setup_py'
[0.155s] Level 1:colcon.colcon_core.package_identification:_identify(firmware/tools) by extensions ['ignore', 'ignore_ament_install']
[0.155s] Level 1:colcon.colcon_core.package_identification:_identify(firmware/tools) by extension 'ignore'
[0.155s] Level 1:colcon.colcon_core.package_identification:_identify(firmware/tools) by extension 'ignore_ament_install'
[0.155s] Level 1:colcon.colcon_core.package_identification:_identify(firmware/tools) by extensions ['colcon_pkg']
[0.156s] Level 1:colcon.colcon_core.package_identification:_identify(firmware/tools) by extension 'colcon_pkg'
[0.156s] Level 1:colcon.colcon_core.package_identification:_identify(firmware/tools) by extensions ['colcon_meta']
[0.156s] Level 1:colcon.colcon_core.package_identification:_identify(firmware/tools) by extension 'colcon_meta'
[0.156s] Level 1:colcon.colcon_core.package_identification:_identify(firmware/tools) by extensions ['ros']
[0.156s] Level 1:colcon.colcon_core.package_identification:_identify(firmware/tools) by extension 'ros'
[0.156s] Level 1:colcon.colcon_core.package_identification:_identify(firmware/tools) by extensions ['cmake', 'python']
[0.156s] Level 1:colcon.colcon_core.package_identification:_identify(firmware/tools) by extension 'cmake'
[0.156s] Level 1:colcon.colcon_core.package_identification:_identify(firmware/tools) by extension 'python'
[0.156s] Level 1:colcon.colcon_core.package_identification:_identify(firmware/tools) by extensions ['python_setup_py']
[0.156s] Level 1:colcon.colcon_core.package_identification:_identify(firmware/tools) by extension 'python_setup_py'
[0.156s] Level 1:colcon.colcon_core.package_identification:_identify(install) by extensions ['ignore', 'ignore_ament_install']
[0.156s] Level 1:colcon.colcon_core.package_identification:_identify(install) by extension 'ignore'
[0.156s] Level 1:colcon.colcon_core.package_identification:_identify(install) ignored
[0.156s] Level 1:colcon.colcon_core.package_identification:_identify(log) by extensions ['ignore', 'ignore_ament_install']
[0.156s] Level 1:colcon.colcon_core.package_identification:_identify(log) by extension 'ignore'
[0.156s] Level 1:colcon.colcon_core.package_identification:_identify(log) ignored
[0.156s] Level 1:colcon.colcon_core.package_identification:_identify(packages) by extensions ['ignore', 'ignore_ament_install']
[0.156s] Level 1:colcon.colcon_core.package_identification:_identify(packages) by extension 'ignore'
[0.156s] Level 1:colcon.colcon_core.package_identification:_identify(packages) by extension 'ignore_ament_install'
[0.156s] Level 1:colcon.colcon_core.package_identification:_identify(packages) by extensions ['colcon_pkg']
[0.156s] Level 1:colcon.colcon_core.package_identification:_identify(packages) by extension 'colcon_pkg'
[0.156s] Level 1:colcon.colcon_core.package_identification:_identify(packages) by extensions ['colcon_meta']
[0.156s] Level 1:colcon.colcon_core.package_identification:_identify(packages) by extension 'colcon_meta'
[0.156s] Level 1:colcon.colcon_core.package_identification:_identify(packages) by extensions ['ros']
[0.156s] Level 1:colcon.colcon_core.package_identification:_identify(packages) by extension 'ros'
[0.156s] Level 1:colcon.colcon_core.package_identification:_identify(packages) by extensions ['cmake', 'python']
[0.156s] Level 1:colcon.colcon_core.package_identification:_identify(packages) by extension 'cmake'
[0.156s] Level 1:colcon.colcon_core.package_identification:_identify(packages) by extension 'python'
[0.157s] Level 1:colcon.colcon_core.package_identification:_identify(packages) by extensions ['python_setup_py']
[0.157s] Level 1:colcon.colcon_core.package_identification:_identify(packages) by extension 'python_setup_py'
[0.157s] Level 1:colcon.colcon_core.package_identification:_identify(packages/tauv_common) by extensions ['ignore', 'ignore_ament_install']
[0.157s] Level 1:colcon.colcon_core.package_identification:_identify(packages/tauv_common) by extension 'ignore'
[0.157s] Level 1:colcon.colcon_core.package_identification:_identify(packages/tauv_common) by extension 'ignore_ament_install'
[0.157s] Level 1:colcon.colcon_core.package_identification:_identify(packages/tauv_common) by extensions ['colcon_pkg']
[0.157s] Level 1:colcon.colcon_core.package_identification:_identify(packages/tauv_common) by extension 'colcon_pkg'
[0.157s] Level 1:colcon.colcon_core.package_identification:_identify(packages/tauv_common) by extensions ['colcon_meta']
[0.157s] Level 1:colcon.colcon_core.package_identification:_identify(packages/tauv_common) by extension 'colcon_meta'
[0.157s] Level 1:colcon.colcon_core.package_identification:_identify(packages/tauv_common) by extensions ['ros']
[0.157s] Level 1:colcon.colcon_core.package_identification:_identify(packages/tauv_common) by extension 'ros'
[0.157s] Level 1:colcon.colcon_core.package_identification:_identify(packages/tauv_common) by extensions ['cmake', 'python']
[0.157s] Level 1:colcon.colcon_core.package_identification:_identify(packages/tauv_common) by extension 'cmake'
[0.157s] Level 1:colcon.colcon_core.package_identification:_identify(packages/tauv_common) by extension 'python'
[0.157s] Level 1:colcon.colcon_core.package_identification:_identify(packages/tauv_common) by extensions ['python_setup_py']
[0.157s] Level 1:colcon.colcon_core.package_identification:_identify(packages/tauv_common) by extension 'python_setup_py'
[0.157s] Level 1:colcon.colcon_core.package_identification:_identify(packages/tauv_common/src) by extensions ['ignore', 'ignore_ament_install']
[0.157s] Level 1:colcon.colcon_core.package_identification:_identify(packages/tauv_common/src) by extension 'ignore'
[0.157s] Level 1:colcon.colcon_core.package_identification:_identify(packages/tauv_common/src) by extension 'ignore_ament_install'
[0.157s] Level 1:colcon.colcon_core.package_identification:_identify(packages/tauv_common/src) by extensions ['colcon_pkg']
[0.157s] Level 1:colcon.colcon_core.package_identification:_identify(packages/tauv_common/src) by extension 'colcon_pkg'
[0.157s] Level 1:colcon.colcon_core.package_identification:_identify(packages/tauv_common/src) by extensions ['colcon_meta']
[0.157s] Level 1:colcon.colcon_core.package_identification:_identify(packages/tauv_common/src) by extension 'colcon_meta'
[0.157s] Level 1:colcon.colcon_core.package_identification:_identify(packages/tauv_common/src) by extensions ['ros']
[0.157s] Level 1:colcon.colcon_core.package_identification:_identify(packages/tauv_common/src) by extension 'ros'
[0.157s] Level 1:colcon.colcon_core.package_identification:_identify(packages/tauv_common/src) by extensions ['cmake', 'python']
[0.157s] Level 1:colcon.colcon_core.package_identification:_identify(packages/tauv_common/src) by extension 'cmake'
[0.157s] Level 1:colcon.colcon_core.package_identification:_identify(packages/tauv_common/src) by extension 'python'
[0.157s] Level 1:colcon.colcon_core.package_identification:_identify(packages/tauv_common/src) by extensions ['python_setup_py']
[0.157s] Level 1:colcon.colcon_core.package_identification:_identify(packages/tauv_common/src) by extension 'python_setup_py'
[0.157s] Level 1:colcon.colcon_core.package_identification:_identify(packages/tauv_common/src/dynamics) by extensions ['ignore', 'ignore_ament_install']
[0.157s] Level 1:colcon.colcon_core.package_identification:_identify(packages/tauv_common/src/dynamics) by extension 'ignore'
[0.157s] Level 1:colcon.colcon_core.package_identification:_identify(packages/tauv_common/src/dynamics) by extension 'ignore_ament_install'
[0.157s] Level 1:colcon.colcon_core.package_identification:_identify(packages/tauv_common/src/dynamics) by extensions ['colcon_pkg']
[0.158s] Level 1:colcon.colcon_core.package_identification:_identify(packages/tauv_common/src/dynamics) by extension 'colcon_pkg'
[0.158s] Level 1:colcon.colcon_core.package_identification:_identify(packages/tauv_common/src/dynamics) by extensions ['colcon_meta']
[0.158s] Level 1:colcon.colcon_core.package_identification:_identify(packages/tauv_common/src/dynamics) by extension 'colcon_meta'
[0.158s] Level 1:colcon.colcon_core.package_identification:_identify(packages/tauv_common/src/dynamics) by extensions ['ros']
[0.158s] Level 1:colcon.colcon_core.package_identification:_identify(packages/tauv_common/src/dynamics) by extension 'ros'
[0.158s] Level 1:colcon.colcon_core.package_identification:_identify(packages/tauv_common/src/dynamics) by extensions ['cmake', 'python']
[0.158s] Level 1:colcon.colcon_core.package_identification:_identify(packages/tauv_common/src/dynamics) by extension 'cmake'
[0.158s] Level 1:colcon.colcon_core.package_identification:_identify(packages/tauv_common/src/dynamics) by extension 'python'
[0.158s] Level 1:colcon.colcon_core.package_identification:_identify(packages/tauv_common/src/dynamics) by extensions ['python_setup_py']
[0.158s] Level 1:colcon.colcon_core.package_identification:_identify(packages/tauv_common/src/dynamics) by extension 'python_setup_py'
[0.158s] Level 1:colcon.colcon_core.package_identification:_identify(ros_ws) by extensions ['ignore', 'ignore_ament_install']
[0.158s] Level 1:colcon.colcon_core.package_identification:_identify(ros_ws) by extension 'ignore'
[0.158s] Level 1:colcon.colcon_core.package_identification:_identify(ros_ws) by extension 'ignore_ament_install'
[0.158s] Level 1:colcon.colcon_core.package_identification:_identify(ros_ws) by extensions ['colcon_pkg']
[0.158s] Level 1:colcon.colcon_core.package_identification:_identify(ros_ws) by extension 'colcon_pkg'
[0.158s] Level 1:colcon.colcon_core.package_identification:_identify(ros_ws) by extensions ['colcon_meta']
[0.158s] Level 1:colcon.colcon_core.package_identification:_identify(ros_ws) by extension 'colcon_meta'
[0.158s] Level 1:colcon.colcon_core.package_identification:_identify(ros_ws) by extensions ['ros']
[0.158s] Level 1:colcon.colcon_core.package_identification:_identify(ros_ws) by extension 'ros'
[0.158s] Level 1:colcon.colcon_core.package_identification:_identify(ros_ws) by extensions ['cmake', 'python']
[0.158s] Level 1:colcon.colcon_core.package_identification:_identify(ros_ws) by extension 'cmake'
[0.158s] Level 1:colcon.colcon_core.package_identification:_identify(ros_ws) by extension 'python'
[0.158s] Level 1:colcon.colcon_core.package_identification:_identify(ros_ws) by extensions ['python_setup_py']
[0.158s] Level 1:colcon.colcon_core.package_identification:_identify(ros_ws) by extension 'python_setup_py'
[0.158s] Level 1:colcon.colcon_core.package_identification:_identify(ros_ws/build) by extensions ['ignore', 'ignore_ament_install']
[0.158s] Level 1:colcon.colcon_core.package_identification:_identify(ros_ws/build) by extension 'ignore'
[0.158s] Level 1:colcon.colcon_core.package_identification:_identify(ros_ws/build) ignored
[0.158s] Level 1:colcon.colcon_core.package_identification:_identify(ros_ws/install) by extensions ['ignore', 'ignore_ament_install']
[0.158s] Level 1:colcon.colcon_core.package_identification:_identify(ros_ws/install) by extension 'ignore'
[0.158s] Level 1:colcon.colcon_core.package_identification:_identify(ros_ws/install) ignored
[0.159s] Level 1:colcon.colcon_core.package_identification:_identify(ros_ws/log) by extensions ['ignore', 'ignore_ament_install']
[0.159s] Level 1:colcon.colcon_core.package_identification:_identify(ros_ws/log) by extension 'ignore'
[0.159s] Level 1:colcon.colcon_core.package_identification:_identify(ros_ws/log) ignored
[0.159s] Level 1:colcon.colcon_core.package_identification:_identify(ros_ws/src) by extensions ['ignore', 'ignore_ament_install']
[0.159s] Level 1:colcon.colcon_core.package_identification:_identify(ros_ws/src) by extension 'ignore'
[0.159s] Level 1:colcon.colcon_core.package_identification:_identify(ros_ws/src) by extension 'ignore_ament_install'
[0.159s] Level 1:colcon.colcon_core.package_identification:_identify(ros_ws/src) by extensions ['colcon_pkg']
[0.159s] Level 1:colcon.colcon_core.package_identification:_identify(ros_ws/src) by extension 'colcon_pkg'
[0.159s] Level 1:colcon.colcon_core.package_identification:_identify(ros_ws/src) by extensions ['colcon_meta']
[0.159s] Level 1:colcon.colcon_core.package_identification:_identify(ros_ws/src) by extension 'colcon_meta'
[0.159s] Level 1:colcon.colcon_core.package_identification:_identify(ros_ws/src) by extensions ['ros']
[0.159s] Level 1:colcon.colcon_core.package_identification:_identify(ros_ws/src) by extension 'ros'
[0.159s] Level 1:colcon.colcon_core.package_identification:_identify(ros_ws/src) by extensions ['cmake', 'python']
[0.159s] Level 1:colcon.colcon_core.package_identification:_identify(ros_ws/src) by extension 'cmake'
[0.159s] Level 1:colcon.colcon_core.package_identification:_identify(ros_ws/src) by extension 'python'
[0.159s] Level 1:colcon.colcon_core.package_identification:_identify(ros_ws/src) by extensions ['python_setup_py']
[0.159s] Level 1:colcon.colcon_core.package_identification:_identify(ros_ws/src) by extension 'python_setup_py'
[0.159s] Level 1:colcon.colcon_core.package_identification:_identify(ros_ws/src/stonefish_ros2) by extensions ['ignore', 'ignore_ament_install']
[0.159s] Level 1:colcon.colcon_core.package_identification:_identify(ros_ws/src/stonefish_ros2) by extension 'ignore'
[0.159s] Level 1:colcon.colcon_core.package_identification:_identify(ros_ws/src/stonefish_ros2) by extension 'ignore_ament_install'
[0.159s] Level 1:colcon.colcon_core.package_identification:_identify(ros_ws/src/stonefish_ros2) by extensions ['colcon_pkg']
[0.159s] Level 1:colcon.colcon_core.package_identification:_identify(ros_ws/src/stonefish_ros2) by extension 'colcon_pkg'
[0.159s] Level 1:colcon.colcon_core.package_identification:_identify(ros_ws/src/stonefish_ros2) by extensions ['colcon_meta']
[0.159s] Level 1:colcon.colcon_core.package_identification:_identify(ros_ws/src/stonefish_ros2) by extension 'colcon_meta'
[0.159s] Level 1:colcon.colcon_core.package_identification:_identify(ros_ws/src/stonefish_ros2) by extensions ['ros']
[0.159s] Level 1:colcon.colcon_core.package_identification:_identify(ros_ws/src/stonefish_ros2) by extension 'ros'
[0.163s] DEBUG:colcon.colcon_core.package_identification:Package 'ros_ws/src/stonefish_ros2' with type 'ros.ament_cmake' and name 'stonefish_ros2'
[0.163s] Level 1:colcon.colcon_core.package_identification:_identify(ros_ws/src/tauv_common) by extensions ['ignore', 'ignore_ament_install']
[0.163s] Level 1:colcon.colcon_core.package_identification:_identify(ros_ws/src/tauv_common) by extension 'ignore'
[0.163s] Level 1:colcon.colcon_core.package_identification:_identify(ros_ws/src/tauv_common) by extension 'ignore_ament_install'
[0.163s] Level 1:colcon.colcon_core.package_identification:_identify(ros_ws/src/tauv_common) by extensions ['colcon_pkg']
[0.163s] Level 1:colcon.colcon_core.package_identification:_identify(ros_ws/src/tauv_common) by extension 'colcon_pkg'
[0.163s] Level 1:colcon.colcon_core.package_identification:_identify(ros_ws/src/tauv_common) by extensions ['colcon_meta']
[0.163s] Level 1:colcon.colcon_core.package_identification:_identify(ros_ws/src/tauv_common) by extension 'colcon_meta'
[0.163s] Level 1:colcon.colcon_core.package_identification:_identify(ros_ws/src/tauv_common) by extensions ['ros']
[0.163s] Level 1:colcon.colcon_core.package_identification:_identify(ros_ws/src/tauv_common) by extension 'ros'
[0.164s] DEBUG:colcon.colcon_core.package_identification:Package 'ros_ws/src/tauv_common' with type 'ros.ament_python' and name 'tauv_common'
[0.164s] Level 1:colcon.colcon_core.package_identification:_identify(ros_ws/src/tauv_config) by extensions ['ignore', 'ignore_ament_install']
[0.164s] Level 1:colcon.colcon_core.package_identification:_identify(ros_ws/src/tauv_config) by extension 'ignore'
[0.165s] Level 1:colcon.colcon_core.package_identification:_identify(ros_ws/src/tauv_config) by extension 'ignore_ament_install'
[0.165s] Level 1:colcon.colcon_core.package_identification:_identify(ros_ws/src/tauv_config) by extensions ['colcon_pkg']
[0.165s] Level 1:colcon.colcon_core.package_identification:_identify(ros_ws/src/tauv_config) by extension 'colcon_pkg'
[0.165s] Level 1:colcon.colcon_core.package_identification:_identify(ros_ws/src/tauv_config) by extensions ['colcon_meta']
[0.165s] Level 1:colcon.colcon_core.package_identification:_identify(ros_ws/src/tauv_config) by extension 'colcon_meta'
[0.165s] Level 1:colcon.colcon_core.package_identification:_identify(ros_ws/src/tauv_config) by extensions ['ros']
[0.165s] Level 1:colcon.colcon_core.package_identification:_identify(ros_ws/src/tauv_config) by extension 'ros'
[0.165s] DEBUG:colcon.colcon_core.package_identification:Package 'ros_ws/src/tauv_config' with type 'ros.ament_cmake' and name 'tauv_config'
[0.165s] Level 1:colcon.colcon_core.package_identification:_identify(ros_ws/src/tauv_msgs) by extensions ['ignore', 'ignore_ament_install']
[0.165s] Level 1:colcon.colcon_core.package_identification:_identify(ros_ws/src/tauv_msgs) by extension 'ignore'
[0.165s] Level 1:colcon.colcon_core.package_identification:_identify(ros_ws/src/tauv_msgs) by extension 'ignore_ament_install'
[0.165s] Level 1:colcon.colcon_core.package_identification:_identify(ros_ws/src/tauv_msgs) by extensions ['colcon_pkg']
[0.165s] Level 1:colcon.colcon_core.package_identification:_identify(ros_ws/src/tauv_msgs) by extension 'colcon_pkg'
[0.165s] Level 1:colcon.colcon_core.package_identification:_identify(ros_ws/src/tauv_msgs) by extensions ['colcon_meta']
[0.165s] Level 1:colcon.colcon_core.package_identification:_identify(ros_ws/src/tauv_msgs) by extension 'colcon_meta'
[0.165s] Level 1:colcon.colcon_core.package_identification:_identify(ros_ws/src/tauv_msgs) by extensions ['ros']
[0.165s] Level 1:colcon.colcon_core.package_identification:_identify(ros_ws/src/tauv_msgs) by extension 'ros'
[0.166s] DEBUG:colcon.colcon_core.package_identification:Package 'ros_ws/src/tauv_msgs' with type 'ros.ament_cmake' and name 'tauv_msgs'
[0.166s] Level 1:colcon.colcon_core.package_identification:_identify(ros_ws/src/tauv_sim) by extensions ['ignore', 'ignore_ament_install']
[0.166s] Level 1:colcon.colcon_core.package_identification:_identify(ros_ws/src/tauv_sim) by extension 'ignore'
[0.166s] Level 1:colcon.colcon_core.package_identification:_identify(ros_ws/src/tauv_sim) by extension 'ignore_ament_install'
[0.166s] Level 1:colcon.colcon_core.package_identification:_identify(ros_ws/src/tauv_sim) by extensions ['colcon_pkg']
[0.166s] Level 1:colcon.colcon_core.package_identification:_identify(ros_ws/src/tauv_sim) by extension 'colcon_pkg'
[0.166s] Level 1:colcon.colcon_core.package_identification:_identify(ros_ws/src/tauv_sim) by extensions ['colcon_meta']
[0.166s] Level 1:colcon.colcon_core.package_identification:_identify(ros_ws/src/tauv_sim) by extension 'colcon_meta'
[0.166s] Level 1:colcon.colcon_core.package_identification:_identify(ros_ws/src/tauv_sim) by extensions ['ros']
[0.166s] Level 1:colcon.colcon_core.package_identification:_identify(ros_ws/src/tauv_sim) by extension 'ros'
[0.167s] DEBUG:colcon.colcon_core.package_identification:Package 'ros_ws/src/tauv_sim' with type 'ros.ament_cmake' and name 'tauv_sim'
[0.167s] Level 1:colcon.colcon_core.package_identification:_identify(ros_ws/src/tauv_vehicle) by extensions ['ignore', 'ignore_ament_install']
[0.167s] Level 1:colcon.colcon_core.package_identification:_identify(ros_ws/src/tauv_vehicle) by extension 'ignore'
[0.167s] Level 1:colcon.colcon_core.package_identification:_identify(ros_ws/src/tauv_vehicle) by extension 'ignore_ament_install'
[0.167s] Level 1:colcon.colcon_core.package_identification:_identify(ros_ws/src/tauv_vehicle) by extensions ['colcon_pkg']
[0.167s] Level 1:colcon.colcon_core.package_identification:_identify(ros_ws/src/tauv_vehicle) by extension 'colcon_pkg'
[0.167s] Level 1:colcon.colcon_core.package_identification:_identify(ros_ws/src/tauv_vehicle) by extensions ['colcon_meta']
[0.167s] Level 1:colcon.colcon_core.package_identification:_identify(ros_ws/src/tauv_vehicle) by extension 'colcon_meta'
[0.167s] Level 1:colcon.colcon_core.package_identification:_identify(ros_ws/src/tauv_vehicle) by extensions ['ros']
[0.167s] Level 1:colcon.colcon_core.package_identification:_identify(ros_ws/src/tauv_vehicle) by extension 'ros'
[0.167s] DEBUG:colcon.colcon_core.package_identification:Package 'ros_ws/src/tauv_vehicle' with type 'ros.ament_cmake' and name 'tauv_vehicle'
[0.167s] Level 1:colcon.colcon_core.package_identification:_identify(third-party) by extensions ['ignore', 'ignore_ament_install']
[0.167s] Level 1:colcon.colcon_core.package_identification:_identify(third-party) by extension 'ignore'
[0.167s] Level 1:colcon.colcon_core.package_identification:_identify(third-party) by extension 'ignore_ament_install'
[0.167s] Level 1:colcon.colcon_core.package_identification:_identify(third-party) by extensions ['colcon_pkg']
[0.167s] Level 1:colcon.colcon_core.package_identification:_identify(third-party) by extension 'colcon_pkg'
[0.168s] Level 1:colcon.colcon_core.package_identification:_identify(third-party) by extensions ['colcon_meta']
[0.168s] Level 1:colcon.colcon_core.package_identification:_identify(third-party) by extension 'colcon_meta'
[0.168s] Level 1:colcon.colcon_core.package_identification:_identify(third-party) by extensions ['ros']
[0.168s] Level 1:colcon.colcon_core.package_identification:_identify(third-party) by extension 'ros'
[0.168s] Level 1:colcon.colcon_core.package_identification:_identify(third-party) by extensions ['cmake', 'python']
[0.168s] Level 1:colcon.colcon_core.package_identification:_identify(third-party) by extension 'cmake'
[0.168s] Level 1:colcon.colcon_core.package_identification:_identify(third-party) by extension 'python'
[0.168s] Level 1:colcon.colcon_core.package_identification:_identify(third-party) by extensions ['python_setup_py']
[0.168s] Level 1:colcon.colcon_core.package_identification:_identify(third-party) by extension 'python_setup_py'
[0.168s] Level 1:colcon.colcon_core.package_identification:_identify(third-party/manif) by extensions ['ignore', 'ignore_ament_install']
[0.168s] Level 1:colcon.colcon_core.package_identification:_identify(third-party/manif) by extension 'ignore'
[0.168s] Level 1:colcon.colcon_core.package_identification:_identify(third-party/manif) by extension 'ignore_ament_install'
[0.168s] Level 1:colcon.colcon_core.package_identification:_identify(third-party/manif) by extensions ['colcon_pkg']
[0.168s] Level 1:colcon.colcon_core.package_identification:_identify(third-party/manif) by extension 'colcon_pkg'
[0.168s] Level 1:colcon.colcon_core.package_identification:_identify(third-party/manif) by extensions ['colcon_meta']
[0.168s] Level 1:colcon.colcon_core.package_identification:_identify(third-party/manif) by extension 'colcon_meta'
[0.168s] Level 1:colcon.colcon_core.package_identification:_identify(third-party/manif) by extensions ['ros']
[0.168s] Level 1:colcon.colcon_core.package_identification:_identify(third-party/manif) by extension 'ros'
[0.168s] DEBUG:colcon.colcon_core.package_identification:Package 'third-party/manif' with type 'ros.cmake' and name 'manif'
[0.169s] Level 1:colcon.colcon_core.package_identification:_identify(third-party/stonefish) by extensions ['ignore', 'ignore_ament_install']
[0.169s] Level 1:colcon.colcon_core.package_identification:_identify(third-party/stonefish) by extension 'ignore'
[0.169s] Level 1:colcon.colcon_core.package_identification:_identify(third-party/stonefish) by extension 'ignore_ament_install'
[0.169s] Level 1:colcon.colcon_core.package_identification:_identify(third-party/stonefish) by extensions ['colcon_pkg']
[0.169s] Level 1:colcon.colcon_core.package_identification:_identify(third-party/stonefish) by extension 'colcon_pkg'
[0.169s] Level 1:colcon.colcon_core.package_identification:_identify(third-party/stonefish) by extensions ['colcon_meta']
[0.169s] Level 1:colcon.colcon_core.package_identification:_identify(third-party/stonefish) by extension 'colcon_meta'
[0.169s] Level 1:colcon.colcon_core.package_identification:_identify(third-party/stonefish) by extensions ['ros']
[0.169s] Level 1:colcon.colcon_core.package_identification:_identify(third-party/stonefish) by extension 'ros'
[0.169s] Level 1:colcon.colcon_core.package_identification:_identify(third-party/stonefish) by extensions ['cmake', 'python']
[0.169s] Level 1:colcon.colcon_core.package_identification:_identify(third-party/stonefish) by extension 'cmake'
[0.183s] Level 1:colcon.colcon_core.package_identification:_identify(third-party/stonefish) by extension 'python'
[0.183s] DEBUG:colcon.colcon_core.package_identification:Package 'third-party/stonefish' with type 'cmake' and name 'Stonefish'
[0.183s] Level 1:colcon.colcon_core.package_identification:_identify(tools) by extensions ['ignore', 'ignore_ament_install']
[0.183s] Level 1:colcon.colcon_core.package_identification:_identify(tools) by extension 'ignore'
[0.183s] Level 1:colcon.colcon_core.package_identification:_identify(tools) by extension 'ignore_ament_install'
[0.183s] Level 1:colcon.colcon_core.package_identification:_identify(tools) by extensions ['colcon_pkg']
[0.183s] Level 1:colcon.colcon_core.package_identification:_identify(tools) by extension 'colcon_pkg'
[0.184s] Level 1:colcon.colcon_core.package_identification:_identify(tools) by extensions ['colcon_meta']
[0.184s] Level 1:colcon.colcon_core.package_identification:_identify(tools) by extension 'colcon_meta'
[0.184s] Level 1:colcon.colcon_core.package_identification:_identify(tools) by extensions ['ros']
[0.184s] Level 1:colcon.colcon_core.package_identification:_identify(tools) by extension 'ros'
[0.184s] Level 1:colcon.colcon_core.package_identification:_identify(tools) by extensions ['cmake', 'python']
[0.184s] Level 1:colcon.colcon_core.package_identification:_identify(tools) by extension 'cmake'
[0.184s] Level 1:colcon.colcon_core.package_identification:_identify(tools) by extension 'python'
[0.184s] Level 1:colcon.colcon_core.package_identification:_identify(tools) by extensions ['python_setup_py']
[0.184s] Level 1:colcon.colcon_core.package_identification:_identify(tools) by extension 'python_setup_py'
[0.184s] Level 1:colcon.colcon_core.package_identification:_identify(tools/__pycache__) by extensions ['ignore', 'ignore_ament_install']
[0.184s] Level 1:colcon.colcon_core.package_identification:_identify(tools/__pycache__) by extension 'ignore'
[0.184s] Level 1:colcon.colcon_core.package_identification:_identify(tools/__pycache__) by extension 'ignore_ament_install'
[0.184s] Level 1:colcon.colcon_core.package_identification:_identify(tools/__pycache__) by extensions ['colcon_pkg']
[0.184s] Level 1:colcon.colcon_core.package_identification:_identify(tools/__pycache__) by extension 'colcon_pkg'
[0.184s] Level 1:colcon.colcon_core.package_identification:_identify(tools/__pycache__) by extensions ['colcon_meta']
[0.184s] Level 1:colcon.colcon_core.package_identification:_identify(tools/__pycache__) by extension 'colcon_meta'
[0.184s] Level 1:colcon.colcon_core.package_identification:_identify(tools/__pycache__) by extensions ['ros']
[0.184s] Level 1:colcon.colcon_core.package_identification:_identify(tools/__pycache__) by extension 'ros'
[0.184s] Level 1:colcon.colcon_core.package_identification:_identify(tools/__pycache__) by extensions ['cmake', 'python']
[0.184s] Level 1:colcon.colcon_core.package_identification:_identify(tools/__pycache__) by extension 'cmake'
[0.184s] Level 1:colcon.colcon_core.package_identification:_identify(tools/__pycache__) by extension 'python'
[0.184s] Level 1:colcon.colcon_core.package_identification:_identify(tools/__pycache__) by extensions ['python_setup_py']
[0.184s] Level 1:colcon.colcon_core.package_identification:_identify(tools/__pycache__) by extension 'python_setup_py'
[0.184s] Level 1:colcon.colcon_core.package_identification:_identify(tools/calibration) by extensions ['ignore', 'ignore_ament_install']
[0.184s] Level 1:colcon.colcon_core.package_identification:_identify(tools/calibration) by extension 'ignore'
[0.184s] Level 1:colcon.colcon_core.package_identification:_identify(tools/calibration) by extension 'ignore_ament_install'
[0.184s] Level 1:colcon.colcon_core.package_identification:_identify(tools/calibration) by extensions ['colcon_pkg']
[0.185s] Level 1:colcon.colcon_core.package_identification:_identify(tools/calibration) by extension 'colcon_pkg'
[0.185s] Level 1:colcon.colcon_core.package_identification:_identify(tools/calibration) by extensions ['colcon_meta']
[0.185s] Level 1:colcon.colcon_core.package_identification:_identify(tools/calibration) by extension 'colcon_meta'
[0.185s] Level 1:colcon.colcon_core.package_identification:_identify(tools/calibration) by extensions ['ros']
[0.185s] Level 1:colcon.colcon_core.package_identification:_identify(tools/calibration) by extension 'ros'
[0.185s] Level 1:colcon.colcon_core.package_identification:_identify(tools/calibration) by extensions ['cmake', 'python']
[0.185s] Level 1:colcon.colcon_core.package_identification:_identify(tools/calibration) by extension 'cmake'
[0.185s] Level 1:colcon.colcon_core.package_identification:_identify(tools/calibration) by extension 'python'
[0.185s] Level 1:colcon.colcon_core.package_identification:_identify(tools/calibration) by extensions ['python_setup_py']
[0.185s] Level 1:colcon.colcon_core.package_identification:_identify(tools/calibration) by extension 'python_setup_py'
[0.185s] Level 1:colcon.colcon_core.package_identification:_identify(tools/data_relabeling) by extensions ['ignore', 'ignore_ament_install']
[0.185s] Level 1:colcon.colcon_core.package_identification:_identify(tools/data_relabeling) by extension 'ignore'
[0.185s] Level 1:colcon.colcon_core.package_identification:_identify(tools/data_relabeling) by extension 'ignore_ament_install'
[0.185s] Level 1:colcon.colcon_core.package_identification:_identify(tools/data_relabeling) by extensions ['colcon_pkg']
[0.185s] Level 1:colcon.colcon_core.package_identification:_identify(tools/data_relabeling) by extension 'colcon_pkg'
[0.185s] Level 1:colcon.colcon_core.package_identification:_identify(tools/data_relabeling) by extensions ['colcon_meta']
[0.185s] Level 1:colcon.colcon_core.package_identification:_identify(tools/data_relabeling) by extension 'colcon_meta'
[0.185s] Level 1:colcon.colcon_core.package_identification:_identify(tools/data_relabeling) by extensions ['ros']
[0.185s] Level 1:colcon.colcon_core.package_identification:_identify(tools/data_relabeling) by extension 'ros'
[0.185s] Level 1:colcon.colcon_core.package_identification:_identify(tools/data_relabeling) by extensions ['cmake', 'python']
[0.185s] Level 1:colcon.colcon_core.package_identification:_identify(tools/data_relabeling) by extension 'cmake'
[0.185s] Level 1:colcon.colcon_core.package_identification:_identify(tools/data_relabeling) by extension 'python'
[0.185s] Level 1:colcon.colcon_core.package_identification:_identify(tools/data_relabeling) by extensions ['python_setup_py']
[0.185s] Level 1:colcon.colcon_core.package_identification:_identify(tools/data_relabeling) by extension 'python_setup_py'
[0.185s] Level 1:colcon.colcon_core.package_identification:_identify(tools/image_tuning) by extensions ['ignore', 'ignore_ament_install']
[0.185s] Level 1:colcon.colcon_core.package_identification:_identify(tools/image_tuning) by extension 'ignore'
[0.185s] Level 1:colcon.colcon_core.package_identification:_identify(tools/image_tuning) by extension 'ignore_ament_install'
[0.185s] Level 1:colcon.colcon_core.package_identification:_identify(tools/image_tuning) by extensions ['colcon_pkg']
[0.185s] Level 1:colcon.colcon_core.package_identification:_identify(tools/image_tuning) by extension 'colcon_pkg'
[0.185s] Level 1:colcon.colcon_core.package_identification:_identify(tools/image_tuning) by extensions ['colcon_meta']
[0.185s] Level 1:colcon.colcon_core.package_identification:_identify(tools/image_tuning) by extension 'colcon_meta'
[0.185s] Level 1:colcon.colcon_core.package_identification:_identify(tools/image_tuning) by extensions ['ros']
[0.185s] Level 1:colcon.colcon_core.package_identification:_identify(tools/image_tuning) by extension 'ros'
[0.186s] Level 1:colcon.colcon_core.package_identification:_identify(tools/image_tuning) by extensions ['cmake', 'python']
[0.186s] Level 1:colcon.colcon_core.package_identification:_identify(tools/image_tuning) by extension 'cmake'
[0.186s] Level 1:colcon.colcon_core.package_identification:_identify(tools/image_tuning) by extension 'python'
[0.186s] Level 1:colcon.colcon_core.package_identification:_identify(tools/image_tuning) by extensions ['python_setup_py']
[0.186s] Level 1:colcon.colcon_core.package_identification:_identify(tools/image_tuning) by extension 'python_setup_py'
[0.186s] Level 1:colcon.colcon_core.package_identification:_identify(tools/misc) by extensions ['ignore', 'ignore_ament_install']
[0.186s] Level 1:colcon.colcon_core.package_identification:_identify(tools/misc) by extension 'ignore'
[0.186s] Level 1:colcon.colcon_core.package_identification:_identify(tools/misc) by extension 'ignore_ament_install'
[0.186s] Level 1:colcon.colcon_core.package_identification:_identify(tools/misc) by extensions ['colcon_pkg']
[0.186s] Level 1:colcon.colcon_core.package_identification:_identify(tools/misc) by extension 'colcon_pkg'
[0.186s] Level 1:colcon.colcon_core.package_identification:_identify(tools/misc) by extensions ['colcon_meta']
[0.186s] Level 1:colcon.colcon_core.package_identification:_identify(tools/misc) by extension 'colcon_meta'
[0.186s] Level 1:colcon.colcon_core.package_identification:_identify(tools/misc) by extensions ['ros']
[0.186s] Level 1:colcon.colcon_core.package_identification:_identify(tools/misc) by extension 'ros'
[0.186s] Level 1:colcon.colcon_core.package_identification:_identify(tools/misc) by extensions ['cmake', 'python']
[0.186s] Level 1:colcon.colcon_core.package_identification:_identify(tools/misc) by extension 'cmake'
[0.186s] Level 1:colcon.colcon_core.package_identification:_identify(tools/misc) by extension 'python'
[0.186s] Level 1:colcon.colcon_core.package_identification:_identify(tools/misc) by extensions ['python_setup_py']
[0.186s] Level 1:colcon.colcon_core.package_identification:_identify(tools/misc) by extension 'python_setup_py'
[0.186s] Level 1:colcon.colcon_core.package_identification:_identify(tools/thrusters) by extensions ['ignore', 'ignore_ament_install']
[0.186s] Level 1:colcon.colcon_core.package_identification:_identify(tools/thrusters) by extension 'ignore'
[0.186s] Level 1:colcon.colcon_core.package_identification:_identify(tools/thrusters) by extension 'ignore_ament_install'
[0.186s] Level 1:colcon.colcon_core.package_identification:_identify(tools/thrusters) by extensions ['colcon_pkg']
[0.186s] Level 1:colcon.colcon_core.package_identification:_identify(tools/thrusters) by extension 'colcon_pkg'
[0.186s] Level 1:colcon.colcon_core.package_identification:_identify(tools/thrusters) by extensions ['colcon_meta']
[0.186s] Level 1:colcon.colcon_core.package_identification:_identify(tools/thrusters) by extension 'colcon_meta'
[0.186s] Level 1:colcon.colcon_core.package_identification:_identify(tools/thrusters) by extensions ['ros']
[0.186s] Level 1:colcon.colcon_core.package_identification:_identify(tools/thrusters) by extension 'ros'
[0.186s] Level 1:colcon.colcon_core.package_identification:_identify(tools/thrusters) by extensions ['cmake', 'python']
[0.186s] Level 1:colcon.colcon_core.package_identification:_identify(tools/thrusters) by extension 'cmake'
[0.186s] Level 1:colcon.colcon_core.package_identification:_identify(tools/thrusters) by extension 'python'
[0.186s] Level 1:colcon.colcon_core.package_identification:_identify(tools/thrusters) by extensions ['python_setup_py']
[0.186s] Level 1:colcon.colcon_core.package_identification:_identify(tools/thrusters) by extension 'python_setup_py'
[0.186s] Level 1:colcon.colcon_core.package_identification:_identify(tools/video_extraction) by extensions ['ignore', 'ignore_ament_install']
[0.186s] Level 1:colcon.colcon_core.package_identification:_identify(tools/video_extraction) by extension 'ignore'
[0.186s] Level 1:colcon.colcon_core.package_identification:_identify(tools/video_extraction) by extension 'ignore_ament_install'
[0.186s] Level 1:colcon.colcon_core.package_identification:_identify(tools/video_extraction) by extensions ['colcon_pkg']
[0.187s] Level 1:colcon.colcon_core.package_identification:_identify(tools/video_extraction) by extension 'colcon_pkg'
[0.187s] Level 1:colcon.colcon_core.package_identification:_identify(tools/video_extraction) by extensions ['colcon_meta']
[0.187s] Level 1:colcon.colcon_core.package_identification:_identify(tools/video_extraction) by extension 'colcon_meta'
[0.187s] Level 1:colcon.colcon_core.package_identification:_identify(tools/video_extraction) by extensions ['ros']
[0.187s] Level 1:colcon.colcon_core.package_identification:_identify(tools/video_extraction) by extension 'ros'
[0.187s] Level 1:colcon.colcon_core.package_identification:_identify(tools/video_extraction) by extensions ['cmake', 'python']
[0.187s] Level 1:colcon.colcon_core.package_identification:_identify(tools/video_extraction) by extension 'cmake'
[0.187s] Level 1:colcon.colcon_core.package_identification:_identify(tools/video_extraction) by extension 'python'
[0.187s] Level 1:colcon.colcon_core.package_identification:_identify(tools/video_extraction) by extensions ['python_setup_py']
[0.187s] Level 1:colcon.colcon_core.package_identification:_identify(tools/video_extraction) by extension 'python_setup_py'
[0.187s] Level 1:colcon.colcon_core.package_identification:_identify(tools/vision) by extensions ['ignore', 'ignore_ament_install']
[0.187s] Level 1:colcon.colcon_core.package_identification:_identify(tools/vision) by extension 'ignore'
[0.187s] Level 1:colcon.colcon_core.package_identification:_identify(tools/vision) by extension 'ignore_ament_install'
[0.187s] Level 1:colcon.colcon_core.package_identification:_identify(tools/vision) by extensions ['colcon_pkg']
[0.187s] Level 1:colcon.colcon_core.package_identification:_identify(tools/vision) by extension 'colcon_pkg'
[0.187s] Level 1:colcon.colcon_core.package_identification:_identify(tools/vision) by extensions ['colcon_meta']
[0.187s] Level 1:colcon.colcon_core.package_identification:_identify(tools/vision) by extension 'colcon_meta'
[0.187s] Level 1:colcon.colcon_core.package_identification:_identify(tools/vision) by extensions ['ros']
[0.187s] Level 1:colcon.colcon_core.package_identification:_identify(tools/vision) by extension 'ros'
[0.187s] Level 1:colcon.colcon_core.package_identification:_identify(tools/vision) by extensions ['cmake', 'python']
[0.187s] Level 1:colcon.colcon_core.package_identification:_identify(tools/vision) by extension 'cmake'
[0.187s] Level 1:colcon.colcon_core.package_identification:_identify(tools/vision) by extension 'python'
[0.187s] Level 1:colcon.colcon_core.package_identification:_identify(tools/vision) by extensions ['python_setup_py']
[0.187s] Level 1:colcon.colcon_core.package_identification:_identify(tools/vision) by extension 'python_setup_py'
[0.187s] Level 1:colcon.colcon_core.package_identification:_identify(tools/vision/experiments) by extensions ['ignore', 'ignore_ament_install']
[0.187s] Level 1:colcon.colcon_core.package_identification:_identify(tools/vision/experiments) by extension 'ignore'
[0.187s] Level 1:colcon.colcon_core.package_identification:_identify(tools/vision/experiments) by extension 'ignore_ament_install'
[0.187s] Level 1:colcon.colcon_core.package_identification:_identify(tools/vision/experiments) by extensions ['colcon_pkg']
[0.187s] Level 1:colcon.colcon_core.package_identification:_identify(tools/vision/experiments) by extension 'colcon_pkg'
[0.187s] Level 1:colcon.colcon_core.package_identification:_identify(tools/vision/experiments) by extensions ['colcon_meta']
[0.187s] Level 1:colcon.colcon_core.package_identification:_identify(tools/vision/experiments) by extension 'colcon_meta'
[0.188s] Level 1:colcon.colcon_core.package_identification:_identify(tools/vision/experiments) by extensions ['ros']
[0.188s] Level 1:colcon.colcon_core.package_identification:_identify(tools/vision/experiments) by extension 'ros'
[0.188s] Level 1:colcon.colcon_core.package_identification:_identify(tools/vision/experiments) by extensions ['cmake', 'python']
[0.188s] Level 1:colcon.colcon_core.package_identification:_identify(tools/vision/experiments) by extension 'cmake'
[0.188s] Level 1:colcon.colcon_core.package_identification:_identify(tools/vision/experiments) by extension 'python'
[0.188s] Level 1:colcon.colcon_core.package_identification:_identify(tools/vision/experiments) by extensions ['python_setup_py']
[0.188s] Level 1:colcon.colcon_core.package_identification:_identify(tools/vision/experiments) by extension 'python_setup_py'
[0.188s] Level 1:colcon.colcon_core.package_identification:_identify(tools/vision/experiments/contrastive_interest_points) by extensions ['ignore', 'ignore_ament_install']
[0.188s] Level 1:colcon.colcon_core.package_identification:_identify(tools/vision/experiments/contrastive_interest_points) by extension 'ignore'
[0.188s] Level 1:colcon.colcon_core.package_identification:_identify(tools/vision/experiments/contrastive_interest_points) by extension 'ignore_ament_install'
[0.188s] Level 1:colcon.colcon_core.package_identification:_identify(tools/vision/experiments/contrastive_interest_points) by extensions ['colcon_pkg']
[0.188s] Level 1:colcon.colcon_core.package_identification:_identify(tools/vision/experiments/contrastive_interest_points) by extension 'colcon_pkg'
[0.188s] Level 1:colcon.colcon_core.package_identification:_identify(tools/vision/experiments/contrastive_interest_points) by extensions ['colcon_meta']
[0.188s] Level 1:colcon.colcon_core.package_identification:_identify(tools/vision/experiments/contrastive_interest_points) by extension 'colcon_meta'
[0.188s] Level 1:colcon.colcon_core.package_identification:_identify(tools/vision/experiments/contrastive_interest_points) by extensions ['ros']
[0.188s] Level 1:colcon.colcon_core.package_identification:_identify(tools/vision/experiments/contrastive_interest_points) by extension 'ros'
[0.188s] Level 1:colcon.colcon_core.package_identification:_identify(tools/vision/experiments/contrastive_interest_points) by extensions ['cmake', 'python']
[0.188s] Level 1:colcon.colcon_core.package_identification:_identify(tools/vision/experiments/contrastive_interest_points) by extension 'cmake'
[0.188s] Level 1:colcon.colcon_core.package_identification:_identify(tools/vision/experiments/contrastive_interest_points) by extension 'python'
[0.188s] Level 1:colcon.colcon_core.package_identification:_identify(tools/vision/experiments/contrastive_interest_points) by extensions ['python_setup_py']
[0.188s] Level 1:colcon.colcon_core.package_identification:_identify(tools/vision/experiments/contrastive_interest_points) by extension 'python_setup_py'
[0.188s] Level 1:colcon.colcon_core.package_identification:_identify(tools/vision/label_studio) by extensions ['ignore', 'ignore_ament_install']
[0.188s] Level 1:colcon.colcon_core.package_identification:_identify(tools/vision/label_studio) by extension 'ignore'
[0.188s] Level 1:colcon.colcon_core.package_identification:_identify(tools/vision/label_studio) by extension 'ignore_ament_install'
[0.188s] Level 1:colcon.colcon_core.package_identification:_identify(tools/vision/label_studio) by extensions ['colcon_pkg']
[0.189s] Level 1:colcon.colcon_core.package_identification:_identify(tools/vision/label_studio) by extension 'colcon_pkg'
[0.189s] Level 1:colcon.colcon_core.package_identification:_identify(tools/vision/label_studio) by extensions ['colcon_meta']
[0.189s] Level 1:colcon.colcon_core.package_identification:_identify(tools/vision/label_studio) by extension 'colcon_meta'
[0.189s] Level 1:colcon.colcon_core.package_identification:_identify(tools/vision/label_studio) by extensions ['ros']
[0.189s] Level 1:colcon.colcon_core.package_identification:_identify(tools/vision/label_studio) by extension 'ros'
[0.189s] Level 1:colcon.colcon_core.package_identification:_identify(tools/vision/label_studio) by extensions ['cmake', 'python']
[0.189s] Level 1:colcon.colcon_core.package_identification:_identify(tools/vision/label_studio) by extension 'cmake'
[0.189s] Level 1:colcon.colcon_core.package_identification:_identify(tools/vision/label_studio) by extension 'python'
[0.189s] Level 1:colcon.colcon_core.package_identification:_identify(tools/vision/label_studio) by extensions ['python_setup_py']
[0.189s] Level 1:colcon.colcon_core.package_identification:_identify(tools/vision/label_studio) by extension 'python_setup_py'
[0.189s] Level 1:colcon.colcon_core.package_identification:_identify(tools/vision/replicator) by extensions ['ignore', 'ignore_ament_install']
[0.189s] Level 1:colcon.colcon_core.package_identification:_identify(tools/vision/replicator) by extension 'ignore'
[0.189s] Level 1:colcon.colcon_core.package_identification:_identify(tools/vision/replicator) by extension 'ignore_ament_install'
[0.189s] Level 1:colcon.colcon_core.package_identification:_identify(tools/vision/replicator) by extensions ['colcon_pkg']
[0.189s] Level 1:colcon.colcon_core.package_identification:_identify(tools/vision/replicator) by extension 'colcon_pkg'
[0.189s] Level 1:colcon.colcon_core.package_identification:_identify(tools/vision/replicator) by extensions ['colcon_meta']
[0.189s] Level 1:colcon.colcon_core.package_identification:_identify(tools/vision/replicator) by extension 'colcon_meta'
[0.189s] Level 1:colcon.colcon_core.package_identification:_identify(tools/vision/replicator) by extensions ['ros']
[0.189s] Level 1:colcon.colcon_core.package_identification:_identify(tools/vision/replicator) by extension 'ros'
[0.189s] Level 1:colcon.colcon_core.package_identification:_identify(tools/vision/replicator) by extensions ['cmake', 'python']
[0.189s] Level 1:colcon.colcon_core.package_identification:_identify(tools/vision/replicator) by extension 'cmake'
[0.189s] Level 1:colcon.colcon_core.package_identification:_identify(tools/vision/replicator) by extension 'python'
[0.189s] Level 1:colcon.colcon_core.package_identification:_identify(tools/vision/replicator) by extensions ['python_setup_py']
[0.189s] Level 1:colcon.colcon_core.package_identification:_identify(tools/vision/replicator) by extension 'python_setup_py'
[0.189s] Level 1:colcon.colcon_core.package_identification:_identify(tools/vision/tests) by extensions ['ignore', 'ignore_ament_install']
[0.190s] Level 1:colcon.colcon_core.package_identification:_identify(tools/vision/tests) by extension 'ignore'
[0.190s] Level 1:colcon.colcon_core.package_identification:_identify(tools/vision/tests) by extension 'ignore_ament_install'
[0.190s] Level 1:colcon.colcon_core.package_identification:_identify(tools/vision/tests) by extensions ['colcon_pkg']
[0.190s] Level 1:colcon.colcon_core.package_identification:_identify(tools/vision/tests) by extension 'colcon_pkg'
[0.190s] Level 1:colcon.colcon_core.package_identification:_identify(tools/vision/tests) by extensions ['colcon_meta']
[0.190s] Level 1:colcon.colcon_core.package_identification:_identify(tools/vision/tests) by extension 'colcon_meta'
[0.190s] Level 1:colcon.colcon_core.package_identification:_identify(tools/vision/tests) by extensions ['ros']
[0.190s] Level 1:colcon.colcon_core.package_identification:_identify(tools/vision/tests) by extension 'ros'
[0.190s] Level 1:colcon.colcon_core.package_identification:_identify(tools/vision/tests) by extensions ['cmake', 'python']
[0.190s] Level 1:colcon.colcon_core.package_identification:_identify(tools/vision/tests) by extension 'cmake'
[0.190s] Level 1:colcon.colcon_core.package_identification:_identify(tools/vision/tests) by extension 'python'
[0.190s] Level 1:colcon.colcon_core.package_identification:_identify(tools/vision/tests) by extensions ['python_setup_py']
[0.190s] Level 1:colcon.colcon_core.package_identification:_identify(tools/vision/tests) by extension 'python_setup_py'
[0.190s] Level 1:colcon.colcon_core.package_identification:_identify(tools/yolov4) by extensions ['ignore', 'ignore_ament_install']
[0.190s] Level 1:colcon.colcon_core.package_identification:_identify(tools/yolov4) by extension 'ignore'
[0.190s] Level 1:colcon.colcon_core.package_identification:_identify(tools/yolov4) by extension 'ignore_ament_install'
[0.190s] Level 1:colcon.colcon_core.package_identification:_identify(tools/yolov4) by extensions ['colcon_pkg']
[0.190s] Level 1:colcon.colcon_core.package_identification:_identify(tools/yolov4) by extension 'colcon_pkg'
[0.190s] Level 1:colcon.colcon_core.package_identification:_identify(tools/yolov4) by extensions ['colcon_meta']
[0.190s] Level 1:colcon.colcon_core.package_identification:_identify(tools/yolov4) by extension 'colcon_meta'
[0.191s] Level 1:colcon.colcon_core.package_identification:_identify(tools/yolov4) by extensions ['ros']
[0.191s] Level 1:colcon.colcon_core.package_identification:_identify(tools/yolov4) by extension 'ros'
[0.191s] Level 1:colcon.colcon_core.package_identification:_identify(tools/yolov4) by extensions ['cmake', 'python']
[0.191s] Level 1:colcon.colcon_core.package_identification:_identify(tools/yolov4) by extension 'cmake'
[0.191s] Level 1:colcon.colcon_core.package_identification:_identify(tools/yolov4) by extension 'python'
[0.191s] Level 1:colcon.colcon_core.package_identification:_identify(tools/yolov4) by extensions ['python_setup_py']
[0.191s] Level 1:colcon.colcon_core.package_identification:_identify(tools/yolov4) by extension 'python_setup_py'
[0.191s] Level 1:colcon.colcon_core.package_discovery:discover_packages(recursive) using defaults
[0.191s] Level 1:colcon.colcon_core.package_discovery:discover_packages(ignore) discover
[0.191s] Level 1:colcon.colcon_core.package_discovery:discover_packages(ignore) using defaults
[0.191s] Level 1:colcon.colcon_core.package_discovery:discover_packages(path) discover
[0.191s] Level 1:colcon.colcon_core.package_discovery:discover_packages(path) using defaults
[0.207s] INFO:colcon.colcon_core.package_selection:Skipping not selected package 'Stonefish' in 'third-party/stonefish'
[0.207s] INFO:colcon.colcon_core.package_selection:Skipping not selected package 'manif' in 'third-party/manif'
[0.207s] INFO:colcon.colcon_core.package_selection:Skipping not selected package 'powerboard_stm32' in 'firmware/powerboard_stm32'
[0.207s] INFO:colcon.colcon_core.package_selection:Skipping not selected package 'rtvc' in 'firmware/rtvc'
[0.207s] INFO:colcon.colcon_core.package_selection:Skipping not selected package 'stonefish_ros2' in 'ros_ws/src/stonefish_ros2'
[0.207s] INFO:colcon.colcon_core.package_selection:Skipping not selected package 'tauv_config' in 'ros_ws/src/tauv_config'
[0.207s] INFO:colcon.colcon_core.package_selection:Skipping not selected package 'tauv_sim' in 'ros_ws/src/tauv_sim'
[0.207s] INFO:colcon.colcon_core.package_selection:Skipping not selected package 'tauv_vehicle' in 'ros_ws/src/tauv_vehicle'
[0.208s] Level 1:colcon.colcon_core.package_discovery:discover_packages(prefix_path) check parameters
[0.208s] Level 1:colcon.colcon_core.package_discovery:discover_packages(prefix_path) discover
[0.211s] DEBUG:colcon.colcon_installed_package_information.package_discovery:Found 64 installed packages in /home/gleb/dev/tauv-mono/ros_ws/install
[0.214s] DEBUG:colcon.colcon_installed_package_information.package_discovery:Found 288 installed packages in /opt/ros/jazzy
[0.215s] Level 1:colcon.colcon_core.package_discovery:discover_packages(prefix_path) using defaults
[0.241s] Level 5:colcon.colcon_core.verb:set package 'tauv_msgs' build argument 'cmake_args' from command line to 'None'
[0.241s] Level 5:colcon.colcon_core.verb:set package 'tauv_msgs' build argument 'cmake_target' from command line to 'None'
[0.242s] Level 5:colcon.colcon_core.verb:set package 'tauv_msgs' build argument 'cmake_target_skip_unavailable' from command line to 'False'
[0.242s] Level 5:colcon.colcon_core.verb:set package 'tauv_msgs' build argument 'cmake_clean_cache' from command line to 'False'
[0.242s] Level 5:colcon.colcon_core.verb:set package 'tauv_msgs' build argument 'cmake_clean_first' from command line to 'False'
[0.242s] Level 5:colcon.colcon_core.verb:set package 'tauv_msgs' build argument 'cmake_force_configure' from command line to 'False'
[0.242s] Level 5:colcon.colcon_core.verb:set package 'tauv_msgs' build argument 'ament_cmake_args' from command line to 'None'
[0.242s] Level 5:colcon.colcon_core.verb:set package 'tauv_msgs' build argument 'catkin_cmake_args' from command line to 'None'
[0.242s] Level 5:colcon.colcon_core.verb:set package 'tauv_msgs' build argument 'catkin_skip_building_tests' from command line to 'False'
[0.242s] DEBUG:colcon.colcon_core.verb:Building package 'tauv_msgs' with the following arguments: {'ament_cmake_args': None, 'build_base': '/home/gleb/dev/tauv-mono/build/tauv_msgs', 'catkin_cmake_args': None, 'catkin_skip_building_tests': False, 'cmake_args': None, 'cmake_clean_cache': False, 'cmake_clean_first': False, 'cmake_force_configure': False, 'cmake_target': None, 'cmake_target_skip_unavailable': False, 'install_base': '/home/gleb/dev/tauv-mono/install/tauv_msgs', 'merge_install': False, 'path': '/home/gleb/dev/tauv-mono/ros_ws/src/tauv_msgs', 'symlink_install': True, 'test_result_base': None}
[0.242s] Level 5:colcon.colcon_core.verb:set package 'tauv_common' build argument 'cmake_args' from command line to 'None'
[0.242s] Level 5:colcon.colcon_core.verb:set package 'tauv_common' build argument 'cmake_target' from command line to 'None'
[0.242s] Level 5:colcon.colcon_core.verb:set package 'tauv_common' build argument 'cmake_target_skip_unavailable' from command line to 'False'
[0.242s] Level 5:colcon.colcon_core.verb:set package 'tauv_common' build argument 'cmake_clean_cache' from command line to 'False'
[0.242s] Level 5:colcon.colcon_core.verb:set package 'tauv_common' build argument 'cmake_clean_first' from command line to 'False'
[0.242s] Level 5:colcon.colcon_core.verb:set package 'tauv_common' build argument 'cmake_force_configure' from command line to 'False'
[0.242s] Level 5:colcon.colcon_core.verb:set package 'tauv_common' build argument 'ament_cmake_args' from command line to 'None'
[0.242s] Level 5:colcon.colcon_core.verb:set package 'tauv_common' build argument 'catkin_cmake_args' from command line to 'None'
[0.242s] Level 5:colcon.colcon_core.verb:set package 'tauv_common' build argument 'catkin_skip_building_tests' from command line to 'False'
[0.242s] DEBUG:colcon.colcon_core.verb:Building package 'tauv_common' with the following arguments: {'ament_cmake_args': None, 'build_base': '/home/gleb/dev/tauv-mono/build/tauv_common', 'catkin_cmake_args': None, 'catkin_skip_building_tests': False, 'cmake_args': None, 'cmake_clean_cache': False, 'cmake_clean_first': False, 'cmake_force_configure': False, 'cmake_target': None, 'cmake_target_skip_unavailable': False, 'install_base': '/home/gleb/dev/tauv-mono/install/tauv_common', 'merge_install': False, 'path': '/home/gleb/dev/tauv-mono/ros_ws/src/tauv_common', 'symlink_install': True, 'test_result_base': None}
[0.242s] INFO:colcon.colcon_core.executor:Executing jobs using 'parallel' executor
[0.243s] DEBUG:colcon.colcon_parallel_executor.executor.parallel:run_until_complete
[0.243s] INFO:colcon.colcon_ros.task.ament_cmake.build:Building ROS package in '/home/gleb/dev/tauv-mono/ros_ws/src/tauv_msgs' with build type 'ament_cmake'
[0.244s] INFO:colcon.colcon_cmake.task.cmake.build:Building CMake package in '/home/gleb/dev/tauv-mono/ros_ws/src/tauv_msgs'
[0.246s] INFO:colcon.colcon_core.plugin_system:Skipping extension 'colcon_core.shell.bat': Not used on non-Windows systems
[0.246s] INFO:colcon.colcon_core.shell:Skip shell extension 'powershell' for command environment: Not usable outside of PowerShell
[0.246s] DEBUG:colcon.colcon_core.shell:Skip shell extension 'dsv' for command environment
[0.258s] DEBUG:colcon.colcon_core.event_handler.log_command:Invoking command in '/home/gleb/dev/tauv-mono/build/tauv_msgs': CMAKE_PREFIX_PATH=${CMAKE_PREFIX_PATH}:/home/gleb/dev/tauv-mono/ros_ws/install/tf2_tools:/home/gleb/dev/tauv-mono/ros_ws/install/tauv_common:/home/gleb/dev/tauv-mono/ros_ws/install/examples_tf2_py:/home/gleb/dev/tauv-mono/ros_ws/install/tf2_ros_py:/home/gleb/dev/tauv-mono/ros_ws/install/tauv_gnc:/home/gleb/dev/tauv-mono/ros_ws/install/sensor_msgs_py:/home/gleb/dev/tauv-mono/ros_ws/install/camera_pkg:/home/gleb/dev/tauv-mono/ros_ws/install/rust_pubsub:/home/gleb/dev/tauv-mono/ros_ws/install/examples_worker_demo:/home/gleb/dev/tauv-mono/ros_ws/install/examples_rclrs_minimal_pub_sub:/home/gleb/dev/tauv-mono/ros_ws/install/examples_rclrs_minimal_client_service:/home/gleb/dev/tauv-mono/ros_ws/install/examples_rclrs_message_demo:/home/gleb/dev/tauv-mono/ros_ws/install/examples_parameter_demo:/home/gleb/dev/tauv-mono/ros_ws/install/examples_logging_demo:/home/gleb/dev/tauv-mono/ros_ws/install/rclrs:/home/gleb/dev/tauv-mono/ros_ws/install/test_interface_files:/home/gleb/dev/tauv-mono/ros_ws/install/rosidl_runtime_rs:/opt/ros/jazzy DEBUGINFOD_URLS=https://debuginfod.ubuntu.com /usr/bin/cmake /home/gleb/dev/tauv-mono/ros_ws/src/tauv_msgs -DAMENT_CMAKE_SYMLINK_INSTALL=1 -DCMAKE_INSTALL_PREFIX=/home/gleb/dev/tauv-mono/install/tauv_msgs
[4.154s] DEBUG:colcon.colcon_core.event_handler.log_command:Invoked command in '/home/gleb/dev/tauv-mono/build/tauv_msgs' returned '0': CMAKE_PREFIX_PATH=${CMAKE_PREFIX_PATH}:/home/gleb/dev/tauv-mono/ros_ws/install/tf2_tools:/home/gleb/dev/tauv-mono/ros_ws/install/tauv_common:/home/gleb/dev/tauv-mono/ros_ws/install/examples_tf2_py:/home/gleb/dev/tauv-mono/ros_ws/install/tf2_ros_py:/home/gleb/dev/tauv-mono/ros_ws/install/tauv_gnc:/home/gleb/dev/tauv-mono/ros_ws/install/sensor_msgs_py:/home/gleb/dev/tauv-mono/ros_ws/install/camera_pkg:/home/gleb/dev/tauv-mono/ros_ws/install/rust_pubsub:/home/gleb/dev/tauv-mono/ros_ws/install/examples_worker_demo:/home/gleb/dev/tauv-mono/ros_ws/install/examples_rclrs_minimal_pub_sub:/home/gleb/dev/tauv-mono/ros_ws/install/examples_rclrs_minimal_client_service:/home/gleb/dev/tauv-mono/ros_ws/install/examples_rclrs_message_demo:/home/gleb/dev/tauv-mono/ros_ws/install/examples_parameter_demo:/home/gleb/dev/tauv-mono/ros_ws/install/examples_logging_demo:/home/gleb/dev/tauv-mono/ros_ws/install/rclrs:/home/gleb/dev/tauv-mono/ros_ws/install/test_interface_files:/home/gleb/dev/tauv-mono/ros_ws/install/rosidl_runtime_rs:/opt/ros/jazzy DEBUGINFOD_URLS=https://debuginfod.ubuntu.com /usr/bin/cmake /home/gleb/dev/tauv-mono/ros_ws/src/tauv_msgs -DAMENT_CMAKE_SYMLINK_INSTALL=1 -DCMAKE_INSTALL_PREFIX=/home/gleb/dev/tauv-mono/install/tauv_msgs
[4.156s] DEBUG:colcon.colcon_core.event_handler.log_command:Invoking command in '/home/gleb/dev/tauv-mono/build/tauv_msgs': CMAKE_PREFIX_PATH=${CMAKE_PREFIX_PATH}:/home/gleb/dev/tauv-mono/ros_ws/install/tf2_tools:/home/gleb/dev/tauv-mono/ros_ws/install/tauv_common:/home/gleb/dev/tauv-mono/ros_ws/install/examples_tf2_py:/home/gleb/dev/tauv-mono/ros_ws/install/tf2_ros_py:/home/gleb/dev/tauv-mono/ros_ws/install/tauv_gnc:/home/gleb/dev/tauv-mono/ros_ws/install/sensor_msgs_py:/home/gleb/dev/tauv-mono/ros_ws/install/camera_pkg:/home/gleb/dev/tauv-mono/ros_ws/install/rust_pubsub:/home/gleb/dev/tauv-mono/ros_ws/install/examples_worker_demo:/home/gleb/dev/tauv-mono/ros_ws/install/examples_rclrs_minimal_pub_sub:/home/gleb/dev/tauv-mono/ros_ws/install/examples_rclrs_minimal_client_service:/home/gleb/dev/tauv-mono/ros_ws/install/examples_rclrs_message_demo:/home/gleb/dev/tauv-mono/ros_ws/install/examples_parameter_demo:/home/gleb/dev/tauv-mono/ros_ws/install/examples_logging_demo:/home/gleb/dev/tauv-mono/ros_ws/install/rclrs:/home/gleb/dev/tauv-mono/ros_ws/install/test_interface_files:/home/gleb/dev/tauv-mono/ros_ws/install/rosidl_runtime_rs:/opt/ros/jazzy DEBUGINFOD_URLS=https://debuginfod.ubuntu.com /usr/bin/cmake --build /home/gleb/dev/tauv-mono/build/tauv_msgs -- -j20 -l20
[9.193s] DEBUG:colcon.colcon_core.event_handler.log_command:Invoked command in '/home/gleb/dev/tauv-mono/build/tauv_msgs' returned '0': CMAKE_PREFIX_PATH=${CMAKE_PREFIX_PATH}:/home/gleb/dev/tauv-mono/ros_ws/install/tf2_tools:/home/gleb/dev/tauv-mono/ros_ws/install/tauv_common:/home/gleb/dev/tauv-mono/ros_ws/install/examples_tf2_py:/home/gleb/dev/tauv-mono/ros_ws/install/tf2_ros_py:/home/gleb/dev/tauv-mono/ros_ws/install/tauv_gnc:/home/gleb/dev/tauv-mono/ros_ws/install/sensor_msgs_py:/home/gleb/dev/tauv-mono/ros_ws/install/camera_pkg:/home/gleb/dev/tauv-mono/ros_ws/install/rust_pubsub:/home/gleb/dev/tauv-mono/ros_ws/install/examples_worker_demo:/home/gleb/dev/tauv-mono/ros_ws/install/examples_rclrs_minimal_pub_sub:/home/gleb/dev/tauv-mono/ros_ws/install/examples_rclrs_minimal_client_service:/home/gleb/dev/tauv-mono/ros_ws/install/examples_rclrs_message_demo:/home/gleb/dev/tauv-mono/ros_ws/install/examples_parameter_demo:/home/gleb/dev/tauv-mono/ros_ws/install/examples_logging_demo:/home/gleb/dev/tauv-mono/ros_ws/install/rclrs:/home/gleb/dev/tauv-mono/ros_ws/install/test_interface_files:/home/gleb/dev/tauv-mono/ros_ws/install/rosidl_runtime_rs:/opt/ros/jazzy DEBUGINFOD_URLS=https://debuginfod.ubuntu.com /usr/bin/cmake --build /home/gleb/dev/tauv-mono/build/tauv_msgs -- -j20 -l20
[9.207s] DEBUG:colcon.colcon_core.event_handler.log_command:Invoking command in '/home/gleb/dev/tauv-mono/build/tauv_msgs': CMAKE_PREFIX_PATH=${CMAKE_PREFIX_PATH}:/home/gleb/dev/tauv-mono/ros_ws/install/tf2_tools:/home/gleb/dev/tauv-mono/ros_ws/install/tauv_common:/home/gleb/dev/tauv-mono/ros_ws/install/examples_tf2_py:/home/gleb/dev/tauv-mono/ros_ws/install/tf2_ros_py:/home/gleb/dev/tauv-mono/ros_ws/install/tauv_gnc:/home/gleb/dev/tauv-mono/ros_ws/install/sensor_msgs_py:/home/gleb/dev/tauv-mono/ros_ws/install/camera_pkg:/home/gleb/dev/tauv-mono/ros_ws/install/rust_pubsub:/home/gleb/dev/tauv-mono/ros_ws/install/examples_worker_demo:/home/gleb/dev/tauv-mono/ros_ws/install/examples_rclrs_minimal_pub_sub:/home/gleb/dev/tauv-mono/ros_ws/install/examples_rclrs_minimal_client_service:/home/gleb/dev/tauv-mono/ros_ws/install/examples_rclrs_message_demo:/home/gleb/dev/tauv-mono/ros_ws/install/examples_parameter_demo:/home/gleb/dev/tauv-mono/ros_ws/install/examples_logging_demo:/home/gleb/dev/tauv-mono/ros_ws/install/rclrs:/home/gleb/dev/tauv-mono/ros_ws/install/test_interface_files:/home/gleb/dev/tauv-mono/ros_ws/install/rosidl_runtime_rs:/opt/ros/jazzy DEBUGINFOD_URLS=https://debuginfod.ubuntu.com /usr/bin/cmake --install /home/gleb/dev/tauv-mono/build/tauv_msgs
[11.526s] Level 1:colcon.colcon_core.environment:create_environment_scripts_only(tauv_msgs)
[11.526s] DEBUG:colcon.colcon_core.event_handler.log_command:Invoked command in '/home/gleb/dev/tauv-mono/build/tauv_msgs' returned '0': CMAKE_PREFIX_PATH=${CMAKE_PREFIX_PATH}:/home/gleb/dev/tauv-mono/ros_ws/install/tf2_tools:/home/gleb/dev/tauv-mono/ros_ws/install/tauv_common:/home/gleb/dev/tauv-mono/ros_ws/install/examples_tf2_py:/home/gleb/dev/tauv-mono/ros_ws/install/tf2_ros_py:/home/gleb/dev/tauv-mono/ros_ws/install/tauv_gnc:/home/gleb/dev/tauv-mono/ros_ws/install/sensor_msgs_py:/home/gleb/dev/tauv-mono/ros_ws/install/camera_pkg:/home/gleb/dev/tauv-mono/ros_ws/install/rust_pubsub:/home/gleb/dev/tauv-mono/ros_ws/install/examples_worker_demo:/home/gleb/dev/tauv-mono/ros_ws/install/examples_rclrs_minimal_pub_sub:/home/gleb/dev/tauv-mono/ros_ws/install/examples_rclrs_minimal_client_service:/home/gleb/dev/tauv-mono/ros_ws/install/examples_rclrs_message_demo:/home/gleb/dev/tauv-mono/ros_ws/install/examples_parameter_demo:/home/gleb/dev/tauv-mono/ros_ws/install/examples_logging_demo:/home/gleb/dev/tauv-mono/ros_ws/install/rclrs:/home/gleb/dev/tauv-mono/ros_ws/install/test_interface_files:/home/gleb/dev/tauv-mono/ros_ws/install/rosidl_runtime_rs:/opt/ros/jazzy DEBUGINFOD_URLS=https://debuginfod.ubuntu.com /usr/bin/cmake --install /home/gleb/dev/tauv-mono/build/tauv_msgs
[11.529s] Level 1:colcon.colcon_core.environment:checking '/home/gleb/dev/tauv-mono/install/tauv_msgs' for CMake module files
[11.530s] Level 1:colcon.colcon_core.environment:checking '/home/gleb/dev/tauv-mono/install/tauv_msgs' for CMake config files
[11.531s] Level 1:colcon.colcon_core.shell:create_environment_hook('tauv_msgs', 'cmake_prefix_path')
[11.531s] INFO:colcon.colcon_core.shell:Creating environment hook '/home/gleb/dev/tauv-mono/install/tauv_msgs/share/tauv_msgs/hook/cmake_prefix_path.ps1'
[11.532s] INFO:colcon.colcon_core.shell:Creating environment descriptor '/home/gleb/dev/tauv-mono/install/tauv_msgs/share/tauv_msgs/hook/cmake_prefix_path.dsv'
[11.532s] INFO:colcon.colcon_core.shell:Creating environment hook '/home/gleb/dev/tauv-mono/install/tauv_msgs/share/tauv_msgs/hook/cmake_prefix_path.sh'
[11.532s] Level 1:colcon.colcon_core.environment:checking '/home/gleb/dev/tauv-mono/install/tauv_msgs/lib'
[11.533s] Level 1:colcon.colcon_core.shell:create_environment_hook('tauv_msgs', 'ld_library_path_lib')
[11.533s] INFO:colcon.colcon_core.shell:Creating environment hook '/home/gleb/dev/tauv-mono/install/tauv_msgs/share/tauv_msgs/hook/ld_library_path_lib.ps1'
[11.533s] INFO:colcon.colcon_core.shell:Creating environment descriptor '/home/gleb/dev/tauv-mono/install/tauv_msgs/share/tauv_msgs/hook/ld_library_path_lib.dsv'
[11.533s] INFO:colcon.colcon_core.shell:Creating environment hook '/home/gleb/dev/tauv-mono/install/tauv_msgs/share/tauv_msgs/hook/ld_library_path_lib.sh'
[11.533s] Level 1:colcon.colcon_core.environment:checking '/home/gleb/dev/tauv-mono/install/tauv_msgs/bin'
[11.533s] Level 1:colcon.colcon_core.environment:checking '/home/gleb/dev/tauv-mono/install/tauv_msgs/lib/pkgconfig/tauv_msgs.pc'
[11.533s] Level 1:colcon.colcon_core.environment:checking '/home/gleb/dev/tauv-mono/install/tauv_msgs/lib/python3.12/site-packages'
[11.534s] Level 1:colcon.colcon_core.shell:create_environment_hook('tauv_msgs', 'pythonpath')
[11.534s] INFO:colcon.colcon_core.shell:Creating environment hook '/home/gleb/dev/tauv-mono/install/tauv_msgs/share/tauv_msgs/hook/pythonpath.ps1'
[11.534s] INFO:colcon.colcon_core.shell:Creating environment descriptor '/home/gleb/dev/tauv-mono/install/tauv_msgs/share/tauv_msgs/hook/pythonpath.dsv'
[11.534s] INFO:colcon.colcon_core.shell:Creating environment hook '/home/gleb/dev/tauv-mono/install/tauv_msgs/share/tauv_msgs/hook/pythonpath.sh'
[11.534s] Level 1:colcon.colcon_core.environment:checking '/home/gleb/dev/tauv-mono/install/tauv_msgs/bin'
[11.535s] INFO:colcon.colcon_core.shell:Creating package script '/home/gleb/dev/tauv-mono/install/tauv_msgs/share/tauv_msgs/package.ps1'
[11.536s] INFO:colcon.colcon_core.shell:Creating package descriptor '/home/gleb/dev/tauv-mono/install/tauv_msgs/share/tauv_msgs/package.dsv'
[11.536s] INFO:colcon.colcon_core.shell:Creating package script '/home/gleb/dev/tauv-mono/install/tauv_msgs/share/tauv_msgs/package.sh'
[11.537s] INFO:colcon.colcon_core.shell:Creating package script '/home/gleb/dev/tauv-mono/install/tauv_msgs/share/tauv_msgs/package.bash'
[11.537s] INFO:colcon.colcon_core.shell:Creating package script '/home/gleb/dev/tauv-mono/install/tauv_msgs/share/tauv_msgs/package.zsh'
[11.538s] Level 1:colcon.colcon_core.environment:create_file_with_runtime_dependencies(/home/gleb/dev/tauv-mono/install/tauv_msgs/share/colcon-core/packages/tauv_msgs)
[11.539s] Level 1:colcon.colcon_core.environment:create_environment_scripts_only(tauv_msgs)
[11.539s] Level 1:colcon.colcon_core.environment:checking '/home/gleb/dev/tauv-mono/install/tauv_msgs' for CMake module files
[11.540s] Level 1:colcon.colcon_core.environment:checking '/home/gleb/dev/tauv-mono/install/tauv_msgs' for CMake config files
[11.542s] Level 1:colcon.colcon_core.shell:create_environment_hook('tauv_msgs', 'cmake_prefix_path')
[11.542s] INFO:colcon.colcon_core.shell:Creating environment hook '/home/gleb/dev/tauv-mono/install/tauv_msgs/share/tauv_msgs/hook/cmake_prefix_path.ps1'
[11.542s] INFO:colcon.colcon_core.shell:Creating environment descriptor '/home/gleb/dev/tauv-mono/install/tauv_msgs/share/tauv_msgs/hook/cmake_prefix_path.dsv'
[11.543s] INFO:colcon.colcon_core.shell:Creating environment hook '/home/gleb/dev/tauv-mono/install/tauv_msgs/share/tauv_msgs/hook/cmake_prefix_path.sh'
[11.543s] Level 1:colcon.colcon_core.environment:checking '/home/gleb/dev/tauv-mono/install/tauv_msgs/lib'
[11.543s] Level 1:colcon.colcon_core.shell:create_environment_hook('tauv_msgs', 'ld_library_path_lib')
[11.544s] INFO:colcon.colcon_core.shell:Creating environment hook '/home/gleb/dev/tauv-mono/install/tauv_msgs/share/tauv_msgs/hook/ld_library_path_lib.ps1'
[11.544s] INFO:colcon.colcon_core.shell:Creating environment descriptor '/home/gleb/dev/tauv-mono/install/tauv_msgs/share/tauv_msgs/hook/ld_library_path_lib.dsv'
[11.544s] INFO:colcon.colcon_core.shell:Creating environment hook '/home/gleb/dev/tauv-mono/install/tauv_msgs/share/tauv_msgs/hook/ld_library_path_lib.sh'
[11.545s] Level 1:colcon.colcon_core.environment:checking '/home/gleb/dev/tauv-mono/install/tauv_msgs/bin'
[11.545s] Level 1:colcon.colcon_core.environment:checking '/home/gleb/dev/tauv-mono/install/tauv_msgs/lib/pkgconfig/tauv_msgs.pc'
[11.545s] Level 1:colcon.colcon_core.environment:checking '/home/gleb/dev/tauv-mono/install/tauv_msgs/lib/python3.12/site-packages'
[11.545s] Level 1:colcon.colcon_core.shell:create_environment_hook('tauv_msgs', 'pythonpath')
[11.545s] INFO:colcon.colcon_core.shell:Creating environment hook '/home/gleb/dev/tauv-mono/install/tauv_msgs/share/tauv_msgs/hook/pythonpath.ps1'
[11.546s] INFO:colcon.colcon_core.shell:Creating environment descriptor '/home/gleb/dev/tauv-mono/install/tauv_msgs/share/tauv_msgs/hook/pythonpath.dsv'
[11.546s] INFO:colcon.colcon_core.shell:Creating environment hook '/home/gleb/dev/tauv-mono/install/tauv_msgs/share/tauv_msgs/hook/pythonpath.sh'
[11.546s] Level 1:colcon.colcon_core.environment:checking '/home/gleb/dev/tauv-mono/install/tauv_msgs/bin'
[11.546s] INFO:colcon.colcon_core.shell:Creating package script '/home/gleb/dev/tauv-mono/install/tauv_msgs/share/tauv_msgs/package.ps1'
[11.547s] INFO:colcon.colcon_core.shell:Creating package descriptor '/home/gleb/dev/tauv-mono/install/tauv_msgs/share/tauv_msgs/package.dsv'
[11.547s] INFO:colcon.colcon_core.shell:Creating package script '/home/gleb/dev/tauv-mono/install/tauv_msgs/share/tauv_msgs/package.sh'
[11.547s] INFO:colcon.colcon_core.shell:Creating package script '/home/gleb/dev/tauv-mono/install/tauv_msgs/share/tauv_msgs/package.bash'
[11.547s] INFO:colcon.colcon_core.shell:Creating package script '/home/gleb/dev/tauv-mono/install/tauv_msgs/share/tauv_msgs/package.zsh'
[11.548s] Level 1:colcon.colcon_core.environment:create_file_with_runtime_dependencies(/home/gleb/dev/tauv-mono/install/tauv_msgs/share/colcon-core/packages/tauv_msgs)
[11.548s] INFO:colcon.colcon_ros.task.ament_python.build:Building ROS package in '/home/gleb/dev/tauv-mono/ros_ws/src/tauv_common' with build type 'ament_python'
[11.548s] Level 1:colcon.colcon_core.shell:create_environment_hook('tauv_common', 'ament_prefix_path')
[11.548s] INFO:colcon.colcon_core.shell:Creating environment hook '/home/gleb/dev/tauv-mono/install/tauv_common/share/tauv_common/hook/ament_prefix_path.ps1'
[11.549s] INFO:colcon.colcon_core.shell:Creating environment descriptor '/home/gleb/dev/tauv-mono/install/tauv_common/share/tauv_common/hook/ament_prefix_path.dsv'
[11.550s] INFO:colcon.colcon_core.shell:Creating environment hook '/home/gleb/dev/tauv-mono/install/tauv_common/share/tauv_common/hook/ament_prefix_path.sh'
[11.550s] INFO:colcon.colcon_core.shell:Skip shell extension 'powershell' for command environment: Not usable outside of PowerShell
[11.550s] DEBUG:colcon.colcon_core.shell:Skip shell extension 'dsv' for command environment
[11.741s] INFO:colcon.colcon_core.task.python.build:Building Python package in '/home/gleb/dev/tauv-mono/ros_ws/src/tauv_common'
[11.741s] INFO:colcon.colcon_core.shell:Skip shell extension 'powershell' for command environment: Not usable outside of PowerShell
[11.741s] DEBUG:colcon.colcon_core.shell:Skip shell extension 'dsv' for command environment
[12.209s] DEBUG:colcon.colcon_core.event_handler.log_command:Invoking command in '/home/gleb/dev/tauv-mono/build/tauv_common': AMENT_PREFIX_PATH=/home/gleb/dev/tauv-mono/install/tauv_msgs:${AMENT_PREFIX_PATH} CMAKE_PREFIX_PATH=/home/gleb/dev/tauv-mono/install/tauv_msgs:${CMAKE_PREFIX_PATH} DEBUGINFOD_URLS=https://debuginfod.ubuntu.com LD_LIBRARY_PATH=/home/gleb/dev/tauv-mono/install/tauv_msgs/lib:${LD_LIBRARY_PATH} PYTHONPATH=/home/gleb/dev/tauv-mono/build/tauv_common/prefix_override:/usr/lib/python3/dist-packages/colcon_core/task/python/colcon_distutils_commands:/home/gleb/dev/tauv-mono/install/tauv_common/lib/python3.12/site-packages:/home/gleb/dev/tauv-mono/install/tauv_msgs/lib/python3.12/site-packages:${PYTHONPATH} /usr/bin/python3 -W ignore:setup.py install is deprecated -W ignore:easy_install command is deprecated setup.py develop --editable --build-directory /home/gleb/dev/tauv-mono/build/tauv_common/build --no-deps symlink_data
[12.706s] Level 1:colcon.colcon_core.shell:create_environment_hook('tauv_common', 'pythonpath_develop')
[12.707s] DEBUG:colcon.colcon_core.event_handler.log_command:Invoked command in '/home/gleb/dev/tauv-mono/build/tauv_common' returned '0': AMENT_PREFIX_PATH=/home/gleb/dev/tauv-mono/install/tauv_msgs:${AMENT_PREFIX_PATH} CMAKE_PREFIX_PATH=/home/gleb/dev/tauv-mono/install/tauv_msgs:${CMAKE_PREFIX_PATH} DEBUGINFOD_URLS=https://debuginfod.ubuntu.com LD_LIBRARY_PATH=/home/gleb/dev/tauv-mono/install/tauv_msgs/lib:${LD_LIBRARY_PATH} PYTHONPATH=/home/gleb/dev/tauv-mono/build/tauv_common/prefix_override:/usr/lib/python3/dist-packages/colcon_core/task/python/colcon_distutils_commands:/home/gleb/dev/tauv-mono/install/tauv_common/lib/python3.12/site-packages:/home/gleb/dev/tauv-mono/install/tauv_msgs/lib/python3.12/site-packages:${PYTHONPATH} /usr/bin/python3 -W ignore:setup.py install is deprecated -W ignore:easy_install command is deprecated setup.py develop --editable --build-directory /home/gleb/dev/tauv-mono/build/tauv_common/build --no-deps symlink_data
[12.707s] INFO:colcon.colcon_core.shell:Creating environment hook '/home/gleb/dev/tauv-mono/build/tauv_common/share/tauv_common/hook/pythonpath_develop.ps1'
[12.708s] INFO:colcon.colcon_core.shell:Creating environment descriptor '/home/gleb/dev/tauv-mono/build/tauv_common/share/tauv_common/hook/pythonpath_develop.dsv'
[12.708s] INFO:colcon.colcon_core.shell:Creating environment hook '/home/gleb/dev/tauv-mono/build/tauv_common/share/tauv_common/hook/pythonpath_develop.sh'
[12.708s] Level 1:colcon.colcon_core.environment:checking '/home/gleb/dev/tauv-mono/install/tauv_common' for CMake module files
[12.709s] Level 1:colcon.colcon_core.environment:checking '/home/gleb/dev/tauv-mono/install/tauv_common' for CMake config files
[12.709s] Level 1:colcon.colcon_core.environment:checking '/home/gleb/dev/tauv-mono/install/tauv_common/lib'
[12.710s] Level 1:colcon.colcon_core.environment:checking '/home/gleb/dev/tauv-mono/install/tauv_common/bin'
[12.710s] Level 1:colcon.colcon_core.environment:checking '/home/gleb/dev/tauv-mono/install/tauv_common/lib/pkgconfig/tauv_common.pc'
[12.710s] Level 1:colcon.colcon_core.environment:checking '/home/gleb/dev/tauv-mono/install/tauv_common/lib/python3.12/site-packages'
[12.710s] Level 1:colcon.colcon_core.shell:create_environment_hook('tauv_common', 'pythonpath')
[12.710s] INFO:colcon.colcon_core.shell:Creating environment hook '/home/gleb/dev/tauv-mono/install/tauv_common/share/tauv_common/hook/pythonpath.ps1'
[12.710s] INFO:colcon.colcon_core.shell:Creating environment descriptor '/home/gleb/dev/tauv-mono/install/tauv_common/share/tauv_common/hook/pythonpath.dsv'
[12.711s] INFO:colcon.colcon_core.shell:Creating environment hook '/home/gleb/dev/tauv-mono/install/tauv_common/share/tauv_common/hook/pythonpath.sh'
[12.711s] Level 1:colcon.colcon_core.environment:checking '/home/gleb/dev/tauv-mono/install/tauv_common/bin'
[12.711s] Level 1:colcon.colcon_core.environment:create_environment_scripts_only(tauv_common)
[12.711s] INFO:colcon.colcon_core.shell:Creating package script '/home/gleb/dev/tauv-mono/install/tauv_common/share/tauv_common/package.ps1'
[12.712s] INFO:colcon.colcon_core.shell:Creating package descriptor '/home/gleb/dev/tauv-mono/install/tauv_common/share/tauv_common/package.dsv'
[12.712s] INFO:colcon.colcon_core.shell:Creating package script '/home/gleb/dev/tauv-mono/install/tauv_common/share/tauv_common/package.sh'
[12.712s] INFO:colcon.colcon_core.shell:Creating package script '/home/gleb/dev/tauv-mono/install/tauv_common/share/tauv_common/package.bash'
[12.712s] INFO:colcon.colcon_core.shell:Creating package script '/home/gleb/dev/tauv-mono/install/tauv_common/share/tauv_common/package.zsh'
[12.713s] Level 1:colcon.colcon_core.environment:create_file_with_runtime_dependencies(/home/gleb/dev/tauv-mono/install/tauv_common/share/colcon-core/packages/tauv_common)
[12.713s] DEBUG:colcon.colcon_parallel_executor.executor.parallel:closing loop
[12.713s] DEBUG:colcon.colcon_parallel_executor.executor.parallel:loop closed
[12.713s] DEBUG:colcon.colcon_parallel_executor.executor.parallel:run_until_complete finished with '0'
[12.713s] DEBUG:colcon.colcon_core.event_reactor:joining thread
[12.722s] INFO:colcon.colcon_core.plugin_system:Skipping extension 'colcon_notification.desktop_notification.terminal_notifier': Not used on non-Darwin systems
[12.722s] INFO:colcon.colcon_core.plugin_system:Skipping extension 'colcon_notification.desktop_notification.win32': Not used on non-Windows systems
[12.722s] INFO:colcon.colcon_notification.desktop_notification:Sending desktop notification using 'notify2'
[12.739s] DEBUG:colcon.colcon_core.event_reactor:joined thread
[12.740s] INFO:colcon.colcon_core.shell:Creating prefix script '/home/gleb/dev/tauv-mono/install/local_setup.ps1'
[12.741s] INFO:colcon.colcon_core.shell:Creating prefix util module '/home/gleb/dev/tauv-mono/install/_local_setup_util_ps1.py'
[12.742s] INFO:colcon.colcon_core.shell:Creating prefix chain script '/home/gleb/dev/tauv-mono/install/setup.ps1'
[12.747s] INFO:colcon.colcon_core.shell:Creating prefix script '/home/gleb/dev/tauv-mono/install/local_setup.sh'
[12.748s] INFO:colcon.colcon_core.shell:Creating prefix util module '/home/gleb/dev/tauv-mono/install/_local_setup_util_sh.py'
[12.749s] INFO:colcon.colcon_core.shell:Creating prefix chain script '/home/gleb/dev/tauv-mono/install/setup.sh'
[12.754s] INFO:colcon.colcon_core.shell:Creating prefix script '/home/gleb/dev/tauv-mono/install/local_setup.bash'
[12.755s] INFO:colcon.colcon_core.shell:Creating prefix chain script '/home/gleb/dev/tauv-mono/install/setup.bash'
[12.760s] INFO:colcon.colcon_core.shell:Creating prefix script '/home/gleb/dev/tauv-mono/install/local_setup.zsh'
[12.761s] INFO:colcon.colcon_core.shell:Creating prefix chain script '/home/gleb/dev/tauv-mono/install/setup.zsh'
