[0.164s] DEBUG:colcon:Command line arguments: ['/usr/bin/colcon', 'build', '--packages-select', 'tauv_msgs']
[0.164s] DEBUG:colcon:Parsed command line arguments: Namespace(log_base=None, log_level=None, verb_name='build', build_base='build', install_base='install', merge_install=False, symlink_install=False, test_result_base=None, continue_on_error=False, executor='parallel', parallel_workers=20, event_handlers=None, ignore_user_meta=False, metas=['./colcon.meta'], base_paths=['.'], packages_ignore=None, packages_ignore_regex=None, paths=None, packages_up_to=None, packages_up_to_regex=None, packages_above=None, packages_above_and_dependencies=None, packages_above_depth=None, packages_select_by_dep=None, packages_skip_by_dep=None, packages_skip_up_to=None, packages_select_build_failed=False, packages_skip_build_finished=False, packages_select_test_failures=False, packages_skip_test_passed=False, packages_select=['tauv_msgs'], packages_skip=None, packages_select_regex=None, packages_skip_regex=None, packages_start=None, packages_end=None, allow_overriding=[], cmake_args=None, cmake_target=None, cmake_target_skip_unavailable=False, cmake_clean_cache=False, cmake_clean_first=False, cmake_force_configure=False, ament_cmake_args=None, catkin_cmake_args=None, catkin_skip_building_tests=False, mixin_files=None, mixin=None, verb_parser=<colcon_mixin.mixin.mixin_argument.MixinArgumentDecorator object at 0x7c8418acc920>, verb_extension=<colcon_core.verb.build.BuildVerb object at 0x7c84192ef890>, main=<bound method BuildVerb.main of <colcon_core.verb.build.BuildVerb object at 0x7c84192ef890>>, mixin_verb=('build',))
[0.213s] Level 1:colcon.colcon_core.package_discovery:discover_packages(colcon_meta) check parameters
[0.213s] Level 1:colcon.colcon_core.package_discovery:discover_packages(recursive) check parameters
[0.213s] Level 1:colcon.colcon_core.package_discovery:discover_packages(ignore) check parameters
[0.213s] Level 1:colcon.colcon_core.package_discovery:discover_packages(path) check parameters
[0.213s] Level 1:colcon.colcon_core.package_discovery:discover_packages(colcon_meta) discover
[0.213s] Level 1:colcon.colcon_core.package_discovery:discover_packages(recursive) discover
[0.213s] INFO:colcon.colcon_core.package_discovery:Crawling recursively for packages in '/home/gleb/dev/tauv-mono'
[0.214s] Level 1:colcon.colcon_core.package_identification:_identify(.) by extensions ['ignore', 'ignore_ament_install']
[0.214s] Level 1:colcon.colcon_core.package_identification:_identify(.) by extension 'ignore'
[0.214s] Level 1:colcon.colcon_core.package_identification:_identify(.) by extension 'ignore_ament_install'
[0.214s] Level 1:colcon.colcon_core.package_identification:_identify(.) by extensions ['colcon_pkg']
[0.214s] Level 1:colcon.colcon_core.package_identification:_identify(.) by extension 'colcon_pkg'
[0.214s] Level 1:colcon.colcon_core.package_identification:_identify(.) by extensions ['colcon_meta']
[0.214s] Level 1:colcon.colcon_core.package_identification:_identify(.) by extension 'colcon_meta'
[0.214s] Level 1:colcon.colcon_core.package_identification:_identify(.) by extensions ['ros']
[0.214s] Level 1:colcon.colcon_core.package_identification:_identify(.) by extension 'ros'
[0.248s] Level 1:colcon.colcon_core.package_identification:_identify(.) by extensions ['cmake', 'python']
[0.248s] Level 1:colcon.colcon_core.package_identification:_identify(.) by extension 'cmake'
[0.248s] Level 1:colcon.colcon_core.package_identification:_identify(.) by extension 'python'
[0.248s] Level 1:colcon.colcon_core.package_identification:_identify(.) by extensions ['python_setup_py']
[0.249s] Level 1:colcon.colcon_core.package_identification:_identify(.) by extension 'python_setup_py'
[0.249s] Level 1:colcon.colcon_core.package_identification:_identify(build) by extensions ['ignore', 'ignore_ament_install']
[0.249s] Level 1:colcon.colcon_core.package_identification:_identify(build) by extension 'ignore'
[0.249s] Level 1:colcon.colcon_core.package_identification:_identify(build) ignored
[0.249s] Level 1:colcon.colcon_core.package_identification:_identify(config) by extensions ['ignore', 'ignore_ament_install']
[0.249s] Level 1:colcon.colcon_core.package_identification:_identify(config) by extension 'ignore'
[0.249s] Level 1:colcon.colcon_core.package_identification:_identify(config) by extension 'ignore_ament_install'
[0.249s] Level 1:colcon.colcon_core.package_identification:_identify(config) by extensions ['colcon_pkg']
[0.249s] Level 1:colcon.colcon_core.package_identification:_identify(config) by extension 'colcon_pkg'
[0.249s] Level 1:colcon.colcon_core.package_identification:_identify(config) by extensions ['colcon_meta']
[0.249s] Level 1:colcon.colcon_core.package_identification:_identify(config) by extension 'colcon_meta'
[0.249s] Level 1:colcon.colcon_core.package_identification:_identify(config) by extensions ['ros']
[0.249s] Level 1:colcon.colcon_core.package_identification:_identify(config) by extension 'ros'
[0.250s] Level 1:colcon.colcon_core.package_identification:_identify(config) by extensions ['cmake', 'python']
[0.250s] Level 1:colcon.colcon_core.package_identification:_identify(config) by extension 'cmake'
[0.250s] Level 1:colcon.colcon_core.package_identification:_identify(config) by extension 'python'
[0.250s] Level 1:colcon.colcon_core.package_identification:_identify(config) by extensions ['python_setup_py']
[0.250s] Level 1:colcon.colcon_core.package_identification:_identify(config) by extension 'python_setup_py'
[0.250s] Level 1:colcon.colcon_core.package_identification:_identify(config/osprey) by extensions ['ignore', 'ignore_ament_install']
[0.250s] Level 1:colcon.colcon_core.package_identification:_identify(config/osprey) by extension 'ignore'
[0.250s] Level 1:colcon.colcon_core.package_identification:_identify(config/osprey) by extension 'ignore_ament_install'
[0.250s] Level 1:colcon.colcon_core.package_identification:_identify(config/osprey) by extensions ['colcon_pkg']
[0.250s] Level 1:colcon.colcon_core.package_identification:_identify(config/osprey) by extension 'colcon_pkg'
[0.250s] Level 1:colcon.colcon_core.package_identification:_identify(config/osprey) by extensions ['colcon_meta']
[0.250s] Level 1:colcon.colcon_core.package_identification:_identify(config/osprey) by extension 'colcon_meta'
[0.250s] Level 1:colcon.colcon_core.package_identification:_identify(config/osprey) by extensions ['ros']
[0.250s] Level 1:colcon.colcon_core.package_identification:_identify(config/osprey) by extension 'ros'
[0.250s] Level 1:colcon.colcon_core.package_identification:_identify(config/osprey) by extensions ['cmake', 'python']
[0.250s] Level 1:colcon.colcon_core.package_identification:_identify(config/osprey) by extension 'cmake'
[0.250s] Level 1:colcon.colcon_core.package_identification:_identify(config/osprey) by extension 'python'
[0.250s] Level 1:colcon.colcon_core.package_identification:_identify(config/osprey) by extensions ['python_setup_py']
[0.250s] Level 1:colcon.colcon_core.package_identification:_identify(config/osprey) by extension 'python_setup_py'
[0.250s] Level 1:colcon.colcon_core.package_identification:_identify(config/osprey/network) by extensions ['ignore', 'ignore_ament_install']
[0.251s] Level 1:colcon.colcon_core.package_identification:_identify(config/osprey/network) by extension 'ignore'
[0.251s] Level 1:colcon.colcon_core.package_identification:_identify(config/osprey/network) by extension 'ignore_ament_install'
[0.251s] Level 1:colcon.colcon_core.package_identification:_identify(config/osprey/network) by extensions ['colcon_pkg']
[0.251s] Level 1:colcon.colcon_core.package_identification:_identify(config/osprey/network) by extension 'colcon_pkg'
[0.251s] Level 1:colcon.colcon_core.package_identification:_identify(config/osprey/network) by extensions ['colcon_meta']
[0.251s] Level 1:colcon.colcon_core.package_identification:_identify(config/osprey/network) by extension 'colcon_meta'
[0.251s] Level 1:colcon.colcon_core.package_identification:_identify(config/osprey/network) by extensions ['ros']
[0.251s] Level 1:colcon.colcon_core.package_identification:_identify(config/osprey/network) by extension 'ros'
[0.251s] Level 1:colcon.colcon_core.package_identification:_identify(config/osprey/network) by extensions ['cmake', 'python']
[0.251s] Level 1:colcon.colcon_core.package_identification:_identify(config/osprey/network) by extension 'cmake'
[0.251s] Level 1:colcon.colcon_core.package_identification:_identify(config/osprey/network) by extension 'python'
[0.251s] Level 1:colcon.colcon_core.package_identification:_identify(config/osprey/network) by extensions ['python_setup_py']
[0.251s] Level 1:colcon.colcon_core.package_identification:_identify(config/osprey/network) by extension 'python_setup_py'
[0.251s] Level 1:colcon.colcon_core.package_identification:_identify(config/osprey/network/NetworkManager) by extensions ['ignore', 'ignore_ament_install']
[0.251s] Level 1:colcon.colcon_core.package_identification:_identify(config/osprey/network/NetworkManager) by extension 'ignore'
[0.251s] Level 1:colcon.colcon_core.package_identification:_identify(config/osprey/network/NetworkManager) by extension 'ignore_ament_install'
[0.251s] Level 1:colcon.colcon_core.package_identification:_identify(config/osprey/network/NetworkManager) by extensions ['colcon_pkg']
[0.251s] Level 1:colcon.colcon_core.package_identification:_identify(config/osprey/network/NetworkManager) by extension 'colcon_pkg'
[0.252s] Level 1:colcon.colcon_core.package_identification:_identify(config/osprey/network/NetworkManager) by extensions ['colcon_meta']
[0.252s] Level 1:colcon.colcon_core.package_identification:_identify(config/osprey/network/NetworkManager) by extension 'colcon_meta'
[0.252s] Level 1:colcon.colcon_core.package_identification:_identify(config/osprey/network/NetworkManager) by extensions ['ros']
[0.252s] Level 1:colcon.colcon_core.package_identification:_identify(config/osprey/network/NetworkManager) by extension 'ros'
[0.252s] Level 1:colcon.colcon_core.package_identification:_identify(config/osprey/network/NetworkManager) by extensions ['cmake', 'python']
[0.252s] Level 1:colcon.colcon_core.package_identification:_identify(config/osprey/network/NetworkManager) by extension 'cmake'
[0.252s] Level 1:colcon.colcon_core.package_identification:_identify(config/osprey/network/NetworkManager) by extension 'python'
[0.252s] Level 1:colcon.colcon_core.package_identification:_identify(config/osprey/network/NetworkManager) by extensions ['python_setup_py']
[0.252s] Level 1:colcon.colcon_core.package_identification:_identify(config/osprey/network/NetworkManager) by extension 'python_setup_py'
[0.252s] Level 1:colcon.colcon_core.package_identification:_identify(containers) by extensions ['ignore', 'ignore_ament_install']
[0.252s] Level 1:colcon.colcon_core.package_identification:_identify(containers) by extension 'ignore'
[0.252s] Level 1:colcon.colcon_core.package_identification:_identify(containers) by extension 'ignore_ament_install'
[0.252s] Level 1:colcon.colcon_core.package_identification:_identify(containers) by extensions ['colcon_pkg']
[0.252s] Level 1:colcon.colcon_core.package_identification:_identify(containers) by extension 'colcon_pkg'
[0.252s] Level 1:colcon.colcon_core.package_identification:_identify(containers) by extensions ['colcon_meta']
[0.252s] Level 1:colcon.colcon_core.package_identification:_identify(containers) by extension 'colcon_meta'
[0.252s] Level 1:colcon.colcon_core.package_identification:_identify(containers) by extensions ['ros']
[0.252s] Level 1:colcon.colcon_core.package_identification:_identify(containers) by extension 'ros'
[0.252s] Level 1:colcon.colcon_core.package_identification:_identify(containers) by extensions ['cmake', 'python']
[0.252s] Level 1:colcon.colcon_core.package_identification:_identify(containers) by extension 'cmake'
[0.252s] Level 1:colcon.colcon_core.package_identification:_identify(containers) by extension 'python'
[0.253s] Level 1:colcon.colcon_core.package_identification:_identify(containers) by extensions ['python_setup_py']
[0.253s] Level 1:colcon.colcon_core.package_identification:_identify(containers) by extension 'python_setup_py'
[0.253s] Level 1:colcon.colcon_core.package_identification:_identify(containers/arena-sdk) by extensions ['ignore', 'ignore_ament_install']
[0.253s] Level 1:colcon.colcon_core.package_identification:_identify(containers/arena-sdk) by extension 'ignore'
[0.253s] Level 1:colcon.colcon_core.package_identification:_identify(containers/arena-sdk) by extension 'ignore_ament_install'
[0.253s] Level 1:colcon.colcon_core.package_identification:_identify(containers/arena-sdk) by extensions ['colcon_pkg']
[0.253s] Level 1:colcon.colcon_core.package_identification:_identify(containers/arena-sdk) by extension 'colcon_pkg'
[0.253s] Level 1:colcon.colcon_core.package_identification:_identify(containers/arena-sdk) by extensions ['colcon_meta']
[0.253s] Level 1:colcon.colcon_core.package_identification:_identify(containers/arena-sdk) by extension 'colcon_meta'
[0.253s] Level 1:colcon.colcon_core.package_identification:_identify(containers/arena-sdk) by extensions ['ros']
[0.253s] Level 1:colcon.colcon_core.package_identification:_identify(containers/arena-sdk) by extension 'ros'
[0.253s] Level 1:colcon.colcon_core.package_identification:_identify(containers/arena-sdk) by extensions ['cmake', 'python']
[0.253s] Level 1:colcon.colcon_core.package_identification:_identify(containers/arena-sdk) by extension 'cmake'
[0.253s] Level 1:colcon.colcon_core.package_identification:_identify(containers/arena-sdk) by extension 'python'
[0.253s] Level 1:colcon.colcon_core.package_identification:_identify(containers/arena-sdk) by extensions ['python_setup_py']
[0.253s] Level 1:colcon.colcon_core.package_identification:_identify(containers/arena-sdk) by extension 'python_setup_py'
[0.253s] Level 1:colcon.colcon_core.package_identification:_identify(deployment) by extensions ['ignore', 'ignore_ament_install']
[0.253s] Level 1:colcon.colcon_core.package_identification:_identify(deployment) by extension 'ignore'
[0.253s] Level 1:colcon.colcon_core.package_identification:_identify(deployment) by extension 'ignore_ament_install'
[0.253s] Level 1:colcon.colcon_core.package_identification:_identify(deployment) by extensions ['colcon_pkg']
[0.254s] Level 1:colcon.colcon_core.package_identification:_identify(deployment) by extension 'colcon_pkg'
[0.254s] Level 1:colcon.colcon_core.package_identification:_identify(deployment) by extensions ['colcon_meta']
[0.254s] Level 1:colcon.colcon_core.package_identification:_identify(deployment) by extension 'colcon_meta'
[0.254s] Level 1:colcon.colcon_core.package_identification:_identify(deployment) by extensions ['ros']
[0.254s] Level 1:colcon.colcon_core.package_identification:_identify(deployment) by extension 'ros'
[0.254s] Level 1:colcon.colcon_core.package_identification:_identify(deployment) by extensions ['cmake', 'python']
[0.254s] Level 1:colcon.colcon_core.package_identification:_identify(deployment) by extension 'cmake'
[0.254s] Level 1:colcon.colcon_core.package_identification:_identify(deployment) by extension 'python'
[0.254s] Level 1:colcon.colcon_core.package_identification:_identify(deployment) by extensions ['python_setup_py']
[0.254s] Level 1:colcon.colcon_core.package_identification:_identify(deployment) by extension 'python_setup_py'
[0.254s] Level 1:colcon.colcon_core.package_identification:_identify(firmware) by extensions ['ignore', 'ignore_ament_install']
[0.254s] Level 1:colcon.colcon_core.package_identification:_identify(firmware) by extension 'ignore'
[0.254s] Level 1:colcon.colcon_core.package_identification:_identify(firmware) by extension 'ignore_ament_install'
[0.254s] Level 1:colcon.colcon_core.package_identification:_identify(firmware) by extensions ['colcon_pkg']
[0.254s] Level 1:colcon.colcon_core.package_identification:_identify(firmware) by extension 'colcon_pkg'
[0.254s] Level 1:colcon.colcon_core.package_identification:_identify(firmware) by extensions ['colcon_meta']
[0.254s] Level 1:colcon.colcon_core.package_identification:_identify(firmware) by extension 'colcon_meta'
[0.254s] Level 1:colcon.colcon_core.package_identification:_identify(firmware) by extensions ['ros']
[0.254s] Level 1:colcon.colcon_core.package_identification:_identify(firmware) by extension 'ros'
[0.254s] Level 1:colcon.colcon_core.package_identification:_identify(firmware) by extensions ['cmake', 'python']
[0.254s] Level 1:colcon.colcon_core.package_identification:_identify(firmware) by extension 'cmake'
[0.254s] Level 1:colcon.colcon_core.package_identification:_identify(firmware) by extension 'python'
[0.254s] Level 1:colcon.colcon_core.package_identification:_identify(firmware) by extensions ['python_setup_py']
[0.255s] Level 1:colcon.colcon_core.package_identification:_identify(firmware) by extension 'python_setup_py'
[0.255s] Level 1:colcon.colcon_core.package_identification:_identify(firmware/arduino-bar02-depth) by extensions ['ignore', 'ignore_ament_install']
[0.255s] Level 1:colcon.colcon_core.package_identification:_identify(firmware/arduino-bar02-depth) by extension 'ignore'
[0.255s] Level 1:colcon.colcon_core.package_identification:_identify(firmware/arduino-bar02-depth) by extension 'ignore_ament_install'
[0.255s] Level 1:colcon.colcon_core.package_identification:_identify(firmware/arduino-bar02-depth) by extensions ['colcon_pkg']
[0.255s] Level 1:colcon.colcon_core.package_identification:_identify(firmware/arduino-bar02-depth) by extension 'colcon_pkg'
[0.255s] Level 1:colcon.colcon_core.package_identification:_identify(firmware/arduino-bar02-depth) by extensions ['colcon_meta']
[0.255s] Level 1:colcon.colcon_core.package_identification:_identify(firmware/arduino-bar02-depth) by extension 'colcon_meta'
[0.255s] Level 1:colcon.colcon_core.package_identification:_identify(firmware/arduino-bar02-depth) by extensions ['ros']
[0.255s] Level 1:colcon.colcon_core.package_identification:_identify(firmware/arduino-bar02-depth) by extension 'ros'
[0.255s] Level 1:colcon.colcon_core.package_identification:_identify(firmware/arduino-bar02-depth) by extensions ['cmake', 'python']
[0.255s] Level 1:colcon.colcon_core.package_identification:_identify(firmware/arduino-bar02-depth) by extension 'cmake'
[0.255s] Level 1:colcon.colcon_core.package_identification:_identify(firmware/arduino-bar02-depth) by extension 'python'
[0.255s] Level 1:colcon.colcon_core.package_identification:_identify(firmware/arduino-bar02-depth) by extensions ['python_setup_py']
[0.255s] Level 1:colcon.colcon_core.package_identification:_identify(firmware/arduino-bar02-depth) by extension 'python_setup_py'
[0.255s] Level 1:colcon.colcon_core.package_identification:_identify(firmware/leds) by extensions ['ignore', 'ignore_ament_install']
[0.255s] Level 1:colcon.colcon_core.package_identification:_identify(firmware/leds) by extension 'ignore'
[0.255s] Level 1:colcon.colcon_core.package_identification:_identify(firmware/leds) by extension 'ignore_ament_install'
[0.255s] Level 1:colcon.colcon_core.package_identification:_identify(firmware/leds) by extensions ['colcon_pkg']
[0.255s] Level 1:colcon.colcon_core.package_identification:_identify(firmware/leds) by extension 'colcon_pkg'
[0.256s] Level 1:colcon.colcon_core.package_identification:_identify(firmware/leds) by extensions ['colcon_meta']
[0.256s] Level 1:colcon.colcon_core.package_identification:_identify(firmware/leds) by extension 'colcon_meta'
[0.256s] Level 1:colcon.colcon_core.package_identification:_identify(firmware/leds) by extensions ['ros']
[0.256s] Level 1:colcon.colcon_core.package_identification:_identify(firmware/leds) by extension 'ros'
[0.256s] Level 1:colcon.colcon_core.package_identification:_identify(firmware/leds) by extensions ['cmake', 'python']
[0.256s] Level 1:colcon.colcon_core.package_identification:_identify(firmware/leds) by extension 'cmake'
[0.256s] Level 1:colcon.colcon_core.package_identification:_identify(firmware/leds) by extension 'python'
[0.256s] Level 1:colcon.colcon_core.package_identification:_identify(firmware/leds) by extensions ['python_setup_py']
[0.256s] Level 1:colcon.colcon_core.package_identification:_identify(firmware/leds) by extension 'python_setup_py'
[0.256s] Level 1:colcon.colcon_core.package_identification:_identify(firmware/leds/libraries) by extensions ['ignore', 'ignore_ament_install']
[0.256s] Level 1:colcon.colcon_core.package_identification:_identify(firmware/leds/libraries) by extension 'ignore'
[0.256s] Level 1:colcon.colcon_core.package_identification:_identify(firmware/leds/libraries) by extension 'ignore_ament_install'
[0.256s] Level 1:colcon.colcon_core.package_identification:_identify(firmware/leds/libraries) by extensions ['colcon_pkg']
[0.256s] Level 1:colcon.colcon_core.package_identification:_identify(firmware/leds/libraries) by extension 'colcon_pkg'
[0.256s] Level 1:colcon.colcon_core.package_identification:_identify(firmware/leds/libraries) by extensions ['colcon_meta']
[0.256s] Level 1:colcon.colcon_core.package_identification:_identify(firmware/leds/libraries) by extension 'colcon_meta'
[0.256s] Level 1:colcon.colcon_core.package_identification:_identify(firmware/leds/libraries) by extensions ['ros']
[0.256s] Level 1:colcon.colcon_core.package_identification:_identify(firmware/leds/libraries) by extension 'ros'
[0.256s] Level 1:colcon.colcon_core.package_identification:_identify(firmware/leds/libraries) by extensions ['cmake', 'python']
[0.256s] Level 1:colcon.colcon_core.package_identification:_identify(firmware/leds/libraries) by extension 'cmake'
[0.256s] Level 1:colcon.colcon_core.package_identification:_identify(firmware/leds/libraries) by extension 'python'
[0.256s] Level 1:colcon.colcon_core.package_identification:_identify(firmware/leds/libraries) by extensions ['python_setup_py']
[0.256s] Level 1:colcon.colcon_core.package_identification:_identify(firmware/leds/libraries) by extension 'python_setup_py'
[0.257s] Level 1:colcon.colcon_core.package_identification:_identify(firmware/powerboard_arduino) by extensions ['ignore', 'ignore_ament_install']
[0.257s] Level 1:colcon.colcon_core.package_identification:_identify(firmware/powerboard_arduino) by extension 'ignore'
[0.257s] Level 1:colcon.colcon_core.package_identification:_identify(firmware/powerboard_arduino) by extension 'ignore_ament_install'
[0.257s] Level 1:colcon.colcon_core.package_identification:_identify(firmware/powerboard_arduino) by extensions ['colcon_pkg']
[0.257s] Level 1:colcon.colcon_core.package_identification:_identify(firmware/powerboard_arduino) by extension 'colcon_pkg'
[0.257s] Level 1:colcon.colcon_core.package_identification:_identify(firmware/powerboard_arduino) by extensions ['colcon_meta']
[0.257s] Level 1:colcon.colcon_core.package_identification:_identify(firmware/powerboard_arduino) by extension 'colcon_meta'
[0.257s] Level 1:colcon.colcon_core.package_identification:_identify(firmware/powerboard_arduino) by extensions ['ros']
[0.257s] Level 1:colcon.colcon_core.package_identification:_identify(firmware/powerboard_arduino) by extension 'ros'
[0.257s] Level 1:colcon.colcon_core.package_identification:_identify(firmware/powerboard_arduino) by extensions ['cmake', 'python']
[0.257s] Level 1:colcon.colcon_core.package_identification:_identify(firmware/powerboard_arduino) by extension 'cmake'
[0.257s] Level 1:colcon.colcon_core.package_identification:_identify(firmware/powerboard_arduino) by extension 'python'
[0.257s] Level 1:colcon.colcon_core.package_identification:_identify(firmware/powerboard_arduino) by extensions ['python_setup_py']
[0.257s] Level 1:colcon.colcon_core.package_identification:_identify(firmware/powerboard_arduino) by extension 'python_setup_py'
[0.257s] Level 1:colcon.colcon_core.package_identification:_identify(firmware/powerboard_stm32) by extensions ['ignore', 'ignore_ament_install']
[0.257s] Level 1:colcon.colcon_core.package_identification:_identify(firmware/powerboard_stm32) by extension 'ignore'
[0.257s] Level 1:colcon.colcon_core.package_identification:_identify(firmware/powerboard_stm32) by extension 'ignore_ament_install'
[0.257s] Level 1:colcon.colcon_core.package_identification:_identify(firmware/powerboard_stm32) by extensions ['colcon_pkg']
[0.257s] Level 1:colcon.colcon_core.package_identification:_identify(firmware/powerboard_stm32) by extension 'colcon_pkg'
[0.257s] Level 1:colcon.colcon_core.package_identification:_identify(firmware/powerboard_stm32) by extensions ['colcon_meta']
[0.258s] Level 1:colcon.colcon_core.package_identification:_identify(firmware/powerboard_stm32) by extension 'colcon_meta'
[0.258s] Level 1:colcon.colcon_core.package_identification:_identify(firmware/powerboard_stm32) by extensions ['ros']
[0.258s] Level 1:colcon.colcon_core.package_identification:_identify(firmware/powerboard_stm32) by extension 'ros'
[0.258s] Level 1:colcon.colcon_core.package_identification:_identify(firmware/powerboard_stm32) by extensions ['cmake', 'python']
[0.258s] Level 1:colcon.colcon_core.package_identification:_identify(firmware/powerboard_stm32) by extension 'cmake'
[0.263s] Level 1:colcon.colcon_core.package_identification:_identify(firmware/powerboard_stm32) by extension 'python'
[0.263s] DEBUG:colcon.colcon_core.package_identification:Package 'firmware/powerboard_stm32' with type 'cmake' and name 'powerboard_stm32'
[0.263s] Level 1:colcon.colcon_core.package_identification:_identify(firmware/rtvc) by extensions ['ignore', 'ignore_ament_install']
[0.263s] Level 1:colcon.colcon_core.package_identification:_identify(firmware/rtvc) by extension 'ignore'
[0.263s] Level 1:colcon.colcon_core.package_identification:_identify(firmware/rtvc) by extension 'ignore_ament_install'
[0.264s] Level 1:colcon.colcon_core.package_identification:_identify(firmware/rtvc) by extensions ['colcon_pkg']
[0.264s] Level 1:colcon.colcon_core.package_identification:_identify(firmware/rtvc) by extension 'colcon_pkg'
[0.264s] Level 1:colcon.colcon_core.package_identification:_identify(firmware/rtvc) by extensions ['colcon_meta']
[0.264s] Level 1:colcon.colcon_core.package_identification:_identify(firmware/rtvc) by extension 'colcon_meta'
[0.264s] Level 1:colcon.colcon_core.package_identification:_identify(firmware/rtvc) by extensions ['ros']
[0.264s] Level 1:colcon.colcon_core.package_identification:_identify(firmware/rtvc) by extension 'ros'
[0.264s] Level 1:colcon.colcon_core.package_identification:_identify(firmware/rtvc) by extensions ['cmake', 'python']
[0.264s] Level 1:colcon.colcon_core.package_identification:_identify(firmware/rtvc) by extension 'cmake'
[0.267s] Level 1:colcon.colcon_core.package_identification:_identify(firmware/rtvc) by extension 'python'
[0.267s] DEBUG:colcon.colcon_core.package_identification:Package 'firmware/rtvc' with type 'cmake' and name 'rtvc'
[0.267s] Level 1:colcon.colcon_core.package_identification:_identify(firmware/schemas) by extensions ['ignore', 'ignore_ament_install']
[0.267s] Level 1:colcon.colcon_core.package_identification:_identify(firmware/schemas) by extension 'ignore'
[0.267s] Level 1:colcon.colcon_core.package_identification:_identify(firmware/schemas) by extension 'ignore_ament_install'
[0.267s] Level 1:colcon.colcon_core.package_identification:_identify(firmware/schemas) by extensions ['colcon_pkg']
[0.267s] Level 1:colcon.colcon_core.package_identification:_identify(firmware/schemas) by extension 'colcon_pkg'
[0.267s] Level 1:colcon.colcon_core.package_identification:_identify(firmware/schemas) by extensions ['colcon_meta']
[0.267s] Level 1:colcon.colcon_core.package_identification:_identify(firmware/schemas) by extension 'colcon_meta'
[0.267s] Level 1:colcon.colcon_core.package_identification:_identify(firmware/schemas) by extensions ['ros']
[0.268s] Level 1:colcon.colcon_core.package_identification:_identify(firmware/schemas) by extension 'ros'
[0.268s] Level 1:colcon.colcon_core.package_identification:_identify(firmware/schemas) by extensions ['cmake', 'python']
[0.268s] Level 1:colcon.colcon_core.package_identification:_identify(firmware/schemas) by extension 'cmake'
[0.268s] Level 1:colcon.colcon_core.package_identification:_identify(firmware/schemas) by extension 'python'
[0.268s] Level 1:colcon.colcon_core.package_identification:_identify(firmware/schemas) by extensions ['python_setup_py']
[0.268s] Level 1:colcon.colcon_core.package_identification:_identify(firmware/schemas) by extension 'python_setup_py'
[0.268s] Level 1:colcon.colcon_core.package_identification:_identify(firmware/tools) by extensions ['ignore', 'ignore_ament_install']
[0.268s] Level 1:colcon.colcon_core.package_identification:_identify(firmware/tools) by extension 'ignore'
[0.268s] Level 1:colcon.colcon_core.package_identification:_identify(firmware/tools) by extension 'ignore_ament_install'
[0.268s] Level 1:colcon.colcon_core.package_identification:_identify(firmware/tools) by extensions ['colcon_pkg']
[0.268s] Level 1:colcon.colcon_core.package_identification:_identify(firmware/tools) by extension 'colcon_pkg'
[0.268s] Level 1:colcon.colcon_core.package_identification:_identify(firmware/tools) by extensions ['colcon_meta']
[0.268s] Level 1:colcon.colcon_core.package_identification:_identify(firmware/tools) by extension 'colcon_meta'
[0.268s] Level 1:colcon.colcon_core.package_identification:_identify(firmware/tools) by extensions ['ros']
[0.268s] Level 1:colcon.colcon_core.package_identification:_identify(firmware/tools) by extension 'ros'
[0.268s] Level 1:colcon.colcon_core.package_identification:_identify(firmware/tools) by extensions ['cmake', 'python']
[0.268s] Level 1:colcon.colcon_core.package_identification:_identify(firmware/tools) by extension 'cmake'
[0.268s] Level 1:colcon.colcon_core.package_identification:_identify(firmware/tools) by extension 'python'
[0.268s] Level 1:colcon.colcon_core.package_identification:_identify(firmware/tools) by extensions ['python_setup_py']
[0.268s] Level 1:colcon.colcon_core.package_identification:_identify(firmware/tools) by extension 'python_setup_py'
[0.269s] Level 1:colcon.colcon_core.package_identification:_identify(install) by extensions ['ignore', 'ignore_ament_install']
[0.269s] Level 1:colcon.colcon_core.package_identification:_identify(install) by extension 'ignore'
[0.269s] Level 1:colcon.colcon_core.package_identification:_identify(install) ignored
[0.269s] Level 1:colcon.colcon_core.package_identification:_identify(log) by extensions ['ignore', 'ignore_ament_install']
[0.269s] Level 1:colcon.colcon_core.package_identification:_identify(log) by extension 'ignore'
[0.269s] Level 1:colcon.colcon_core.package_identification:_identify(log) ignored
[0.269s] Level 1:colcon.colcon_core.package_identification:_identify(packages) by extensions ['ignore', 'ignore_ament_install']
[0.269s] Level 1:colcon.colcon_core.package_identification:_identify(packages) by extension 'ignore'
[0.269s] Level 1:colcon.colcon_core.package_identification:_identify(packages) by extension 'ignore_ament_install'
[0.269s] Level 1:colcon.colcon_core.package_identification:_identify(packages) by extensions ['colcon_pkg']
[0.269s] Level 1:colcon.colcon_core.package_identification:_identify(packages) by extension 'colcon_pkg'
[0.269s] Level 1:colcon.colcon_core.package_identification:_identify(packages) by extensions ['colcon_meta']
[0.269s] Level 1:colcon.colcon_core.package_identification:_identify(packages) by extension 'colcon_meta'
[0.269s] Level 1:colcon.colcon_core.package_identification:_identify(packages) by extensions ['ros']
[0.269s] Level 1:colcon.colcon_core.package_identification:_identify(packages) by extension 'ros'
[0.269s] Level 1:colcon.colcon_core.package_identification:_identify(packages) by extensions ['cmake', 'python']
[0.269s] Level 1:colcon.colcon_core.package_identification:_identify(packages) by extension 'cmake'
[0.269s] Level 1:colcon.colcon_core.package_identification:_identify(packages) by extension 'python'
[0.270s] Level 1:colcon.colcon_core.package_identification:_identify(packages) by extensions ['python_setup_py']
[0.270s] Level 1:colcon.colcon_core.package_identification:_identify(packages) by extension 'python_setup_py'
[0.270s] Level 1:colcon.colcon_core.package_identification:_identify(packages/tauv_common) by extensions ['ignore', 'ignore_ament_install']
[0.270s] Level 1:colcon.colcon_core.package_identification:_identify(packages/tauv_common) by extension 'ignore'
[0.270s] Level 1:colcon.colcon_core.package_identification:_identify(packages/tauv_common) by extension 'ignore_ament_install'
[0.270s] Level 1:colcon.colcon_core.package_identification:_identify(packages/tauv_common) by extensions ['colcon_pkg']
[0.270s] Level 1:colcon.colcon_core.package_identification:_identify(packages/tauv_common) by extension 'colcon_pkg'
[0.270s] Level 1:colcon.colcon_core.package_identification:_identify(packages/tauv_common) by extensions ['colcon_meta']
[0.270s] Level 1:colcon.colcon_core.package_identification:_identify(packages/tauv_common) by extension 'colcon_meta'
[0.270s] Level 1:colcon.colcon_core.package_identification:_identify(packages/tauv_common) by extensions ['ros']
[0.270s] Level 1:colcon.colcon_core.package_identification:_identify(packages/tauv_common) by extension 'ros'
[0.270s] Level 1:colcon.colcon_core.package_identification:_identify(packages/tauv_common) by extensions ['cmake', 'python']
[0.270s] Level 1:colcon.colcon_core.package_identification:_identify(packages/tauv_common) by extension 'cmake'
[0.270s] Level 1:colcon.colcon_core.package_identification:_identify(packages/tauv_common) by extension 'python'
[0.270s] Level 1:colcon.colcon_core.package_identification:_identify(packages/tauv_common) by extensions ['python_setup_py']
[0.270s] Level 1:colcon.colcon_core.package_identification:_identify(packages/tauv_common) by extension 'python_setup_py'
[0.270s] Level 1:colcon.colcon_core.package_identification:_identify(packages/tauv_common/src) by extensions ['ignore', 'ignore_ament_install']
[0.270s] Level 1:colcon.colcon_core.package_identification:_identify(packages/tauv_common/src) by extension 'ignore'
[0.270s] Level 1:colcon.colcon_core.package_identification:_identify(packages/tauv_common/src) by extension 'ignore_ament_install'
[0.271s] Level 1:colcon.colcon_core.package_identification:_identify(packages/tauv_common/src) by extensions ['colcon_pkg']
[0.271s] Level 1:colcon.colcon_core.package_identification:_identify(packages/tauv_common/src) by extension 'colcon_pkg'
[0.271s] Level 1:colcon.colcon_core.package_identification:_identify(packages/tauv_common/src) by extensions ['colcon_meta']
[0.271s] Level 1:colcon.colcon_core.package_identification:_identify(packages/tauv_common/src) by extension 'colcon_meta'
[0.271s] Level 1:colcon.colcon_core.package_identification:_identify(packages/tauv_common/src) by extensions ['ros']
[0.271s] Level 1:colcon.colcon_core.package_identification:_identify(packages/tauv_common/src) by extension 'ros'
[0.271s] Level 1:colcon.colcon_core.package_identification:_identify(packages/tauv_common/src) by extensions ['cmake', 'python']
[0.271s] Level 1:colcon.colcon_core.package_identification:_identify(packages/tauv_common/src) by extension 'cmake'
[0.271s] Level 1:colcon.colcon_core.package_identification:_identify(packages/tauv_common/src) by extension 'python'
[0.271s] Level 1:colcon.colcon_core.package_identification:_identify(packages/tauv_common/src) by extensions ['python_setup_py']
[0.271s] Level 1:colcon.colcon_core.package_identification:_identify(packages/tauv_common/src) by extension 'python_setup_py'
[0.271s] Level 1:colcon.colcon_core.package_identification:_identify(packages/tauv_common/src/dynamics) by extensions ['ignore', 'ignore_ament_install']
[0.271s] Level 1:colcon.colcon_core.package_identification:_identify(packages/tauv_common/src/dynamics) by extension 'ignore'
[0.271s] Level 1:colcon.colcon_core.package_identification:_identify(packages/tauv_common/src/dynamics) by extension 'ignore_ament_install'
[0.271s] Level 1:colcon.colcon_core.package_identification:_identify(packages/tauv_common/src/dynamics) by extensions ['colcon_pkg']
[0.271s] Level 1:colcon.colcon_core.package_identification:_identify(packages/tauv_common/src/dynamics) by extension 'colcon_pkg'
[0.271s] Level 1:colcon.colcon_core.package_identification:_identify(packages/tauv_common/src/dynamics) by extensions ['colcon_meta']
[0.271s] Level 1:colcon.colcon_core.package_identification:_identify(packages/tauv_common/src/dynamics) by extension 'colcon_meta'
[0.271s] Level 1:colcon.colcon_core.package_identification:_identify(packages/tauv_common/src/dynamics) by extensions ['ros']
[0.271s] Level 1:colcon.colcon_core.package_identification:_identify(packages/tauv_common/src/dynamics) by extension 'ros'
[0.271s] Level 1:colcon.colcon_core.package_identification:_identify(packages/tauv_common/src/dynamics) by extensions ['cmake', 'python']
[0.271s] Level 1:colcon.colcon_core.package_identification:_identify(packages/tauv_common/src/dynamics) by extension 'cmake'
[0.272s] Level 1:colcon.colcon_core.package_identification:_identify(packages/tauv_common/src/dynamics) by extension 'python'
[0.272s] Level 1:colcon.colcon_core.package_identification:_identify(packages/tauv_common/src/dynamics) by extensions ['python_setup_py']
[0.272s] Level 1:colcon.colcon_core.package_identification:_identify(packages/tauv_common/src/dynamics) by extension 'python_setup_py'
[0.272s] Level 1:colcon.colcon_core.package_identification:_identify(ros_ws) by extensions ['ignore', 'ignore_ament_install']
[0.272s] Level 1:colcon.colcon_core.package_identification:_identify(ros_ws) by extension 'ignore'
[0.272s] Level 1:colcon.colcon_core.package_identification:_identify(ros_ws) by extension 'ignore_ament_install'
[0.272s] Level 1:colcon.colcon_core.package_identification:_identify(ros_ws) by extensions ['colcon_pkg']
[0.272s] Level 1:colcon.colcon_core.package_identification:_identify(ros_ws) by extension 'colcon_pkg'
[0.272s] Level 1:colcon.colcon_core.package_identification:_identify(ros_ws) by extensions ['colcon_meta']
[0.272s] Level 1:colcon.colcon_core.package_identification:_identify(ros_ws) by extension 'colcon_meta'
[0.272s] Level 1:colcon.colcon_core.package_identification:_identify(ros_ws) by extensions ['ros']
[0.272s] Level 1:colcon.colcon_core.package_identification:_identify(ros_ws) by extension 'ros'
[0.272s] Level 1:colcon.colcon_core.package_identification:_identify(ros_ws) by extensions ['cmake', 'python']
[0.272s] Level 1:colcon.colcon_core.package_identification:_identify(ros_ws) by extension 'cmake'
[0.272s] Level 1:colcon.colcon_core.package_identification:_identify(ros_ws) by extension 'python'
[0.272s] Level 1:colcon.colcon_core.package_identification:_identify(ros_ws) by extensions ['python_setup_py']
[0.272s] Level 1:colcon.colcon_core.package_identification:_identify(ros_ws) by extension 'python_setup_py'
[0.272s] Level 1:colcon.colcon_core.package_identification:_identify(ros_ws/build) by extensions ['ignore', 'ignore_ament_install']
[0.272s] Level 1:colcon.colcon_core.package_identification:_identify(ros_ws/build) by extension 'ignore'
[0.272s] Level 1:colcon.colcon_core.package_identification:_identify(ros_ws/build) ignored
[0.273s] Level 1:colcon.colcon_core.package_identification:_identify(ros_ws/install) by extensions ['ignore', 'ignore_ament_install']
[0.273s] Level 1:colcon.colcon_core.package_identification:_identify(ros_ws/install) by extension 'ignore'
[0.273s] Level 1:colcon.colcon_core.package_identification:_identify(ros_ws/install) ignored
[0.273s] Level 1:colcon.colcon_core.package_identification:_identify(ros_ws/log) by extensions ['ignore', 'ignore_ament_install']
[0.273s] Level 1:colcon.colcon_core.package_identification:_identify(ros_ws/log) by extension 'ignore'
[0.273s] Level 1:colcon.colcon_core.package_identification:_identify(ros_ws/log) ignored
[0.273s] Level 1:colcon.colcon_core.package_identification:_identify(ros_ws/src) by extensions ['ignore', 'ignore_ament_install']
[0.273s] Level 1:colcon.colcon_core.package_identification:_identify(ros_ws/src) by extension 'ignore'
[0.273s] Level 1:colcon.colcon_core.package_identification:_identify(ros_ws/src) by extension 'ignore_ament_install'
[0.273s] Level 1:colcon.colcon_core.package_identification:_identify(ros_ws/src) by extensions ['colcon_pkg']
[0.273s] Level 1:colcon.colcon_core.package_identification:_identify(ros_ws/src) by extension 'colcon_pkg'
[0.273s] Level 1:colcon.colcon_core.package_identification:_identify(ros_ws/src) by extensions ['colcon_meta']
[0.273s] Level 1:colcon.colcon_core.package_identification:_identify(ros_ws/src) by extension 'colcon_meta'
[0.273s] Level 1:colcon.colcon_core.package_identification:_identify(ros_ws/src) by extensions ['ros']
[0.273s] Level 1:colcon.colcon_core.package_identification:_identify(ros_ws/src) by extension 'ros'
[0.274s] Level 1:colcon.colcon_core.package_identification:_identify(ros_ws/src) by extensions ['cmake', 'python']
[0.274s] Level 1:colcon.colcon_core.package_identification:_identify(ros_ws/src) by extension 'cmake'
[0.274s] Level 1:colcon.colcon_core.package_identification:_identify(ros_ws/src) by extension 'python'
[0.274s] Level 1:colcon.colcon_core.package_identification:_identify(ros_ws/src) by extensions ['python_setup_py']
[0.274s] Level 1:colcon.colcon_core.package_identification:_identify(ros_ws/src) by extension 'python_setup_py'
[0.274s] Level 1:colcon.colcon_core.package_identification:_identify(ros_ws/src/stonefish_ros2) by extensions ['ignore', 'ignore_ament_install']
[0.274s] Level 1:colcon.colcon_core.package_identification:_identify(ros_ws/src/stonefish_ros2) by extension 'ignore'
[0.274s] Level 1:colcon.colcon_core.package_identification:_identify(ros_ws/src/stonefish_ros2) by extension 'ignore_ament_install'
[0.274s] Level 1:colcon.colcon_core.package_identification:_identify(ros_ws/src/stonefish_ros2) by extensions ['colcon_pkg']
[0.274s] Level 1:colcon.colcon_core.package_identification:_identify(ros_ws/src/stonefish_ros2) by extension 'colcon_pkg'
[0.274s] Level 1:colcon.colcon_core.package_identification:_identify(ros_ws/src/stonefish_ros2) by extensions ['colcon_meta']
[0.274s] Level 1:colcon.colcon_core.package_identification:_identify(ros_ws/src/stonefish_ros2) by extension 'colcon_meta'
[0.274s] Level 1:colcon.colcon_core.package_identification:_identify(ros_ws/src/stonefish_ros2) by extensions ['ros']
[0.274s] Level 1:colcon.colcon_core.package_identification:_identify(ros_ws/src/stonefish_ros2) by extension 'ros'
[0.278s] DEBUG:colcon.colcon_core.package_identification:Package 'ros_ws/src/stonefish_ros2' with type 'ros.ament_cmake' and name 'stonefish_ros2'
[0.278s] Level 1:colcon.colcon_core.package_identification:_identify(ros_ws/src/tauv_common) by extensions ['ignore', 'ignore_ament_install']
[0.278s] Level 1:colcon.colcon_core.package_identification:_identify(ros_ws/src/tauv_common) by extension 'ignore'
[0.278s] Level 1:colcon.colcon_core.package_identification:_identify(ros_ws/src/tauv_common) by extension 'ignore_ament_install'
[0.278s] Level 1:colcon.colcon_core.package_identification:_identify(ros_ws/src/tauv_common) by extensions ['colcon_pkg']
[0.278s] Level 1:colcon.colcon_core.package_identification:_identify(ros_ws/src/tauv_common) by extension 'colcon_pkg'
[0.278s] Level 1:colcon.colcon_core.package_identification:_identify(ros_ws/src/tauv_common) by extensions ['colcon_meta']
[0.278s] Level 1:colcon.colcon_core.package_identification:_identify(ros_ws/src/tauv_common) by extension 'colcon_meta'
[0.278s] Level 1:colcon.colcon_core.package_identification:_identify(ros_ws/src/tauv_common) by extensions ['ros']
[0.278s] Level 1:colcon.colcon_core.package_identification:_identify(ros_ws/src/tauv_common) by extension 'ros'
[0.279s] DEBUG:colcon.colcon_core.package_identification:Package 'ros_ws/src/tauv_common' with type 'ros.ament_python' and name 'tauv_common'
[0.279s] Level 1:colcon.colcon_core.package_identification:_identify(ros_ws/src/tauv_config) by extensions ['ignore', 'ignore_ament_install']
[0.279s] Level 1:colcon.colcon_core.package_identification:_identify(ros_ws/src/tauv_config) by extension 'ignore'
[0.280s] Level 1:colcon.colcon_core.package_identification:_identify(ros_ws/src/tauv_config) by extension 'ignore_ament_install'
[0.280s] Level 1:colcon.colcon_core.package_identification:_identify(ros_ws/src/tauv_config) by extensions ['colcon_pkg']
[0.280s] Level 1:colcon.colcon_core.package_identification:_identify(ros_ws/src/tauv_config) by extension 'colcon_pkg'
[0.280s] Level 1:colcon.colcon_core.package_identification:_identify(ros_ws/src/tauv_config) by extensions ['colcon_meta']
[0.280s] Level 1:colcon.colcon_core.package_identification:_identify(ros_ws/src/tauv_config) by extension 'colcon_meta'
[0.280s] Level 1:colcon.colcon_core.package_identification:_identify(ros_ws/src/tauv_config) by extensions ['ros']
[0.280s] Level 1:colcon.colcon_core.package_identification:_identify(ros_ws/src/tauv_config) by extension 'ros'
[0.280s] DEBUG:colcon.colcon_core.package_identification:Package 'ros_ws/src/tauv_config' with type 'ros.ament_cmake' and name 'tauv_config'
[0.280s] Level 1:colcon.colcon_core.package_identification:_identify(ros_ws/src/tauv_msgs) by extensions ['ignore', 'ignore_ament_install']
[0.281s] Level 1:colcon.colcon_core.package_identification:_identify(ros_ws/src/tauv_msgs) by extension 'ignore'
[0.281s] Level 1:colcon.colcon_core.package_identification:_identify(ros_ws/src/tauv_msgs) by extension 'ignore_ament_install'
[0.281s] Level 1:colcon.colcon_core.package_identification:_identify(ros_ws/src/tauv_msgs) by extensions ['colcon_pkg']
[0.281s] Level 1:colcon.colcon_core.package_identification:_identify(ros_ws/src/tauv_msgs) by extension 'colcon_pkg'
[0.281s] Level 1:colcon.colcon_core.package_identification:_identify(ros_ws/src/tauv_msgs) by extensions ['colcon_meta']
[0.281s] Level 1:colcon.colcon_core.package_identification:_identify(ros_ws/src/tauv_msgs) by extension 'colcon_meta'
[0.281s] Level 1:colcon.colcon_core.package_identification:_identify(ros_ws/src/tauv_msgs) by extensions ['ros']
[0.281s] Level 1:colcon.colcon_core.package_identification:_identify(ros_ws/src/tauv_msgs) by extension 'ros'
[0.281s] DEBUG:colcon.colcon_core.package_identification:Package 'ros_ws/src/tauv_msgs' with type 'ros.ament_cmake' and name 'tauv_msgs'
[0.282s] Level 1:colcon.colcon_core.package_identification:_identify(ros_ws/src/tauv_sim) by extensions ['ignore', 'ignore_ament_install']
[0.282s] Level 1:colcon.colcon_core.package_identification:_identify(ros_ws/src/tauv_sim) by extension 'ignore'
[0.282s] Level 1:colcon.colcon_core.package_identification:_identify(ros_ws/src/tauv_sim) by extension 'ignore_ament_install'
[0.282s] Level 1:colcon.colcon_core.package_identification:_identify(ros_ws/src/tauv_sim) by extensions ['colcon_pkg']
[0.282s] Level 1:colcon.colcon_core.package_identification:_identify(ros_ws/src/tauv_sim) by extension 'colcon_pkg'
[0.282s] Level 1:colcon.colcon_core.package_identification:_identify(ros_ws/src/tauv_sim) by extensions ['colcon_meta']
[0.282s] Level 1:colcon.colcon_core.package_identification:_identify(ros_ws/src/tauv_sim) by extension 'colcon_meta'
[0.282s] Level 1:colcon.colcon_core.package_identification:_identify(ros_ws/src/tauv_sim) by extensions ['ros']
[0.282s] Level 1:colcon.colcon_core.package_identification:_identify(ros_ws/src/tauv_sim) by extension 'ros'
[0.283s] DEBUG:colcon.colcon_core.package_identification:Package 'ros_ws/src/tauv_sim' with type 'ros.ament_cmake' and name 'tauv_sim'
[0.283s] Level 1:colcon.colcon_core.package_identification:_identify(ros_ws/src/tauv_vehicle) by extensions ['ignore', 'ignore_ament_install']
[0.283s] Level 1:colcon.colcon_core.package_identification:_identify(ros_ws/src/tauv_vehicle) by extension 'ignore'
[0.283s] Level 1:colcon.colcon_core.package_identification:_identify(ros_ws/src/tauv_vehicle) by extension 'ignore_ament_install'
[0.283s] Level 1:colcon.colcon_core.package_identification:_identify(ros_ws/src/tauv_vehicle) by extensions ['colcon_pkg']
[0.283s] Level 1:colcon.colcon_core.package_identification:_identify(ros_ws/src/tauv_vehicle) by extension 'colcon_pkg'
[0.283s] Level 1:colcon.colcon_core.package_identification:_identify(ros_ws/src/tauv_vehicle) by extensions ['colcon_meta']
[0.283s] Level 1:colcon.colcon_core.package_identification:_identify(ros_ws/src/tauv_vehicle) by extension 'colcon_meta'
[0.283s] Level 1:colcon.colcon_core.package_identification:_identify(ros_ws/src/tauv_vehicle) by extensions ['ros']
[0.283s] Level 1:colcon.colcon_core.package_identification:_identify(ros_ws/src/tauv_vehicle) by extension 'ros'
[0.284s] DEBUG:colcon.colcon_core.package_identification:Package 'ros_ws/src/tauv_vehicle' with type 'ros.ament_cmake' and name 'tauv_vehicle'
[0.284s] Level 1:colcon.colcon_core.package_identification:_identify(third-party) by extensions ['ignore', 'ignore_ament_install']
[0.284s] Level 1:colcon.colcon_core.package_identification:_identify(third-party) by extension 'ignore'
[0.284s] Level 1:colcon.colcon_core.package_identification:_identify(third-party) by extension 'ignore_ament_install'
[0.284s] Level 1:colcon.colcon_core.package_identification:_identify(third-party) by extensions ['colcon_pkg']
[0.285s] Level 1:colcon.colcon_core.package_identification:_identify(third-party) by extension 'colcon_pkg'
[0.285s] Level 1:colcon.colcon_core.package_identification:_identify(third-party) by extensions ['colcon_meta']
[0.285s] Level 1:colcon.colcon_core.package_identification:_identify(third-party) by extension 'colcon_meta'
[0.285s] Level 1:colcon.colcon_core.package_identification:_identify(third-party) by extensions ['ros']
[0.285s] Level 1:colcon.colcon_core.package_identification:_identify(third-party) by extension 'ros'
[0.285s] Level 1:colcon.colcon_core.package_identification:_identify(third-party) by extensions ['cmake', 'python']
[0.285s] Level 1:colcon.colcon_core.package_identification:_identify(third-party) by extension 'cmake'
[0.285s] Level 1:colcon.colcon_core.package_identification:_identify(third-party) by extension 'python'
[0.285s] Level 1:colcon.colcon_core.package_identification:_identify(third-party) by extensions ['python_setup_py']
[0.285s] Level 1:colcon.colcon_core.package_identification:_identify(third-party) by extension 'python_setup_py'
[0.285s] Level 1:colcon.colcon_core.package_identification:_identify(third-party/manif) by extensions ['ignore', 'ignore_ament_install']
[0.285s] Level 1:colcon.colcon_core.package_identification:_identify(third-party/manif) by extension 'ignore'
[0.285s] Level 1:colcon.colcon_core.package_identification:_identify(third-party/manif) by extension 'ignore_ament_install'
[0.285s] Level 1:colcon.colcon_core.package_identification:_identify(third-party/manif) by extensions ['colcon_pkg']
[0.285s] Level 1:colcon.colcon_core.package_identification:_identify(third-party/manif) by extension 'colcon_pkg'
[0.285s] Level 1:colcon.colcon_core.package_identification:_identify(third-party/manif) by extensions ['colcon_meta']
[0.285s] Level 1:colcon.colcon_core.package_identification:_identify(third-party/manif) by extension 'colcon_meta'
[0.285s] Level 1:colcon.colcon_core.package_identification:_identify(third-party/manif) by extensions ['ros']
[0.285s] Level 1:colcon.colcon_core.package_identification:_identify(third-party/manif) by extension 'ros'
[0.286s] DEBUG:colcon.colcon_core.package_identification:Package 'third-party/manif' with type 'ros.cmake' and name 'manif'
[0.286s] Level 1:colcon.colcon_core.package_identification:_identify(third-party/stonefish) by extensions ['ignore', 'ignore_ament_install']
[0.286s] Level 1:colcon.colcon_core.package_identification:_identify(third-party/stonefish) by extension 'ignore'
[0.286s] Level 1:colcon.colcon_core.package_identification:_identify(third-party/stonefish) by extension 'ignore_ament_install'
[0.286s] Level 1:colcon.colcon_core.package_identification:_identify(third-party/stonefish) by extensions ['colcon_pkg']
[0.286s] Level 1:colcon.colcon_core.package_identification:_identify(third-party/stonefish) by extension 'colcon_pkg'
[0.287s] Level 1:colcon.colcon_core.package_identification:_identify(third-party/stonefish) by extensions ['colcon_meta']
[0.287s] Level 1:colcon.colcon_core.package_identification:_identify(third-party/stonefish) by extension 'colcon_meta'
[0.287s] Level 1:colcon.colcon_core.package_identification:_identify(third-party/stonefish) by extensions ['ros']
[0.287s] Level 1:colcon.colcon_core.package_identification:_identify(third-party/stonefish) by extension 'ros'
[0.287s] Level 1:colcon.colcon_core.package_identification:_identify(third-party/stonefish) by extensions ['cmake', 'python']
[0.287s] Level 1:colcon.colcon_core.package_identification:_identify(third-party/stonefish) by extension 'cmake'
[0.324s] Level 1:colcon.colcon_core.package_identification:_identify(third-party/stonefish) by extension 'python'
[0.324s] DEBUG:colcon.colcon_core.package_identification:Package 'third-party/stonefish' with type 'cmake' and name 'Stonefish'
[0.324s] Level 1:colcon.colcon_core.package_identification:_identify(tools) by extensions ['ignore', 'ignore_ament_install']
[0.324s] Level 1:colcon.colcon_core.package_identification:_identify(tools) by extension 'ignore'
[0.324s] Level 1:colcon.colcon_core.package_identification:_identify(tools) by extension 'ignore_ament_install'
[0.324s] Level 1:colcon.colcon_core.package_identification:_identify(tools) by extensions ['colcon_pkg']
[0.324s] Level 1:colcon.colcon_core.package_identification:_identify(tools) by extension 'colcon_pkg'
[0.325s] Level 1:colcon.colcon_core.package_identification:_identify(tools) by extensions ['colcon_meta']
[0.325s] Level 1:colcon.colcon_core.package_identification:_identify(tools) by extension 'colcon_meta'
[0.325s] Level 1:colcon.colcon_core.package_identification:_identify(tools) by extensions ['ros']
[0.325s] Level 1:colcon.colcon_core.package_identification:_identify(tools) by extension 'ros'
[0.325s] Level 1:colcon.colcon_core.package_identification:_identify(tools) by extensions ['cmake', 'python']
[0.325s] Level 1:colcon.colcon_core.package_identification:_identify(tools) by extension 'cmake'
[0.325s] Level 1:colcon.colcon_core.package_identification:_identify(tools) by extension 'python'
[0.325s] Level 1:colcon.colcon_core.package_identification:_identify(tools) by extensions ['python_setup_py']
[0.325s] Level 1:colcon.colcon_core.package_identification:_identify(tools) by extension 'python_setup_py'
[0.325s] Level 1:colcon.colcon_core.package_identification:_identify(tools/__pycache__) by extensions ['ignore', 'ignore_ament_install']
[0.325s] Level 1:colcon.colcon_core.package_identification:_identify(tools/__pycache__) by extension 'ignore'
[0.325s] Level 1:colcon.colcon_core.package_identification:_identify(tools/__pycache__) by extension 'ignore_ament_install'
[0.325s] Level 1:colcon.colcon_core.package_identification:_identify(tools/__pycache__) by extensions ['colcon_pkg']
[0.325s] Level 1:colcon.colcon_core.package_identification:_identify(tools/__pycache__) by extension 'colcon_pkg'
[0.325s] Level 1:colcon.colcon_core.package_identification:_identify(tools/__pycache__) by extensions ['colcon_meta']
[0.325s] Level 1:colcon.colcon_core.package_identification:_identify(tools/__pycache__) by extension 'colcon_meta'
[0.325s] Level 1:colcon.colcon_core.package_identification:_identify(tools/__pycache__) by extensions ['ros']
[0.325s] Level 1:colcon.colcon_core.package_identification:_identify(tools/__pycache__) by extension 'ros'
[0.325s] Level 1:colcon.colcon_core.package_identification:_identify(tools/__pycache__) by extensions ['cmake', 'python']
[0.325s] Level 1:colcon.colcon_core.package_identification:_identify(tools/__pycache__) by extension 'cmake'
[0.325s] Level 1:colcon.colcon_core.package_identification:_identify(tools/__pycache__) by extension 'python'
[0.326s] Level 1:colcon.colcon_core.package_identification:_identify(tools/__pycache__) by extensions ['python_setup_py']
[0.326s] Level 1:colcon.colcon_core.package_identification:_identify(tools/__pycache__) by extension 'python_setup_py'
[0.326s] Level 1:colcon.colcon_core.package_identification:_identify(tools/calibration) by extensions ['ignore', 'ignore_ament_install']
[0.326s] Level 1:colcon.colcon_core.package_identification:_identify(tools/calibration) by extension 'ignore'
[0.326s] Level 1:colcon.colcon_core.package_identification:_identify(tools/calibration) by extension 'ignore_ament_install'
[0.326s] Level 1:colcon.colcon_core.package_identification:_identify(tools/calibration) by extensions ['colcon_pkg']
[0.326s] Level 1:colcon.colcon_core.package_identification:_identify(tools/calibration) by extension 'colcon_pkg'
[0.326s] Level 1:colcon.colcon_core.package_identification:_identify(tools/calibration) by extensions ['colcon_meta']
[0.326s] Level 1:colcon.colcon_core.package_identification:_identify(tools/calibration) by extension 'colcon_meta'
[0.326s] Level 1:colcon.colcon_core.package_identification:_identify(tools/calibration) by extensions ['ros']
[0.326s] Level 1:colcon.colcon_core.package_identification:_identify(tools/calibration) by extension 'ros'
[0.326s] Level 1:colcon.colcon_core.package_identification:_identify(tools/calibration) by extensions ['cmake', 'python']
[0.326s] Level 1:colcon.colcon_core.package_identification:_identify(tools/calibration) by extension 'cmake'
[0.326s] Level 1:colcon.colcon_core.package_identification:_identify(tools/calibration) by extension 'python'
[0.326s] Level 1:colcon.colcon_core.package_identification:_identify(tools/calibration) by extensions ['python_setup_py']
[0.326s] Level 1:colcon.colcon_core.package_identification:_identify(tools/calibration) by extension 'python_setup_py'
[0.326s] Level 1:colcon.colcon_core.package_identification:_identify(tools/data_relabeling) by extensions ['ignore', 'ignore_ament_install']
[0.326s] Level 1:colcon.colcon_core.package_identification:_identify(tools/data_relabeling) by extension 'ignore'
[0.326s] Level 1:colcon.colcon_core.package_identification:_identify(tools/data_relabeling) by extension 'ignore_ament_install'
[0.327s] Level 1:colcon.colcon_core.package_identification:_identify(tools/data_relabeling) by extensions ['colcon_pkg']
[0.327s] Level 1:colcon.colcon_core.package_identification:_identify(tools/data_relabeling) by extension 'colcon_pkg'
[0.327s] Level 1:colcon.colcon_core.package_identification:_identify(tools/data_relabeling) by extensions ['colcon_meta']
[0.327s] Level 1:colcon.colcon_core.package_identification:_identify(tools/data_relabeling) by extension 'colcon_meta'
[0.327s] Level 1:colcon.colcon_core.package_identification:_identify(tools/data_relabeling) by extensions ['ros']
[0.327s] Level 1:colcon.colcon_core.package_identification:_identify(tools/data_relabeling) by extension 'ros'
[0.327s] Level 1:colcon.colcon_core.package_identification:_identify(tools/data_relabeling) by extensions ['cmake', 'python']
[0.327s] Level 1:colcon.colcon_core.package_identification:_identify(tools/data_relabeling) by extension 'cmake'
[0.327s] Level 1:colcon.colcon_core.package_identification:_identify(tools/data_relabeling) by extension 'python'
[0.327s] Level 1:colcon.colcon_core.package_identification:_identify(tools/data_relabeling) by extensions ['python_setup_py']
[0.327s] Level 1:colcon.colcon_core.package_identification:_identify(tools/data_relabeling) by extension 'python_setup_py'
[0.327s] Level 1:colcon.colcon_core.package_identification:_identify(tools/image_tuning) by extensions ['ignore', 'ignore_ament_install']
[0.327s] Level 1:colcon.colcon_core.package_identification:_identify(tools/image_tuning) by extension 'ignore'
[0.327s] Level 1:colcon.colcon_core.package_identification:_identify(tools/image_tuning) by extension 'ignore_ament_install'
[0.327s] Level 1:colcon.colcon_core.package_identification:_identify(tools/image_tuning) by extensions ['colcon_pkg']
[0.327s] Level 1:colcon.colcon_core.package_identification:_identify(tools/image_tuning) by extension 'colcon_pkg'
[0.327s] Level 1:colcon.colcon_core.package_identification:_identify(tools/image_tuning) by extensions ['colcon_meta']
[0.327s] Level 1:colcon.colcon_core.package_identification:_identify(tools/image_tuning) by extension 'colcon_meta'
[0.327s] Level 1:colcon.colcon_core.package_identification:_identify(tools/image_tuning) by extensions ['ros']
[0.327s] Level 1:colcon.colcon_core.package_identification:_identify(tools/image_tuning) by extension 'ros'
[0.327s] Level 1:colcon.colcon_core.package_identification:_identify(tools/image_tuning) by extensions ['cmake', 'python']
[0.327s] Level 1:colcon.colcon_core.package_identification:_identify(tools/image_tuning) by extension 'cmake'
[0.327s] Level 1:colcon.colcon_core.package_identification:_identify(tools/image_tuning) by extension 'python'
[0.327s] Level 1:colcon.colcon_core.package_identification:_identify(tools/image_tuning) by extensions ['python_setup_py']
[0.328s] Level 1:colcon.colcon_core.package_identification:_identify(tools/image_tuning) by extension 'python_setup_py'
[0.328s] Level 1:colcon.colcon_core.package_identification:_identify(tools/misc) by extensions ['ignore', 'ignore_ament_install']
[0.328s] Level 1:colcon.colcon_core.package_identification:_identify(tools/misc) by extension 'ignore'
[0.328s] Level 1:colcon.colcon_core.package_identification:_identify(tools/misc) by extension 'ignore_ament_install'
[0.328s] Level 1:colcon.colcon_core.package_identification:_identify(tools/misc) by extensions ['colcon_pkg']
[0.328s] Level 1:colcon.colcon_core.package_identification:_identify(tools/misc) by extension 'colcon_pkg'
[0.328s] Level 1:colcon.colcon_core.package_identification:_identify(tools/misc) by extensions ['colcon_meta']
[0.328s] Level 1:colcon.colcon_core.package_identification:_identify(tools/misc) by extension 'colcon_meta'
[0.328s] Level 1:colcon.colcon_core.package_identification:_identify(tools/misc) by extensions ['ros']
[0.328s] Level 1:colcon.colcon_core.package_identification:_identify(tools/misc) by extension 'ros'
[0.328s] Level 1:colcon.colcon_core.package_identification:_identify(tools/misc) by extensions ['cmake', 'python']
[0.328s] Level 1:colcon.colcon_core.package_identification:_identify(tools/misc) by extension 'cmake'
[0.328s] Level 1:colcon.colcon_core.package_identification:_identify(tools/misc) by extension 'python'
[0.328s] Level 1:colcon.colcon_core.package_identification:_identify(tools/misc) by extensions ['python_setup_py']
[0.328s] Level 1:colcon.colcon_core.package_identification:_identify(tools/misc) by extension 'python_setup_py'
[0.328s] Level 1:colcon.colcon_core.package_identification:_identify(tools/thrusters) by extensions ['ignore', 'ignore_ament_install']
[0.328s] Level 1:colcon.colcon_core.package_identification:_identify(tools/thrusters) by extension 'ignore'
[0.328s] Level 1:colcon.colcon_core.package_identification:_identify(tools/thrusters) by extension 'ignore_ament_install'
[0.328s] Level 1:colcon.colcon_core.package_identification:_identify(tools/thrusters) by extensions ['colcon_pkg']
[0.328s] Level 1:colcon.colcon_core.package_identification:_identify(tools/thrusters) by extension 'colcon_pkg'
[0.329s] Level 1:colcon.colcon_core.package_identification:_identify(tools/thrusters) by extensions ['colcon_meta']
[0.329s] Level 1:colcon.colcon_core.package_identification:_identify(tools/thrusters) by extension 'colcon_meta'
[0.329s] Level 1:colcon.colcon_core.package_identification:_identify(tools/thrusters) by extensions ['ros']
[0.329s] Level 1:colcon.colcon_core.package_identification:_identify(tools/thrusters) by extension 'ros'
[0.329s] Level 1:colcon.colcon_core.package_identification:_identify(tools/thrusters) by extensions ['cmake', 'python']
[0.329s] Level 1:colcon.colcon_core.package_identification:_identify(tools/thrusters) by extension 'cmake'
[0.329s] Level 1:colcon.colcon_core.package_identification:_identify(tools/thrusters) by extension 'python'
[0.329s] Level 1:colcon.colcon_core.package_identification:_identify(tools/thrusters) by extensions ['python_setup_py']
[0.329s] Level 1:colcon.colcon_core.package_identification:_identify(tools/thrusters) by extension 'python_setup_py'
[0.329s] Level 1:colcon.colcon_core.package_identification:_identify(tools/video_extraction) by extensions ['ignore', 'ignore_ament_install']
[0.329s] Level 1:colcon.colcon_core.package_identification:_identify(tools/video_extraction) by extension 'ignore'
[0.329s] Level 1:colcon.colcon_core.package_identification:_identify(tools/video_extraction) by extension 'ignore_ament_install'
[0.329s] Level 1:colcon.colcon_core.package_identification:_identify(tools/video_extraction) by extensions ['colcon_pkg']
[0.329s] Level 1:colcon.colcon_core.package_identification:_identify(tools/video_extraction) by extension 'colcon_pkg'
[0.329s] Level 1:colcon.colcon_core.package_identification:_identify(tools/video_extraction) by extensions ['colcon_meta']
[0.329s] Level 1:colcon.colcon_core.package_identification:_identify(tools/video_extraction) by extension 'colcon_meta'
[0.329s] Level 1:colcon.colcon_core.package_identification:_identify(tools/video_extraction) by extensions ['ros']
[0.329s] Level 1:colcon.colcon_core.package_identification:_identify(tools/video_extraction) by extension 'ros'
[0.329s] Level 1:colcon.colcon_core.package_identification:_identify(tools/video_extraction) by extensions ['cmake', 'python']
[0.329s] Level 1:colcon.colcon_core.package_identification:_identify(tools/video_extraction) by extension 'cmake'
[0.329s] Level 1:colcon.colcon_core.package_identification:_identify(tools/video_extraction) by extension 'python'
[0.329s] Level 1:colcon.colcon_core.package_identification:_identify(tools/video_extraction) by extensions ['python_setup_py']
[0.329s] Level 1:colcon.colcon_core.package_identification:_identify(tools/video_extraction) by extension 'python_setup_py'
[0.330s] Level 1:colcon.colcon_core.package_identification:_identify(tools/vision) by extensions ['ignore', 'ignore_ament_install']
[0.330s] Level 1:colcon.colcon_core.package_identification:_identify(tools/vision) by extension 'ignore'
[0.330s] Level 1:colcon.colcon_core.package_identification:_identify(tools/vision) by extension 'ignore_ament_install'
[0.330s] Level 1:colcon.colcon_core.package_identification:_identify(tools/vision) by extensions ['colcon_pkg']
[0.330s] Level 1:colcon.colcon_core.package_identification:_identify(tools/vision) by extension 'colcon_pkg'
[0.330s] Level 1:colcon.colcon_core.package_identification:_identify(tools/vision) by extensions ['colcon_meta']
[0.330s] Level 1:colcon.colcon_core.package_identification:_identify(tools/vision) by extension 'colcon_meta'
[0.330s] Level 1:colcon.colcon_core.package_identification:_identify(tools/vision) by extensions ['ros']
[0.330s] Level 1:colcon.colcon_core.package_identification:_identify(tools/vision) by extension 'ros'
[0.330s] Level 1:colcon.colcon_core.package_identification:_identify(tools/vision) by extensions ['cmake', 'python']
[0.330s] Level 1:colcon.colcon_core.package_identification:_identify(tools/vision) by extension 'cmake'
[0.330s] Level 1:colcon.colcon_core.package_identification:_identify(tools/vision) by extension 'python'
[0.330s] Level 1:colcon.colcon_core.package_identification:_identify(tools/vision) by extensions ['python_setup_py']
[0.330s] Level 1:colcon.colcon_core.package_identification:_identify(tools/vision) by extension 'python_setup_py'
[0.330s] Level 1:colcon.colcon_core.package_identification:_identify(tools/vision/experiments) by extensions ['ignore', 'ignore_ament_install']
[0.330s] Level 1:colcon.colcon_core.package_identification:_identify(tools/vision/experiments) by extension 'ignore'
[0.330s] Level 1:colcon.colcon_core.package_identification:_identify(tools/vision/experiments) by extension 'ignore_ament_install'
[0.330s] Level 1:colcon.colcon_core.package_identification:_identify(tools/vision/experiments) by extensions ['colcon_pkg']
[0.330s] Level 1:colcon.colcon_core.package_identification:_identify(tools/vision/experiments) by extension 'colcon_pkg'
[0.330s] Level 1:colcon.colcon_core.package_identification:_identify(tools/vision/experiments) by extensions ['colcon_meta']
[0.330s] Level 1:colcon.colcon_core.package_identification:_identify(tools/vision/experiments) by extension 'colcon_meta'
[0.331s] Level 1:colcon.colcon_core.package_identification:_identify(tools/vision/experiments) by extensions ['ros']
[0.331s] Level 1:colcon.colcon_core.package_identification:_identify(tools/vision/experiments) by extension 'ros'
[0.331s] Level 1:colcon.colcon_core.package_identification:_identify(tools/vision/experiments) by extensions ['cmake', 'python']
[0.331s] Level 1:colcon.colcon_core.package_identification:_identify(tools/vision/experiments) by extension 'cmake'
[0.331s] Level 1:colcon.colcon_core.package_identification:_identify(tools/vision/experiments) by extension 'python'
[0.331s] Level 1:colcon.colcon_core.package_identification:_identify(tools/vision/experiments) by extensions ['python_setup_py']
[0.331s] Level 1:colcon.colcon_core.package_identification:_identify(tools/vision/experiments) by extension 'python_setup_py'
[0.331s] Level 1:colcon.colcon_core.package_identification:_identify(tools/vision/experiments/contrastive_interest_points) by extensions ['ignore', 'ignore_ament_install']
[0.331s] Level 1:colcon.colcon_core.package_identification:_identify(tools/vision/experiments/contrastive_interest_points) by extension 'ignore'
[0.331s] Level 1:colcon.colcon_core.package_identification:_identify(tools/vision/experiments/contrastive_interest_points) by extension 'ignore_ament_install'
[0.331s] Level 1:colcon.colcon_core.package_identification:_identify(tools/vision/experiments/contrastive_interest_points) by extensions ['colcon_pkg']
[0.331s] Level 1:colcon.colcon_core.package_identification:_identify(tools/vision/experiments/contrastive_interest_points) by extension 'colcon_pkg'
[0.331s] Level 1:colcon.colcon_core.package_identification:_identify(tools/vision/experiments/contrastive_interest_points) by extensions ['colcon_meta']
[0.331s] Level 1:colcon.colcon_core.package_identification:_identify(tools/vision/experiments/contrastive_interest_points) by extension 'colcon_meta'
[0.331s] Level 1:colcon.colcon_core.package_identification:_identify(tools/vision/experiments/contrastive_interest_points) by extensions ['ros']
[0.331s] Level 1:colcon.colcon_core.package_identification:_identify(tools/vision/experiments/contrastive_interest_points) by extension 'ros'
[0.331s] Level 1:colcon.colcon_core.package_identification:_identify(tools/vision/experiments/contrastive_interest_points) by extensions ['cmake', 'python']
[0.331s] Level 1:colcon.colcon_core.package_identification:_identify(tools/vision/experiments/contrastive_interest_points) by extension 'cmake'
[0.331s] Level 1:colcon.colcon_core.package_identification:_identify(tools/vision/experiments/contrastive_interest_points) by extension 'python'
[0.332s] Level 1:colcon.colcon_core.package_identification:_identify(tools/vision/experiments/contrastive_interest_points) by extensions ['python_setup_py']
[0.332s] Level 1:colcon.colcon_core.package_identification:_identify(tools/vision/experiments/contrastive_interest_points) by extension 'python_setup_py'
[0.332s] Level 1:colcon.colcon_core.package_identification:_identify(tools/vision/label_studio) by extensions ['ignore', 'ignore_ament_install']
[0.332s] Level 1:colcon.colcon_core.package_identification:_identify(tools/vision/label_studio) by extension 'ignore'
[0.332s] Level 1:colcon.colcon_core.package_identification:_identify(tools/vision/label_studio) by extension 'ignore_ament_install'
[0.332s] Level 1:colcon.colcon_core.package_identification:_identify(tools/vision/label_studio) by extensions ['colcon_pkg']
[0.332s] Level 1:colcon.colcon_core.package_identification:_identify(tools/vision/label_studio) by extension 'colcon_pkg'
[0.332s] Level 1:colcon.colcon_core.package_identification:_identify(tools/vision/label_studio) by extensions ['colcon_meta']
[0.332s] Level 1:colcon.colcon_core.package_identification:_identify(tools/vision/label_studio) by extension 'colcon_meta'
[0.332s] Level 1:colcon.colcon_core.package_identification:_identify(tools/vision/label_studio) by extensions ['ros']
[0.332s] Level 1:colcon.colcon_core.package_identification:_identify(tools/vision/label_studio) by extension 'ros'
[0.332s] Level 1:colcon.colcon_core.package_identification:_identify(tools/vision/label_studio) by extensions ['cmake', 'python']
[0.332s] Level 1:colcon.colcon_core.package_identification:_identify(tools/vision/label_studio) by extension 'cmake'
[0.332s] Level 1:colcon.colcon_core.package_identification:_identify(tools/vision/label_studio) by extension 'python'
[0.332s] Level 1:colcon.colcon_core.package_identification:_identify(tools/vision/label_studio) by extensions ['python_setup_py']
[0.332s] Level 1:colcon.colcon_core.package_identification:_identify(tools/vision/label_studio) by extension 'python_setup_py'
[0.332s] Level 1:colcon.colcon_core.package_identification:_identify(tools/vision/replicator) by extensions ['ignore', 'ignore_ament_install']
[0.332s] Level 1:colcon.colcon_core.package_identification:_identify(tools/vision/replicator) by extension 'ignore'
[0.332s] Level 1:colcon.colcon_core.package_identification:_identify(tools/vision/replicator) by extension 'ignore_ament_install'
[0.333s] Level 1:colcon.colcon_core.package_identification:_identify(tools/vision/replicator) by extensions ['colcon_pkg']
[0.333s] Level 1:colcon.colcon_core.package_identification:_identify(tools/vision/replicator) by extension 'colcon_pkg'
[0.333s] Level 1:colcon.colcon_core.package_identification:_identify(tools/vision/replicator) by extensions ['colcon_meta']
[0.333s] Level 1:colcon.colcon_core.package_identification:_identify(tools/vision/replicator) by extension 'colcon_meta'
[0.333s] Level 1:colcon.colcon_core.package_identification:_identify(tools/vision/replicator) by extensions ['ros']
[0.333s] Level 1:colcon.colcon_core.package_identification:_identify(tools/vision/replicator) by extension 'ros'
[0.333s] Level 1:colcon.colcon_core.package_identification:_identify(tools/vision/replicator) by extensions ['cmake', 'python']
[0.333s] Level 1:colcon.colcon_core.package_identification:_identify(tools/vision/replicator) by extension 'cmake'
[0.333s] Level 1:colcon.colcon_core.package_identification:_identify(tools/vision/replicator) by extension 'python'
[0.333s] Level 1:colcon.colcon_core.package_identification:_identify(tools/vision/replicator) by extensions ['python_setup_py']
[0.333s] Level 1:colcon.colcon_core.package_identification:_identify(tools/vision/replicator) by extension 'python_setup_py'
[0.333s] Level 1:colcon.colcon_core.package_identification:_identify(tools/vision/tests) by extensions ['ignore', 'ignore_ament_install']
[0.333s] Level 1:colcon.colcon_core.package_identification:_identify(tools/vision/tests) by extension 'ignore'
[0.333s] Level 1:colcon.colcon_core.package_identification:_identify(tools/vision/tests) by extension 'ignore_ament_install'
[0.333s] Level 1:colcon.colcon_core.package_identification:_identify(tools/vision/tests) by extensions ['colcon_pkg']
[0.333s] Level 1:colcon.colcon_core.package_identification:_identify(tools/vision/tests) by extension 'colcon_pkg'
[0.333s] Level 1:colcon.colcon_core.package_identification:_identify(tools/vision/tests) by extensions ['colcon_meta']
[0.333s] Level 1:colcon.colcon_core.package_identification:_identify(tools/vision/tests) by extension 'colcon_meta'
[0.333s] Level 1:colcon.colcon_core.package_identification:_identify(tools/vision/tests) by extensions ['ros']
[0.333s] Level 1:colcon.colcon_core.package_identification:_identify(tools/vision/tests) by extension 'ros'
[0.333s] Level 1:colcon.colcon_core.package_identification:_identify(tools/vision/tests) by extensions ['cmake', 'python']
[0.333s] Level 1:colcon.colcon_core.package_identification:_identify(tools/vision/tests) by extension 'cmake'
[0.334s] Level 1:colcon.colcon_core.package_identification:_identify(tools/vision/tests) by extension 'python'
[0.334s] Level 1:colcon.colcon_core.package_identification:_identify(tools/vision/tests) by extensions ['python_setup_py']
[0.334s] Level 1:colcon.colcon_core.package_identification:_identify(tools/vision/tests) by extension 'python_setup_py'
[0.334s] Level 1:colcon.colcon_core.package_identification:_identify(tools/yolov4) by extensions ['ignore', 'ignore_ament_install']
[0.334s] Level 1:colcon.colcon_core.package_identification:_identify(tools/yolov4) by extension 'ignore'
[0.334s] Level 1:colcon.colcon_core.package_identification:_identify(tools/yolov4) by extension 'ignore_ament_install'
[0.334s] Level 1:colcon.colcon_core.package_identification:_identify(tools/yolov4) by extensions ['colcon_pkg']
[0.334s] Level 1:colcon.colcon_core.package_identification:_identify(tools/yolov4) by extension 'colcon_pkg'
[0.334s] Level 1:colcon.colcon_core.package_identification:_identify(tools/yolov4) by extensions ['colcon_meta']
[0.334s] Level 1:colcon.colcon_core.package_identification:_identify(tools/yolov4) by extension 'colcon_meta'
[0.334s] Level 1:colcon.colcon_core.package_identification:_identify(tools/yolov4) by extensions ['ros']
[0.334s] Level 1:colcon.colcon_core.package_identification:_identify(tools/yolov4) by extension 'ros'
[0.334s] Level 1:colcon.colcon_core.package_identification:_identify(tools/yolov4) by extensions ['cmake', 'python']
[0.334s] Level 1:colcon.colcon_core.package_identification:_identify(tools/yolov4) by extension 'cmake'
[0.334s] Level 1:colcon.colcon_core.package_identification:_identify(tools/yolov4) by extension 'python'
[0.334s] Level 1:colcon.colcon_core.package_identification:_identify(tools/yolov4) by extensions ['python_setup_py']
[0.334s] Level 1:colcon.colcon_core.package_identification:_identify(tools/yolov4) by extension 'python_setup_py'
[0.334s] Level 1:colcon.colcon_core.package_discovery:discover_packages(recursive) using defaults
[0.335s] Level 1:colcon.colcon_core.package_discovery:discover_packages(ignore) discover
[0.335s] Level 1:colcon.colcon_core.package_discovery:discover_packages(ignore) using defaults
[0.335s] Level 1:colcon.colcon_core.package_discovery:discover_packages(path) discover
[0.335s] Level 1:colcon.colcon_core.package_discovery:discover_packages(path) using defaults
[0.368s] INFO:colcon.colcon_core.package_selection:Skipping not selected package 'Stonefish' in 'third-party/stonefish'
[0.368s] INFO:colcon.colcon_core.package_selection:Skipping not selected package 'manif' in 'third-party/manif'
[0.368s] INFO:colcon.colcon_core.package_selection:Skipping not selected package 'powerboard_stm32' in 'firmware/powerboard_stm32'
[0.368s] INFO:colcon.colcon_core.package_selection:Skipping not selected package 'rtvc' in 'firmware/rtvc'
[0.368s] INFO:colcon.colcon_core.package_selection:Skipping not selected package 'stonefish_ros2' in 'ros_ws/src/stonefish_ros2'
[0.368s] INFO:colcon.colcon_core.package_selection:Skipping not selected package 'tauv_config' in 'ros_ws/src/tauv_config'
[0.368s] INFO:colcon.colcon_core.package_selection:Skipping not selected package 'tauv_common' in 'ros_ws/src/tauv_common'
[0.368s] INFO:colcon.colcon_core.package_selection:Skipping not selected package 'tauv_sim' in 'ros_ws/src/tauv_sim'
[0.368s] INFO:colcon.colcon_core.package_selection:Skipping not selected package 'tauv_vehicle' in 'ros_ws/src/tauv_vehicle'
[0.369s] Level 1:colcon.colcon_core.package_discovery:discover_packages(prefix_path) check parameters
[0.369s] Level 1:colcon.colcon_core.package_discovery:discover_packages(prefix_path) discover
[0.376s] DEBUG:colcon.colcon_installed_package_information.package_discovery:Found 64 installed packages in /home/gleb/dev/tauv-mono/ros_ws/install
[0.378s] DEBUG:colcon.colcon_installed_package_information.package_discovery:Found 288 installed packages in /opt/ros/jazzy
[0.381s] Level 1:colcon.colcon_core.package_discovery:discover_packages(prefix_path) using defaults
[0.427s] WARNING:colcon.colcon_core.package_selection:Some selected packages are already built in one or more underlay workspaces:
	'tauv_msgs' is in: /home/gleb/dev/tauv-mono/ros_ws/install/tauv_msgs
If a package in a merged underlay workspace is overridden and it installs headers, then all packages in the overlay must sort their include directories by workspace order. Failure to do so may result in build failures or undefined behavior at run time.
If the overridden package is used by another package in any underlay, then the overriding package in the overlay must be API and ABI compatible or undefined behavior at run time may occur.

If you understand the risks and want to override a package anyways, add the following to the command line:
	--allow-overriding tauv_msgs

This may be promoted to an error in a future release of colcon-override-check.
[0.428s] Level 5:colcon.colcon_core.verb:set package 'tauv_msgs' build argument 'cmake_args' from command line to 'None'
[0.428s] Level 5:colcon.colcon_core.verb:set package 'tauv_msgs' build argument 'cmake_target' from command line to 'None'
[0.428s] Level 5:colcon.colcon_core.verb:set package 'tauv_msgs' build argument 'cmake_target_skip_unavailable' from command line to 'False'
[0.428s] Level 5:colcon.colcon_core.verb:set package 'tauv_msgs' build argument 'cmake_clean_cache' from command line to 'False'
[0.428s] Level 5:colcon.colcon_core.verb:set package 'tauv_msgs' build argument 'cmake_clean_first' from command line to 'False'
[0.428s] Level 5:colcon.colcon_core.verb:set package 'tauv_msgs' build argument 'cmake_force_configure' from command line to 'False'
[0.428s] Level 5:colcon.colcon_core.verb:set package 'tauv_msgs' build argument 'ament_cmake_args' from command line to 'None'
[0.428s] Level 5:colcon.colcon_core.verb:set package 'tauv_msgs' build argument 'catkin_cmake_args' from command line to 'None'
[0.428s] Level 5:colcon.colcon_core.verb:set package 'tauv_msgs' build argument 'catkin_skip_building_tests' from command line to 'False'
[0.429s] DEBUG:colcon.colcon_core.verb:Building package 'tauv_msgs' with the following arguments: {'ament_cmake_args': None, 'build_base': '/home/gleb/dev/tauv-mono/build/tauv_msgs', 'catkin_cmake_args': None, 'catkin_skip_building_tests': False, 'cmake_args': None, 'cmake_clean_cache': False, 'cmake_clean_first': False, 'cmake_force_configure': False, 'cmake_target': None, 'cmake_target_skip_unavailable': False, 'install_base': '/home/gleb/dev/tauv-mono/install/tauv_msgs', 'merge_install': False, 'path': '/home/gleb/dev/tauv-mono/ros_ws/src/tauv_msgs', 'symlink_install': False, 'test_result_base': None}
[0.429s] INFO:colcon.colcon_core.executor:Executing jobs using 'parallel' executor
[0.430s] DEBUG:colcon.colcon_parallel_executor.executor.parallel:run_until_complete
[0.430s] INFO:colcon.colcon_ros.task.ament_cmake.build:Building ROS package in '/home/gleb/dev/tauv-mono/ros_ws/src/tauv_msgs' with build type 'ament_cmake'
[0.430s] INFO:colcon.colcon_cmake.task.cmake.build:Building CMake package in '/home/gleb/dev/tauv-mono/ros_ws/src/tauv_msgs'
[0.435s] INFO:colcon.colcon_core.plugin_system:Skipping extension 'colcon_core.shell.bat': Not used on non-Windows systems
[0.435s] INFO:colcon.colcon_core.shell:Skip shell extension 'powershell' for command environment: Not usable outside of PowerShell
[0.435s] DEBUG:colcon.colcon_core.shell:Skip shell extension 'dsv' for command environment
[0.453s] DEBUG:colcon.colcon_core.event_handler.log_command:Invoking command in '/home/gleb/dev/tauv-mono/build/tauv_msgs': CMAKE_PREFIX_PATH=${CMAKE_PREFIX_PATH}:/home/gleb/dev/tauv-mono/ros_ws/install/tf2_tools:/home/gleb/dev/tauv-mono/ros_ws/install/tauv_common:/home/gleb/dev/tauv-mono/ros_ws/install/examples_tf2_py:/home/gleb/dev/tauv-mono/ros_ws/install/tf2_ros_py:/home/gleb/dev/tauv-mono/ros_ws/install/tauv_gnc:/home/gleb/dev/tauv-mono/ros_ws/install/sensor_msgs_py:/home/gleb/dev/tauv-mono/ros_ws/install/camera_pkg:/home/gleb/dev/tauv-mono/ros_ws/install/rust_pubsub:/home/gleb/dev/tauv-mono/ros_ws/install/examples_worker_demo:/home/gleb/dev/tauv-mono/ros_ws/install/examples_rclrs_minimal_pub_sub:/home/gleb/dev/tauv-mono/ros_ws/install/examples_rclrs_minimal_client_service:/home/gleb/dev/tauv-mono/ros_ws/install/examples_rclrs_message_demo:/home/gleb/dev/tauv-mono/ros_ws/install/examples_parameter_demo:/home/gleb/dev/tauv-mono/ros_ws/install/examples_logging_demo:/home/gleb/dev/tauv-mono/ros_ws/install/rclrs:/home/gleb/dev/tauv-mono/ros_ws/install/test_interface_files:/home/gleb/dev/tauv-mono/ros_ws/install/rosidl_runtime_rs:/opt/ros/jazzy DEBUGINFOD_URLS=https://debuginfod.ubuntu.com /usr/bin/cmake /home/gleb/dev/tauv-mono/ros_ws/src/tauv_msgs -DCMAKE_INSTALL_PREFIX=/home/gleb/dev/tauv-mono/install/tauv_msgs
[8.449s] DEBUG:colcon.colcon_core.event_handler.log_command:Invoked command in '/home/gleb/dev/tauv-mono/build/tauv_msgs' returned '0': CMAKE_PREFIX_PATH=${CMAKE_PREFIX_PATH}:/home/gleb/dev/tauv-mono/ros_ws/install/tf2_tools:/home/gleb/dev/tauv-mono/ros_ws/install/tauv_common:/home/gleb/dev/tauv-mono/ros_ws/install/examples_tf2_py:/home/gleb/dev/tauv-mono/ros_ws/install/tf2_ros_py:/home/gleb/dev/tauv-mono/ros_ws/install/tauv_gnc:/home/gleb/dev/tauv-mono/ros_ws/install/sensor_msgs_py:/home/gleb/dev/tauv-mono/ros_ws/install/camera_pkg:/home/gleb/dev/tauv-mono/ros_ws/install/rust_pubsub:/home/gleb/dev/tauv-mono/ros_ws/install/examples_worker_demo:/home/gleb/dev/tauv-mono/ros_ws/install/examples_rclrs_minimal_pub_sub:/home/gleb/dev/tauv-mono/ros_ws/install/examples_rclrs_minimal_client_service:/home/gleb/dev/tauv-mono/ros_ws/install/examples_rclrs_message_demo:/home/gleb/dev/tauv-mono/ros_ws/install/examples_parameter_demo:/home/gleb/dev/tauv-mono/ros_ws/install/examples_logging_demo:/home/gleb/dev/tauv-mono/ros_ws/install/rclrs:/home/gleb/dev/tauv-mono/ros_ws/install/test_interface_files:/home/gleb/dev/tauv-mono/ros_ws/install/rosidl_runtime_rs:/opt/ros/jazzy DEBUGINFOD_URLS=https://debuginfod.ubuntu.com /usr/bin/cmake /home/gleb/dev/tauv-mono/ros_ws/src/tauv_msgs -DCMAKE_INSTALL_PREFIX=/home/gleb/dev/tauv-mono/install/tauv_msgs
[8.452s] DEBUG:colcon.colcon_core.event_handler.log_command:Invoking command in '/home/gleb/dev/tauv-mono/build/tauv_msgs': CMAKE_PREFIX_PATH=${CMAKE_PREFIX_PATH}:/home/gleb/dev/tauv-mono/ros_ws/install/tf2_tools:/home/gleb/dev/tauv-mono/ros_ws/install/tauv_common:/home/gleb/dev/tauv-mono/ros_ws/install/examples_tf2_py:/home/gleb/dev/tauv-mono/ros_ws/install/tf2_ros_py:/home/gleb/dev/tauv-mono/ros_ws/install/tauv_gnc:/home/gleb/dev/tauv-mono/ros_ws/install/sensor_msgs_py:/home/gleb/dev/tauv-mono/ros_ws/install/camera_pkg:/home/gleb/dev/tauv-mono/ros_ws/install/rust_pubsub:/home/gleb/dev/tauv-mono/ros_ws/install/examples_worker_demo:/home/gleb/dev/tauv-mono/ros_ws/install/examples_rclrs_minimal_pub_sub:/home/gleb/dev/tauv-mono/ros_ws/install/examples_rclrs_minimal_client_service:/home/gleb/dev/tauv-mono/ros_ws/install/examples_rclrs_message_demo:/home/gleb/dev/tauv-mono/ros_ws/install/examples_parameter_demo:/home/gleb/dev/tauv-mono/ros_ws/install/examples_logging_demo:/home/gleb/dev/tauv-mono/ros_ws/install/rclrs:/home/gleb/dev/tauv-mono/ros_ws/install/test_interface_files:/home/gleb/dev/tauv-mono/ros_ws/install/rosidl_runtime_rs:/opt/ros/jazzy DEBUGINFOD_URLS=https://debuginfod.ubuntu.com /usr/bin/cmake --build /home/gleb/dev/tauv-mono/build/tauv_msgs -- -j20 -l20
[16.504s] DEBUG:colcon.colcon_core.event_handler.log_command:Invoked command in '/home/gleb/dev/tauv-mono/build/tauv_msgs' returned '0': CMAKE_PREFIX_PATH=${CMAKE_PREFIX_PATH}:/home/gleb/dev/tauv-mono/ros_ws/install/tf2_tools:/home/gleb/dev/tauv-mono/ros_ws/install/tauv_common:/home/gleb/dev/tauv-mono/ros_ws/install/examples_tf2_py:/home/gleb/dev/tauv-mono/ros_ws/install/tf2_ros_py:/home/gleb/dev/tauv-mono/ros_ws/install/tauv_gnc:/home/gleb/dev/tauv-mono/ros_ws/install/sensor_msgs_py:/home/gleb/dev/tauv-mono/ros_ws/install/camera_pkg:/home/gleb/dev/tauv-mono/ros_ws/install/rust_pubsub:/home/gleb/dev/tauv-mono/ros_ws/install/examples_worker_demo:/home/gleb/dev/tauv-mono/ros_ws/install/examples_rclrs_minimal_pub_sub:/home/gleb/dev/tauv-mono/ros_ws/install/examples_rclrs_minimal_client_service:/home/gleb/dev/tauv-mono/ros_ws/install/examples_rclrs_message_demo:/home/gleb/dev/tauv-mono/ros_ws/install/examples_parameter_demo:/home/gleb/dev/tauv-mono/ros_ws/install/examples_logging_demo:/home/gleb/dev/tauv-mono/ros_ws/install/rclrs:/home/gleb/dev/tauv-mono/ros_ws/install/test_interface_files:/home/gleb/dev/tauv-mono/ros_ws/install/rosidl_runtime_rs:/opt/ros/jazzy DEBUGINFOD_URLS=https://debuginfod.ubuntu.com /usr/bin/cmake --build /home/gleb/dev/tauv-mono/build/tauv_msgs -- -j20 -l20
[16.536s] DEBUG:colcon.colcon_core.event_handler.log_command:Invoking command in '/home/gleb/dev/tauv-mono/build/tauv_msgs': CMAKE_PREFIX_PATH=${CMAKE_PREFIX_PATH}:/home/gleb/dev/tauv-mono/ros_ws/install/tf2_tools:/home/gleb/dev/tauv-mono/ros_ws/install/tauv_common:/home/gleb/dev/tauv-mono/ros_ws/install/examples_tf2_py:/home/gleb/dev/tauv-mono/ros_ws/install/tf2_ros_py:/home/gleb/dev/tauv-mono/ros_ws/install/tauv_gnc:/home/gleb/dev/tauv-mono/ros_ws/install/sensor_msgs_py:/home/gleb/dev/tauv-mono/ros_ws/install/camera_pkg:/home/gleb/dev/tauv-mono/ros_ws/install/rust_pubsub:/home/gleb/dev/tauv-mono/ros_ws/install/examples_worker_demo:/home/gleb/dev/tauv-mono/ros_ws/install/examples_rclrs_minimal_pub_sub:/home/gleb/dev/tauv-mono/ros_ws/install/examples_rclrs_minimal_client_service:/home/gleb/dev/tauv-mono/ros_ws/install/examples_rclrs_message_demo:/home/gleb/dev/tauv-mono/ros_ws/install/examples_parameter_demo:/home/gleb/dev/tauv-mono/ros_ws/install/examples_logging_demo:/home/gleb/dev/tauv-mono/ros_ws/install/rclrs:/home/gleb/dev/tauv-mono/ros_ws/install/test_interface_files:/home/gleb/dev/tauv-mono/ros_ws/install/rosidl_runtime_rs:/opt/ros/jazzy DEBUGINFOD_URLS=https://debuginfod.ubuntu.com /usr/bin/cmake --install /home/gleb/dev/tauv-mono/build/tauv_msgs
[16.723s] Level 1:colcon.colcon_core.environment:create_environment_scripts_only(tauv_msgs)
[16.724s] DEBUG:colcon.colcon_core.event_handler.log_command:Invoked command in '/home/gleb/dev/tauv-mono/build/tauv_msgs' returned '0': CMAKE_PREFIX_PATH=${CMAKE_PREFIX_PATH}:/home/gleb/dev/tauv-mono/ros_ws/install/tf2_tools:/home/gleb/dev/tauv-mono/ros_ws/install/tauv_common:/home/gleb/dev/tauv-mono/ros_ws/install/examples_tf2_py:/home/gleb/dev/tauv-mono/ros_ws/install/tf2_ros_py:/home/gleb/dev/tauv-mono/ros_ws/install/tauv_gnc:/home/gleb/dev/tauv-mono/ros_ws/install/sensor_msgs_py:/home/gleb/dev/tauv-mono/ros_ws/install/camera_pkg:/home/gleb/dev/tauv-mono/ros_ws/install/rust_pubsub:/home/gleb/dev/tauv-mono/ros_ws/install/examples_worker_demo:/home/gleb/dev/tauv-mono/ros_ws/install/examples_rclrs_minimal_pub_sub:/home/gleb/dev/tauv-mono/ros_ws/install/examples_rclrs_minimal_client_service:/home/gleb/dev/tauv-mono/ros_ws/install/examples_rclrs_message_demo:/home/gleb/dev/tauv-mono/ros_ws/install/examples_parameter_demo:/home/gleb/dev/tauv-mono/ros_ws/install/examples_logging_demo:/home/gleb/dev/tauv-mono/ros_ws/install/rclrs:/home/gleb/dev/tauv-mono/ros_ws/install/test_interface_files:/home/gleb/dev/tauv-mono/ros_ws/install/rosidl_runtime_rs:/opt/ros/jazzy DEBUGINFOD_URLS=https://debuginfod.ubuntu.com /usr/bin/cmake --install /home/gleb/dev/tauv-mono/build/tauv_msgs
[16.727s] Level 1:colcon.colcon_core.environment:checking '/home/gleb/dev/tauv-mono/install/tauv_msgs' for CMake module files
[16.728s] Level 1:colcon.colcon_core.environment:checking '/home/gleb/dev/tauv-mono/install/tauv_msgs' for CMake config files
[16.729s] Level 1:colcon.colcon_core.shell:create_environment_hook('tauv_msgs', 'cmake_prefix_path')
[16.729s] INFO:colcon.colcon_core.shell:Creating environment hook '/home/gleb/dev/tauv-mono/install/tauv_msgs/share/tauv_msgs/hook/cmake_prefix_path.ps1'
[16.730s] INFO:colcon.colcon_core.shell:Creating environment descriptor '/home/gleb/dev/tauv-mono/install/tauv_msgs/share/tauv_msgs/hook/cmake_prefix_path.dsv'
[16.730s] INFO:colcon.colcon_core.shell:Creating environment hook '/home/gleb/dev/tauv-mono/install/tauv_msgs/share/tauv_msgs/hook/cmake_prefix_path.sh'
[16.731s] Level 1:colcon.colcon_core.environment:checking '/home/gleb/dev/tauv-mono/install/tauv_msgs/lib'
[16.731s] Level 1:colcon.colcon_core.shell:create_environment_hook('tauv_msgs', 'ld_library_path_lib')
[16.731s] INFO:colcon.colcon_core.shell:Creating environment hook '/home/gleb/dev/tauv-mono/install/tauv_msgs/share/tauv_msgs/hook/ld_library_path_lib.ps1'
[16.732s] INFO:colcon.colcon_core.shell:Creating environment descriptor '/home/gleb/dev/tauv-mono/install/tauv_msgs/share/tauv_msgs/hook/ld_library_path_lib.dsv'
[16.732s] INFO:colcon.colcon_core.shell:Creating environment hook '/home/gleb/dev/tauv-mono/install/tauv_msgs/share/tauv_msgs/hook/ld_library_path_lib.sh'
[16.733s] Level 1:colcon.colcon_core.environment:checking '/home/gleb/dev/tauv-mono/install/tauv_msgs/bin'
[16.733s] Level 1:colcon.colcon_core.environment:checking '/home/gleb/dev/tauv-mono/install/tauv_msgs/lib/pkgconfig/tauv_msgs.pc'
[16.733s] Level 1:colcon.colcon_core.environment:checking '/home/gleb/dev/tauv-mono/install/tauv_msgs/lib/python3.12/site-packages'
[16.733s] Level 1:colcon.colcon_core.shell:create_environment_hook('tauv_msgs', 'pythonpath')
[16.733s] INFO:colcon.colcon_core.shell:Creating environment hook '/home/gleb/dev/tauv-mono/install/tauv_msgs/share/tauv_msgs/hook/pythonpath.ps1'
[16.734s] INFO:colcon.colcon_core.shell:Creating environment descriptor '/home/gleb/dev/tauv-mono/install/tauv_msgs/share/tauv_msgs/hook/pythonpath.dsv'
[16.734s] INFO:colcon.colcon_core.shell:Creating environment hook '/home/gleb/dev/tauv-mono/install/tauv_msgs/share/tauv_msgs/hook/pythonpath.sh'
[16.735s] Level 1:colcon.colcon_core.environment:checking '/home/gleb/dev/tauv-mono/install/tauv_msgs/bin'
[16.735s] INFO:colcon.colcon_core.shell:Creating package script '/home/gleb/dev/tauv-mono/install/tauv_msgs/share/tauv_msgs/package.ps1'
[16.736s] INFO:colcon.colcon_core.shell:Creating package descriptor '/home/gleb/dev/tauv-mono/install/tauv_msgs/share/tauv_msgs/package.dsv'
[16.737s] INFO:colcon.colcon_core.shell:Creating package script '/home/gleb/dev/tauv-mono/install/tauv_msgs/share/tauv_msgs/package.sh'
[16.738s] INFO:colcon.colcon_core.shell:Creating package script '/home/gleb/dev/tauv-mono/install/tauv_msgs/share/tauv_msgs/package.bash'
[16.738s] INFO:colcon.colcon_core.shell:Creating package script '/home/gleb/dev/tauv-mono/install/tauv_msgs/share/tauv_msgs/package.zsh'
[16.739s] Level 1:colcon.colcon_core.environment:create_file_with_runtime_dependencies(/home/gleb/dev/tauv-mono/install/tauv_msgs/share/colcon-core/packages/tauv_msgs)
[16.740s] Level 1:colcon.colcon_core.environment:create_environment_scripts_only(tauv_msgs)
[16.740s] Level 1:colcon.colcon_core.environment:checking '/home/gleb/dev/tauv-mono/install/tauv_msgs' for CMake module files
[16.741s] Level 1:colcon.colcon_core.environment:checking '/home/gleb/dev/tauv-mono/install/tauv_msgs' for CMake config files
[16.742s] Level 1:colcon.colcon_core.shell:create_environment_hook('tauv_msgs', 'cmake_prefix_path')
[16.742s] INFO:colcon.colcon_core.shell:Creating environment hook '/home/gleb/dev/tauv-mono/install/tauv_msgs/share/tauv_msgs/hook/cmake_prefix_path.ps1'
[16.742s] INFO:colcon.colcon_core.shell:Creating environment descriptor '/home/gleb/dev/tauv-mono/install/tauv_msgs/share/tauv_msgs/hook/cmake_prefix_path.dsv'
[16.743s] INFO:colcon.colcon_core.shell:Creating environment hook '/home/gleb/dev/tauv-mono/install/tauv_msgs/share/tauv_msgs/hook/cmake_prefix_path.sh'
[16.743s] Level 1:colcon.colcon_core.environment:checking '/home/gleb/dev/tauv-mono/install/tauv_msgs/lib'
[16.743s] Level 1:colcon.colcon_core.shell:create_environment_hook('tauv_msgs', 'ld_library_path_lib')
[16.743s] INFO:colcon.colcon_core.shell:Creating environment hook '/home/gleb/dev/tauv-mono/install/tauv_msgs/share/tauv_msgs/hook/ld_library_path_lib.ps1'
[16.744s] INFO:colcon.colcon_core.shell:Creating environment descriptor '/home/gleb/dev/tauv-mono/install/tauv_msgs/share/tauv_msgs/hook/ld_library_path_lib.dsv'
[16.744s] INFO:colcon.colcon_core.shell:Creating environment hook '/home/gleb/dev/tauv-mono/install/tauv_msgs/share/tauv_msgs/hook/ld_library_path_lib.sh'
[16.745s] Level 1:colcon.colcon_core.environment:checking '/home/gleb/dev/tauv-mono/install/tauv_msgs/bin'
[16.745s] Level 1:colcon.colcon_core.environment:checking '/home/gleb/dev/tauv-mono/install/tauv_msgs/lib/pkgconfig/tauv_msgs.pc'
[16.745s] Level 1:colcon.colcon_core.environment:checking '/home/gleb/dev/tauv-mono/install/tauv_msgs/lib/python3.12/site-packages'
[16.745s] Level 1:colcon.colcon_core.shell:create_environment_hook('tauv_msgs', 'pythonpath')
[16.745s] INFO:colcon.colcon_core.shell:Creating environment hook '/home/gleb/dev/tauv-mono/install/tauv_msgs/share/tauv_msgs/hook/pythonpath.ps1'
[16.746s] INFO:colcon.colcon_core.shell:Creating environment descriptor '/home/gleb/dev/tauv-mono/install/tauv_msgs/share/tauv_msgs/hook/pythonpath.dsv'
[16.746s] INFO:colcon.colcon_core.shell:Creating environment hook '/home/gleb/dev/tauv-mono/install/tauv_msgs/share/tauv_msgs/hook/pythonpath.sh'
[16.747s] Level 1:colcon.colcon_core.environment:checking '/home/gleb/dev/tauv-mono/install/tauv_msgs/bin'
[16.747s] INFO:colcon.colcon_core.shell:Creating package script '/home/gleb/dev/tauv-mono/install/tauv_msgs/share/tauv_msgs/package.ps1'
[16.748s] INFO:colcon.colcon_core.shell:Creating package descriptor '/home/gleb/dev/tauv-mono/install/tauv_msgs/share/tauv_msgs/package.dsv'
[16.749s] INFO:colcon.colcon_core.shell:Creating package script '/home/gleb/dev/tauv-mono/install/tauv_msgs/share/tauv_msgs/package.sh'
[16.749s] INFO:colcon.colcon_core.shell:Creating package script '/home/gleb/dev/tauv-mono/install/tauv_msgs/share/tauv_msgs/package.bash'
[16.750s] INFO:colcon.colcon_core.shell:Creating package script '/home/gleb/dev/tauv-mono/install/tauv_msgs/share/tauv_msgs/package.zsh'
[16.750s] Level 1:colcon.colcon_core.environment:create_file_with_runtime_dependencies(/home/gleb/dev/tauv-mono/install/tauv_msgs/share/colcon-core/packages/tauv_msgs)
[16.750s] DEBUG:colcon.colcon_parallel_executor.executor.parallel:closing loop
[16.751s] DEBUG:colcon.colcon_parallel_executor.executor.parallel:loop closed
[16.751s] DEBUG:colcon.colcon_parallel_executor.executor.parallel:run_until_complete finished with '0'
[16.751s] DEBUG:colcon.colcon_core.event_reactor:joining thread
[16.760s] INFO:colcon.colcon_core.plugin_system:Skipping extension 'colcon_notification.desktop_notification.terminal_notifier': Not used on non-Darwin systems
[16.760s] INFO:colcon.colcon_core.plugin_system:Skipping extension 'colcon_notification.desktop_notification.win32': Not used on non-Windows systems
[16.760s] INFO:colcon.colcon_notification.desktop_notification:Sending desktop notification using 'notify2'
[16.784s] DEBUG:colcon.colcon_core.event_reactor:joined thread
[16.784s] INFO:colcon.colcon_core.shell:Creating prefix script '/home/gleb/dev/tauv-mono/install/local_setup.ps1'
[16.786s] INFO:colcon.colcon_core.shell:Creating prefix util module '/home/gleb/dev/tauv-mono/install/_local_setup_util_ps1.py'
[16.788s] INFO:colcon.colcon_core.shell:Creating prefix chain script '/home/gleb/dev/tauv-mono/install/setup.ps1'
[16.794s] INFO:colcon.colcon_core.shell:Creating prefix script '/home/gleb/dev/tauv-mono/install/local_setup.sh'
[16.795s] INFO:colcon.colcon_core.shell:Creating prefix util module '/home/gleb/dev/tauv-mono/install/_local_setup_util_sh.py'
[16.795s] INFO:colcon.colcon_core.shell:Creating prefix chain script '/home/gleb/dev/tauv-mono/install/setup.sh'
[16.798s] INFO:colcon.colcon_core.shell:Creating prefix script '/home/gleb/dev/tauv-mono/install/local_setup.bash'
[16.799s] INFO:colcon.colcon_core.shell:Creating prefix chain script '/home/gleb/dev/tauv-mono/install/setup.bash'
[16.801s] INFO:colcon.colcon_core.shell:Creating prefix script '/home/gleb/dev/tauv-mono/install/local_setup.zsh'
[16.802s] INFO:colcon.colcon_core.shell:Creating prefix chain script '/home/gleb/dev/tauv-mono/install/setup.zsh'
