# Blender 5.0.1
# www.blender.org
mtllib osprey.mtl
o Hull_-_hull
v 0.045150 0.166639 -0.113531
v 0.256246 0.166651 -0.113635
v 0.256183 0.178382 -0.119118
v 0.045150 0.179779 -0.119904
v 0.256239 0.188536 -0.128400
v 0.045150 0.189084 -0.128946
v 0.045150 0.196565 -0.141488
v 0.045150 0.199791 -0.159575
v 0.256228 0.196547 -0.175689
v 0.045150 0.197605 -0.172364
v 0.045150 0.191502 -0.185632
v 0.256182 0.179503 -0.197622
v 0.045150 0.178418 -0.198531
v 0.256243 0.166684 -0.203864
v 0.045150 0.166639 -0.203969
v 0.256330 0.153676 -0.111463
v 0.256218 0.196274 -0.141057
v 0.256286 0.199700 -0.158411
v 0.256233 0.188788 -0.188814
v 0.256307 0.153972 -0.206049
v 0.256258 0.137820 -0.204046
v 0.256229 0.128783 -0.200069
v 0.256200 0.118132 -0.191967
v 0.256234 0.110275 -0.181130
v 0.256181 0.106593 -0.172179
v 0.256235 0.104814 -0.162483
v 0.256151 0.104976 -0.151366
v 0.256236 0.110115 -0.136684
v 0.256182 0.117584 -0.126032
v 0.256239 0.128474 -0.117632
v 0.256240 0.137785 -0.113460
v 0.256190 0.137556 -0.213481
v 0.256190 0.137556 -0.104019
v 0.256190 0.166639 -0.104019
v 0.256190 0.166639 -0.213481
v 0.258268 0.192334 -0.174937
v 0.258813 0.160941 -0.117919
v 0.259527 0.188415 -0.168445
v 0.259497 0.189433 -0.152779
v 0.259511 0.178741 -0.130661
v 0.259678 0.179254 -0.138227
v 0.259687 0.155403 -0.124692
v 0.259281 0.138466 -0.120983
v 0.258961 0.124164 -0.128953
v 0.259668 0.126773 -0.135648
v 0.259516 0.116261 -0.146336
v 0.259246 0.112569 -0.166533
v 0.259019 0.119416 -0.183022
v 0.259689 0.124690 -0.179208
v 0.259224 0.131760 -0.193684
v 0.259677 0.152113 -0.193085
v 0.259462 0.161061 -0.196637
v 0.259689 0.181376 -0.176564
v 0.258208 0.194891 -0.150284
v 0.258240 0.183129 -0.128308
v 0.258244 0.111667 -0.142825
v 0.258244 0.154156 -0.202148
v 0.258929 0.177337 -0.191793
v 0.288189 0.151460 -0.155594
v 0.287812 0.156916 -0.155982
v 0.287424 0.158364 -0.163547
v 0.287812 0.149995 -0.163894
v 0.286124 0.151921 -0.171264
v 0.280526 0.153487 -0.180814
v 0.276570 0.156162 -0.184510
v 0.266806 0.156459 -0.190624
v 0.259684 0.169610 -0.188188
v 0.267891 0.173753 -0.181688
v 0.259704 0.185665 -0.165733
v 0.259645 0.186129 -0.158750
v 0.267705 0.183467 -0.154500
v 0.259712 0.184621 -0.148164
v 0.266828 0.177151 -0.138831
v 0.267718 0.170212 -0.132797
v 0.259645 0.168622 -0.128908
v 0.266682 0.164706 -0.129252
v 0.272161 0.163928 -0.185537
v 0.272658 0.175370 -0.175951
v 0.272161 0.179818 -0.168189
v 0.272689 0.181008 -0.159443
v 0.272285 0.176731 -0.142877
v 0.272161 0.154443 -0.129561
v 0.276904 0.166757 -0.179814
v 0.274350 0.178234 -0.149710
v 0.276213 0.164930 -0.135666
v 0.280260 0.170859 -0.170854
v 0.280260 0.174359 -0.160466
v 0.280214 0.173106 -0.151405
v 0.280214 0.169583 -0.144982
v 0.278488 0.155967 -0.134907
v 0.283572 0.161203 -0.173747
v 0.281991 0.160023 -0.140344
v 0.280478 0.146044 -0.137452
v 0.284720 0.166341 -0.164836
v 0.286089 0.164286 -0.156178
v 0.285639 0.161007 -0.148629
v 0.285782 0.151926 -0.145455
v 0.045150 0.166639 0.203969
v 0.256246 0.166651 0.203865
v 0.256183 0.178382 0.198382
v 0.045150 0.179779 0.197596
v 0.256239 0.188536 0.189100
v 0.045150 0.192408 0.184252
v 0.045150 0.197605 0.172364
v 0.045150 0.199791 0.157925
v 0.256228 0.196547 0.141811
v 0.045150 0.197605 0.145136
v 0.045150 0.191502 0.131868
v 0.256182 0.179502 0.119878
v 0.045150 0.178418 0.118969
v 0.256243 0.166684 0.113636
v 0.045150 0.166639 0.113531
v 0.256330 0.153676 0.206037
v 0.256218 0.196274 0.176443
v 0.256286 0.199700 0.159089
v 0.256233 0.188788 0.128686
v 0.256307 0.153972 0.111451
v 0.256258 0.137820 0.113454
v 0.256233 0.128803 0.117429
v 0.256182 0.118532 0.125054
v 0.256232 0.108547 0.139464
v 0.256231 0.104824 0.154771
v 0.256193 0.105689 0.169019
v 0.256240 0.110155 0.180872
v 0.256164 0.117937 0.191910
v 0.256236 0.128475 0.199879
v 0.256240 0.137785 0.204041
v 0.256190 0.137556 0.213481
v 0.256190 0.166639 0.213481
v 0.256190 0.137556 0.104019
v 0.256190 0.166639 0.104019
v 0.288189 0.155314 0.158594
v 0.287911 0.146668 0.158606
v 0.287528 0.154656 0.166044
v 0.285779 0.151364 0.172092
v 0.280478 0.146044 0.180048
v 0.272161 0.149606 0.187927
v 0.264882 0.154798 0.191284
v 0.264927 0.144204 0.190397
v 0.259677 0.152082 0.193085
v 0.259684 0.134585 0.188188
v 0.267690 0.127718 0.178956
v 0.259645 0.124709 0.178916
v 0.267326 0.123042 0.172054
v 0.259704 0.118530 0.165733
v 0.259645 0.118066 0.158750
v 0.267902 0.120560 0.158347
v 0.259685 0.120006 0.146694
v 0.259747 0.124528 0.138454
v 0.267249 0.134373 0.132273
v 0.259757 0.135649 0.128798
v 0.259647 0.152098 0.124414
v 0.266978 0.146970 0.127064
v 0.272161 0.140267 0.185537
v 0.272689 0.133027 0.180490
v 0.272161 0.124425 0.149172
v 0.272161 0.129034 0.140706
v 0.272658 0.141136 0.131967
v 0.276463 0.129113 0.171079
v 0.275936 0.125473 0.160329
v 0.276904 0.135277 0.139368
v 0.272844 0.152922 0.129775
v 0.280423 0.137992 0.175743
v 0.280214 0.130125 0.162289
v 0.280478 0.131372 0.150959
v 0.278488 0.144357 0.135870
v 0.280260 0.155899 0.136749
v 0.283346 0.136355 0.167607
v 0.283350 0.138990 0.146471
v 0.283577 0.147234 0.141776
v 0.285926 0.142328 0.167252
v 0.285873 0.139389 0.156026
v 0.286703 0.148798 0.148665
v -0.190434 -0.139343 0.099097
v -0.187727 -0.139343 0.101488
v 0.190450 -0.139343 0.098980
v 0.190244 -0.139343 0.181427
v -0.190244 -0.139343 -0.181427
v -0.187897 -0.139343 -0.101437
v 0.178894 -0.139343 0.190487
v -0.179004 -0.139343 0.190492
v -0.053021 -0.139343 0.101338
v -0.190450 -0.139343 -0.098980
v -0.053202 -0.139343 -0.101411
v -0.184744 -0.139342 0.188591
v -0.190141 -0.139343 0.181888
v -0.050912 -0.139343 0.098827
v 0.187897 -0.139343 0.101437
v 0.184856 -0.139343 0.188626
v 0.190141 -0.139343 -0.181888
v 0.190426 -0.139343 -0.099108
v -0.184856 -0.139343 -0.188626
v -0.178894 -0.139343 -0.190487
v 0.073716 -0.139343 -0.101437
v -0.050963 -0.139343 -0.098997
v 0.071302 -0.139343 -0.099198
v 0.071375 -0.139343 0.099379
v 0.073886 -0.139343 0.101488
v 0.180982 -0.139343 -0.190421
v 0.186780 -0.139343 -0.186780
v 0.187727 -0.139343 -0.101488
v 0.195312 -0.107829 -0.141583
v 0.194181 -0.076883 -0.141166
v 0.190530 -0.074066 -0.140850
v 0.190500 -0.078020 -0.137108
v -0.194181 -0.076883 0.141166
v -0.190500 -0.078020 0.137108
v -0.190530 -0.074066 0.140850
v -0.195312 -0.107829 0.141583
v -0.190936 -0.073202 0.177010
v -0.190602 -0.074092 -0.140842
v -0.190499 -0.077475 -0.137220
v -0.194681 -0.078085 -0.141266
v -0.194850 -0.106155 -0.141292
v -0.190501 -0.110541 -0.137124
v -0.190896 -0.073202 -0.176960
v 0.178755 -0.000254 -0.186741
v 0.172938 0.000000 -0.165491
v 0.171742 -0.000000 -0.170036
v 0.168154 -0.000000 -0.172732
v 0.174487 -0.000054 -0.185173
v 0.073654 -0.000000 -0.176221
v 0.064578 0.000000 -0.172845
v 0.073796 -0.000000 -0.173236
v 0.166352 -0.022369 -0.173226
v 0.166710 -0.003352 -0.172669
v 0.157094 -0.020385 -0.172879
v 0.148003 -0.019050 -0.172832
v 0.147902 -0.019046 -0.172832
v 0.109430 0.113454 -0.191062
v 0.109825 -0.031768 -0.191549
v 0.179257 -0.065632 -0.196850
v 0.179350 -0.065040 -0.190478
v 0.173897 -0.070802 -0.190500
v 0.172868 -0.071081 -0.196850
v 0.109847 -0.062616 -0.191927
v 0.110039 -0.064260 -0.196849
v 0.111338 -0.067272 -0.190452
v 0.115473 -0.070787 -0.196850
v 0.117829 -0.071244 -0.190500
v 0.109847 0.116684 -0.197305
v 0.078364 -0.020160 -0.178102
v 0.073940 -0.016695 -0.176374
v 0.171910 0.101182 -0.162544
v 0.169615 0.000000 -0.160394
v 0.168434 0.100995 -0.159970
v 0.179773 -0.004478 -0.190359
v 0.170646 -0.004466 -0.188605
v 0.167638 -0.004290 -0.185004
v 0.166474 -0.004414 -0.181289
v 0.174442 -0.004137 -0.190104
v 0.173204 -0.001069 -0.187327
v 0.169910 -0.000585 -0.182568
v 0.171360 -0.000036 -0.172832
v 0.073253 -0.016984 -0.174742
v 0.074108 -0.018553 -0.175881
v 0.078414 -0.021358 -0.176592
v 0.076802 -0.020439 -0.174638
v 0.074524 -0.018012 -0.173071
v 0.074226 -0.019040 -0.174601
v 0.107738 0.114587 -0.189728
v 0.170307 -0.000123 0.172728
v 0.171620 -0.000051 0.182294
v 0.170051 -0.000000 0.171769
v 0.172880 -0.000000 0.167682
v 0.109894 -0.063406 0.191658
v 0.111723 -0.067547 0.190443
v 0.111099 -0.032210 0.190362
v 0.109607 -0.027104 0.187883
v 0.109890 -0.031747 0.191354
v 0.107949 -0.025857 0.189464
v 0.109274 -0.027989 0.190426
v 0.089731 -0.022187 0.180871
v 0.080742 -0.021613 0.177250
v 0.075461 -0.019633 0.173991
v 0.077464 -0.020945 0.175440
v 0.073407 -0.017733 0.174711
v 0.073824 -0.017438 0.176243
v 0.075310 -0.019718 0.176137
v 0.074418 -0.017826 0.173072
v 0.078506 -0.020561 0.177987
v 0.073935 -0.000000 0.173159
v 0.073528 -0.000000 0.176088
v 0.167669 -0.002303 0.181630
v 0.166591 -0.004134 0.172826
v -0.140907 0.010569 -0.032971
v 0.174443 -0.004142 0.190104
v 0.171723 -0.005521 0.189325
v 0.169143 -0.004288 0.187234
v 0.166787 -0.004259 0.183259
v 0.170601 -0.001114 0.185271
v 0.174938 -0.000558 0.187015
v 0.179723 -0.003647 0.190168
v 0.172367 0.100892 0.163579
v 0.178557 -0.000145 0.186031
v 0.170753 0.100805 0.161464
v 0.172070 0.000000 0.163173
v 0.168811 0.000000 0.160118
v 0.168213 0.100955 0.159954
v 0.063148 0.101445 0.159833
v 0.107331 0.115845 0.189677
v 0.094576 -0.021671 0.184341
v 0.064630 0.000000 0.172849
v 0.109429 0.113462 0.191062
v 0.166412 -0.021463 0.172943
v -0.160200 0.024937 0.005281
v -0.161513 0.020067 0.020603
v -0.153709 0.021411 0.023756
v -0.163983 0.022473 0.009857
v -0.164279 0.020921 0.014889
v -0.146637 0.024521 0.020190
v 0.190602 -0.074092 0.140842
v 0.190499 -0.077475 0.137220
v 0.194681 -0.078085 0.141266
v 0.107786 0.126430 0.199181
v 0.179800 0.127929 0.199642
v 0.109783 0.118052 0.197397
v 0.179806 0.114932 0.197195
v -0.173026 -0.021958 -0.167026
v -0.170077 -0.021862 -0.171833
v -0.166639 -0.021051 -0.172906
v -0.172793 -0.024606 -0.171647
v -0.169121 -0.025234 -0.175597
v -0.175250 -0.025029 -0.168097
v -0.172377 -0.022200 -0.169238
v -0.168602 -0.023239 -0.173294
v -0.086913 -0.114639 0.196850
v -0.087338 -0.114769 0.190500
v -0.081062 -0.109496 0.190500
v -0.080878 -0.109042 0.196850
v 0.190896 -0.073202 0.176960
v 0.177524 0.106402 0.172384
v 0.177516 0.105850 0.181759
v 0.179805 0.110860 0.189974
v 0.179798 0.109656 0.180380
v 0.172785 -0.017082 0.063295
v 0.173959 -0.021456 0.133159
v 0.176320 -0.023046 0.134592
v 0.175727 -0.020969 0.062002
v 0.173631 -0.019140 0.063847
v -0.148073 -0.114729 0.196850
v 0.168486 0.103153 0.159138
v 0.172806 0.103363 0.161838
v 0.174595 0.104707 0.162110
v 0.170182 0.104577 0.157983
v 0.058120 -0.016376 0.166765
v 0.054790 -0.020524 0.169936
v 0.061367 -0.020977 0.175856
v 0.063869 -0.021545 0.180168
v 0.056822 -0.019284 0.168583
v 0.059855 -0.019804 0.172970
v 0.061033 -0.017608 0.171916
v 0.063169 -0.016774 0.172740
v 0.063548 -0.019370 0.173687
v 0.059028 -0.017165 0.169751
v -0.148525 -0.095514 0.196850
v -0.148072 -0.095366 0.190500
v -0.154045 -0.100593 0.190500
v -0.154297 -0.101158 0.196850
v -0.154297 -0.108938 0.190500
v -0.154045 -0.109502 0.196850
v -0.148525 -0.114582 0.190500
v 0.062039 0.104547 0.157924
v 0.171851 -0.017799 0.060916
v 0.166727 -0.016446 0.058103
v 0.169358 -0.016374 0.058894
v 0.169333 -0.020345 0.055474
v 0.173197 -0.020061 0.059666
v 0.168854 -0.018356 0.057787
v 0.058359 0.102760 0.168327
v 0.055949 0.105451 0.167993
v 0.059772 0.103062 0.170692
v 0.059120 0.103099 0.161311
v 0.056590 0.104672 0.161716
v 0.060120 0.106561 0.172683
v 0.064600 0.105146 0.172945
v 0.062351 0.104868 0.172515
v 0.058968 0.100786 0.163167
v 0.058206 0.101098 0.165542
v 0.057231 0.103719 0.166445
v 0.057309 0.103649 0.163745
v 0.060560 0.101414 0.161168
v 0.054322 -0.018140 0.134222
v 0.056828 -0.016815 0.134814
v 0.054433 -0.016241 0.064264
v 0.058255 -0.012344 0.063369
v -0.142133 0.010842 0.032971
v -0.140926 0.009251 0.032994
v -0.130060 -0.088059 0.196850
v -0.130341 -0.089331 0.190500
v -0.135517 -0.094507 0.196850
v -0.136567 -0.094691 0.190500
v 0.062977 -0.014995 0.056755
v 0.134548 -0.018123 0.054502
v 0.063991 -0.012588 0.058153
v 0.063305 -0.016216 0.054453
v 0.134637 -0.016509 0.057103
v -0.139668 0.010863 0.032975
v 0.088456 0.110510 0.182399
v 0.061561 -0.012990 0.058859
v 0.059281 -0.012165 0.060966
v 0.056828 -0.016061 0.058712
v 0.059252 -0.015190 0.058487
v 0.057305 -0.014548 0.062620
v -0.124248 -0.073860 0.196850
v -0.124367 -0.074048 0.190500
v -0.129391 -0.079711 0.190500
v -0.129244 -0.079564 0.196850
v 0.172660 -0.021507 -0.168466
v 0.172941 -0.019441 -0.133807
v 0.175180 -0.020808 -0.062391
v 0.172908 -0.017842 -0.063483
v 0.174534 -0.021977 -0.131961
v 0.176673 -0.023059 -0.133579
v 0.107299 0.121229 0.195033
v 0.061200 -0.017256 -0.171928
v 0.063471 -0.018248 -0.172936
v 0.058049 -0.016705 -0.166639
v 0.056696 -0.019451 -0.168722
v 0.059512 -0.019791 -0.172539
v 0.054603 -0.020496 -0.169349
v 0.061493 -0.020969 -0.175609
v 0.059057 -0.017687 -0.170030
v -0.108235 -0.066271 0.196850
v -0.108365 -0.066697 0.190500
v -0.113673 -0.072663 0.196850
v -0.114052 -0.072786 0.190500
v 0.179800 0.114104 -0.197083
v 0.179820 0.109212 -0.179320
v 0.179789 0.111096 -0.189609
v 0.179800 0.117887 -0.192097
v 0.179800 0.127929 -0.199642
v 0.166854 -0.016544 -0.058112
v 0.171853 -0.017625 -0.060895
v 0.170361 -0.020531 -0.054982
v 0.168582 -0.019283 -0.056822
v 0.172970 -0.019804 -0.059855
v 0.169432 -0.017159 -0.058871
v -0.080947 0.000633 0.196850
v -0.080985 0.000513 0.190500
v -0.086913 0.005941 0.190500
v -0.087338 0.006071 0.196850
v -0.173707 0.004760 0.004630
v -0.173587 0.004762 0.067237
v -0.169263 0.004764 0.017146
v -0.159994 0.004764 0.027093
v -0.108232 0.004761 0.006550
v -0.108242 0.004763 0.067033
v -0.114864 0.004764 0.020526
v -0.146586 0.004761 0.032753
v -0.169329 0.004763 0.071879
v -0.136440 0.004763 0.032686
v -0.112196 0.004763 0.071741
v -0.125299 0.004763 0.029244
v 0.107372 0.116296 -0.190051
v -0.173068 -0.000000 0.068647
v -0.168239 0.000000 0.072062
v 0.080985 -0.109210 0.190500
v 0.080947 -0.109331 0.196850
v 0.080404 -0.032272 0.190411
v 0.080878 0.000345 0.196850
v 0.081062 0.000798 0.190500
v -0.112536 0.000000 0.071879
v 0.086913 -0.114639 0.190500
v 0.087338 -0.114769 0.196850
v -0.172134 -0.021360 0.169396
v -0.170108 -0.022122 0.171903
v -0.172562 -0.000000 0.168902
v -0.168257 -0.000000 0.172683
v -0.167054 -0.021941 0.173016
v -0.108339 0.000000 0.067352
v 0.148525 -0.114582 0.196850
v -0.108032 0.000000 0.058232
v -0.166854 -0.016544 0.058112
v 0.190936 -0.073202 -0.177010
v 0.170197 -0.024263 -0.173634
v 0.166332 -0.025022 -0.175678
v 0.170925 -0.025439 -0.175394
v 0.175610 -0.025213 -0.168930
v 0.167633 -0.021144 -0.172793
v 0.170108 -0.022122 -0.171903
v 0.173465 -0.023435 -0.168594
v -0.168831 0.004763 -0.071990
v -0.169455 -0.000000 -0.071798
v -0.173395 0.004762 -0.067836
v -0.173299 -0.000000 -0.067784
v 0.129391 -0.079711 0.196850
v 0.129649 -0.081067 0.190500
v -0.172637 -0.000000 -0.062671
v -0.168979 -0.000000 -0.058552
v -0.172310 -0.000000 0.061665
v -0.173864 0.000000 -0.001131
v -0.168069 -0.000000 0.058355
v -0.108032 0.000000 -0.058232
v -0.108017 -0.000000 -0.002836
v -0.129391 -0.079711 -0.196850
v -0.129649 -0.081067 -0.190500
v -0.125208 -0.074180 -0.190500
v -0.124367 -0.074048 -0.196850
v -0.114052 -0.072786 -0.196850
v 0.115561 -0.070832 0.196850
v 0.110099 -0.064513 0.196850
v 0.117258 -0.071132 0.190500
v -0.087338 -0.114769 -0.196850
v -0.130341 -0.089331 -0.196850
v -0.108280 -0.066535 -0.196850
v -0.080947 -0.109331 -0.196850
v -0.136567 -0.094691 -0.196850
v -0.148525 -0.114582 -0.196850
v -0.107415 0.000633 -0.196850
v -0.154297 -0.108938 -0.196850
v -0.154045 -0.100593 -0.196850
v -0.148072 -0.095366 -0.196850
v -0.101024 0.006071 -0.196850
v -0.086913 0.005941 -0.196850
v -0.080878 0.000345 -0.196850
v 0.045150 0.137327 0.204696
v 0.045150 0.137556 0.213481
v -0.173627 -0.019195 -0.063109
v -0.171832 -0.016957 -0.061057
v -0.172896 -0.017540 -0.063955
v -0.166751 -0.016461 -0.058101
v -0.169341 -0.016383 -0.058883
v -0.169333 -0.020345 -0.055474
v -0.172367 -0.019435 -0.059855
v -0.175727 -0.020969 -0.062002
v -0.168854 -0.018356 -0.057787
v 0.190750 -0.063615 0.178662
v 0.102405 0.005694 -0.196850
v 0.101024 0.006071 -0.190500
v 0.107300 0.000798 -0.190500
v 0.107677 -0.000582 -0.196850
v -0.153795 -0.093676 0.190500
v -0.154248 -0.093860 0.196850
v -0.159391 -0.099711 0.190500
v -0.159540 -0.100193 0.196850
v 0.125208 -0.074180 0.190500
v 0.124367 -0.074048 0.196850
v 0.114052 -0.072786 0.196850
v -0.080985 -0.109210 -0.190500
v -0.080402 -0.030887 -0.190301
v -0.081062 0.000798 -0.190500
v 0.113673 -0.072663 0.190500
v -0.086913 -0.114639 -0.190500
v 0.108280 -0.066535 0.196850
v 0.109641 -0.068759 0.190500
v 0.108156 -0.065537 0.190500
v -0.148073 -0.114729 -0.190500
v -0.154045 -0.109502 -0.190500
v -0.154297 -0.101158 -0.190500
v -0.148525 -0.095514 -0.190500
v 0.107415 0.000633 0.196850
v 0.107599 -0.000417 0.190500
v 0.102405 0.005694 0.190500
v 0.101024 0.006071 0.196850
v 0.045150 0.166639 0.213481
v -0.173959 -0.021456 -0.133159
v -0.176320 -0.023046 -0.134592
v -0.195295 -0.069474 0.148048
v -0.195295 -0.063981 0.155729
v -0.198470 -0.061698 0.156068
v -0.201395 -0.065174 0.155206
v -0.195295 -0.068060 0.152452
v -0.205814 -0.068586 0.151858
v -0.195308 -0.068128 0.142890
v -0.189280 -0.037565 0.183335
v -0.185759 -0.037441 0.187727
v -0.181396 -0.038324 0.190044
v -0.178570 -0.037269 0.190421
v -0.190441 -0.037393 0.179042
v -0.188644 -0.032248 0.179224
v -0.184442 -0.028620 0.182101
v -0.179975 -0.026651 0.180837
v -0.181394 -0.033108 0.188792
v -0.187107 -0.033495 0.184902
v -0.179915 -0.029266 0.185884
v 0.195301 -0.055782 0.156579
v 0.195292 -0.069478 0.141426
v 0.195287 -0.060114 0.141511
v 0.195257 -0.057471 0.142925
v 0.195300 -0.057651 0.155386
v 0.195297 -0.068123 0.143137
v 0.195297 -0.064969 0.155392
v 0.195294 -0.069480 0.149422
v -0.108879 -0.032934 0.190371
v -0.058559 -0.000000 0.062030
v -0.062590 -0.000000 0.058472
v -0.061887 -0.000000 0.172479
v -0.058379 -0.000000 0.168220
v 0.086913 0.005941 0.196850
v 0.087338 0.006071 0.190500
v 0.130341 -0.089331 0.196850
v 0.136567 -0.094691 0.196850
v 0.154297 -0.108938 0.196850
v 0.154045 -0.100593 0.196850
v 0.148072 -0.095366 0.196850
v -0.186847 -0.073215 0.187252
v -0.186824 -0.115048 0.186833
v 0.107956 -0.035123 0.190500
v -0.177821 -0.115048 0.190500
v 0.141245 -0.092834 0.190500
v 0.130644 -0.089615 0.190500
v -0.141353 -0.092797 0.190500
v 0.141353 -0.073611 0.190500
v -0.134996 -0.086739 0.190500
v 0.134790 -0.086106 0.190500
v 0.136158 -0.077903 0.190500
v -0.135889 -0.078370 0.190500
v -0.179440 -0.064883 0.190477
v -0.179031 -0.073204 0.190470
v -0.141075 -0.073670 0.190500
v -0.117629 -0.071213 0.190500
v 0.153293 -0.093612 0.190500
v 0.148525 -0.095514 0.190500
v 0.154297 -0.101158 0.190500
v 0.159382 -0.099300 0.190500
v -0.160341 -0.109331 0.190500
v 0.174968 -0.070563 0.190529
v 0.177820 -0.073204 0.190500
v -0.173897 -0.070802 0.190500
v 0.154045 -0.109502 0.190500
v 0.160644 -0.109615 0.190500
v 0.177813 -0.115048 0.190500
v 0.166469 -0.114724 0.190500
v 0.148073 -0.114729 0.190500
v 0.136469 -0.094724 0.190500
v -0.110776 -0.066768 0.190500
v -0.166567 -0.114691 0.190500
v -0.080406 -0.034374 0.190500
v 0.089396 -0.021864 -0.181573
v -0.185034 -0.115048 0.196067
v 0.108142 -0.026023 -0.189536
v 0.093345 -0.022475 -0.181511
v 0.102577 -0.024497 -0.185196
v 0.098250 -0.022539 -0.185698
v -0.160644 -0.109615 0.196850
v -0.166469 -0.114724 0.196850
v 0.111219 -0.033199 -0.190435
v -0.141245 -0.092834 0.196850
v -0.141528 -0.073522 0.196850
v -0.136158 -0.077903 0.196850
v -0.134790 -0.086106 0.196850
v 0.045149 0.117137 0.191296
v 0.045150 0.110064 0.180873
v 0.045160 0.105438 0.167828
v 0.045150 0.104820 0.154155
v 0.179800 0.117886 0.191870
v 0.045150 0.107630 0.141488
v 0.045150 0.115111 0.128946
v 0.045150 0.124416 0.119904
v 0.045150 0.137556 0.113531
v -0.179924 -0.073204 0.196809
v 0.064027 0.102250 -0.159605
v 0.064454 0.105089 -0.172910
v 0.062107 0.104840 -0.172435
v 0.061507 0.101284 -0.160543
v 0.059683 0.100737 -0.162124
v 0.058467 0.101023 -0.164279
v 0.060514 0.106704 -0.172911
v 0.056213 0.105681 -0.168970
v 0.058472 0.104651 -0.170207
v 0.056078 0.104682 -0.162858
v 0.058322 0.103228 -0.162084
v 0.061461 0.104507 -0.158197
v 0.058015 0.102181 -0.166217
v 0.059052 0.102682 -0.169773
v -0.215212 -0.114825 0.167375
v -0.214828 -0.073302 0.167759
v -0.217828 -0.076852 0.164759
v -0.217977 -0.110535 0.164610
v -0.108300 0.000000 -0.067157
v -0.058355 -0.000000 -0.168069
v -0.172690 -0.000000 -0.168218
v -0.058437 -0.000000 -0.062662
v -0.112320 0.000000 -0.071827
v -0.061644 -0.000000 -0.172293
v -0.169092 -0.000000 -0.172499
v -0.061959 -0.000000 -0.058605
v 0.107956 -0.035115 -0.190500
v 0.114052 -0.072786 -0.190500
v 0.108365 -0.066697 -0.190500
v -0.134790 -0.086106 -0.190500
v -0.141245 -0.092834 -0.190500
v -0.130644 -0.089615 -0.190500
v -0.136158 -0.077903 -0.190500
v -0.141353 -0.073611 -0.190500
v 0.179031 -0.073204 -0.190470
v 0.180765 -0.115048 -0.190328
v 0.148525 -0.114582 -0.190500
v 0.141075 -0.073670 -0.190500
v 0.135889 -0.078370 -0.190500
v 0.141353 -0.092797 -0.190500
v -0.159382 -0.099300 -0.190500
v -0.153293 -0.093612 -0.190500
v -0.177813 -0.115048 -0.190500
v -0.166307 -0.114639 -0.190500
v -0.174968 -0.070563 -0.190531
v -0.177820 -0.073204 -0.190500
v 0.134996 -0.086739 -0.190500
v 0.130341 -0.089331 -0.190500
v 0.136567 -0.094691 -0.190500
v -0.160644 -0.109615 -0.190500
v 0.154297 -0.108938 -0.190500
v 0.154045 -0.100593 -0.190500
v 0.148072 -0.095366 -0.190500
v 0.129391 -0.079711 -0.190500
v 0.160341 -0.109331 -0.190500
v -0.110157 -0.064593 -0.190500
v -0.108313 -0.066437 -0.190500
v -0.115352 -0.070704 -0.190500
v -0.113673 -0.072663 -0.190500
v 0.124367 -0.074048 -0.190500
v -0.136469 -0.094724 -0.190500
v 0.081062 -0.109496 -0.190500
v 0.166567 -0.114691 -0.190500
v 0.159391 -0.099711 -0.190500
v 0.153795 -0.093676 -0.190500
v 0.080406 -0.033946 -0.190500
v 0.087338 -0.114769 -0.190500
v -0.187869 -0.073204 0.194259
v -0.188803 -0.073041 0.184202
v -0.190120 -0.115047 0.181698
v -0.181757 -0.115048 0.189946
v -0.190500 -0.114787 0.142806
v 0.194850 -0.106155 0.141292
v 0.190501 -0.110541 0.137124
v -0.063503 -0.017873 -0.172924
v -0.133843 -0.021382 -0.173898
v -0.134284 -0.023037 -0.176317
v -0.195293 -0.069470 0.141431
v -0.198625 -0.069824 0.142401
v -0.195297 -0.057575 0.155361
v -0.195434 -0.055741 0.156567
v -0.200433 -0.062374 0.157208
v -0.202484 -0.065255 0.156332
v -0.205381 -0.067864 0.154610
v -0.206158 -0.070375 0.149182
v -0.202696 -0.070661 0.144886
v -0.203878 -0.069591 0.147588
v -0.102405 0.005694 0.196850
v -0.101024 0.006071 0.190500
v -0.107300 0.000798 0.190500
v -0.107677 -0.000582 0.196850
v 0.058284 0.000000 -0.164852
v 0.058559 -0.000000 -0.062030
v 0.061745 0.000000 -0.160231
v 0.172310 -0.000000 -0.061665
v 0.062660 -0.000000 -0.058439
v 0.168069 -0.000000 -0.058355
v 0.062030 -0.000000 0.058559
v 0.058216 -0.000000 0.165749
v 0.059771 0.000000 0.161907
v 0.058439 -0.000000 0.062660
v 0.172479 -0.000000 0.061887
v 0.063443 0.000000 0.159911
v 0.168220 -0.000000 0.058379
v -0.118864 -0.029598 0.189263
v -0.119702 -0.025745 0.186358
v -0.135274 -0.023985 0.182095
v -0.132991 -0.022955 0.176324
v -0.030501 -0.021107 0.181319
v 0.025354 -0.022300 0.184081
v 0.025294 -0.026488 0.188636
v 0.173293 -0.070951 0.196850
v 0.179324 -0.065368 0.196850
v 0.179573 -0.063902 0.190500
v -0.107599 -0.000417 -0.190500
v -0.102405 0.005694 -0.190500
v -0.087338 0.006071 -0.190500
v 0.108235 -0.066271 -0.196850
v 0.113673 -0.072663 -0.196850
v 0.186814 -0.115047 0.186769
v 0.187121 -0.073346 0.186502
v 0.166567 -0.114691 0.196850
v 0.160341 -0.109331 0.196850
v -0.108234 0.004763 -0.067151
v -0.112410 0.004763 -0.071798
v 0.180269 -0.026696 0.180811
v 0.181816 -0.029713 0.185963
v 0.180088 -0.033326 0.189108
v 0.184817 -0.028626 0.180962
v 0.188680 -0.032627 0.180623
v 0.190388 -0.036782 0.179897
v 0.183423 -0.036635 0.189139
v 0.187503 -0.035614 0.185769
v 0.195434 -0.055741 -0.156567
v 0.195293 -0.069470 -0.141431
v 0.195298 -0.056708 -0.143579
v 0.195308 -0.068128 -0.142890
v 0.195297 -0.057575 -0.155361
v 0.195273 -0.060722 -0.141304
v 0.195295 -0.063981 -0.155729
v 0.195295 -0.069474 -0.148048
v 0.195295 -0.068060 -0.152452
v 0.189299 -0.115048 0.193099
v 0.187905 -0.073204 0.194144
v 0.181803 -0.115048 0.196628
v 0.180189 -0.073204 0.196804
v 0.166351 -0.025960 0.181985
v 0.166335 -0.024412 0.174665
v 0.110670 -0.029373 -0.189234
v 0.109505 -0.028504 -0.190153
v 0.109344 -0.026882 -0.187625
v -0.110006 0.194203 0.196850
v -0.110027 0.194141 0.190500
v -0.113325 0.198021 0.190500
v -0.113613 0.198138 0.196850
v 0.192455 -0.061887 -0.177227
v 0.194374 -0.056951 -0.171343
v 0.192418 -0.054902 -0.171846
v 0.190505 -0.054369 -0.170900
v 0.190522 -0.054354 -0.146633
v 0.188803 -0.073041 -0.184202
v 0.209521 -0.073282 -0.162302
v 0.207520 -0.072283 -0.160614
v 0.207666 -0.071722 -0.157743
v 0.210955 -0.112632 -0.159149
v 0.211641 -0.109902 -0.158011
v 0.191180 -0.061199 -0.177158
v 0.190504 -0.060540 -0.176797
v 0.206158 -0.070375 -0.149182
v 0.202696 -0.070661 -0.144886
v 0.205381 -0.067864 -0.154610
v 0.202484 -0.065255 -0.156332
v 0.199968 -0.068662 -0.167390
v 0.200433 -0.062374 -0.157208
v 0.196893 -0.062550 -0.169719
v 0.190424 -0.064530 -0.179285
v 0.190221 -0.066907 -0.180540
v 0.186847 -0.073215 -0.187252
v 0.207691 -0.114020 -0.157817
v 0.202736 -0.112000 -0.148389
v 0.198922 -0.111828 -0.146378
v 0.190562 -0.058916 -0.141151
v 0.205188 -0.108999 -0.147826
v 0.209522 -0.074877 -0.155669
v 0.200835 -0.071138 -0.168354
v 0.211628 -0.078105 -0.158024
v 0.211813 -0.076522 -0.159116
v 0.210843 -0.074519 -0.160392
v 0.199276 -0.073040 -0.173371
v 0.197180 -0.071944 -0.174260
v 0.190598 -0.055762 -0.143375
v 0.195257 -0.055207 -0.147128
v 0.190681 -0.056552 -0.175215
v 0.191807 -0.059308 -0.176588
v 0.193770 -0.058580 -0.174247
v 0.198655 -0.106892 -0.142399
v 0.200556 -0.109536 -0.144423
v 0.202558 -0.107286 -0.144832
v 0.190341 -0.202843 -0.099152
v 0.190238 -0.202843 0.099379
v 0.190536 -0.059906 0.140932
v 0.190454 -0.034090 -0.126511
v 0.190500 -0.114536 0.141572
v 0.190500 -0.114787 -0.142806
v 0.190745 -0.060936 0.176862
v 0.190510 -0.055738 0.143471
v 0.190545 -0.055836 0.174471
v 0.190500 -0.111094 -0.137305
v 0.190438 -0.037386 -0.179053
v 0.190598 -0.054294 0.170687
v 0.190531 -0.054313 0.146935
v 0.170032 -0.021881 0.171867
v 0.172889 -0.024638 0.171566
v 0.169666 -0.023943 0.173339
v 0.171169 -0.025338 0.174598
v 0.175250 -0.025029 0.168097
v 0.172377 -0.022200 0.169238
v 0.173023 -0.021951 0.167035
v -0.172907 -0.017841 0.063477
v -0.171853 -0.017625 0.060895
v -0.169432 -0.017159 0.058871
v -0.146668 0.027864 0.008826
v -0.153184 0.027292 0.004181
v -0.145031 0.026711 0.014352
v -0.108520 0.004763 -0.007258
v -0.116432 0.004766 -0.022760
v -0.168995 0.004764 -0.017615
v -0.173642 0.004763 -0.005225
v -0.145939 0.004763 -0.032846
v -0.159565 0.004763 -0.027408
v -0.131761 0.004761 -0.031981
v -0.146584 0.027866 -0.008900
v -0.162098 0.020170 -0.019691
v -0.164676 0.021269 -0.013312
v -0.162110 0.023927 -0.006827
v -0.157776 0.025891 -0.004427
v -0.152662 0.027363 -0.004490
v -0.145041 0.026559 -0.014880
v -0.146438 0.024745 -0.019716
v -0.152110 0.021927 -0.023615
v -0.158298 0.020422 -0.022603
v -0.167019 0.018580 0.020272
v -0.159603 0.018637 -0.027514
v -0.110206 0.019361 -0.013062
v -0.107860 0.022495 -0.000048
v -0.118126 0.018445 -0.024114
v -0.130862 0.019912 -0.031841
v -0.147515 0.020706 -0.032537
v -0.168364 0.018689 -0.018581
v -0.173029 0.020391 -0.008105
v -0.173904 0.022505 -0.000018
v -0.172189 0.019743 0.011132
v -0.158171 0.018729 0.028612
v -0.140813 0.022480 0.033064
v -0.125270 0.018995 0.029352
v -0.115595 0.018486 0.021419
v -0.109147 0.019983 0.009860
v -0.118879 0.020179 0.018805
v -0.132867 0.027886 0.006492
v -0.135784 0.027612 0.010290
v -0.136800 0.026092 0.016471
v -0.132894 0.023310 0.022153
v -0.128060 0.021475 0.023540
v -0.123984 0.020508 0.022778
v -0.117402 0.022094 0.010743
v -0.122448 0.025337 0.004700
v -0.128597 0.027233 0.004397
v 0.045150 0.137556 0.104019
v -0.054365 -0.018131 -0.134349
v -0.056828 -0.016815 -0.134814
v -0.056127 -0.015646 -0.061679
v -0.058117 -0.016372 -0.166721
v -0.055337 -0.016172 -0.058437
v -0.056822 -0.019284 -0.168583
v 0.194604 -0.058936 0.172903
v 0.194947 -0.057386 0.169805
v 0.191619 -0.061017 0.177335
v 0.197396 -0.057725 0.157287
v 0.195277 -0.055355 0.146100
v 0.196785 -0.072525 0.175230
v 0.199884 -0.073114 0.172973
v 0.210997 -0.074742 0.160244
v 0.207827 -0.071951 0.158796
v 0.201889 -0.064651 0.156812
v 0.201481 -0.070510 0.166405
v 0.203375 -0.111553 0.148010
v 0.199868 -0.069642 0.143010
v 0.205341 -0.067958 0.154850
v 0.209640 -0.074971 0.155948
v 0.205560 -0.070799 0.148066
v 0.189937 -0.069697 0.181584
v 0.198070 -0.106990 0.142242
v 0.198513 -0.111577 0.145885
v 0.204565 -0.113867 0.154651
v 0.205086 -0.108214 0.147543
v 0.210347 -0.113258 0.159069
v 0.211617 -0.109917 0.157997
v 0.195923 -0.067042 0.173799
v 0.211885 -0.077314 0.158531
v 0.209296 -0.073281 0.162144
v 0.192995 -0.055236 0.171299
v 0.192040 -0.057159 0.175266
v 0.192668 -0.060255 0.176477
v 0.196673 -0.109605 0.143078
v 0.201618 -0.107081 0.144028
v 0.201986 -0.109260 0.145126
v 0.080985 0.000513 -0.190500
v 0.086913 0.005941 -0.190500
v -0.190750 -0.063615 -0.178662
v -0.058153 -0.012588 0.063991
v 0.178677 -0.037989 0.190514
v 0.172138 -0.033604 0.189549
v 0.168748 -0.029483 0.187094
v 0.130060 -0.088059 -0.196850
v 0.018156 -0.020860 -0.180027
v 0.021928 -0.022422 -0.184436
v -0.009862 -0.025699 -0.187987
v 0.124248 -0.073860 -0.196850
v 0.129244 -0.079564 -0.196850
v 0.177485 0.106289 -0.171774
v 0.045150 0.104820 -0.154155
v 0.168590 0.104190 -0.158375
v 0.173676 0.104560 -0.160823
v 0.045158 0.105473 -0.168121
v 0.045150 0.110064 -0.180873
v 0.045150 0.117492 -0.191628
v 0.089249 0.111163 -0.183027
v 0.107840 0.126513 -0.199191
v 0.045150 0.137327 -0.204696
v 0.107347 0.121286 -0.195088
v 0.045150 0.108254 -0.139960
v 0.045150 0.115111 -0.128946
v 0.045150 0.125777 -0.118969
v 0.045150 0.137556 -0.113531
v -0.152868 -0.093483 -0.196850
v -0.180189 -0.073204 -0.196804
v -0.141245 -0.073573 -0.196850
v -0.159144 -0.098755 -0.196850
v -0.181803 -0.115048 -0.196628
v -0.166732 -0.114769 -0.196850
v -0.135889 -0.078370 -0.196850
v -0.141353 -0.092797 -0.196850
v -0.134996 -0.086739 -0.196850
v -0.160341 -0.109331 -0.196850
v -0.062977 -0.014995 -0.056755
v -0.063998 -0.012581 -0.058155
v -0.058368 -0.012373 -0.062672
v -0.060907 -0.012097 -0.059311
v -0.063312 -0.016216 -0.054455
v -0.059332 -0.015581 -0.057589
v -0.060118 -0.013941 -0.058938
v -0.057500 -0.014248 -0.062688
v 0.214901 -0.073320 0.167687
v 0.215094 -0.114846 0.167492
v 0.217959 -0.110641 0.164629
v 0.217871 -0.076990 0.164716
v 0.045150 0.166639 0.104019
v -0.134545 -0.018122 -0.054505
v -0.134637 -0.016509 -0.057103
v -0.179500 -0.037335 -0.190343
v -0.190370 -0.037573 -0.180166
v -0.189937 -0.069697 -0.181584
v -0.187503 -0.035614 -0.185769
v -0.187121 -0.073346 -0.186502
v -0.190059 -0.115048 -0.182049
v -0.186814 -0.115047 -0.186769
v -0.183721 -0.036871 -0.189000
v -0.176275 0.198021 0.196850
v -0.175398 0.198260 0.190500
v -0.179384 0.194912 0.190500
v -0.179623 0.194036 0.196850
v 0.061275 -0.016059 -0.055558
v 0.054416 -0.018147 -0.134848
v -0.000299 -0.017535 -0.130693
v -0.000757 -0.015737 -0.061002
v 0.054497 -0.016186 -0.060863
v 0.180060 -0.020683 0.000161
v 0.130694 -0.017537 -0.000541
v 0.166373 -0.025967 -0.182315
v 0.180144 -0.026872 -0.181895
v 0.181448 -0.023426 -0.129516
v -0.046067 -0.015375 0.008167
v 0.059918 -0.015715 -0.001251
v 0.189280 -0.037565 -0.183335
v 0.185591 -0.036713 -0.187807
v 0.186824 -0.115048 -0.186833
v 0.175775 -0.038030 -0.190536
v 0.190120 -0.115047 -0.181698
v -0.192455 -0.061887 0.177227
v -0.194374 -0.056951 0.171343
v -0.192418 -0.054902 0.171846
v -0.190505 -0.054369 0.170900
v -0.190522 -0.054354 0.146633
v -0.209521 -0.073282 0.162302
v -0.207520 -0.072283 0.160614
v -0.207666 -0.071722 0.157743
v -0.210955 -0.112632 0.159149
v -0.211641 -0.109902 0.158011
v -0.191180 -0.061199 0.177158
v -0.190504 -0.060540 0.176797
v -0.195273 -0.060722 0.141304
v -0.195298 -0.056708 0.143579
v -0.199968 -0.068662 0.167390
v -0.196893 -0.062550 0.169719
v -0.190424 -0.064530 0.179285
v -0.190221 -0.066907 0.180540
v -0.207691 -0.114020 0.157817
v -0.202736 -0.112000 0.148389
v -0.198922 -0.111828 0.146378
v -0.190558 -0.058915 0.141151
v -0.205188 -0.108999 0.147826
v -0.209522 -0.074877 0.155669
v -0.200835 -0.071138 0.168354
v -0.211628 -0.078105 0.158024
v -0.211813 -0.076522 0.159116
v -0.210843 -0.074519 0.160392
v -0.199276 -0.073040 0.173371
v -0.197180 -0.071944 0.174260
v -0.190598 -0.055762 0.143375
v -0.195257 -0.055207 0.147128
v -0.190681 -0.056552 0.175215
v -0.191807 -0.059308 0.176588
v -0.193770 -0.058580 0.174247
v -0.198655 -0.106892 0.142399
v -0.200556 -0.109536 0.144423
v -0.202558 -0.107286 0.144832
v 0.134502 -0.018120 -0.054489
v 0.063369 -0.012344 -0.058255
v 0.134712 -0.016537 -0.057076
v 0.173326 0.103517 -0.162795
v 0.177326 0.104699 -0.181387
v 0.175989 0.104592 -0.174067
v 0.159540 -0.100193 -0.196850
v 0.179924 -0.073204 -0.196809
v 0.154248 -0.093860 -0.196850
v 0.141245 -0.092834 -0.196850
v 0.166469 -0.114724 -0.196850
v 0.185034 -0.115048 -0.196067
v 0.141528 -0.073522 -0.196850
v 0.160644 -0.109615 -0.196850
v 0.134790 -0.086106 -0.196850
v 0.136158 -0.077903 -0.196850
v -0.190500 -0.111094 0.137305
v 0.058157 -0.012583 -0.063976
v 0.056389 -0.015369 -0.062797
v 0.056986 -0.016592 -0.132897
v -0.175398 0.198260 -0.196850
v -0.109977 0.194036 -0.196850
v -0.173293 -0.070951 -0.196850
v -0.115805 -0.070888 -0.196850
v -0.113325 0.198021 -0.196850
v -0.110124 -0.064691 -0.196850
v -0.179324 -0.065368 -0.196850
v -0.179384 0.194912 -0.196850
v -0.132119 0.029603 -0.000012
v -0.140895 0.029603 -0.008788
v -0.140895 0.029603 0.008764
v -0.149671 0.029603 -0.000012
v -0.190476 -0.033763 -0.117249
v -0.190500 -0.114536 -0.141572
v -0.190745 -0.060936 -0.176862
v -0.190509 -0.055738 -0.143471
v -0.190545 -0.055836 -0.174471
v -0.190598 -0.054294 -0.170687
v -0.190529 -0.054313 -0.146935
v 0.259683 0.134044 -0.187873
v 0.259704 0.118530 -0.151767
v 0.259645 0.141712 -0.126209
v 0.259712 0.119574 -0.169336
v 0.259645 0.118066 -0.158750
v -0.181372 -0.023390 -0.130140
v -0.180178 -0.026706 -0.180933
v -0.189444 -0.030347 -0.128119
v -0.188717 -0.032670 -0.180625
v -0.186320 -0.026182 -0.129557
v -0.184828 -0.028632 -0.180960
v -0.180070 -0.020684 -0.000162
v -0.184286 -0.022254 -0.000640
v -0.188279 -0.025846 -0.019325
v -0.190407 -0.031203 0.064556
v -0.179573 -0.063902 -0.190500
v -0.108878 -0.033388 -0.190428
v -0.176275 0.198021 -0.190500
v -0.113613 0.198138 -0.190500
v -0.179623 0.194036 -0.190500
v -0.110059 0.194306 -0.190500
v 0.080947 0.000633 -0.196850
v 0.087338 0.006071 -0.196850
v -0.217871 -0.076990 -0.164716
v -0.214901 -0.073320 -0.167687
v 0.214828 -0.073302 -0.167759
v 0.217828 -0.076852 -0.164759
v 0.287427 0.144136 -0.158109
v 0.269391 0.144941 -0.128534
v 0.266884 0.132144 -0.133549
v 0.267257 0.124221 -0.143326
v 0.267902 0.120560 -0.159153
v 0.264906 0.143758 -0.190286
v 0.272161 0.140267 -0.131963
v 0.272689 0.123695 -0.153308
v 0.272161 0.124425 -0.168328
v 0.272161 0.129034 -0.176794
v 0.272161 0.136142 -0.183305
v 0.272161 0.144980 -0.187155
v 0.276463 0.134362 -0.139626
v 0.276463 0.129113 -0.146421
v 0.277105 0.126501 -0.157500
v 0.280214 0.131089 -0.166095
v 0.278488 0.134400 -0.175188
v 0.280552 0.144419 -0.179289
v 0.281853 0.139678 -0.142977
v 0.283350 0.135588 -0.151679
v 0.283330 0.134205 -0.158923
v 0.283411 0.139720 -0.171710
v 0.285857 0.143711 -0.148919
v 0.285897 0.140916 -0.165200
v -0.122025 0.020193 -0.021947
v -0.118302 0.020427 -0.017419
v -0.136480 0.025891 -0.016892
v -0.140895 0.022579 -0.032769
v -0.117291 0.021929 -0.011227
v -0.133400 0.023504 -0.021971
v -0.127556 0.021325 -0.023578
v -0.121195 0.024739 -0.005554
v -0.128115 0.027174 -0.004115
v -0.195301 -0.055782 -0.156579
v -0.195292 -0.069478 -0.141426
v -0.195297 -0.068123 -0.143137
v -0.195300 -0.057651 -0.155386
v -0.195279 -0.058543 -0.142020
v -0.195294 -0.069480 -0.149422
v -0.195296 -0.064969 -0.155392
v 0.181352 -0.023386 0.130143
v 0.189359 -0.030554 0.134523
v 0.186276 -0.026144 0.129548
v 0.184238 -0.022395 0.018357
v 0.188238 -0.025790 0.019403
v 0.190422 -0.030835 0.011752
v 0.058859 -0.012990 -0.061561
v 0.060966 -0.012165 -0.059281
v 0.058971 -0.014838 -0.059229
v 0.062688 -0.014248 -0.057500
v -0.061622 -0.020957 0.175686
v -0.000061 -0.017726 0.134776
v -0.054592 -0.020500 0.169350
v -0.054498 -0.018123 0.134515
v -0.058333 -0.016183 0.055321
v -0.175184 -0.020809 0.062404
v -0.170361 -0.020531 0.054982
v -0.130705 -0.017539 0.000016
v -0.175581 -0.025226 0.169120
v -0.181690 -0.023433 0.128220
v -0.198246 -0.060942 -0.156110
v -0.201205 -0.065081 -0.155274
v -0.205910 -0.068647 -0.151772
v 0.198470 -0.061698 -0.156068
v 0.201395 -0.065174 -0.155206
v 0.205814 -0.068586 -0.151858
v 0.152868 -0.093483 0.196850
v 0.141245 -0.073573 0.196850
v 0.159144 -0.098755 0.196850
v 0.135889 -0.078370 0.196850
v 0.141353 -0.092797 0.196850
v 0.134996 -0.086739 0.196850
v 0.045150 0.166639 -0.104019
v 0.181757 -0.073204 0.189946
v -0.172910 -0.020946 0.166540
v -0.171646 -0.024606 0.172794
v -0.168107 -0.025028 0.175247
v -0.173294 -0.023240 0.168603
v -0.194604 -0.058936 -0.172903
v -0.194947 -0.057386 -0.169805
v -0.191619 -0.061017 -0.177335
v -0.197396 -0.057725 -0.157287
v -0.195277 -0.055355 -0.146100
v -0.190534 -0.059879 -0.140940
v -0.196785 -0.072525 -0.175230
v -0.199884 -0.073114 -0.172973
v -0.210997 -0.074742 -0.160244
v -0.207827 -0.071951 -0.158796
v -0.201889 -0.064651 -0.156812
v -0.201481 -0.070510 -0.166405
v -0.203375 -0.111553 -0.148010
v -0.199868 -0.069642 -0.143010
v -0.205341 -0.067958 -0.154850
v -0.209640 -0.074971 -0.155948
v -0.205560 -0.070799 -0.148066
v -0.198070 -0.106990 -0.142242
v -0.198513 -0.111577 -0.145885
v -0.204565 -0.113867 -0.154651
v -0.215094 -0.114846 -0.167492
v -0.205086 -0.108214 -0.147543
v -0.210347 -0.113258 -0.159069
v -0.211617 -0.109917 -0.157997
v -0.195923 -0.067042 -0.173799
v -0.211885 -0.077314 -0.158531
v -0.209296 -0.073281 -0.162144
v -0.192995 -0.055236 -0.171299
v -0.192040 -0.057159 -0.175266
v -0.192668 -0.060255 -0.176477
v -0.196673 -0.109605 -0.143078
v -0.201618 -0.107081 -0.144028
v -0.201986 -0.109260 -0.145126
v 0.183871 -0.022864 -0.069239
v 0.186189 -0.026043 -0.128932
v 0.189218 -0.029953 -0.128637
v 0.188523 -0.032349 -0.180634
v 0.184593 -0.028480 -0.180929
v -0.134456 0.027904 -0.008059
v -0.136576 0.027112 -0.012812
v 0.045150 0.166639 -0.213481
v 0.190059 -0.115048 0.182049
v 0.182465 -0.115048 0.189813
v -0.133356 -0.021449 0.173944
v -0.064036 -0.017655 0.172927
v -0.217959 -0.110641 -0.164629
v -0.181780 -0.029818 -0.186096
v -0.180370 -0.033592 -0.189201
v 0.198246 -0.060942 0.156110
v 0.201205 -0.065081 0.155274
v 0.205910 -0.068647 0.151772
v -0.186229 -0.026076 0.128928
v -0.189252 -0.030021 0.128602
v 0.148525 -0.095514 -0.196850
v -0.054789 -0.020524 -0.169935
v -0.064468 -0.021695 -0.181250
v -0.133054 -0.023501 -0.181170
v 0.086913 -0.114639 -0.196850
v 0.148073 -0.114729 -0.196850
v 0.080878 -0.109042 -0.196850
v 0.045150 0.137556 -0.104019
v -0.176302 -0.022997 0.133685
v -0.173890 -0.021334 0.133071
v -0.189299 -0.115048 -0.193099
v 0.045150 0.137556 -0.213481
v -0.063126 -0.019215 0.173651
v -0.061275 -0.017734 0.172032
v -0.059142 -0.017363 0.170077
v -0.057040 -0.019189 0.168649
v -0.059666 -0.020061 0.173197
v -0.058103 -0.016446 0.166727
v -0.181757 -0.073204 -0.189946
v -0.187905 -0.073204 -0.194144
v -0.168582 -0.019283 0.056822
v -0.172970 -0.019804 0.059855
v -0.056755 -0.014995 0.062977
v -0.054614 -0.016180 0.060684
v -0.057103 -0.016508 0.134618
v -0.134496 -0.018121 0.054485
v -0.061679 -0.015646 0.056127
v -0.134712 -0.016537 0.057076
v -0.058859 -0.012990 0.061561
v -0.060966 -0.012165 0.059281
v -0.063372 -0.012347 0.058254
v -0.058487 -0.015190 0.059252
v -0.062688 -0.014248 0.057500
v 0.187897 -0.202843 -0.101437
v 0.071302 -0.202843 0.099198
v 0.071375 -0.202843 -0.099379
v 0.073886 -0.202843 -0.101488
v 0.187727 -0.202843 0.101488
v 0.073716 -0.202843 0.101437
v -0.187727 -0.202843 -0.101488
v -0.190284 -0.202843 -0.099313
v -0.189638 -0.202843 0.100738
v -0.053021 -0.202843 -0.101338
v -0.050912 -0.202843 -0.098827
v -0.053202 -0.202843 0.101411
v -0.050963 -0.202843 0.098997
v -0.202909 -0.069481 -0.147103
v -0.206139 -0.069746 -0.149925
v 0.198625 -0.069824 -0.142401
v 0.203878 -0.069591 -0.147588
v -0.182465 -0.115048 -0.189813
v -0.123303 -0.029795 -0.189259
v -0.124267 -0.025869 -0.186244
v 0.169827 -0.030873 -0.188279
v 0.180670 -0.036304 -0.190088
v 0.180707 -0.031286 -0.187738
v 0.202909 -0.069481 0.147103
v 0.206139 -0.069746 0.149925
v 0.185466 -0.032196 -0.185769
v -0.060895 -0.017625 -0.171853
v -0.059855 -0.019804 -0.172970
v -0.062289 -0.020649 -0.174966
v -0.058871 -0.017159 -0.169432
v 0.135517 -0.094507 -0.196850
v 0.154297 -0.101158 -0.196850
v 0.154045 -0.109502 -0.196850
v 0.259258 0.153998 0.118412
v 0.259431 0.120335 0.135805
v 0.259470 0.115105 0.171658
v 0.259682 0.169622 0.129317
v 0.259360 0.169245 0.123175
v 0.259254 0.137683 0.196449
v 0.259527 0.188415 0.149055
v 0.259704 0.185665 0.151767
v 0.259662 0.179488 0.138588
v 0.259497 0.189433 0.164721
v 0.259681 0.167380 0.189421
v 0.259322 0.165926 0.195815
v 0.259645 0.186129 0.158750
v 0.259678 0.179254 0.179273
v 0.259712 0.184621 0.169336
v 0.287827 0.153155 0.153280
v 0.264736 0.159817 0.126980
v 0.267891 0.173752 0.135812
v 0.267326 0.181153 0.145446
v 0.267705 0.183467 0.163000
v 0.265295 0.176350 0.180635
v 0.272161 0.163928 0.131963
v 0.272658 0.175370 0.141549
v 0.272689 0.181008 0.158057
v 0.272438 0.178656 0.170904
v 0.272256 0.170080 0.181995
v 0.272161 0.159215 0.187155
v 0.276904 0.166757 0.137686
v 0.276463 0.176798 0.150372
v 0.276906 0.172766 0.173962
v 0.280293 0.170560 0.146353
v 0.280566 0.173985 0.157795
v 0.280214 0.173106 0.166095
v 0.280214 0.164165 0.177450
v 0.280023 0.155979 0.180994
v 0.283709 0.161284 0.143800
v 0.283725 0.164437 0.171016
v 0.284720 0.166341 0.152664
v 0.285857 0.164469 0.162482
v 0.286797 0.160466 0.152439
v 0.258268 0.192334 0.142563
v 0.258948 0.154142 0.199655
v 0.258936 0.182287 0.187040
v 0.258817 0.111136 0.150918
v 0.258941 0.181307 0.129979
v 0.258208 0.194891 0.167216
v 0.258243 0.117759 0.185385
v 0.258245 0.130416 0.121102
v 0.101333 -0.023751 0.186435
v 0.100235 -0.023853 0.184468
v -0.179142 -0.065796 0.196850
v 0.215212 -0.114825 -0.167375
v -0.172868 -0.071081 0.196850
v 0.187869 -0.073204 -0.194259
v -0.115352 -0.070704 0.196850
v 0.217977 -0.110535 -0.164610
v -0.110079 -0.064427 0.196850
vn 0.0004 0.4234 0.9059
vn -0.0005 0.4364 0.8998
vn 0.0017 0.6747 0.7381
vn -0.0000 0.6969 0.7171
vn 0.0009 0.8532 0.5216
vn 0.0001 0.8588 0.5123
vn 0.0010 0.9811 0.1937
vn -0.0005 0.9845 0.1756
vn 0.0014 0.9838 -0.1795
vn 0.0023 0.9857 -0.1685
vn -0.0020 0.9085 -0.4179
vn 0.0034 0.8608 -0.5089
vn -0.0021 0.6882 -0.7255
vn -0.0005 0.7021 -0.7121
vn 0.0016 0.4378 -0.8991
vn 0.0004 0.4192 -0.9079
vn 0.9990 0.0124 -0.0430
vn 1.0000 -0.0063 0.0051
vn 0.9998 -0.0000 0.0187
vn 1.0000 -0.0039 -0.0071
vn 1.0000 0.0074 0.0058
vn 1.0000 -0.0000 -0.0056
vn 0.9982 0.0546 0.0258
vn 0.9943 0.0333 0.1010
vn 0.9921 0.0036 0.1251
vn 0.9947 -0.0663 0.0791
vn 0.9937 -0.0867 0.0711
vn 0.9947 -0.0896 -0.0509
vn 0.9947 -0.0763 -0.0693
vn 0.9940 -0.0190 -0.1081
vn 0.9967 0.0515 -0.0634
vn 0.9777 0.1894 0.0910
vn 0.9690 0.2186 0.1156
vn 0.9574 0.1424 0.2514
vn 0.9765 -0.1829 0.1143
vn 0.9692 -0.2441 0.0317
vn 0.9826 -0.0265 -0.1839
vn 0.9131 0.1435 -0.3816
vn 0.8977 0.0783 0.4335
vn 0.9269 0.1630 0.3381
vn 0.9417 0.1623 0.2947
vn 0.8711 0.3287 0.3649
vn 0.9161 0.3427 0.2080
vn 0.9413 0.2983 0.1583
vn 0.8490 0.5177 0.1055
vn 0.9717 0.2357 -0.0135
vn 0.9632 0.2675 -0.0254
vn 0.9453 0.3248 -0.0314
vn 0.9027 0.4227 -0.0801
vn 0.9901 0.1150 -0.0800
vn 0.9833 0.1536 -0.0981
vn 0.9424 -0.0258 0.3335
vn 0.9275 -0.0517 0.3702
vn 0.9201 -0.1602 0.3574
vn 0.9369 -0.1859 0.2961
vn 0.9164 -0.2474 0.3145
vn 0.9299 -0.2958 0.2184
vn 0.9236 -0.3117 0.2232
vn 0.8639 -0.4769 0.1620
vn 0.9436 -0.3300 0.0273
vn 0.9343 -0.3564 0.0122
vn 0.9150 -0.3959 -0.0777
vn 0.9280 -0.3465 -0.1371
vn 0.9379 -0.3156 -0.1440
vn 0.9134 -0.3282 -0.2407
vn 0.9352 -0.2403 -0.2602
vn 0.9169 -0.2433 -0.3165
vn 0.9203 -0.1600 -0.3570
vn 0.9454 -0.0782 -0.3163
vn 0.8952 -0.0575 -0.4419
vn 0.8912 0.0812 -0.4464
vn 0.9456 0.1090 -0.3066
vn 0.9138 0.1814 -0.3633
vn 0.9020 0.2945 -0.3158
vn 0.9387 0.2751 -0.2079
vn 0.8913 0.3904 -0.2305
vn 0.9971 0.0662 -0.0384
vn 0.9974 0.0484 -0.0539
vn 0.1658 0.2657 -0.9497
vn 0.2043 0.6879 -0.6964
vn 0.3411 0.9381 -0.0594
vn 0.2457 0.9599 0.1352
vn 0.2863 0.8426 0.4561
vn 0.2523 0.6532 0.7139
vn 0.2267 0.6416 0.7328
vn 0.3045 0.4745 0.8259
vn 0.2112 0.2976 0.9310
vn 0.3437 0.3477 -0.8723
vn 0.3851 0.4769 -0.7901
vn 0.3773 0.7608 -0.5280
vn 0.3948 0.8078 -0.4376
vn 0.3418 0.8736 -0.3465
vn 0.3964 0.9062 -0.1473
vn 0.3723 0.9243 -0.0843
vn 0.3930 0.8543 0.3402
vn 0.3609 0.8428 0.3994
vn 0.3697 0.1699 0.9135
vn 0.5254 0.1884 -0.8297
vn 0.5298 0.4990 -0.6858
vn 0.5577 0.5528 -0.6192
vn 0.5474 0.8248 0.1417
vn 0.4352 0.8427 0.3169
vn 0.5048 0.6024 0.6183
vn 0.5557 0.5603 0.6142
vn 0.5058 0.3978 0.7655
vn 0.5347 0.2612 0.8037
vn 0.6638 0.2854 -0.6913
vn 0.6648 0.5530 -0.5021
vn 0.6405 0.6833 -0.3506
vn 0.6862 0.6894 -0.2322
vn 0.6425 0.7532 -0.1413
vn 0.6642 0.7411 0.0979
vn 0.6717 0.7334 0.1048
vn 0.6722 0.6540 0.3470
vn 0.6763 0.6458 0.3542
vn 0.6364 0.5452 0.5456
vn 0.5990 0.2172 0.7707
vn 0.7458 0.2501 -0.6175
vn 0.7578 0.2522 -0.6018
vn 0.7767 0.4097 -0.4784
vn 0.7568 0.3938 0.5217
vn 0.7254 0.2387 0.6456
vn 0.8318 0.0247 0.5545
vn 0.8653 0.1070 -0.4897
vn 0.8548 0.3943 -0.3375
vn 0.8119 0.5533 -0.1864
vn 0.8690 0.4944 -0.0201
vn 0.8484 0.5237 0.0767
vn 0.8628 0.4432 0.2431
vn 0.8631 0.4423 0.2437
vn 0.8391 0.3557 0.4117
vn 0.8965 0.1587 0.4136
vn 0.8236 0.0281 0.5664
vn 0.9361 0.1760 -0.3046
vn 0.9234 0.2688 -0.2740
vn 0.9480 0.3090 -0.0766
vn 0.9763 0.0539 -0.2095
vn 0.9738 0.2274 -0.0064
vn 0.9608 0.2287 0.1567
vn 0.9678 0.0965 0.2323
vn 0.9704 0.0832 0.2265
vn 0.0004 0.4234 0.9060
vn -0.0025 0.7263 0.6874
vn 0.0037 0.8532 0.5216
vn -0.0020 0.9163 0.4005
vn 0.0024 0.9811 0.1937
vn -0.0004 0.9887 0.1497
vn 0.9980 -0.0321 -0.0549
vn 0.9958 -0.0319 0.0855
vn 0.3725 -0.0758 0.9250
vn 0.3615 -0.0762 0.9293
vn 0.0883 -0.2684 0.9592
vn 0.2449 -0.6641 0.7064
vn 0.2959 -0.7979 0.5251
vn 0.1803 -0.8903 0.4181
vn 0.2913 -0.9547 0.0609
vn 0.2790 -0.9482 -0.1517
vn 0.2320 -0.6379 -0.7343
vn 0.3437 -0.3525 -0.8704
vn 0.1676 -0.2528 -0.9529
vn 0.4585 -0.2203 0.8609
vn 0.3579 -0.3899 0.8485
vn 0.3936 -0.5062 0.7674
vn 0.3703 -0.5624 0.7393
vn 0.3863 -0.9047 0.1800
vn 0.3635 -0.9068 -0.2132
vn 0.3762 -0.8134 -0.4436
vn 0.3758 -0.8139 -0.4431
vn 0.3621 -0.6778 -0.6400
vn 0.3839 -0.3458 -0.8562
vn 0.5541 -0.6661 0.4992
vn 0.5254 -0.7170 0.4581
vn 0.5548 -0.7959 0.2423
vn 0.4817 -0.8586 0.1757
vn 0.5373 -0.8370 -0.1032
vn 0.5299 -0.5424 -0.6520
vn 0.5505 -0.4714 -0.6891
vn 0.5444 -0.1617 -0.8231
vn 0.6784 -0.0387 0.7337
vn 0.6302 -0.1925 0.7522
vn 0.6796 -0.3855 0.6241
vn 0.6456 -0.3635 0.6716
vn 0.6639 -0.5578 0.4981
vn 0.6753 -0.7080 0.2067
vn 0.6526 -0.7425 -0.1511
vn 0.6415 -0.6737 -0.3668
vn 0.6800 -0.6054 -0.4136
vn 0.6492 -0.3694 -0.6650
vn 0.6071 -0.1546 -0.7794
vn 0.6952 -0.0521 -0.7169
vn 0.7546 -0.5357 0.3789
vn 0.7589 -0.5992 0.2549
vn 0.7465 -0.6631 -0.0555
vn 0.7494 -0.5222 -0.4070
vn 0.7781 -0.3393 -0.5286
vn 0.7892 -0.3203 -0.5241
vn 0.7724 -0.0705 -0.6313
vn 0.8740 -0.2338 0.4260
vn 0.8661 -0.2250 0.4464
vn 0.8578 -0.3480 0.3782
vn 0.8697 -0.4898 0.0615
vn 0.8405 -0.5404 -0.0399
vn 0.8675 -0.4509 -0.2103
vn 0.9157 -0.3897 0.0977
vn 0.9345 -0.2667 -0.2357
vn 0.9050 -0.2292 -0.3585
vn 0.9691 -0.1040 0.2236
vn 0.9793 -0.1106 0.1693
vn 0.9535 -0.2925 0.0721
vn 0.9636 -0.2121 -0.1626
vn 0.9844 -0.1037 -0.1419
vn -0.0000 -1.0000 -0.0000
vn 0.7381 0.0179 0.6745
vn 0.6661 -0.0044 0.7459
vn 0.5092 0.5896 0.6270
vn -0.5092 0.5896 -0.6270
vn -0.7381 0.0179 -0.6745
vn -0.6661 -0.0044 -0.7459
vn -0.6134 0.5684 0.5483
vn -0.6946 -0.0053 0.7193
vn -0.6956 0.0035 0.7184
vn -0.6908 0.0021 0.7231
vn -0.0999 -0.9946 0.0264
vn -0.0108 -0.9998 0.0143
vn -0.0512 -0.9986 -0.0115
vn -0.0144 -0.9999 0.0080
vn 0.0310 -0.0298 0.9991
vn 0.0031 -0.0141 0.9999
vn -0.0017 -0.0463 0.9989
vn -0.6201 -0.0029 -0.7845
vn -0.7672 0.0001 -0.6415
vn 0.7251 -0.6866 0.0531
vn 0.6472 -0.7589 -0.0716
vn -0.9560 -0.2875 0.0588
vn -0.7606 -0.6332 -0.1436
vn -0.5168 -0.8461 0.1309
vn -0.9977 -0.0025 -0.0679
vn -0.9994 -0.0011 -0.0334
vn -0.9992 -0.0003 -0.0389
vn -0.3624 -0.0023 -0.9320
vn -0.3487 -0.0010 -0.9372
vn -0.3617 -0.0023 -0.9323
vn -0.3571 -0.0027 -0.9341
vn -0.3695 0.0004 -0.9292
vn -0.3622 0.0023 -0.9321
vn 0.0034 -0.0062 1.0000
vn 0.0015 -0.0042 1.0000
vn 0.5949 0.0036 0.8038
vn 0.8377 -0.0074 0.5461
vn 0.0954 -0.9212 0.3773
vn 0.0192 -0.6666 0.7451
vn -0.0054 -0.6512 0.7589
vn 0.3479 -0.5480 0.7607
vn 0.5801 -0.6307 0.5155
vn 0.5808 -0.6649 0.4697
vn 0.7615 -0.6103 0.2181
vn 0.2650 -0.9235 0.2774
vn 0.7529 -0.6554 0.0601
vn 0.5792 -0.8142 -0.0404
vn 0.1352 -0.9902 0.0357
vn -0.8987 -0.4310 -0.0814
vn -0.5572 -0.7917 -0.2504
vn -0.5225 -0.2627 -0.8111
vn -0.5253 -0.6749 -0.5182
vn -0.8924 -0.1895 -0.4095
vn -0.4769 -0.8788 0.0198
vn -0.3874 -0.7284 0.5651
vn -0.8351 -0.3673 0.4095
vn -0.7018 -0.2744 -0.6575
vn -0.0190 -0.9998 0.0101
vn -0.1314 -0.9871 -0.0910
vn 0.0200 -0.9997 -0.0141
vn -0.6363 -0.0075 -0.7714
vn -0.5721 -0.0120 -0.8201
vn -0.9586 -0.2058 -0.1969
vn -0.7410 -0.5982 -0.3050
vn -0.6597 -0.4754 -0.5820
vn -0.2428 -0.8511 0.4654
vn -0.2438 -0.8479 0.4709
vn -0.5106 -0.8570 -0.0701
vn -0.6915 -0.7182 -0.0773
vn -0.6947 -0.6018 -0.3940
vn -0.5362 -0.3842 0.7515
vn -0.7881 -0.5281 0.3163
vn -0.3345 -0.9021 0.2728
vn -0.3993 -0.8683 0.2942
vn -0.8515 -0.0205 -0.5239
vn -0.9903 0.0174 -0.1375
vn -0.9641 -0.0140 0.2652
vn 0.5021 -0.8626 -0.0625
vn 0.7333 -0.6780 0.0512
vn 0.9043 -0.4264 -0.0221
vn 0.4409 -0.4213 -0.7925
vn 0.6993 -0.6166 -0.3616
vn 0.6990 -0.5798 -0.4186
vn 0.3913 -0.6072 -0.6915
vn 0.3562 -0.6378 -0.6828
vn 0.5073 -0.8518 -0.1303
vn 0.2243 -0.9396 -0.2585
vn 0.9621 -0.0016 -0.2725
vn 0.9623 -0.0015 -0.2721
vn 0.9635 -0.0011 -0.2678
vn 0.9553 -0.0072 -0.2956
vn 0.9843 -0.0022 -0.1767
vn 0.7950 0.0001 -0.6067
vn 0.6838 -0.0034 -0.7297
vn 0.5110 0.0016 -0.8596
vn 0.0020 -0.0008 -1.0000
vn 0.0011 -0.0016 -1.0000
vn -0.3678 -0.0020 0.9299
vn -0.3585 -0.0030 0.9335
vn -0.3682 -0.0010 0.9297
vn -0.3420 -0.0075 0.9397
vn -0.3524 -0.0057 0.9358
vn -0.3586 -0.0049 0.9335
vn -0.3783 0.0018 0.9257
vn -0.5908 -0.0030 0.8068
vn -0.8359 -0.0016 0.5490
vn -0.5538 -0.0037 0.8327
vn -0.2686 0.9244 0.2708
vn -0.2706 0.9235 0.2719
vn -0.2712 0.9230 0.2730
vn -0.2708 0.9242 0.2692
vn -0.2748 0.9229 0.2698
vn -0.2697 0.9240 0.2711
vn -0.2695 0.9261 0.2640
vn 0.6134 0.5684 -0.5483
vn -0.0019 -0.2086 0.9780
vn -0.0054 -0.1850 0.9827
vn -0.6512 -0.5556 -0.5169
vn -0.6372 0.5974 -0.4870
vn -0.7277 0.6253 -0.2819
vn -0.3619 0.4679 -0.8063
vn -0.7146 0.5526 -0.4289
vn -0.4437 0.3840 -0.8098
vn -0.4438 0.7244 -0.5276
vn 0.6430 -0.7654 -0.0275
vn 0.6796 -0.7328 0.0327
vn 0.8657 -0.4968 0.0617
vn 0.8524 -0.5220 -0.0300
vn 0.6042 -0.7958 -0.0410
vn 0.8852 -0.3627 -0.2914
vn 0.7589 -0.6501 -0.0376
vn 0.8046 0.5930 0.0309
vn 0.7333 0.6792 0.0302
vn 0.5503 0.8347 0.0194
vn 0.6680 0.7438 0.0217
vn 0.5290 0.8460 0.0670
vn 0.9241 0.3820 0.0084
vn 0.0015 -0.9998 0.0203
vn -0.0031 -0.9997 -0.0230
vn 0.5483 -0.6147 -0.5670
vn 0.3430 -0.8034 -0.4867
vn 0.4612 -0.3585 -0.8116
vn 0.5163 -0.2970 -0.8033
vn 0.7031 -0.4889 -0.5164
vn -0.3230 0.8876 0.3284
vn -0.4321 0.2527 0.8657
vn -0.4182 0.7438 0.5214
vn -0.2210 0.5158 0.8277
vn -0.7379 0.5624 0.3731
vn -0.6631 0.3160 0.6785
vn -0.1019 0.9769 0.1879
vn -0.1901 0.8707 0.4535
vn -0.6340 0.5836 0.5073
vn -0.6583 0.7522 -0.0295
vn -0.6987 0.7145 0.0359
vn -0.9989 0.0301 -0.0369
vn -0.9989 -0.0301 0.0369
vn -0.6987 -0.7145 -0.0359
vn -0.6583 -0.7522 0.0295
vn -0.0005 -0.3479 -0.9375
vn 0.0029 -0.5234 -0.8521
vn 0.0006 -0.6305 -0.7762
vn 0.7850 0.5828 -0.2098
vn 0.5133 0.8254 -0.2351
vn 0.4257 0.7279 -0.5375
vn 0.7037 0.2489 -0.6654
vn 0.6861 0.2138 -0.6954
vn 0.2504 0.4227 -0.8710
vn 0.8744 0.2473 -0.4175
vn 0.5493 0.6300 -0.5489
vn -0.0772 0.9969 0.0177
vn -0.0586 0.9981 -0.0192
vn -0.4710 -0.5884 -0.6572
vn -0.5403 -0.8127 -0.2182
vn -0.8073 -0.5901 -0.0082
vn -0.8089 -0.5878 -0.0097
vn -0.9391 -0.3431 -0.0184
vn -0.8629 -0.4563 -0.2172
vn -0.7869 -0.3540 -0.5054
vn -0.8563 -0.4215 0.2986
vn -0.8263 -0.2142 0.5209
vn -0.6057 -0.4619 0.6479
vn -0.2805 -0.4535 0.8460
vn -0.5802 -0.4376 -0.6869
vn -0.3682 -0.5793 -0.7272
vn -0.7471 -0.6549 0.1142
vn -0.1458 -0.2860 0.9471
vn -0.6128 -0.4698 -0.6354
vn -0.4714 0.8816 0.0232
vn -0.4975 0.8671 0.0239
vn -0.6926 0.7211 0.0181
vn -0.9199 0.3919 0.0141
vn -0.4882 0.8704 0.0645
vn -0.4781 0.8760 0.0639
vn -0.9055 0.4232 0.0308
vn -0.7599 0.6431 -0.0952
vn -0.6500 0.7551 0.0856
vn 0.0302 0.1955 -0.9802
vn 0.0240 0.8845 -0.4659
vn 0.0205 0.8492 -0.5277
vn 0.0688 0.8466 -0.5277
vn 0.0147 0.4975 -0.8673
vn 0.0541 0.7628 -0.6444
vn 0.0231 0.6249 -0.7804
vn -0.0021 0.0129 0.9999
vn -0.9949 0.0982 0.0244
vn -0.2121 -0.5177 0.8288
vn -0.2675 0.8348 -0.4812
vn -0.3297 0.7813 -0.5300
vn -0.5882 0.7757 -0.2286
vn -0.3469 0.8881 -0.3015
vn -0.8167 0.3704 -0.4424
vn -0.3147 0.5724 -0.7572
vn -0.4344 0.5733 -0.6947
vn -0.8264 0.4646 -0.3182
vn -0.3807 0.5279 -0.7592
vn -0.1214 0.9922 -0.0272
vn -0.7480 0.6637 -0.0057
vn -0.7523 0.6588 0.0022
vn -0.9952 0.0955 0.0208
vn 0.7969 0.6038 -0.0175
vn 0.4088 0.9101 -0.0678
vn 0.4395 0.8980 -0.0192
vn 0.6329 0.7726 -0.0492
vn 0.8604 0.5075 -0.0453
vn 0.9216 0.3869 -0.0305
vn 0.8505 0.5258 -0.0116
vn -0.8856 -0.2886 0.3638
vn -0.7919 -0.4726 0.3867
vn 0.8162 -0.4051 0.4121
vn -0.6747 0.5007 -0.5423
vn -0.4637 0.6850 -0.5620
vn -0.3409 0.8803 -0.3299
vn -0.6797 0.6255 -0.3830
vn -0.6140 0.5464 -0.5696
vn -0.3542 0.7737 -0.5253
vn -0.2355 0.3733 -0.8973
vn -0.7613 0.6478 -0.0279
vn -0.7305 0.6823 0.0303
vn 1.0000 -0.0001 0.0014
vn 0.9987 -0.0031 -0.0504
vn 0.9999 -0.0069 -0.0140
vn 1.0000 0.0003 0.0016
vn 1.0000 -0.0032 -0.0043
vn 1.0000 -0.0030 -0.0036
vn 0.3163 0.8988 0.3035
vn 0.7512 0.4623 0.4712
vn 0.7206 0.5629 0.4048
vn 0.7254 0.6445 0.2419
vn 0.3542 0.5718 0.7400
vn 0.6337 0.3905 0.6679
vn 0.5119 0.5696 0.6430
vn 0.6752 0.7374 -0.0180
vn 0.6478 0.7613 0.0279
vn -0.0008 1.0000 -0.0000
vn -0.0000 1.0000 -0.0000
vn 0.0003 1.0000 -0.0000
vn 0.0001 1.0000 0.0001
vn -0.0001 1.0000 -0.0001
vn -0.0001 1.0000 -0.0000
vn -0.7316 0.1190 0.6712
vn -0.5745 -0.1001 0.8124
vn -1.0000 -0.0076 -0.0061
vn -0.9971 -0.0006 0.0766
vn -0.9994 0.0200 -0.0275
vn 0.0033 0.0393 0.9992
vn 0.0024 0.0288 0.9996
vn -0.6752 -0.7374 -0.0180
vn -0.6478 -0.7613 0.0279
vn -0.7777 -0.0011 0.6286
vn -0.3423 -0.0045 0.9396
vn -0.6595 0.0287 0.7511
vn -0.9654 -0.0133 0.2603
vn 0.7328 -0.0327 0.6796
vn 0.7654 0.0275 0.6430
vn 0.0031 -0.9997 0.0230
vn -0.0015 -0.9998 -0.0203
vn 0.0053 0.0174 -0.9998
vn 0.0013 0.0028 -1.0000
vn -0.0020 0.0145 -0.9999
vn 0.2478 0.6566 -0.7124
vn 0.1091 0.8467 -0.5208
vn 0.4540 0.8161 -0.3576
vn 0.3331 -0.0153 -0.9428
vn 0.2246 0.6182 -0.7532
vn 0.7076 0.4618 -0.5348
vn 0.7240 0.3422 -0.5989
vn 0.5239 0.7183 -0.4578
vn -0.6719 0.0584 -0.7383
vn -0.7221 -0.0223 -0.6914
vn 0.9950 0.0982 0.0193
vn -0.8377 0.5401 0.0814
vn -0.7453 0.6613 -0.0851
vn -0.1215 0.9926 0.0045
vn -0.7513 -0.6495 0.1171
vn -0.9188 -0.3918 -0.0474
vn -0.5399 -0.8352 -0.1047
vn -0.0000 -0.0000 -1.0000
vn 0.0021 -0.9997 -0.0242
vn -0.0000 -0.9997 0.0261
vn -0.5361 0.8009 0.2666
vn -0.5088 0.7021 0.4982
vn -0.6103 0.5772 0.5425
vn -0.6696 0.2272 0.7071
vn -0.2505 0.4220 0.8713
vn -0.5512 0.4575 0.6978
vn -0.8607 0.3604 0.3597
vn -0.8484 0.4841 0.2141
vn -0.9998 -0.0124 -0.0158
vn 0.6404 0.7623 0.0940
vn 0.7623 0.6404 -0.0940
vn 0.0207 0.1750 -0.9843
vn 0.0297 0.3049 -0.9519
vn 0.7328 -0.6796 0.0327
vn 0.7670 -0.6409 -0.0307
vn 0.8377 0.5401 -0.0814
vn 0.7453 0.6613 0.0851
vn 0.1215 0.9926 -0.0045
vn 1.0000 -0.0075 0.0061
vn 0.9971 -0.0006 -0.0755
vn 0.9994 0.0210 0.0274
vn 0.1303 0.9914 0.0114
vn 0.6752 -0.7374 0.0180
vn 0.6478 -0.7613 -0.0279
vn 0.7344 0.6781 -0.0307
vn 0.6919 0.7147 -0.1020
vn 0.9071 0.4181 0.0480
vn 0.7592 0.6453 -0.0847
vn 0.6451 0.7582 0.0953
vn -0.0586 0.9983 0.0061
vn -0.0654 0.9977 0.0185
vn -0.0001 1.0000 0.0012
vn -0.8044 0.5933 -0.0310
vn -0.6971 0.7163 -0.0298
vn -0.5503 0.8347 -0.0194
vn -0.6517 0.7582 -0.0214
vn -0.5290 0.8460 -0.0670
vn -0.9163 0.4003 -0.0086
vn -0.1464 -0.0568 -0.9876
vn 0.0435 0.2059 -0.9776
vn 0.0057 0.6966 -0.7174
vn -0.0556 0.6253 -0.7784
vn -0.0010 0.9733 -0.2294
vn -0.0303 0.9517 -0.3055
vn -0.0267 0.9673 0.2523
vn -0.5418 0.3590 0.7600
vn -0.4344 0.6439 0.6298
vn -0.4703 0.6187 0.6293
vn -0.7706 0.1753 0.6128
vn -0.2516 0.8581 0.4476
vn -0.4247 0.2114 0.8803
vn -0.2120 0.2282 0.9503
vn -0.8903 0.3767 0.2559
vn -0.9008 0.3036 0.3105
vn -0.7361 0.5915 0.3291
vn 1.0000 0.0006 -0.0033
vn 0.9999 0.0041 0.0138
vn 1.0000 0.0008 -0.0022
vn 1.0000 0.0020 -0.0019
vn 1.0000 0.0036 -0.0089
vn 1.0000 -0.0004 0.0001
vn 1.0000 -0.0011 0.0003
vn -0.9997 -0.0152 0.0214
vn -0.9899 0.0084 0.1417
vn -0.9977 0.0469 -0.0490
vn -0.0092 0.9998 0.0198
vn 0.0250 0.9982 -0.0538
vn -0.1303 0.9914 -0.0114
vn -0.0000 -0.0000 1.0000
vn -0.9207 -0.0122 -0.3901
vn -0.9985 0.0277 0.0476
vn -0.8034 -0.0270 0.5948
vn 0.0412 0.0030 0.9991
vn 0.0161 0.0001 0.9999
vn -0.0000 -0.0003 1.0000
vn 0.0216 0.0100 0.9997
vn -0.0054 -0.0012 1.0000
vn 0.0096 0.0307 0.9995
vn -0.0000 0.0001 1.0000
vn -0.0000 -0.0005 1.0000
vn 0.0001 -0.0109 0.9999
vn -0.0005 -0.0045 1.0000
vn 0.0002 -0.0002 1.0000
vn -0.0003 -0.0007 1.0000
vn -0.0001 -0.0001 1.0000
vn -0.0009 -0.0107 0.9999
vn 0.0002 -0.0004 1.0000
vn -0.0001 0.0038 1.0000
vn -0.0000 -0.0004 1.0000
vn -0.0000 0.0012 1.0000
vn 0.0006 -0.0000 1.0000
vn -0.0333 -0.0058 0.9994
vn -0.0299 -0.0039 0.9995
vn -0.1455 -0.9639 -0.2228
vn -0.3008 -0.7519 -0.5867
vn -0.2713 -0.8547 -0.4426
vn 0.0317 -0.9995 -0.0057
vn 0.0165 -0.9996 0.0214
vn 0.0068 0.9421 0.3354
vn 0.0242 0.9929 0.1168
vn 0.0140 0.7968 0.6041
vn -0.0009 0.7407 0.6718
vn -0.0130 0.4477 0.8941
vn 0.0044 0.3433 0.9392
vn -0.3810 -0.9090 -0.1690
vn -0.1534 -0.9765 0.1516
vn -0.3022 -0.8004 -0.5178
vn -0.3882 -0.9038 -0.1800
vn 0.9923 -0.1163 0.0422
vn 0.6594 -0.7518 -0.0021
vn 0.6524 -0.7578 -0.0140
vn -0.6259 -0.0026 0.7799
vn -0.7174 -0.0091 0.6966
vn 0.9950 -0.0982 0.0159
vn -0.0041 0.9037 -0.4282
vn 0.0218 0.6926 -0.7210
vn -0.0217 0.5278 -0.8491
vn 0.0705 -0.9975 -0.0070
vn 0.0786 -0.9966 -0.0232
vn 0.6320 0.7745 0.0271
vn 0.6713 0.7407 -0.0260
vn 0.9859 0.1644 0.0298
vn 0.9934 0.1060 -0.0427
vn 0.7208 -0.6916 0.0456
vn 0.6898 -0.7239 -0.0159
vn -0.0137 -0.5529 0.8331
vn -0.0391 -0.6208 0.7830
vn 0.0033 -0.4363 0.8998
vn 0.0038 -0.7052 0.7090
vn -0.0041 -0.9221 0.3868
vn -0.0113 -0.8274 0.5615
vn -0.0013 -0.8049 0.5934
vn -0.0006 -0.9924 0.1231
vn -0.0023 -0.9727 0.2322
vn -0.0377 -0.9418 0.3340
vn 0.0069 -0.9981 0.0606
vn 0.0039 -0.9996 0.0273
vn 0.0003 -0.9973 -0.0738
vn -0.0179 -0.9998 0.0074
vn -0.0427 -0.9981 0.0451
vn -0.0020 -0.9866 0.1633
vn 0.0077 -0.9270 0.3751
vn 0.0038 -0.9358 0.3526
vn 0.0016 -0.8173 0.5762
vn 0.0002 -0.8130 0.5823
vn 0.0002 -0.9975 -0.0707
vn 0.0007 -0.9763 -0.2166
vn 0.0020 -0.9717 -0.2363
vn -0.0012 -0.8588 -0.5123
vn 0.0028 -0.8220 -0.5695
vn -0.0019 -0.6969 -0.7171
vn 0.0030 -0.5961 -0.8029
vn -0.0015 -0.4364 -0.8998
vn 0.0002 -0.4034 -0.9150
vn -0.0000 -0.6120 0.7909
vn 0.0018 -0.6032 0.7976
vn 0.0006 -0.4670 0.8843
vn 0.0037 -0.4081 0.9129
vn -0.0010 0.0008 1.0000
vn -0.0011 0.0007 1.0000
vn -0.0219 -0.0150 0.9996
vn -0.0425 0.0203 0.9989
vn -0.0033 -0.0025 -1.0000
vn 0.0031 -0.0023 -1.0000
vn 0.0001 -0.0013 -1.0000
vn -0.1480 -0.3619 -0.9204
vn -0.5633 -0.5339 0.6306
vn -0.0747 -0.5875 0.8058
vn -0.6012 -0.4758 0.6420
vn -0.4179 -0.5433 -0.7281
vn -0.5847 -0.7750 0.2397
vn -0.5722 -0.3847 -0.7243
vn -0.5678 -0.6693 -0.4793
vn -0.8489 -0.5184 -0.1035
vn -0.4825 -0.3216 -0.8147
vn -0.5639 -0.3202 0.7613
vn -0.8926 -0.3305 -0.3067
vn -0.9760 -0.1823 0.1187
vn -0.8038 -0.4454 0.3944
vn -0.6890 -0.0154 0.7246
vn -0.7010 -0.0001 0.7132
vn -0.7071 -0.0000 0.7071
vn -0.7070 -0.0000 0.7072
vn -0.1124 0.9936 -0.0125
vn 0.0001 1.0000 -0.0000
vn 0.9996 0.0103 0.0272
vn 0.9998 0.0129 0.0127
vn 0.9998 0.0066 -0.0185
vn 0.0199 0.0003 -0.9998
vn 0.0163 0.0006 -0.9999
vn 0.0197 0.0184 -0.9996
vn -0.0030 0.0073 -1.0000
vn 0.0122 0.0039 -0.9999
vn 0.0053 -0.0013 -1.0000
vn -0.0000 -0.0005 -1.0000
vn 0.0009 -0.0107 -0.9999
vn -0.0002 -0.0002 -1.0000
vn 0.0003 -0.0007 -1.0000
vn 0.0003 -0.0003 -1.0000
vn 0.0014 -0.0014 -1.0000
vn -0.0000 0.0002 -1.0000
vn -0.0001 -0.0116 -0.9999
vn 0.0005 -0.0046 -1.0000
vn -0.0021 -0.0044 -1.0000
vn 0.0022 0.0022 -1.0000
vn -0.0000 0.0001 -1.0000
vn 0.0002 -0.0012 -1.0000
vn -0.0001 -0.0037 -1.0000
vn -0.0000 -0.0032 -1.0000
vn -0.0012 0.0025 -1.0000
vn -0.0007 1.0000 -0.0017
vn 0.0741 0.9972 0.0093
vn -0.0183 0.9997 0.0179
vn -0.0246 0.9995 0.0213
vn -0.0135 0.9999 -0.0095
vn -0.0138 -0.9999 0.0087
vn -0.0091 -1.0000 0.0018
vn -0.0051 -1.0000 -0.0066
vn -0.6524 0.7578 0.0140
vn -0.6594 0.7518 0.0021
vn -0.9924 0.1156 -0.0423
vn 0.6946 -0.0053 -0.7193
vn 0.6956 0.0035 -0.7184
vn 0.6908 0.0021 -0.7231
vn 1.0000 0.0010 -0.0009
vn 1.0000 -0.0007 0.0004
vn 0.9994 -0.0027 0.0345
vn 0.9993 -0.0023 0.0387
vn 1.0000 0.0005 -0.0003
vn 1.0000 0.0011 -0.0014
vn -0.0169 0.8267 -0.5624
vn -0.0184 0.5921 -0.8057
vn -0.0299 0.9876 -0.1541
vn -0.0638 0.8290 -0.5555
vn -0.0181 0.5872 -0.8092
vn -0.0519 0.7605 -0.6472
vn -0.0276 0.1988 -0.9797
vn -0.2657 0.7082 -0.6541
vn -0.6171 0.3996 -0.6778
vn -0.5496 0.5753 -0.6058
vn -0.5850 0.6216 -0.5210
vn -0.5533 0.2920 -0.7801
vn -0.6315 0.7686 -0.1022
vn -0.4063 0.8515 -0.3315
vn -0.3669 0.8355 -0.4091
vn -0.4534 0.7428 -0.4927
vn -0.5749 0.6429 -0.5062
vn -0.5425 0.7290 -0.4175
vn -0.6404 0.7623 -0.0940
vn -0.7623 0.6404 0.0940
vn -0.6430 0.7654 -0.0275
vn -0.6796 0.7328 0.0327
vn -0.9950 0.0982 -0.0193
vn -0.0250 0.9982 0.0538
vn 0.0092 0.9998 -0.0198
vn -0.0212 0.3519 0.9358
vn -0.0217 0.2564 0.9663
vn -0.0395 0.5960 0.8020
vn -0.0421 0.6132 0.7888
vn -0.0533 0.8392 0.5412
vn -0.0658 0.8857 0.4597
vn -0.0631 0.9865 0.1511
vn -0.0213 0.8943 0.4469
vn -0.0259 0.9858 0.1657
vn -0.0106 0.8221 0.5692
vn -0.0069 0.7361 0.6768
vn -0.0095 0.6006 0.7995
vn -0.0018 0.2776 0.9607
vn -0.0013 0.3120 0.9501
vn -0.0005 0.0794 0.9968
vn 0.0032 -0.0000 -1.0000
vn 0.0001 0.0027 -1.0000
vn 0.6733 -0.7272 0.1337
vn 0.8184 -0.5662 -0.0986
vn -0.0047 0.0024 1.0000
vn -0.0037 0.0032 1.0000
vn 0.0014 0.0063 1.0000
vn 0.7613 0.6478 0.0279
vn 0.7305 0.6823 -0.0303
vn 0.0083 1.0000 0.0012
vn 0.0123 0.9997 -0.0224
vn -0.0234 -0.9997 0.0056
vn -0.0285 -0.9994 0.0186
vn -0.6524 -0.7578 0.0140
vn -0.6594 -0.7518 0.0021
vn -0.9917 -0.1213 -0.0420
vn 0.7578 -0.0098 -0.6524
vn 0.7436 0.0181 -0.6683
vn 0.0586 0.9983 -0.0061
vn 0.0654 0.9977 -0.0185
vn -0.9999 0.0166 0.0005
vn -0.9999 -0.0105 0.0050
vn -0.9939 0.0223 -0.1078
vn -0.0123 0.0058 -0.9999
vn -0.0424 -0.0108 -0.9990
vn 0.4457 0.4568 0.7699
vn 0.4970 0.4546 0.7392
vn 0.3479 0.8508 0.3938
vn 0.6294 0.5899 0.5059
vn 0.6483 0.5847 0.4877
vn 0.8793 0.2961 0.3731
vn 0.2120 0.2228 0.9515
vn 0.9999 0.0002 -0.0114
vn 0.9999 0.0021 0.0122
vn 0.9999 0.0017 0.0139
vn 1.0000 0.0051 0.0035
vn 0.9980 -0.0597 0.0221
vn 1.0000 -0.0003 -0.0011
vn 1.0000 -0.0023 -0.0018
vn 1.0000 -0.0002 -0.0003
vn 0.4260 -0.0084 0.9047
vn 0.3259 0.0086 0.9454
vn 0.9995 -0.0314 -0.0089
vn 0.9998 -0.0105 -0.0189
vn 0.9998 -0.0199 -0.0032
vn 0.0019 0.0351 -0.9994
vn -0.0008 0.0192 -0.9998
vn -0.3392 -0.3980 0.8524
vn -0.7336 -0.5134 0.4451
vn -0.7857 -0.5714 0.2371
vn -0.7682 -0.3141 0.5578
vn -0.7183 -0.3000 0.6277
vn 0.7619 0.6476 -0.0089
vn 0.7369 0.6756 0.0210
vn 0.5211 0.0005 0.8535
vn 0.2120 0.4808 0.8508
vn 0.3131 -0.0131 0.9496
vn 0.7524 0.0042 0.6587
vn 0.7787 -0.0020 0.6274
vn 0.8599 0.5104 -0.0015
vn 0.7331 0.5849 -0.3470
vn 0.0906 -0.9629 0.2540
vn 0.0400 0.0198 0.9990
vn 0.0883 0.0025 0.9961
vn 0.7560 -0.4043 0.5148
vn 0.4953 -0.7588 0.4230
vn 0.6182 -0.6002 0.5075
vn 0.8493 -0.0028 0.5278
vn 0.8904 0.4229 0.1682
vn 0.7626 0.4485 -0.4662
vn 0.8988 0.3535 -0.2593
vn 0.8132 0.4778 -0.3322
vn 0.8616 0.5075 0.0006
vn 0.7919 0.5509 0.2633
vn 0.7501 0.6098 0.2560
vn 0.6618 0.5697 -0.4873
vn 0.8576 0.2205 0.4647
vn 0.5440 0.8243 0.1569
vn 0.8448 0.0006 0.5351
vn 0.8685 0.4820 0.1158
vn 0.5521 0.7315 -0.4002
vn 0.2717 0.9343 -0.2309
vn 0.7156 0.1340 -0.6856
vn 0.7352 0.2141 -0.6431
vn 0.5583 0.6299 -0.5400
vn 0.1496 0.5687 0.8089
vn 0.1983 0.9035 0.3799
vn 0.7891 0.6050 -0.1061
vn 0.4579 0.8880 -0.0416
vn 0.7321 0.6727 -0.1076
vn 0.0262 0.8924 -0.4505
vn 0.2681 0.9634 -0.0008
vn 0.1764 0.9843 -0.0081
vn -0.1681 0.3353 -0.9270
vn 0.5665 0.5862 -0.5791
vn 0.5538 0.5415 -0.6325
vn 0.6969 0.5537 -0.4558
vn -0.2030 0.3689 -0.9070
vn 0.9064 0.3319 -0.2612
vn 0.5569 0.8094 -0.1864
vn 0.3816 0.9034 -0.1959
vn 0.6730 0.6636 -0.3265
vn 0.2024 0.9007 0.3845
vn 0.6693 0.3325 -0.6644
vn 0.3130 0.4222 -0.8507
vn 0.4383 0.3181 -0.8407
vn -0.8845 0.3766 -0.2755
vn 0.7283 0.4547 -0.5127
vn 0.8453 0.2595 -0.4670
vn 0.8443 0.2429 -0.4776
vn 0.8600 0.1075 -0.4988
vn 0.8877 0.2972 -0.3516
vn 0.1496 -0.7010 0.6973
vn 0.2371 0.0003 0.9715
vn 0.2792 -0.0037 0.9602
vn 0.2915 -0.7324 0.6154
vn 0.3242 -0.4172 0.8490
vn 0.5757 -0.3808 0.7236
vn 0.5290 -0.0007 0.8486
vn 0.2549 -0.0037 0.9670
vn 0.4868 -0.2830 0.8264
vn 0.5332 -0.5553 0.6382
vn -0.0005 -0.0400 -0.9992
vn 0.0034 0.0060 -1.0000
vn 0.6524 0.7578 -0.0140
vn 0.6594 0.7518 -0.0021
vn 0.9924 0.1156 0.0423
vn 1.0000 -0.0013 0.0014
vn 1.0000 -0.0002 -0.0005
vn 1.0000 -0.0033 0.0005
vn 1.0000 0.0060 0.0005
vn 1.0000 -0.0063 0.0025
vn 0.9999 0.0073 0.0110
vn 1.0000 -0.0091 -0.0034
vn 1.0000 0.0010 -0.0098
vn 1.0000 -0.0014 0.0009
vn 1.0000 -0.0092 -0.0024
vn 0.9999 -0.0019 0.0107
vn 0.9998 0.0125 0.0184
vn 0.9990 0.0199 -0.0411
vn 0.9994 0.0049 -0.0330
vn 1.0000 -0.0018 -0.0013
vn 1.0000 -0.0003 -0.0007
vn 1.0000 -0.0000 -0.0014
vn 1.0000 0.0010 0.0002
vn 1.0000 -0.0007 0.0072
vn 0.9999 -0.0027 0.0120
vn 1.0000 -0.0011 0.0011
vn 1.0000 -0.0000 0.0005
vn 0.9997 0.0185 -0.0153
vn 0.9954 -0.0065 -0.0953
vn 0.9999 0.0038 0.0157
vn 1.0000 -0.0009 -0.0006
vn 0.9993 0.0189 0.0312
vn 0.9640 0.0285 0.2645
vn 0.9999 0.0135 -0.0028
vn 1.0000 0.0073 0.0005
vn 1.0000 0.0040 -0.0007
vn 1.0000 0.0037 -0.0005
vn 0.8101 0.2680 0.5214
vn 0.6314 0.6006 0.4905
vn 0.7277 0.6245 0.2838
vn 0.3006 0.4751 0.8270
vn 0.2468 0.5337 0.8089
vn 0.7153 0.5551 0.4245
vn 0.5038 0.4408 0.7428
vn 0.1521 0.7475 0.6466
vn 0.4051 0.8134 0.4174
vn 0.6583 -0.7522 -0.0295
vn 0.6987 -0.7145 0.0359
vn 0.9989 -0.0301 -0.0369
vn 0.9989 0.0301 0.0369
vn 0.6987 0.7145 -0.0359
vn 0.6583 0.7522 0.0295
vn -0.6433 0.0167 -0.7655
vn -0.9256 -0.0075 -0.3784
vn -0.6150 0.0251 -0.7881
vn -0.2809 -0.0066 -0.9597
vn 0.0004 1.0000 -0.0000
vn -0.0002 1.0000 -0.0000
vn -0.0003 1.0000 -0.0001
vn 0.9943 0.0062 -0.1064
vn 0.9995 -0.0105 0.0282
vn 0.8880 -0.0777 -0.4532
vn 0.9817 0.0392 -0.1864
vn 0.8104 0.0425 -0.5843
vn 0.5168 -0.0207 -0.8559
vn 0.5153 -0.0226 -0.8567
vn 0.0607 -0.0740 -0.9954
vn 0.1093 0.0028 -0.9940
vn -0.0423 0.0152 -0.9990
vn -0.3707 -0.0082 -0.9287
vn -0.3807 -0.0197 -0.9245
vn -0.7140 -0.0074 -0.7001
vn -0.7203 -0.0155 -0.6935
vn -0.9127 0.0130 -0.4085
vn -0.9359 -0.0280 -0.3511
vn -0.9935 0.0183 -0.1123
vn -0.9986 0.0009 -0.0531
vn -0.9995 -0.0032 0.0299
vn -0.9867 0.0308 0.1594
vn -0.8684 0.0290 0.4949
vn -0.9412 -0.0497 0.3342
vn -0.6845 -0.0533 0.7271
vn -0.7314 0.0213 0.6816
vn -0.3885 -0.0494 0.9201
vn 0.0448 -0.0236 0.9987
vn 0.0066 -0.0618 0.9981
vn -0.0337 -0.0110 0.9994
vn -0.2617 0.0684 0.9627
vn -0.0447 -0.0029 0.9990
vn -0.0019 -0.0078 1.0000
vn 0.0921 0.0015 0.9957
vn 0.2952 -0.0079 0.9554
vn 0.2403 0.0386 0.9699
vn 0.6410 -0.0157 0.7673
vn 0.6338 -0.0072 0.7734
vn 0.9028 -0.0389 0.4284
vn 0.8724 0.0147 0.4886
vn 0.9902 0.0299 0.1362
vn 0.0013 -0.9996 0.0279
vn 0.4739 0.8804 -0.0186
vn 0.5909 0.8067 -0.0133
vn 0.7198 0.6939 -0.0180
vn 0.7054 0.7085 -0.0186
vn 0.9075 0.4199 -0.0140
vn 0.4882 0.8703 -0.0643
vn 0.4797 0.8751 -0.0639
vn 0.9059 0.4224 -0.0307
vn 0.2330 0.8085 -0.5404
vn 0.8868 0.3767 0.2678
vn 0.8345 0.5502 0.0310
vn 0.8597 0.5108 0.0056
vn 0.4495 -0.0033 -0.8933
vn 0.3272 -0.0005 -0.9449
vn 0.2454 0.0006 -0.9694
vn 0.1213 0.0091 -0.9926
vn 0.4397 0.8975 0.0356
vn 0.8342 0.5310 0.1488
vn 0.1169 0.0068 -0.9931
vn 0.1134 0.0104 -0.9935
vn 0.3725 -0.8509 -0.3703
vn 0.7253 -0.4444 -0.5258
vn 0.8562 0.0014 -0.5166
vn 0.7120 0.0008 -0.7022
vn 0.6653 0.0108 -0.7465
vn 0.9090 0.1710 -0.3801
vn 0.7321 0.6809 -0.0185
vn 0.8912 0.4298 -0.1451
vn 0.7437 0.5560 0.3712
vn 0.7021 0.6640 -0.2572
vn 0.8300 0.4779 -0.2877
vn 0.5925 0.7220 0.3573
vn 0.2921 0.9259 0.2396
vn 0.6581 0.7529 0.0104
vn 0.6415 0.6468 0.4125
vn 0.7124 0.3031 0.6329
vn 0.4808 0.7426 0.4663
vn 0.0915 0.5186 -0.8501
vn 0.1270 0.4693 -0.8739
vn 0.1347 0.9160 -0.3778
vn 0.3596 0.9327 0.0282
vn -0.4143 0.3730 0.8302
vn -0.0464 0.4759 0.8783
vn 0.4272 0.7690 0.4755
vn 0.2574 0.8935 0.3679
vn 0.2142 0.9768 -0.0014
vn 0.7551 0.3659 0.5440
vn 0.7470 0.5098 0.4268
vn 0.8016 0.4943 0.3363
vn 0.6640 0.7439 0.0764
vn 0.8922 0.3565 0.2773
vn 0.8257 0.1931 0.5301
vn -0.3693 0.5178 0.7717
vn 0.3863 0.4028 0.8298
vn 0.8312 0.1930 0.5214
vn 0.7125 0.2799 0.6434
vn 0.7670 0.1192 0.6304
vn 0.4489 0.3212 0.8339
vn 0.1353 0.4143 0.9000
vn 0.7786 0.6127 0.1357
vn 0.8265 0.2602 0.4992
vn 0.4561 0.7837 0.4217
vn 0.2845 0.0060 -0.9586
vn 0.4133 -0.3532 -0.8393
vn 0.3468 -0.4484 -0.8238
vn 0.2968 -0.6791 -0.6714
vn 0.1575 -0.9234 -0.3500
vn 0.3682 -0.8555 -0.3641
vn 0.6467 -0.2533 -0.7195
vn 0.7251 -0.4450 -0.5256
vn 0.8478 -0.0033 -0.5303
vn 0.1695 -0.3809 -0.9090
vn 0.3050 -0.6685 -0.6783
vn 0.6422 -0.4187 -0.6421
vn 0.9997 0.0129 -0.0195
vn 1.0000 0.0085 0.0023
vn 0.9983 0.0182 0.0553
vn -0.0021 -0.9981 -0.0619
vn 0.0098 -0.9987 0.0499
vn 0.2737 0.9231 0.2702
vn 0.2716 0.9226 0.2740
vn 0.2658 0.9252 0.2708
vn 0.2646 0.9254 0.2712
vn 0.2697 0.9243 0.2700
vn 0.2710 0.9241 0.2696
vn 0.2716 0.9238 0.2698
vn 0.2708 0.9243 0.2692
vn 0.9998 -0.0124 0.0158
vn 0.6430 0.7654 0.0275
vn 0.6796 0.7328 -0.0327
vn -0.7351 0.0062 -0.6779
vn -0.7213 0.0006 -0.6926
vn 0.9999 0.0169 -0.0017
vn 0.9995 0.0324 0.0007
vn 0.0176 0.9353 0.3534
vn 0.0122 0.9204 0.3908
vn 0.0114 0.7396 0.6729
vn 0.0118 0.7360 0.6769
vn 0.0112 0.4394 0.8982
vn 0.0009 0.3013 0.9535
vn 0.0015 0.0459 0.9989
vn 0.0077 0.9651 0.2617
vn 0.0436 0.2763 0.9601
vn 0.0869 0.8708 0.4839
vn 0.0620 0.8349 0.5468
vn 0.0778 0.6331 0.7702
vn 0.0286 0.5289 0.8482
vn 0.9949 0.0982 -0.0244
vn 0.0189 0.8957 -0.4442
vn 0.0091 0.6930 -0.7209
vn 0.0080 0.5455 -0.8381
vn 0.0021 0.3832 -0.9237
vn 0.0030 0.2998 -0.9540
vn 0.0002 0.0773 -0.9970
vn 0.0013 0.0317 -0.9995
vn 0.0124 0.7306 -0.6827
vn 0.0139 0.9462 -0.3233
vn -0.7592 0.6453 0.0847
vn -0.6451 0.7582 -0.0953
vn 0.1214 0.9922 0.0272
vn 0.7480 0.6637 0.0057
vn 0.7523 0.6588 -0.0022
vn 0.9952 0.0955 -0.0208
vn 0.0022 -0.6006 -0.7995
vn 0.0033 -0.6054 -0.7959
vn 0.0036 -0.8096 -0.5870
vn -0.0018 -0.8273 -0.5617
vn 0.0039 -0.9248 -0.3804
vn 0.0017 -0.9327 -0.3607
vn -0.0221 -0.9997 -0.0118
vn -0.0028 -0.9978 0.0658
vn 0.0180 -0.9934 -0.1129
vn 0.0034 -0.9999 0.0146
vn -0.0006 -0.9836 -0.1805
vn 0.0030 -0.9879 -0.1550
vn -0.0011 -0.9676 -0.2523
vn -0.0498 -0.9977 -0.0466
vn 0.0062 -0.9869 -0.1613
vn 0.0036 -0.9188 -0.3947
vn -0.0302 -0.9405 -0.3386
vn -0.0005 -0.8067 -0.5909
vn -0.0072 -0.8228 -0.5683
vn 0.0030 -0.4397 -0.8982
vn -0.0369 -0.6148 -0.7878
vn -0.0129 -0.5501 -0.8350
vn 0.0042 -0.7104 -0.7038
vn 0.0003 -0.4701 -0.8826
vn 0.0038 -0.4028 -0.9153
vn -0.0009 -0.9925 0.1224
vn -0.0024 -0.9720 0.2351
vn 0.0032 -0.9439 0.3303
vn -0.0017 -0.8187 0.5742
vn 0.0027 -0.8489 0.5285
vn -0.0021 -0.6832 0.7303
vn 0.0028 -0.6108 0.7918
vn -0.0006 -0.4089 0.9126
vn 0.0001 -0.4192 0.9079
vn -0.0012 0.0007 -1.0000
vn -0.0009 0.0011 -1.0000
vn -0.0070 -0.0039 -1.0000
vn -0.0148 0.0070 -0.9999
vn -0.3055 0.0204 0.9520
vn 0.2456 0.8410 0.4820
vn 0.2245 0.8597 0.4589
vn 0.1695 0.9785 0.1173
vn 0.5958 0.6608 0.4564
vn 0.5498 0.7713 0.3207
vn 0.7796 0.3563 0.5151
vn 0.3510 0.5764 0.7379
vn 0.2906 0.3073 0.9062
vn 0.2655 0.6851 0.6784
vn 0.7397 0.4221 0.5240
vn 0.6999 0.0055 0.7142
vn 0.7045 -0.0000 0.7097
vn 0.7070 -0.0000 0.7073
vn 0.7071 -0.0000 0.7071
vn 0.1124 0.9936 0.0125
vn 0.5234 0.0088 -0.8521
vn 0.3807 -0.0132 -0.9246
vn 0.1394 0.0033 -0.9902
vn 0.6231 -0.4435 -0.6442
vn 0.5658 -0.6914 -0.4492
vn 0.4094 -0.8208 -0.3983
vn 0.5357 -0.6282 -0.5642
vn 0.5312 -0.6547 -0.5378
vn 0.6848 -0.3039 -0.6623
vn -0.0302 0.1955 0.9802
vn -0.0240 0.8845 0.4659
vn -0.0205 0.8491 0.5279
vn -0.0688 0.8465 0.5280
vn -0.0147 0.4969 0.8677
vn -0.0541 0.7628 0.6444
vn -0.0233 0.6268 0.7789
vn -0.0143 0.0037 -0.9999
vn -0.0933 -0.0000 -0.9956
vn -0.9999 0.0143 -0.0055
vn -0.9642 -0.0013 -0.2653
vn -0.8902 -0.0002 -0.4556
vn -0.8643 0.0106 -0.5028
vn -0.8238 -0.0231 -0.5664
vn -0.6910 -0.0005 -0.7229
vn -0.8006 -0.0093 -0.5992
vn -0.2980 -0.0004 -0.9546
vn -0.0384 0.0012 -0.9993
vn -0.3032 -0.0001 -0.9529
vn -0.4666 0.0124 -0.8844
vn -0.6487 0.0044 -0.7610
vn -0.6421 0.7643 -0.0599
vn -0.7643 0.6420 0.0599
vn 0.0182 0.9879 -0.1539
vn 0.0117 0.9822 -0.1877
vn 0.0099 0.9976 -0.0679
vn 0.0062 0.9979 -0.0649
vn 0.0092 0.9978 -0.0652
vn 0.0082 0.9996 -0.0257
vn 0.0092 0.9996 -0.0265
vn 0.0485 0.9988 -0.0058
vn 0.0637 0.9979 -0.0085
vn 0.0670 0.9977 -0.0061
vn 0.0981 0.9853 -0.1397
vn 0.0687 0.9903 -0.1207
vn 0.0858 0.9916 -0.0969
vn 0.1733 0.9827 -0.0651
vn 0.2110 0.9773 -0.0184
vn 0.1014 0.9944 -0.0293
vn 0.0053 1.0000 -0.0017
vn 0.0082 0.9994 -0.0344
vn 0.0026 1.0000 -0.0063
vn 0.0258 0.9997 -0.0057
vn 0.0283 0.9996 -0.0088
vn 0.7719 0.0052 -0.6358
vn 0.8242 -0.0027 -0.5662
vn 0.5045 -0.0028 -0.8634
vn 0.1463 -0.0100 -0.9892
vn 0.8410 0.0207 -0.5407
vn 0.9347 -0.0039 -0.3554
vn 0.9652 0.0061 -0.2614
vn 0.9767 0.0013 -0.2148
vn 0.9869 0.0009 -0.1614
vn 0.1577 0.0032 -0.9875
vn 0.9060 -0.0359 -0.4218
vn 0.0878 0.0095 -0.9961
vn 0.8416 0.0050 -0.5401
vn -0.0976 0.0029 -0.9952
vn 0.4209 0.0042 -0.9071
vn 0.5318 -0.0023 -0.8469
vn 0.9998 0.0166 -0.0063
vn 0.9967 0.0006 0.0814
vn 0.9996 -0.0087 -0.0283
vn -0.5211 0.0005 -0.8535
vn -0.2119 0.4808 -0.8508
vn -0.3131 -0.0131 -0.9496
vn -0.7524 0.0042 -0.6587
vn -0.7787 -0.0020 -0.6274
vn -0.8599 0.5104 0.0015
vn -0.7331 0.5849 0.3470
vn -0.0906 -0.9629 -0.2540
vn -0.0401 0.0198 -0.9990
vn -0.0883 0.0025 -0.9961
vn -0.7560 -0.4043 -0.5148
vn -0.4953 -0.7588 -0.4230
vn -0.6182 -0.6002 -0.5075
vn -0.8493 -0.0028 -0.5278
vn -0.8904 0.4229 -0.1682
vn -0.7626 0.4485 0.4662
vn -0.8988 0.3535 0.2593
vn -0.8132 0.4778 0.3322
vn -0.8616 0.5075 -0.0006
vn -0.7919 0.5509 -0.2633
vn -0.7501 0.6098 -0.2560
vn -0.6618 0.5697 0.4873
vn -0.8576 0.2205 -0.4647
vn -0.5440 0.8243 -0.1569
vn -0.8448 0.0006 -0.5351
vn -0.8685 0.4820 -0.1158
vn -0.5521 0.7315 0.4002
vn -0.2717 0.9343 0.2309
vn -0.7156 0.1340 0.6856
vn -0.7352 0.2141 0.6431
vn -0.5583 0.6299 0.5400
vn -0.1496 0.5686 -0.8089
vn -0.1983 0.9035 -0.3799
vn -0.7891 0.6050 0.1061
vn -0.4579 0.8880 0.0416
vn -0.7321 0.6727 0.1076
vn -0.0262 0.8924 0.4505
vn -0.2681 0.9634 0.0008
vn -0.1764 0.9843 0.0081
vn 0.1681 0.3353 0.9270
vn -0.5665 0.5862 0.5791
vn -0.5538 0.5415 0.6325
vn -0.6969 0.5537 0.4558
vn 0.2030 0.3689 0.9070
vn -0.9064 0.3319 0.2612
vn -0.5569 0.8094 0.1864
vn -0.3816 0.9034 0.1959
vn -0.6730 0.6636 0.3265
vn -0.2024 0.9007 -0.3845
vn -0.6693 0.3325 0.6644
vn -0.3130 0.4222 0.8507
vn -0.4383 0.3181 0.8407
vn 0.8845 0.3766 0.2755
vn -0.7283 0.4547 0.5127
vn -0.8453 0.2595 0.4670
vn -0.8443 0.2429 0.4776
vn -0.8600 0.1075 0.4988
vn -0.8877 0.2972 0.3516
vn -0.1496 -0.7010 -0.6973
vn -0.2371 0.0003 -0.9715
vn -0.2792 -0.0037 -0.9602
vn -0.2915 -0.7324 -0.6154
vn -0.3242 -0.4172 -0.8490
vn -0.5757 -0.3808 -0.7236
vn -0.5290 -0.0007 -0.8486
vn -0.2549 -0.0037 -0.9670
vn -0.4868 -0.2830 -0.8264
vn -0.5332 -0.5553 -0.6382
vn 0.0163 0.8522 0.5230
vn 0.0189 0.7242 0.6893
vn 0.0062 0.3665 0.9304
vn 0.0645 0.8539 0.5164
vn 0.0649 0.8487 0.5248
vn 0.0290 0.4406 0.8972
vn 0.0249 0.6398 0.7681
vn 0.7817 -0.5978 0.1776
vn 0.7892 -0.6109 -0.0627
vn 0.5405 -0.8273 -0.1532
vn 0.9731 -0.1491 0.1755
vn 0.6821 -0.7255 0.0920
vn 0.8522 -0.5002 0.1537
vn 0.8447 -0.5147 0.1467
vn -0.9558 -0.2302 -0.1828
vn -0.7822 -0.3951 -0.4818
vn 0.8480 -0.3744 -0.3751
vn 0.0010 0.0008 -1.0000
vn 0.0011 0.0007 -1.0000
vn 0.0219 -0.0150 -0.9996
vn 0.0425 0.0203 -0.9989
vn -0.3325 -0.8813 -0.3357
vn -0.4678 -0.7298 -0.4985
vn -0.4670 -0.7342 -0.4928
vn -0.7159 -0.1668 -0.6780
vn -0.4993 -0.7374 -0.4549
vn -0.5691 -0.6722 -0.4736
vn -0.6310 -0.4280 -0.6470
vn -0.8876 0.4597 -0.0295
vn -0.7485 0.6626 -0.0258
vn -0.4165 0.9088 -0.0236
vn -0.5068 0.8618 -0.0193
vn -0.4795 0.8751 -0.0660
vn -0.4306 0.9003 -0.0636
vn -0.8473 0.5309 -0.0165
vn -0.0024 -0.1889 -0.9820
vn -0.0036 -0.1820 -0.9833
vn -0.2712 0.9235 -0.2712
vn -0.2705 0.9245 -0.2686
vn -0.2705 0.9246 -0.2684
vn -0.2697 0.9254 -0.2662
vn -0.2706 0.9235 -0.2717
vn -0.2695 0.9247 -0.2690
vn -0.2694 0.9229 -0.2750
vn -0.2702 0.9234 -0.2725
vn -1.0000 -0.0002 0.0001
vn -1.0000 -0.0026 0.0001
vn -0.9999 -0.0125 0.0032
vn -1.0000 0.0045 -0.0025
vn -1.0000 -0.0063 -0.0025
vn -0.9999 0.0073 -0.0110
vn -1.0000 -0.0090 0.0035
vn -1.0000 0.0010 0.0098
vn -1.0000 -0.0013 -0.0008
vn -1.0000 -0.0035 0.0042
vn -1.0000 -0.0018 -0.0026
vn -0.9996 0.0125 -0.0249
vn -0.9991 0.0214 0.0380
vn -0.9994 0.0050 0.0331
vn -1.0000 -0.0012 0.0038
vn -1.0000 -0.0000 0.0012
vn -1.0000 -0.0000 0.0014
vn -1.0000 0.0025 0.0003
vn -1.0000 -0.0039 -0.0038
vn -0.9999 -0.0090 -0.0052
vn -1.0000 -0.0016 -0.0006
vn -1.0000 -0.0000 -0.0001
vn -0.9994 0.0345 0.0083
vn -0.9954 -0.0065 0.0952
vn -0.9999 0.0046 -0.0160
vn -1.0000 -0.0009 0.0006
vn -0.9993 0.0188 -0.0313
vn -0.9635 0.0284 -0.2663
vn -1.0000 0.0055 -0.0020
vn -0.9999 0.0153 0.0029
vn -1.0000 0.0075 0.0007
vn -1.0000 0.0038 -0.0001
vn 0.9993 0.0097 -0.0361
vn 0.9973 -0.0201 -0.0710
vn 0.9992 -0.0350 0.0201
vn 0.9980 -0.0101 0.0632
vn 0.9973 0.0251 0.0687
vn 0.9935 0.0988 0.0568
vn 0.9969 -0.0531 -0.0580
vn 0.9988 0.0453 -0.0193
vn 0.9953 -0.0848 -0.0462
vn 0.9983 -0.0304 0.0506
vn 0.9996 0.0173 0.0233
vn 0.0073 0.7028 -0.7113
vn 0.9977 -0.0677 -0.0033
vn 0.9974 -0.0723 -0.0001
vn 0.9960 -0.0890 -0.0025
vn 0.9990 0.0447 -0.0000
vn 0.9989 0.0468 -0.0011
vn 0.9977 0.0681 0.0039
vn 0.2775 0.9213 0.2723
vn 0.2735 0.9236 0.2687
vn 0.2754 0.9203 0.2778
vn 0.2748 0.9214 0.2748
vn 0.2757 0.9211 0.2748
vn 0.2707 0.9250 0.2668
vn 0.2832 0.9206 0.2689
vn 0.2685 0.9242 0.2717
vn 0.2656 0.9257 0.2692
vn 0.2656 0.9261 0.2681
vn 0.2641 0.9264 0.2684
vn 0.2703 0.9214 0.2792
vn 0.2704 0.9214 0.2791
vn 0.2708 0.9255 0.2649
vn 0.2692 0.9257 0.2657
vn 0.2663 0.9266 0.2654
vn 0.2665 0.9265 0.2655
vn -0.9933 -0.1124 -0.0276
vn -0.9751 0.2206 -0.0233
vn -0.9480 0.3177 -0.0208
vn -0.7214 0.6904 -0.0539
vn -0.8055 0.5914 -0.0373
vn -0.4957 0.8667 -0.0557
vn -0.3815 0.9218 -0.0692
vn -0.8025 0.5964 -0.0161
vn -0.3475 0.9376 -0.0160
vn -0.4931 0.8698 -0.0187
vn -0.6328 0.7742 -0.0136
vn -0.9603 0.2788 -0.0036
vn -0.9459 0.3243 -0.0033
vn -0.9944 -0.1051 0.0113
vn -0.9995 0.0306 0.0019
vn -0.8947 -0.0002 0.4467
vn 0.0012 0.0007 1.0000
vn -0.0000 0.0003 1.0000
vn -0.0018 -0.0059 1.0000
vn -0.0003 0.0002 1.0000
vn 0.0003 0.0003 1.0000
vn -0.6752 0.7374 0.0180
vn -0.6478 0.7613 -0.0279
vn -0.0051 -0.9975 -0.0699
vn 0.0079 -0.9991 0.0426
vn -0.5684 0.5828 0.5808
vn -0.5146 0.7512 0.4134
vn -0.3530 0.8673 0.3508
vn 0.4614 0.7670 0.4459
vn 0.4437 0.8607 0.2499
vn 0.5540 0.6212 0.5543
vn 0.6431 0.3826 0.6633
vn -0.0036 -0.0030 1.0000
vn 0.0003 -0.0029 1.0000
vn 0.0028 -0.0019 1.0000
vn -0.0002 -0.5294 0.8484
vn -0.0022 -0.4465 0.8948
vn -0.7803 0.0048 0.6254
vn -0.7787 -0.0213 0.6270
vn -0.6450 0.0001 0.7641
vn -0.1047 -0.0100 0.9945
vn -0.8411 0.0184 0.5406
vn -0.9347 -0.0039 0.3554
vn -0.9652 0.0061 0.2613
vn -0.9767 0.0013 0.2148
vn -0.9869 0.0008 0.1614
vn -0.2829 -0.0075 0.9591
vn -0.5749 -0.0290 0.8177
vn -0.1345 0.0062 0.9909
vn -0.8416 0.0050 0.5401
vn -0.0656 0.0029 0.9978
vn -0.3144 -0.0032 0.9493
vn -0.4686 0.0028 0.8834
vn 0.9952 -0.0937 -0.0287
vn 0.6569 -0.1109 0.7457
vn 0.3633 -0.0052 0.9317
vn 0.2641 -0.1070 0.9585
vn 0.3359 -0.4000 0.8527
vn 0.1498 -0.5279 0.8360
vn 0.3610 -0.7178 0.5954
vn 0.1596 -0.8788 0.4498
vn 0.2806 -0.9505 -0.1336
vn 0.3684 -0.0798 -0.9262
vn 0.0714 -0.2764 -0.9584
vn 0.3644 -0.4008 0.8406
vn 0.3834 -0.8876 0.2555
vn 0.3818 -0.9077 0.1742
vn 0.3697 -0.9052 -0.2097
vn 0.3578 -0.8288 -0.4303
vn 0.3702 -0.8159 -0.4442
vn 0.3541 -0.6354 -0.6862
vn 0.3581 -0.6306 -0.6885
vn 0.3736 -0.4078 -0.8332
vn 0.4200 -0.3625 -0.8320
vn 0.4068 -0.0851 -0.9095
vn 0.5455 -0.4874 0.6818
vn 0.5051 -0.6610 0.5549
vn 0.5306 -0.6708 0.5181
vn 0.5269 -0.7840 0.3281
vn 0.5414 -0.8407 0.0075
vn 0.5518 -0.8288 -0.0930
vn 0.5306 -0.0086 -0.8476
vn 0.6295 -0.0721 0.7737
vn 0.6272 -0.1837 0.7569
vn 0.6736 -0.3524 0.6497
vn 0.6580 -0.7235 0.2087
vn 0.6551 -0.7389 -0.1574
vn 0.6518 -0.6661 -0.3626
vn 0.6543 -0.6622 -0.3653
vn 0.6051 -0.5378 -0.5871
vn 0.6825 -0.3929 -0.6163
vn 0.6399 -0.3069 -0.7045
vn 0.6746 -0.1205 -0.7283
vn 0.6517 -0.0784 -0.7544
vn 0.7216 -0.3583 0.5924
vn 0.7576 -0.5166 0.3990
vn 0.7706 -0.5154 0.3748
vn 0.7463 -0.6369 0.1934
vn 0.7829 -0.6115 0.1144
vn 0.7711 -0.6340 -0.0594
vn 0.7906 -0.5116 -0.3364
vn 0.7690 -0.3714 -0.5203
vn 0.8772 -0.1924 0.4399
vn 0.8687 -0.1858 0.4592
vn 0.8661 -0.3783 0.3268
vn 0.8603 -0.4826 -0.1640
vn 0.8500 -0.4698 -0.2383
vn 0.8787 -0.1792 -0.4425
vn 0.8536 -0.0840 -0.5141
vn 0.9309 -0.3360 0.1435
vn 0.9200 -0.3854 0.0709
vn 0.9249 -0.3793 -0.0272
vn 0.9277 -0.1947 -0.3186
vn 0.9681 -0.0899 0.2339
vn 0.9748 -0.1562 0.1593
vn 0.9743 -0.1875 -0.1250
vn 0.9516 -0.1632 -0.2605
vn 0.2742 0.9212 -0.2759
vn 0.2668 0.9260 -0.2672
vn 0.2807 0.9213 -0.2690
vn 0.2792 0.9215 -0.2699
vn 0.2657 0.9263 -0.2673
vn 0.2661 0.9260 -0.2680
vn 0.2730 0.9238 -0.2686
vn 0.2705 0.9249 -0.2671
vn 0.2715 0.9247 -0.2667
vn 0.2678 0.9262 -0.2655
vn 0.2683 0.9238 -0.2731
vn 0.2694 0.9208 -0.2821
vn 0.2769 0.9208 -0.2748
vn 0.2742 0.9218 -0.2742
vn 0.2652 0.9254 -0.2706
vn -1.0000 0.0014 0.0041
vn -1.0000 0.0008 0.0022
vn -1.0000 0.0020 0.0019
vn -1.0000 0.0018 0.0009
vn -1.0000 -0.0005 -0.0002
vn -1.0000 -0.0010 -0.0003
vn 0.9264 0.3753 0.0305
vn 0.7206 0.6913 0.0538
vn 0.7979 0.6015 0.0388
vn 0.4930 0.8682 0.0559
vn 0.3878 0.9192 0.0683
vn 0.8107 0.5852 0.0163
vn 0.3165 0.9484 0.0166
vn 0.4904 0.8712 0.0204
vn 0.6449 0.7642 0.0139
vn 0.9216 0.3882 0.0071
vn 0.9757 0.2190 0.0079
vn 0.9940 0.1093 0.0048
vn 0.9991 0.0417 -0.0003
vn 0.9995 -0.0139 -0.0300
vn -0.3170 0.9443 0.0887
vn -0.4137 0.7537 0.5106
vn -0.3534 0.7984 0.4876
vn -0.4402 0.3449 0.8290
vn -0.7355 0.6000 0.3148
vn -0.7074 0.5372 0.4593
vn -0.3231 0.4464 0.8345
vn -0.7264 0.5214 0.4478
vn 0.3893 -0.5714 0.7224
vn 0.8548 -0.5058 0.1160
vn 0.5610 -0.3915 0.7294
vn 0.9529 0.0231 -0.3025
vn 0.4716 -0.0013 0.8818
vn -0.0261 0.9851 0.1702
vn -0.0076 0.9977 0.0680
vn -0.0082 0.9977 0.0671
vn -0.0068 0.9979 0.0644
vn -0.0074 0.9996 0.0263
vn -0.0186 0.9998 0.0123
vn -0.0487 0.9988 0.0058
vn -0.0636 0.9979 0.0084
vn -0.0669 0.9977 0.0060
vn -0.0957 0.9918 0.0846
vn -0.1464 0.9871 0.0651
vn -0.2093 0.9777 0.0183
vn -0.1097 0.9936 0.0288
vn -0.0629 0.9863 0.1528
vn -0.0255 0.9996 0.0089
vn -0.0265 0.9996 0.0102
vn 0.5684 0.5828 -0.5808
vn 0.5146 0.7512 -0.4134
vn 0.3530 0.8673 -0.3508
vn 0.9620 -0.0019 0.2731
vn 0.9583 -0.0015 0.2859
vn 0.9645 -0.0003 0.2640
vn 0.9610 0.0017 0.2765
vn -0.2377 -0.0009 0.9713
vn 0.0160 0.1869 0.9822
vn -0.0643 0.9754 -0.2106
vn 0.0448 0.9880 0.1477
vn -0.0708 0.7959 0.6013
vn 0.0009 0.7000 0.7141
vn 0.1464 -0.0568 0.9876
vn -0.0435 0.2059 0.9776
vn -0.0057 0.6966 0.7174
vn 0.0556 0.6253 0.7784
vn 0.0010 0.9733 0.2294
vn 0.0303 0.9517 0.3055
vn 0.0267 0.9673 -0.2523
vn -0.2919 -0.2374 -0.9265
vn -0.2117 -0.5171 -0.8293
vn -0.1734 -0.5969 -0.7833
vn 0.0009 0.0011 1.0000
vn 0.0070 -0.0039 1.0000
vn 0.0147 0.0069 0.9999
vn 0.0136 0.9997 -0.0199
vn 0.0120 0.9999 -0.0050
vn 0.0190 0.9997 0.0150
vn -0.0341 0.9993 -0.0150
vn -0.5154 -0.5621 0.6469
vn -0.3001 0.6238 0.7217
vn -0.8639 0.4089 0.2940
vn -0.4388 0.5316 0.7245
vn -0.6749 0.5810 0.4548
vn -0.7374 0.1802 0.6510
vn -0.5284 0.7238 0.4437
vn -0.2661 0.7596 0.5934
vn -0.8868 0.3767 -0.2678
vn -0.8345 0.5502 -0.0310
vn -0.8597 0.5108 -0.0056
vn -0.4495 -0.0033 0.8933
vn -0.3272 -0.0005 0.9449
vn -0.2454 0.0006 0.9694
vn -0.4397 0.8975 -0.0356
vn -0.8342 0.5310 -0.1488
vn -0.1163 0.0074 0.9932
vn -0.1134 0.0104 0.9935
vn -0.3725 -0.8509 0.3703
vn -0.7253 -0.4444 0.5258
vn -0.8562 0.0014 0.5166
vn -0.7120 0.0008 0.7022
vn -0.6653 0.0108 0.7465
vn -0.9090 0.1710 0.3801
vn -0.7321 0.6809 0.0185
vn -0.8912 0.4298 0.1451
vn -0.7437 0.5560 -0.3712
vn -0.7021 0.6640 0.2572
vn -0.8300 0.4779 0.2877
vn -0.5925 0.7220 -0.3573
vn -0.2921 0.9259 -0.2396
vn -0.6581 0.7529 -0.0104
vn -0.6415 0.6468 -0.4125
vn -0.7124 0.3031 -0.6329
vn -0.4808 0.7426 -0.4663
vn -0.0471 0.5211 0.8522
vn -0.2072 0.0533 0.9768
vn -0.1347 0.9160 0.3778
vn -0.3596 0.9327 -0.0282
vn 0.4143 0.3730 -0.8302
vn 0.0464 0.4759 -0.8783
vn -0.4272 0.7690 -0.4755
vn -0.2574 0.8935 -0.3679
vn -0.2142 0.9768 0.0014
vn -0.7551 0.3659 -0.5440
vn -0.7470 0.5098 -0.4268
vn -0.8016 0.4943 -0.3363
vn -0.6640 0.7439 -0.0764
vn -0.8922 0.3565 -0.2773
vn -0.8257 0.1931 -0.5301
vn 0.3693 0.5178 -0.7717
vn -0.3863 0.4028 -0.8298
vn -0.8312 0.1930 -0.5214
vn -0.7125 0.2799 -0.6434
vn -0.7670 0.1192 -0.6304
vn -0.4489 0.3212 -0.8339
vn -0.1353 0.4143 -0.9000
vn -0.7786 0.6127 -0.1357
vn -0.8265 0.2602 -0.4992
vn -0.4561 0.7837 -0.4217
vn -0.2845 0.0060 0.9586
vn -0.4133 -0.3532 0.8393
vn -0.3468 -0.4484 0.8238
vn -0.2968 -0.6791 0.6714
vn -0.1575 -0.9234 0.3500
vn -0.3682 -0.8555 0.3641
vn -0.6467 -0.2533 0.7195
vn -0.7251 -0.4450 0.5256
vn -0.8478 -0.0033 0.5303
vn -0.1695 -0.3809 0.9090
vn -0.3050 -0.6685 0.6783
vn -0.6422 -0.4187 0.6421
vn 0.4037 0.9149 -0.0066
vn 0.6481 0.7615 -0.0068
vn 0.2264 0.9739 -0.0182
vn 0.6995 0.7145 -0.0109
vn 0.7909 0.6118 -0.0120
vn 0.9147 0.4040 -0.0053
vn 0.9590 0.2832 -0.0065
vn 0.4857 0.8737 -0.0277
vn 0.1342 0.9886 -0.0684
vn 0.9605 0.2779 -0.0177
vn 0.9373 0.3475 -0.0285
vn 0.7914 0.6101 -0.0387
vn 0.7027 0.7094 -0.0548
vn 0.4877 0.8712 -0.0558
vn 0.3525 0.9332 -0.0702
vn -0.9998 -0.0203 -0.0040
vn -0.9992 0.0392 -0.0085
vn 0.2700 0.9242 -0.2701
vn 0.2688 0.9235 -0.2739
vn 0.2716 0.9236 -0.2707
vn 0.2721 0.9240 -0.2685
vn 0.2694 0.9236 -0.2727
vn 0.2697 0.9245 -0.2695
vn 0.2699 0.9241 -0.2706
vn 0.2708 0.9257 -0.2640
vn -0.0002 1.0000 -0.0047
vn 0.0056 -1.0000 -0.0022
vn 0.0135 -0.9999 0.0094
vn 0.0007 -0.9999 -0.0126
vn -0.0308 0.5924 0.8051
vn -0.0188 0.8436 0.5367
vn -0.0212 0.7517 0.6591
vn -0.0661 0.8386 0.5408
vn -0.0095 0.4165 0.9091
vn -0.0295 0.7245 0.6887
vn -0.6231 -0.4435 0.6442
vn -0.5658 -0.6914 0.4492
vn -0.4094 -0.8208 0.3983
vn -0.5357 -0.6282 0.5642
vn -0.5312 -0.6547 0.5378
vn -0.6848 -0.3039 0.6623
vn -0.2708 0.9243 0.2691
vn -0.2746 0.9218 0.2738
vn -0.2781 0.9215 0.2710
vn -0.2746 0.9227 0.2705
vn -0.2746 0.9215 0.2746
vn -0.2770 0.9206 0.2752
vn -0.2703 0.9225 0.2755
vn -0.2643 0.9210 0.2861
vn -0.2682 0.9262 0.2651
vn -0.2670 0.9262 0.2662
vn -0.2663 0.9265 0.2659
vn -0.2662 0.9258 0.2684
vn -0.2646 0.9268 0.2665
vn -0.2659 0.9254 0.2698
vn -0.2659 0.9254 0.2701
vn -0.2698 0.9231 0.2740
vn -0.0595 -0.9982 0.0069
vn -0.0645 -0.9978 0.0160
vn -0.9998 0.0168 0.0063
vn -0.9967 0.0006 -0.0815
vn -0.9996 -0.0087 0.0283
vn -0.2759 0.9217 -0.2727
vn -0.2799 0.9213 -0.2699
vn -0.2710 0.9244 -0.2685
vn -0.2756 0.9209 -0.2756
vn -0.2763 0.9206 -0.2758
vn -0.2673 0.9241 -0.2730
vn -0.2677 0.9247 -0.2707
vn -0.2687 0.9213 -0.2812
vn -0.2698 0.9215 -0.2794
vn -0.2683 0.9242 -0.2719
vn -0.2735 0.9234 -0.2694
vn -0.2710 0.9251 -0.2662
vn -0.2686 0.9260 -0.2651
vn -0.2686 0.9260 -0.2652
vn -0.2656 0.9266 -0.2662
vn -0.2661 0.9264 -0.2663
vn -0.2662 0.9261 -0.2672
vn -0.2646 0.9263 -0.2683
vn -0.6821 -0.7303 0.0370
vn -0.6430 -0.7654 -0.0275
vn 0.0706 -0.6569 -0.7507
vn -0.0833 -0.7722 -0.6299
vn 0.0701 -0.9854 -0.1551
vn 0.0965 0.0167 -0.9952
vn -0.0397 0.0169 -0.9991
vn -0.3484 0.8467 -0.4022
vn -0.8926 0.2670 -0.3634
vn -0.6487 0.5844 -0.4875
vn -0.6269 0.5904 -0.5084
vn -0.4923 0.4438 -0.7488
vn -0.4794 0.4437 -0.7571
vn -0.2733 0.2221 -0.9359
vn 0.2377 -0.0009 -0.9713
vn -0.0160 0.1869 -0.9822
vn 0.0643 0.9754 0.2106
vn -0.0448 0.9880 -0.1477
vn 0.0708 0.7959 -0.6013
vn -0.0009 0.7000 -0.7141
vn -0.3506 0.9364 0.0156
vn -0.5010 0.8653 0.0180
vn -0.6960 0.7179 0.0107
vn -0.7941 0.6077 0.0119
vn -0.8846 0.4662 0.0073
vn -0.1460 0.9871 0.0651
vn -0.9695 0.2449 0.0130
vn -0.9441 0.3288 0.0258
vn -0.7946 0.6061 0.0362
vn -0.6749 0.7357 0.0579
vn -0.4955 0.8666 0.0581
vn -0.3860 0.9199 0.0688
vn -0.9999 0.0002 0.0114
vn -0.9999 0.0021 -0.0122
vn -0.9999 0.0017 -0.0139
vn -1.0000 0.0051 -0.0035
vn -0.9980 -0.0597 -0.0221
vn -1.0000 -0.0003 0.0011
vn -1.0000 -0.0023 0.0018
vn -1.0000 -0.0002 0.0003
vn 0.9990 0.0445 0.0002
vn 0.9990 0.0436 0.0002
vn 0.9993 -0.0181 0.0336
vn -0.1461 -0.0000 -0.9893
vn -0.1394 0.0008 -0.9902
vn -0.5404 -0.0065 -0.8414
vn -0.5734 -0.0010 -0.8193
vn -0.2894 -0.0129 0.9571
vn -0.6575 -0.0007 0.7534
vn -0.7475 0.0277 0.6637
vn -0.9379 -0.0115 0.3467
vn 0.7229 0.0037 -0.6909
vn 0.7183 0.0055 -0.6957
vn 0.0772 0.9969 -0.0177
vn 0.0586 0.9981 0.0192
vn -0.1979 0.9800 -0.0184
vn -0.0636 0.9980 -0.0062
vn -0.0864 0.9962 -0.0107
vn -0.0249 0.9997 -0.0066
vn -0.0267 0.9996 -0.0088
vn -0.0107 0.9999 -0.0105
vn -0.0087 0.9954 -0.0956
vn -0.0050 0.9976 -0.0691
vn -0.0065 0.9977 -0.0670
vn -0.0263 0.9945 -0.1018
vn -0.0648 0.9917 -0.1113
vn -0.0853 0.9916 -0.0968
vn -0.0679 0.9889 -0.1321
vn -0.1581 0.9851 -0.0680
vn -0.1226 0.9905 -0.0625
vn -0.0922 0.9954 -0.0277
vn -0.0085 0.9999 -0.0108
vn -0.0092 0.9996 -0.0259
vn -0.0093 0.9996 -0.0259
vn -0.0112 0.9999 -0.0061
vn -0.0095 0.9999 0.0036
vn -0.6898 -0.7239 0.0159
vn -0.7208 -0.6916 -0.0456
vn -0.9934 0.1060 0.0427
vn -0.9859 0.1644 -0.0298
vn -0.6668 0.7447 0.0264
vn -0.6369 0.7708 -0.0153
vn -0.6430 -0.7654 0.0275
vn -0.6796 -0.7328 -0.0327
vn 0.0011 -0.9997 -0.0242
vn -0.4614 0.7670 -0.4459
vn -0.4437 0.8607 -0.2499
vn -0.5540 0.6212 -0.5543
vn -0.6431 0.3826 -0.6633
vn -0.7965 0.6044 0.0191
vn -0.8182 0.5746 0.0173
vn -0.5556 0.8291 0.0635
vn -0.5648 0.8251 0.0165
vn -0.6482 0.7597 0.0516
vn -0.9818 0.1881 0.0265
vn -0.7071 -0.0000 -0.7071
vn -0.6999 0.0055 -0.7142
vn -0.7045 -0.0000 -0.7097
vn -0.7069 -0.0000 -0.7073
vn -0.0000 -0.9997 -0.0261
vn 0.0022 -0.9996 0.0279
vn 0.2670 0.8207 0.5051
vn 0.5209 0.5864 0.6203
vn 0.3541 0.8592 0.3692
vn 0.7402 0.5539 0.3812
vn 0.2415 0.5628 0.7906
vn 0.6499 0.1684 0.7411
vn 0.2750 0.5321 0.8008
vn 0.5983 0.6491 0.4699
vn -0.0136 0.9997 0.0199
vn -0.0120 0.9999 0.0050
vn -0.0190 0.9997 -0.0150
vn 0.0341 0.9993 0.0150
vn -0.3163 0.8988 -0.3035
vn -0.7521 0.4606 -0.4715
vn -0.7210 0.5628 -0.4042
vn -0.7254 0.6443 -0.2421
vn -0.3542 0.5718 -0.7400
vn -0.6337 0.3905 -0.6679
vn -0.5119 0.5696 -0.6430
vn 0.9253 0.3782 0.0281
vn 0.5019 0.8647 0.0220
vn 0.5275 0.8493 0.0205
vn 0.4572 0.8872 0.0617
vn 0.5278 0.8468 0.0657
vn 0.8673 0.4975 0.0147
vn 0.7803 0.6250 0.0231
vn -1.0000 -0.0000 -0.0000
vn -1.0000 -0.0000 0.0007
vn -1.0000 -0.0002 -0.0007
vn -0.0140 0.8045 -0.5938
vn -0.0172 0.8524 -0.5227
vn -0.0178 0.6940 -0.7197
vn -0.0062 0.3665 -0.9304
vn -0.0645 0.8539 -0.5164
vn -0.0649 0.8489 -0.5245
vn -0.0290 0.4406 -0.8972
vn -0.0249 0.6399 -0.7681
vn -1.0000 -0.0001 0.0005
vn -1.0000 -0.0000 -0.0005
vn 0.3091 0.9313 -0.1926
vn 0.3171 0.9224 -0.2205
vn 0.0970 0.9659 -0.2402
vn 0.3840 0.7729 -0.5051
vn 0.4266 0.3576 -0.8308
vn 0.7572 0.5724 -0.3147
vn 0.6947 0.5733 -0.4344
vn 0.3226 0.4468 -0.8345
vn 0.7592 0.5279 -0.3807
vn 0.8602 -0.0107 -0.5099
vn 0.9070 0.0065 -0.4210
vn 0.5883 0.0022 -0.8087
vn 0.6280 -0.0055 -0.7782
vn 0.2772 -0.0036 -0.9608
vn 0.1505 0.0069 -0.9886
vn -0.0052 0.0267 0.9996
vn -0.0008 0.0359 0.9994
vn 0.0081 -0.0209 0.9997
vn -0.9917 0.0052 0.1283
vn -0.9997 -0.0225 0.0022
vn -0.9999 0.0150 -0.0061
vn -0.9990 0.0387 -0.0225
vn -0.9874 0.0127 -0.1576
vn -0.9998 -0.0171 -0.0050
vn 0.0130 -0.0105 -0.9999
vn -0.1610 -0.0050 -0.9869
vn -0.0068 0.0003 -1.0000
vn -0.9596 -0.0006 -0.2815
vn -0.7491 0.0136 -0.6623
vn -0.7654 0.0188 -0.6433
vn -0.2944 -0.0158 -0.9555
vn -0.7344 0.6781 0.0307
vn -0.7578 0.6524 -0.0140
vn -0.6168 0.4231 0.6637
vn -0.2364 0.7615 0.6035
vn -0.5931 0.6073 0.5287
vn -0.6210 0.4088 0.6688
vn -0.3136 0.3982 0.8620
vn -0.7278 0.5041 0.4651
vn -0.3508 0.8496 0.3939
vn -0.6798 0.7324 0.0384
vn -0.2984 0.9190 0.2578
vn -0.3038 0.9161 0.2618
vn -0.4328 0.7973 0.4206
vn 0.2657 0.7082 0.6541
vn 0.6171 0.3996 0.6778
vn 0.5496 0.5753 0.6058
vn 0.5850 0.6216 0.5210
vn 0.5533 0.2920 0.7801
vn 0.6315 0.7686 0.1022
vn 0.4063 0.8515 0.3315
vn 0.3669 0.8355 0.4091
vn 0.4534 0.7428 0.4927
vn 0.5749 0.6429 0.5062
vn 0.5425 0.7290 0.4175
vn -0.4585 -0.0029 -0.8887
vn -0.4773 -0.0021 -0.8787
vn -0.7826 0.0016 -0.6226
vn -0.9521 -0.0007 -0.3057
vn -0.9270 -0.0027 -0.3751
vn -0.9987 0.0027 -0.0514
vn -0.9985 -0.0000 0.0550
vn -0.9569 -0.0019 0.2906
vn -0.7339 -0.0008 0.6793
vn -0.8586 0.0013 0.5127
vn -0.5784 0.0022 0.8158
vn -0.3593 -0.0007 0.9332
vn -0.1877 -0.0010 0.9822
vn -0.0888 0.0012 0.9960
vn -0.0056 -1.0000 0.0022
vn -0.0135 -0.9999 -0.0094
vn -0.0007 -0.9999 0.0126
vn -0.0045 0.9414 -0.3374
vn -0.0083 0.4996 -0.8662
vn -0.0107 0.7806 -0.6249
vn -0.0153 0.2533 -0.9673
vn -0.0173 0.2460 -0.9691
vn -0.0201 0.2876 -0.9575
vn -0.0409 0.6022 -0.7973
vn -0.0130 0.6070 -0.7946
vn -0.0449 0.6246 -0.7796
vn -0.0604 0.8604 -0.5060
vn -0.0240 0.8894 -0.4565
vn -0.0130 0.8385 -0.5447
vn -0.0612 0.8631 -0.5012
vn -1.0000 0.0057 -0.0022
vn -0.9999 0.0149 -0.0007
vn -0.9194 -0.0089 -0.3932
vn -0.7517 0.0396 -0.6583
vn -0.6771 0.0074 -0.7358
vn -0.2773 -0.0122 -0.9607
vn 0.2883 -0.0101 -0.9575
vn 0.6364 0.0196 -0.7711
vn 0.6357 0.0199 -0.7717
vn 0.9322 -0.0132 -0.3617
vn -0.0017 0.0169 -0.9999
vn 0.0007 0.0324 -0.9995
vn 1.0000 0.0066 -0.0038
vn 0.9998 0.0178 -0.0015
vn 0.9597 -0.0020 0.2809
vn 0.7464 0.0024 0.6655
vn 0.8220 0.0213 0.5690
vn 0.2853 0.0041 0.9584
vn 0.9454 -0.1753 -0.2748
vn 0.0196 0.0065 0.9998
vn 0.9999 -0.0119 -0.0074
vn 0.9994 0.0329 0.0060
vn 1.0000 0.0009 0.0004
vn 0.6433 0.0167 0.7655
vn 0.9257 -0.0075 0.3782
vn 0.6150 0.0251 0.7881
vn 0.2809 -0.0066 0.9597
vn -0.0049 -0.0117 0.9999
vn 0.0011 0.0012 1.0000
vn -0.0008 0.0147 0.9999
vn -0.0008 0.0149 0.9999
vn 1.0000 -0.0008 0.0003
vn 1.0000 0.0008 -0.0003
vn 0.8036 -0.0092 -0.5952
vn -0.0535 0.0042 -0.9986
vn 0.3366 -0.0056 -0.9416
vn 0.6006 0.0231 -0.7992
vn 0.9669 0.0227 -0.2543
vn 0.0002 0.0008 -1.0000
vn 0.0011 -0.0012 -1.0000
vn -0.3932 -0.0089 0.9194
vn -0.6583 0.0396 0.7517
vn -0.7358 0.0074 0.6771
vn -0.9607 -0.0122 0.2773
vn 0.0028 0.0071 -1.0000
vn -0.9905 -0.0008 0.1374
vn -0.9585 0.0007 -0.2850
vn -0.9601 0.0006 -0.2798
vn -0.6631 0.0016 -0.7486
vn -0.6575 0.0018 -0.7535
vn -0.1986 -0.0008 -0.9801
vn -0.4062 -0.0008 -0.9138
vn 0.0132 0.0042 -0.9999
vn -0.9738 0.0005 0.2275
vn -0.8004 -0.0051 0.5995
vn -0.8710 -0.0012 0.4913
vn -0.6552 0.0008 0.7555
vn -0.3495 0.0021 0.9369
vn 0.0705 0.7901 -0.6090
vn -0.0146 0.2896 -0.9570
vn 0.0611 0.4230 -0.9041
vn 0.0601 0.7993 -0.5980
vn 0.6168 0.4231 -0.6637
vn 0.2364 0.7615 -0.6035
vn 0.5931 0.6073 -0.5287
vn 0.6210 0.4088 -0.6688
vn 0.3136 0.3982 -0.8620
vn 0.7278 0.5041 -0.4651
vn 0.3508 0.8496 -0.3939
vn 0.6798 0.7324 -0.0384
vn 0.2984 0.9190 -0.2578
vn 0.3038 0.9161 -0.2618
vn 0.4328 0.7973 -0.4206
vn 0.9265 0.2701 -0.2619
vn 0.8064 0.3601 -0.4692
vn 0.7658 0.2819 -0.5781
vn 0.3879 0.7635 -0.5163
vn 0.3676 0.7588 -0.5377
vn 0.6643 0.6459 -0.3762
vn 0.4147 0.3836 -0.8252
vn 0.4146 0.3835 -0.8253
vn 0.3230 0.8876 -0.3284
vn 0.5174 0.3514 -0.7802
vn 0.3987 0.5621 -0.7246
vn 0.2388 0.6409 -0.7295
vn 0.7385 0.5643 -0.3691
vn 0.1203 0.9717 -0.2034
vn 0.6678 0.3905 -0.6336
vn 0.6430 0.5696 -0.5119
vn 0.0097 -0.0006 1.0000
vn -0.0161 -0.0000 0.9999
vn 0.9998 0.0129 0.0133
vn 0.9631 0.0006 0.2690
vn 0.8975 -0.0005 0.4410
vn 0.8631 0.0141 0.5048
vn 0.8238 -0.0231 0.5664
vn 0.6910 -0.0005 0.7229
vn 0.8006 -0.0093 0.5992
vn 0.2980 0.0004 0.9546
vn 0.0062 -0.0003 1.0000
vn 0.2784 -0.0009 0.9605
vn 0.4666 0.0124 0.8844
vn 0.6362 0.0050 0.7715
vn -0.9983 -0.0031 0.0581
vn -0.9996 -0.0018 0.0271
vn -0.9992 0.0003 0.0394
vn -0.9529 0.0231 0.3025
vn -0.4716 -0.0013 -0.8818
vn -0.0019 0.9993 0.0374
vn 0.0039 0.9998 -0.0182
vn 0.0811 0.9919 0.0980
vn 0.1869 0.9612 0.2028
vn 0.0629 0.9902 0.1244
vn 0.1558 0.9855 0.0677
vn 0.1222 0.9905 0.0625
vn 0.1980 0.9800 0.0184
vn 0.0918 0.9954 0.0277
vn 0.0636 0.9980 0.0062
vn 0.0635 0.9980 0.0062
vn 0.0864 0.9962 0.0107
vn 0.0257 0.9996 0.0074
vn 0.0267 0.9996 0.0088
vn 0.0288 0.9996 0.0073
vn -0.0700 0.9975 0.0021
vn 0.0058 0.9955 0.0942
vn 0.0031 0.9972 0.0745
vn 0.0083 0.9978 0.0665
vn 0.0219 0.9944 0.1032
vn 0.0079 0.9996 0.0271
vn -0.0001 0.9998 0.0210
vn 0.0001 0.9999 0.0153
vn 0.0039 1.0000 0.0084
vn 0.7331 0.6798 0.0208
vn 0.7656 0.6431 -0.0174
vn -0.9993 -0.0002 -0.0377
vn -0.9992 -0.0002 -0.0391
vn -1.0000 -0.0012 -0.0004
vn -1.0000 0.0012 0.0004
vn -0.6733 -0.7272 -0.1338
vn -0.8183 -0.5662 0.0986
vn 0.0005 0.0008 1.0000
vn -0.0005 -0.0008 1.0000
vn 0.0011 -0.9981 0.0616
vn -0.0024 -0.9996 0.0291
vn 0.9976 -0.0116 -0.0684
vn 0.9985 0.0129 -0.0531
vn 0.9981 0.0124 -0.0608
vn 0.9793 -0.2001 -0.0289
vn 0.9846 -0.1730 -0.0263
vn 0.9972 -0.0744 -0.0035
vn 0.9982 -0.0158 0.0579
vn 0.9989 0.0418 -0.0228
vn 0.9992 -0.0335 0.0202
vn 0.9940 -0.0767 0.0776
vn 0.9934 -0.0804 0.0819
vn 0.9978 -0.0439 -0.0495
vn 0.9979 -0.0593 -0.0251
vn 0.9982 0.0139 0.0592
vn 0.9958 0.0595 0.0694
vn -0.0005 0.0008 -1.0000
vn 0.0005 -0.0008 -1.0000
vn 0.7619 -0.6476 0.0140
vn 0.7367 -0.6754 -0.0331
vn 0.9991 -0.0410 0.0059
vn 0.9822 -0.0006 -0.1878
vn 0.9999 0.0052 0.0127
vn 0.9049 0.0524 -0.4224
vn 0.3759 0.0596 -0.9247
vn 0.0770 0.2685 -0.9602
vn 0.2257 0.6674 -0.7097
vn 0.3376 0.7559 -0.5609
vn 0.1805 0.8904 -0.4179
vn 0.3211 0.8328 0.4510
vn 0.1497 0.6424 0.7516
vn 0.2103 0.2277 0.9508
vn 0.3693 0.0584 -0.9275
vn 0.4671 0.2002 -0.8612
vn 0.3567 0.3866 -0.8505
vn 0.4030 0.7370 -0.5426
vn 0.4011 0.9019 -0.1602
vn 0.3720 0.8750 0.3099
vn 0.3352 0.8315 0.4430
vn 0.5067 0.6780 0.5326
vn 0.3380 0.5420 0.7694
vn 0.4049 0.3894 0.8273
vn 0.3428 0.2747 0.8983
vn 0.4591 0.0711 0.8855
vn 0.5298 0.4989 -0.6858
vn 0.5525 0.7518 -0.3599
vn 0.5098 0.8350 -0.2072
vn 0.5597 0.8132 0.1599
vn 0.5229 0.6701 0.5268
vn 0.6315 0.1887 -0.7520
vn 0.6728 0.2674 -0.6898
vn 0.6646 0.5531 -0.5025
vn 0.6534 0.6506 -0.3870
vn 0.6617 0.7452 -0.0834
vn 0.6610 0.7358 0.1477
vn 0.6211 0.7762 0.1085
vn 0.6721 0.6717 0.3117
vn 0.6768 0.4849 0.5539
vn 0.6396 0.3252 0.6966
vn 0.6612 0.2850 0.6940
vn 0.6314 0.0621 0.7730
vn 0.7572 0.2847 -0.5879
vn 0.7697 0.4166 -0.4837
vn 0.7728 0.6027 -0.1989
vn 0.7816 0.5157 0.3509
vn 0.7654 0.4718 0.4376
vn 0.8777 0.0603 -0.4754
vn 0.8535 0.4047 -0.3282
vn 0.8046 0.5633 -0.1879
vn 0.8759 0.4823 -0.0094
vn 0.8507 0.5177 0.0909
vn 0.8563 0.4692 0.2156
vn 0.8591 0.1863 0.4767
vn 0.8656 0.1747 0.4692
vn 0.8364 -0.0138 0.5480
vn 0.9400 0.0981 -0.3267
vn 0.8987 0.3289 -0.2901
vn 0.9413 0.3346 -0.0452
vn 0.9402 0.2457 0.2357
vn 0.9168 0.1737 0.3596
vn 0.9425 0.0960 -0.3202
vn 0.9851 0.1252 -0.1179
vn 0.9681 0.2505 -0.0092
vn 0.9735 0.2037 0.1043
vn -0.6800 0.0013 -0.7332
vn -0.6432 -0.0011 -0.7657
vn 0.7332 0.0013 -0.6800
vn 0.7657 -0.0011 -0.6432
vn 0.7332 -0.0013 0.6800
vn 0.7657 0.0011 0.6432
vn -0.6621 0.0111 0.7493
vn -0.6480 -0.0011 -0.7616
vn -0.6935 0.0020 -0.7205
vn 0.6830 -0.0004 -0.7304
vn 0.6614 0.0012 -0.7500
vn 0.6935 0.0022 0.7205
vn 0.6432 -0.0011 0.7657
vn 0.9935 0.0984 0.0565
vn 0.9956 0.0616 0.0711
vn 0.9940 0.0040 0.1090
vn 0.9938 -0.0032 0.1113
vn 0.9959 -0.0898 -0.0142
vn 0.9962 0.0663 -0.0563
vn 0.9954 0.0670 -0.0692
vn 0.9777 0.1917 0.0860
vn 0.9877 -0.1111 0.1098
vn 0.9870 -0.0837 -0.1370
vn 0.9864 -0.0598 -0.1531
vn 0.9210 0.0700 0.3831
vn 0.9333 0.0842 0.3490
vn 0.9264 0.1636 0.3392
vn 0.9406 0.1774 0.2894
vn 0.9041 0.2856 0.3178
vn 0.9217 0.3316 0.2012
vn 0.9402 0.3020 0.1575
vn 0.9938 0.0903 -0.0642
vn 0.9822 0.1643 -0.0914
vn 0.9251 -0.0560 0.3756
vn 0.9280 -0.0516 0.3691
vn 0.9161 -0.1640 0.3659
vn 0.9382 -0.2032 0.2802
vn 0.9245 -0.2339 0.3010
vn 0.8700 -0.4002 0.2881
vn 0.9313 -0.3329 0.1476
vn 0.9242 -0.3585 0.1314
vn 0.9408 -0.3372 0.0349
vn 0.9303 -0.3660 0.0247
vn 0.8962 -0.4311 -0.1048
vn 0.9426 -0.3008 -0.1448
vn 0.9205 -0.3196 -0.2246
vn 0.9389 -0.2438 -0.2429
vn 0.8889 -0.2760 -0.3658
vn 0.8938 -0.1830 -0.4093
vn 0.9443 -0.0771 -0.3199
vn 0.9195 -0.0511 -0.3897
vn 0.9182 0.0715 -0.3896
vn 0.9380 0.0977 -0.3326
vn 0.9214 0.1737 -0.3476
vn 0.9363 0.1966 -0.2909
vn 0.9126 0.2787 -0.2991
vn 0.9299 0.2998 -0.2130
vn -0.6800 -0.0013 0.7332
vn -0.6432 0.0011 0.7657
vn -0.0007 0.0006 -1.0000
vn -0.0000 0.0003 -1.0000
vn -0.0674 0.0001 -0.9977
vn -0.0003 0.0003 -1.0000
vn 0.0003 0.0003 -1.0000
vn -0.4018 -0.8753 0.2690
vn -0.4019 -0.8751 0.2696
vn -0.2739 -0.9593 -0.0689
vn -0.2101 -0.9633 0.1672
vn -0.4003 -0.6417 0.6542
vn 0.7549 0.0274 0.6553
vn 0.7981 0.0040 0.6025
vn 0.3533 -0.0238 0.9352
vn -0.9989 -0.0018 0.0465
vn -0.9993 0.0002 -0.0376
vn 0.0471 -0.0109 0.9988
vn -0.0295 -0.0018 0.9996
vn 0.0138 -0.9999 -0.0087
vn 0.0091 -1.0000 -0.0018
vn 0.0051 -1.0000 0.0066
vn 0.9999 0.0146 0.0008
vn 1.0000 0.0056 0.0022
vn -0.7283 -0.6823 -0.0637
vn -0.6426 -0.7630 0.0707
vn 0.0313 0.0054 0.9995
vn 0.7655 0.0165 -0.6432
vn 0.3804 -0.0069 -0.9248
vn 0.7887 0.0251 -0.6142
vn 0.9640 -0.0079 -0.2657
vn 0.0007 1.0000 0.0017
vn -0.0741 0.9972 -0.0093
vn 0.0183 0.9997 -0.0179
vn 0.0246 0.9995 -0.0213
vn 0.0135 0.9999 0.0095
vn 0.0065 -0.9970 0.0775
vn -0.0073 -0.9991 -0.0427
vn 0.9995 -0.0181 -0.0251
vn 1.0000 -0.0050 0.0069
vn 1.0000 -0.0070 -0.0004
vn 0.6890 -0.0154 -0.7246
vn 0.7010 -0.0001 -0.7132
vn 0.7071 -0.0000 -0.7071
vn 0.7070 -0.0000 -0.7072
vn 0.5397 -0.8322 -0.1269
vn 0.7569 -0.6358 0.1513
vn 0.0046 0.0024 -1.0000
vn -0.0033 0.0040 -1.0000
vn 0.7599 0.6431 0.0952
vn 0.6500 0.7551 -0.0856
vn 0.3672 0.0001 0.9301
vn 0.3569 0.0021 0.9341
vn 0.8691 0.0106 0.4945
vn 0.7670 -0.0159 0.6414
vn 0.9543 -0.0187 0.2984
vn 1.0000 0.0051 -0.0034
vn 0.9835 -0.0003 0.1808
vn 0.9945 -0.0561 -0.0884
vn 0.3325 -0.8813 0.3357
vn 0.4678 -0.7298 0.4985
vn 0.4670 -0.7342 0.4928
vn 0.7159 -0.1668 0.6780
vn 0.4993 -0.7374 0.4549
vn 0.5691 -0.6722 0.4736
vn 0.6310 -0.4280 0.6470
vn -0.4260 -0.0084 -0.9047
vn -0.3259 0.0086 -0.9454
vn 0.3055 0.0204 -0.9520
vn 0.1461 -0.0000 0.9893
vn 0.1394 0.0008 0.9902
vn 0.5404 -0.0065 0.8414
vn 0.5734 -0.0010 0.8193
vn -0.4997 0.0089 0.8662
vn -0.3807 -0.0127 0.9246
vn -0.0252 -0.9997 0.0056
vn -0.0169 -0.9998 -0.0126
vn 0.0183 -0.9998 -0.0119
vn 0.0355 -0.9992 0.0180
vn -0.9923 -0.1163 -0.0422
vn 0.6637 -0.7480 -0.0017
vn 0.9917 -0.1213 0.0420
vn -0.9950 -0.0982 -0.0159
vn 0.9933 -0.1124 0.0276
vn -0.7328 -0.6796 -0.0327
vn -0.7670 -0.6409 0.0307
vn 0.6821 -0.7303 -0.0370
vn 0.6430 -0.7654 0.0275
vn -0.0705 -0.9975 0.0070
vn -0.0786 -0.9966 0.0232
vn 0.0595 -0.9982 -0.0069
vn 0.0645 -0.9978 -0.0160
vn 0.9559 -0.0106 0.2936
vn 0.7714 0.0340 0.6355
vn 0.6752 0.0047 0.7376
vn 0.3081 -0.0134 0.9513
vn -0.6320 0.7745 -0.0271
vn -0.6713 0.7407 0.0260
vn 0.6668 0.7447 -0.0264
vn 0.6369 0.7708 0.0153
vn -0.0083 1.0000 -0.0012
vn -0.0123 0.9997 0.0224
vn 0.0019 0.0153 0.9999
vn -0.0002 0.0254 0.9997
vn 0.0112 0.9999 0.0061
vn 0.0095 0.9999 -0.0036
vn -0.9999 0.0138 0.0027
vn -0.9995 0.0320 -0.0002
vn 0.3932 -0.0086 -0.9194
vn 0.6612 0.0385 -0.7492
vn 0.7358 0.0074 -0.6771
vn 0.9607 -0.0122 -0.2773
vn 0.7351 0.0062 0.6779
vn 0.7213 0.0006 0.6926
vn -0.7229 0.0037 0.6909
vn -0.7183 0.0055 0.6957
s 0
f 1//1 2//1 3//1
f 1//2 3//2 4//2
f 3//3 5//3 4//3
f 4//4 5//4 6//4
f 5//5 17//5 6//5
f 6//6 17//6 7//6
f 17//7 18//7 7//7
f 7//8 18//8 8//8
f 18//9 9//9 8//9
f 8//10 9//10 10//10
f 10//11 9//11 11//11
f 9//12 19//12 11//12
f 19//13 12//13 11//13
f 11//14 12//14 13//14
f 12//15 14//15 13//15
f 13//16 14//16 15//16
f 14//17 20//17 32//17
f 31//18 16//18 33//18
f 33//19 16//19 34//19
f 20//20 21//20 32//20
f 16//21 2//21 34//21
f 14//22 32//22 35//22
f 39//23 40//23 41//23
f 40//24 37//24 42//24
f 37//25 43//25 42//25
f 43//26 44//26 45//26
f 44//27 46//27 45//27
f 47//28 48//28 49//28
f 48//29 50//29 49//29
f 50//30 52//30 51//30
f 52//31 58//31 53//31
f 39//32 54//32 40//32
f 54//33 55//33 40//33
f 55//34 37//34 40//34
f 44//35 56//35 46//35
f 56//36 47//36 46//36
f 50//37 57//37 52//37
f 57//38 58//38 52//38
f 16//39 37//39 2//39
f 2//40 37//40 3//40
f 37//41 55//41 3//41
f 3//42 55//42 5//42
f 5//43 55//43 17//43
f 55//44 54//44 17//44
f 54//45 18//45 17//45
f 38//46 54//46 39//46
f 38//47 36//47 54//47
f 36//48 18//48 54//48
f 36//49 9//49 18//49
f 53//50 58//50 38//50
f 58//51 36//51 38//51
f 37//52 16//52 43//52
f 16//53 31//53 43//53
f 31//54 30//54 43//54
f 43//55 30//55 44//55
f 30//56 29//56 44//56
f 44//57 29//57 56//57
f 29//58 28//58 56//58
f 28//59 27//59 56//59
f 56//60 27//60 47//60
f 27//61 26//61 47//61
f 26//62 25//62 47//62
f 25//63 24//63 47//63
f 47//64 24//64 48//64
f 24//65 23//65 48//65
f 48//66 23//66 50//66
f 23//67 22//67 50//67
f 22//68 21//68 50//68
f 50//69 21//69 57//69
f 21//70 20//70 57//70
f 20//71 14//71 57//71
f 57//72 14//72 58//72
f 14//73 12//73 58//73
f 12//74 19//74 58//74
f 58//75 19//75 36//75
f 19//76 9//76 36//76
f 61//77 60//77 59//77
f 62//78 61//78 59//78
f 51//79 67//79 66//79
f 67//80 53//80 68//80
f 69//81 70//81 71//81
f 71//82 70//82 72//82
f 72//83 41//83 73//83
f 73//84 41//84 74//84
f 41//85 75//85 74//85
f 74//86 75//86 76//86
f 75//87 42//87 76//87
f 66//88 67//88 77//88
f 77//89 67//89 68//89
f 68//90 53//90 78//90
f 78//91 53//91 79//91
f 53//92 69//92 79//92
f 79//93 69//93 80//93
f 69//94 71//94 80//94
f 71//95 72//95 81//95
f 72//96 73//96 81//96
f 76//97 42//97 82//97
f 66//98 77//98 65//98
f 77//99 68//99 83//99
f 83//100 68//100 78//100
f 80//101 71//101 84//101
f 71//102 81//102 84//102
f 73//103 74//103 81//103
f 81//104 74//104 85//104
f 74//105 76//105 85//105
f 76//106 82//106 85//106
f 65//107 77//107 83//107
f 83//108 78//108 86//108
f 78//109 79//109 86//109
f 86//110 79//110 87//110
f 79//111 80//111 87//111
f 80//112 84//112 87//112
f 87//113 84//113 88//113
f 84//114 81//114 88//114
f 88//115 81//115 89//115
f 81//116 85//116 89//116
f 85//117 82//117 90//117
f 65//118 83//118 64//118
f 64//119 83//119 91//119
f 83//120 86//120 91//120
f 89//121 85//121 92//121
f 85//122 90//122 92//122
f 92//123 90//123 93//123
f 63//124 64//124 91//124
f 91//125 86//125 94//125
f 86//126 87//126 94//126
f 94//127 87//127 95//127
f 87//128 88//128 95//128
f 88//129 89//129 95//129
f 95//130 89//130 96//130
f 89//131 92//131 96//131
f 96//132 92//132 97//132
f 92//133 93//133 97//133
f 63//134 91//134 61//134
f 91//135 94//135 61//135
f 61//136 94//136 95//136
f 62//137 63//137 61//137
f 61//138 95//138 60//138
f 95//139 96//139 60//139
f 96//140 97//140 60//140
f 60//141 97//141 59//141
f 98//142 99//142 100//142
f 98//2 100//2 101//2
f 100//3 102//3 101//3
f 101//143 102//143 103//143
f 102//144 114//144 103//144
f 103//145 114//145 104//145
f 114//146 115//146 104//146
f 104//147 115//147 105//147
f 115//9 106//9 105//9
f 105//10 106//10 107//10
f 107//11 106//11 108//11
f 106//12 116//12 108//12
f 116//13 109//13 108//13
f 108//14 109//14 110//14
f 109//15 111//15 110//15
f 110//16 111//16 112//16
f 127//18 113//18 128//18
f 128//19 113//19 129//19
f 113//21 99//21 129//21
f 111//17 117//17 130//17
f 111//22 130//22 131//22
f 117//20 118//20 130//20
f 133//148 1357//148 132//148
f 134//149 133//149 132//149
f 137//150 138//150 139//150
f 138//151 140//151 139//151
f 140//152 141//152 139//152
f 141//153 143//153 142//153
f 142//154 143//154 144//154
f 143//155 145//155 144//155
f 145//156 146//156 147//156
f 147//157 146//157 148//157
f 149//158 151//158 150//158
f 150//159 151//159 153//159
f 152//160 153//160 151//160
f 137//161 139//161 154//161
f 139//162 141//162 154//162
f 154//163 141//163 155//163
f 141//164 142//164 155//164
f 144//165 145//165 147//165
f 147//166 148//166 156//166
f 148//167 149//167 156//167
f 156//168 149//168 157//168
f 149//169 150//169 157//169
f 150//170 153//170 158//170
f 155//171 142//171 159//171
f 142//172 144//172 159//172
f 159//173 144//173 160//173
f 144//174 147//174 160//174
f 147//175 156//175 160//175
f 157//176 150//176 161//176
f 161//177 150//177 158//177
f 158//178 153//178 162//178
f 1376//179 137//179 136//179
f 137//180 154//180 136//180
f 154//181 155//181 136//181
f 136//182 155//182 163//182
f 155//183 159//183 163//183
f 159//184 160//184 164//184
f 160//185 156//185 165//185
f 156//186 157//186 165//186
f 165//187 157//187 161//187
f 161//188 158//188 166//188
f 158//189 162//189 166//189
f 166//190 162//190 167//190
f 163//191 159//191 168//191
f 159//192 164//192 168//192
f 164//193 160//193 165//193
f 165//194 161//194 169//194
f 161//195 166//195 169//195
f 169//196 166//196 170//196
f 166//197 167//197 170//197
f 136//198 163//198 135//198
f 135//199 163//199 171//199
f 163//200 168//200 171//200
f 168//201 164//201 172//201
f 164//202 165//202 172//202
f 165//203 169//203 172//203
f 168//204 172//204 171//204
f 172//205 169//205 173//205
f 169//206 170//206 173//206
f 135//207 171//207 134//207
f 134//208 171//208 133//208
f 171//209 172//209 133//209
f 172//210 173//210 133//210
f 133//211 173//211 1357//211
f 186//212 174//212 175//212
f 180//212 181//212 182//212
f 179//212 183//212 178//212
f 184//212 199//212 195//212
f 182//212 181//212 175//212
f 175//212 181//212 185//212
f 175//212 185//212 186//212
f 182//212 187//212 180//212
f 187//212 177//212 180//212
f 180//212 177//212 189//212
f 188//212 176//212 177//212
f 198//212 188//212 177//212
f 178//212 192//212 179//212
f 199//212 184//212 193//212
f 184//212 179//212 193//212
f 193//212 179//212 192//212
f 194//212 196//212 195//212
f 197//212 198//212 187//212
f 187//212 198//212 177//212
f 200//212 190//212 199//212
f 191//212 201//212 190//212
f 194//212 195//212 190//212
f 190//212 195//212 199//212
f 197//212 187//212 196//212
f 187//212 195//212 196//212
f 201//212 194//212 190//212
f 203//213 205//213 202//213
f 205//214 860//214 202//214
f 204//215 205//215 203//215
f 206//216 208//216 207//216
f 206//217 207//217 209//217
f 207//218 1095//218 209//218
f 211//219 213//219 212//219
f 214//220 1253//220 215//220
f 213//221 214//221 212//221
f 212//222 214//222 215//222
f 218//223 219//223 254//223
f 254//224 219//224 220//224
f 221//225 217//225 254//225
f 217//226 218//226 254//226
f 222//212 224//212 223//212
f 225//227 226//227 227//227
f 226//228 228//228 227//228
f 227//229 228//229 229//229
f 230//230 632//230 261//230
f 632//231 230//231 231//231
f 233//232 234//232 232//232
f 232//233 234//233 235//233
f 236//234 237//234 238//234
f 237//235 239//235 238//235
f 238//236 239//236 240//236
f 230//237 241//237 231//237
f 241//238 237//238 231//238
f 237//239 236//239 231//239
f 632//240 635//240 261//240
f 223//241 654//241 222//241
f 654//242 261//242 222//242
f 635//243 242//243 261//243
f 261//244 242//244 222//244
f 242//245 243//245 222//245
f 653//246 746//246 246//246
f 746//247 245//247 246//247
f 244//248 246//248 245//248
f 245//249 218//249 244//249
f 221//250 252//250 217//250
f 252//251 251//251 217//251
f 217//252 251//252 247//252
f 251//253 252//253 248//253
f 248//254 252//254 249//254
f 252//255 253//255 249//255
f 249//256 253//256 250//256
f 252//257 221//257 253//257
f 250//258 253//258 226//258
f 226//259 253//259 254//259
f 253//260 221//260 254//260
f 255//261 256//261 260//261
f 260//262 256//262 257//262
f 242//263 256//263 243//263
f 256//264 242//264 257//264
f 243//265 256//265 255//265
f 260//266 257//266 258//266
f 258//267 259//267 260//267
f 260//268 259//268 255//268
f 455//269 230//269 261//269
f 262//270 295//270 263//270
f 264//271 265//271 262//271
f 295//272 262//272 265//272
f 270//273 268//273 266//273
f 266//274 268//274 267//274
f 272//275 269//275 270//275
f 271//276 269//276 272//276
f 270//277 269//277 268//277
f 302//278 281//278 273//278
f 281//279 274//279 273//279
f 276//280 279//280 275//280
f 275//281 279//281 277//281
f 280//282 275//282 277//282
f 281//283 278//283 279//283
f 279//284 278//284 277//284
f 276//285 274//285 281//285
f 279//286 276//286 281//286
f 280//287 277//287 282//287
f 282//288 277//288 283//288
f 277//289 278//289 283//289
f 263//290 284//290 262//290
f 262//291 284//291 285//291
f 284//292 290//292 285//292
f 289//293 287//293 288//293
f 284//294 291//294 290//294
f 290//295 291//295 289//295
f 289//296 291//296 287//296
f 291//297 292//297 287//297
f 284//298 263//298 291//298
f 291//299 263//299 292//299
f 293//300 295//300 294//300
f 294//301 333//301 293//301
f 293//302 333//302 334//302
f 295//303 265//303 294//303
f 294//304 265//304 297//304
f 296//305 294//305 297//305
f 297//306 298//306 296//306
f 296//307 298//307 299//307
f 755//308 300//308 298//308
f 300//309 299//309 298//309
f 301//310 281//310 302//310
f 301//311 302//311 271//311
f 376//312 303//312 399//312
f 303//313 283//313 399//313
f 278//314 281//314 301//314
f 399//315 283//315 301//315
f 283//316 278//316 301//316
f 271//317 272//317 304//317
f 272//318 270//318 304//318
f 301//319 271//319 304//319
f 282//212 283//212 303//212
f 307//320 308//320 306//320
f 311//321 876//321 306//321
f 306//322 876//322 874//322
f 309//323 310//323 307//323
f 306//324 309//324 307//324
f 308//325 311//325 306//325
f 874//326 875//326 306//326
f 312//327 314//327 313//327
f 316//328 315//328 317//328
f 318//329 316//329 317//329
f 324//330 322//330 323//330
f 322//331 325//331 320//331
f 325//332 324//332 319//332
f 321//333 326//333 320//333
f 325//334 322//334 324//334
f 322//335 320//335 326//335
f 323//336 322//336 326//336
f 328//337 329//337 327//337
f 327//338 329//338 330//338
f 333//339 335//339 334//339
f 333//340 332//340 335//340
f 344//341 332//341 343//341
f 332//342 294//342 343//342
f 332//343 333//343 294//343
f 868//344 337//344 870//344
f 870//345 337//345 336//345
f 338//346 339//346 337//346
f 337//347 339//347 340//347
f 868//348 338//348 337//348
f 337//349 340//349 336//349
f 327//350 341//350 328//350
f 341//351 362//351 328//351
f 345//352 344//352 343//352
f 343//353 342//353 345//353
f 299//354 342//354 296//354
f 342//355 343//355 296//355
f 296//356 343//356 294//356
f 350//357 347//357 351//357
f 353//358 352//358 354//358
f 347//359 348//359 351//359
f 351//360 354//360 352//360
f 350//361 355//361 346//361
f 350//362 352//362 355//362
f 347//363 349//363 348//363
f 348//364 354//364 351//364
f 350//365 351//365 352//365
f 357//366 358//366 356//366
f 356//367 358//367 359//367
f 358//368 360//368 359//368
f 359//369 360//369 361//369
f 360//370 362//370 361//370
f 361//371 362//371 341//371
f 299//372 300//372 342//372
f 300//373 363//373 342//373
f 342//374 363//374 345//374
f 340//375 368//375 364//375
f 340//376 339//376 368//376
f 367//377 369//377 364//377
f 367//378 368//378 339//378
f 369//379 366//379 364//379
f 366//380 369//380 365//380
f 340//381 364//381 336//381
f 367//382 364//382 368//382
f 356//383 391//383 357//383
f 391//384 392//384 357//384
f 363//385 373//385 374//385
f 381//386 374//386 373//386
f 380//387 371//387 381//387
f 371//388 374//388 381//388
f 380//389 381//389 379//389
f 379//390 381//390 378//390
f 381//391 373//391 378//391
f 379//392 370//392 380//392
f 372//393 375//393 370//393
f 375//394 371//394 370//394
f 372//395 377//395 375//395
f 363//396 382//396 373//396
f 363//397 300//397 382//397
f 371//398 380//398 370//398
f 376//399 375//399 377//399
f 373//400 382//400 378//400
f 383//401 384//401 385//401
f 385//402 384//402 404//402
f 384//403 346//403 404//403
f 404//404 346//404 386//404
f 347//405 350//405 383//405
f 383//406 350//406 384//406
f 350//407 346//407 384//407
f 389//408 390//408 391//408
f 390//409 392//409 391//409
f 397//410 365//410 369//410
f 394//411 396//411 393//411
f 394//412 393//412 397//412
f 367//413 394//413 397//413
f 397//414 393//414 395//414
f 397//415 369//415 367//415
f 397//416 395//416 365//416
f 388//417 398//417 387//417
f 389//418 407//418 390//418
f 399//419 375//419 376//419
f 403//420 393//420 396//420
f 396//421 402//421 403//421
f 402//422 385//422 404//422
f 402//423 404//423 403//423
f 403//424 404//424 401//424
f 393//425 400//425 395//425
f 403//426 401//426 400//426
f 404//427 386//427 401//427
f 393//428 403//428 400//428
f 405//429 427//429 406//429
f 406//430 407//430 405//430
f 405//431 407//431 408//431
f 408//432 407//432 389//432
f 412//433 411//433 413//433
f 479//434 413//434 414//434
f 414//435 413//435 411//435
f 479//436 482//436 413//436
f 413//437 482//437 410//437
f 410//438 482//438 409//438
f 412//439 413//439 410//439
f 315//440 301//440 317//440
f 301//441 304//441 317//441
f 315//442 415//442 301//442
f 419//443 423//443 420//443
f 421//444 420//444 422//444
f 420//445 421//445 419//445
f 419//446 418//446 423//446
f 416//447 420//447 423//447
f 422//448 420//448 417//448
f 417//449 420//449 416//449
f 424//450 425//450 426//450
f 425//451 427//451 426//451
f 430//452 247//452 428//452
f 428//453 247//453 232//453
f 247//454 233//454 232//454
f 428//455 432//455 430//455
f 432//456 431//456 430//456
f 429//457 430//457 431//457
f 436//458 435//458 437//458
f 435//459 411//459 437//459
f 437//460 411//460 434//460
f 411//461 412//461 434//461
f 436//462 438//462 433//462
f 436//463 434//463 438//463
f 436//464 437//464 434//464
f 440//465 441//465 439//465
f 439//466 441//466 442//466
f 444//467 445//467 443//467
f 446//468 445//468 444//468
f 448//469 447//469 449//469
f 446//470 444//470 450//470
f 444//468 451//468 450//468
f 450//471 451//471 452//471
f 451//468 453//468 452//468
f 452//468 453//468 454//468
f 454//468 453//468 448//468
f 449//472 454//472 448//472
f 444//473 456//473 451//473
f 456//474 457//474 451//474
f 458//475 459//475 460//475
f 459//476 461//476 460//476
f 460//477 461//477 462//477
f 457//478 463//478 451//478
f 463//479 453//479 451//479
f 458//480 464//480 459//480
f 459//481 464//481 465//481
f 466//482 467//482 468//482
f 467//483 470//483 469//483
f 468//484 467//484 469//484
f 466//485 468//485 1219//485
f 463//486 471//486 453//486
f 453//487 471//487 448//487
f 472//488 465//488 625//488
f 465//489 464//489 625//489
f 587//490 1306//490 473//490
f 1306//491 474//491 473//491
f 473//492 474//492 493//492
f 477//493 225//493 476//493
f 478//494 477//494 476//494
f 478//495 476//495 479//495
f 225//496 480//496 481//496
f 225//497 481//497 476//497
f 476//498 481//498 482//498
f 482//499 481//499 409//499
f 479//500 476//500 482//500
f 483//501 484//501 485//501
f 484//502 486//502 485//502
f 487//503 592//503 488//503
f 489//212 490//212 492//212
f 491//212 492//212 493//212
f 492//212 491//212 456//212
f 492//212 486//212 489//212
f 490//212 494//212 495//212
f 495//212 473//212 493//212
f 490//212 495//212 492//212
f 495//212 493//212 492//212
f 497//504 498//504 496//504
f 496//505 498//505 499//505
f 499//506 498//506 500//506
f 502//507 267//507 501//507
f 266//508 267//508 502//508
f 267//509 503//509 501//509
f 504//510 508//510 505//510
f 507//510 500//510 506//510
f 500//510 507//510 504//510
f 513//510 508//510 509//510
f 509//510 508//510 504//510
f 507//510 506//510 516//510
f 506//510 510//510 516//510
f 505//510 496//510 504//510
f 513//510 509//510 511//510
f 504//510 496//510 499//510
f 499//510 500//510 504//510
f 515//510 516//510 514//510
f 516//510 510//510 514//510
f 512//510 513//510 511//510
f 127//511 128//511 517//511
f 128//512 518//512 517//512
f 519//513 526//513 525//513
f 524//514 527//514 525//514
f 524//515 525//515 526//515
f 527//516 523//516 520//516
f 523//517 527//517 522//517
f 520//518 525//518 527//518
f 520//519 519//519 525//519
f 519//520 520//520 521//520
f 331//521 528//521 857//521
f 530//522 531//522 529//522
f 529//523 531//523 532//523
f 480//524 227//524 228//524
f 227//525 480//525 225//525
f 533//526 534//526 535//526
f 534//527 536//527 535//527
f 488//528 537//528 487//528
f 487//529 537//529 538//529
f 538//530 537//530 539//530
f 540//531 507//531 541//531
f 507//532 516//532 541//532
f 541//533 516//533 542//533
f 539//534 537//534 543//534
f 540//535 544//535 507//535
f 507//536 544//536 504//536
f 539//537 543//537 545//537
f 543//538 546//538 545//538
f 546//539 547//539 545//539
f 548//371 549//371 509//371
f 509//370 549//370 511//370
f 549//369 550//369 511//369
f 511//368 550//368 512//368
f 550//367 551//367 512//367
f 512//366 551//366 513//366
f 553//540 554//540 552//540
f 552//541 554//541 555//541
f 508//542 513//542 713//542
f 513//543 551//543 713//543
f 556//468 129//468 98//468
f 129//544 99//544 98//544
f 324//545 557//545 319//545
f 319//546 557//546 521//546
f 558//547 526//547 557//547
f 557//548 526//548 519//548
f 324//549 558//549 557//549
f 557//550 519//550 521//550
f 560//551 561//551 732//551
f 560//552 562//552 561//552
f 564//553 562//553 563//553
f 563//554 562//554 560//554
f 739//555 564//555 559//555
f 559//556 564//556 563//556
f 565//557 739//557 559//557
f 567//558 574//558 575//558
f 576//559 572//559 574//559
f 572//560 575//560 574//560
f 575//561 566//561 567//561
f 572//562 576//562 573//562
f 567//563 568//563 574//563
f 574//564 568//564 569//564
f 566//565 575//565 570//565
f 570//566 575//566 571//566
f 575//567 572//567 571//567
f 582//568 578//568 579//568
f 579//569 580//569 582//569
f 577//570 581//570 931//570
f 582//571 931//571 581//571
f 580//572 931//572 582//572
f 581//573 583//573 582//573
f 582//574 583//574 584//574
f 425//575 424//575 585//575
f 424//576 743//576 585//576
f 585//577 743//577 742//577
f 468//468 457//468 456//468
f 587//468 473//468 471//468
f 586//468 471//468 589//468
f 589//468 471//468 463//468
f 587//468 471//468 586//468
f 588//468 463//468 469//468
f 463//468 457//468 469//468
f 463//468 588//468 589//468
f 468//472 469//472 457//472
f 590//578 555//578 591//578
f 555//579 554//579 591//579
f 500//580 498//580 711//580
f 465//581 593//581 592//581
f 539//581 545//581 459//581
f 459//581 545//581 461//581
f 545//581 552//581 461//581
f 596//581 593//581 472//581
f 472//581 593//581 465//581
f 459//581 465//581 539//581
f 552//581 555//581 461//581
f 555//581 590//581 461//581
f 592//581 487//581 465//581
f 538//581 539//581 465//581
f 596//581 472//581 594//581
f 487//581 538//581 465//581
f 595//581 596//581 594//581
f 243//582 255//582 222//582
f 222//583 255//583 224//583
f 255//584 259//584 224//584
f 268//585 599//585 267//585
f 599//586 547//586 267//586
f 628//587 600//587 181//587
f 547//588 546//588 267//588
f 603//581 392//581 605//581
f 605//581 392//581 390//581
f 607//581 488//581 606//581
f 608//581 605//581 407//581
f 357//581 392//581 603//581
f 603//581 533//581 357//581
f 357//581 533//581 358//581
f 601//581 606//581 602//581
f 606//581 488//581 602//581
f 620//589 609//589 610//589
f 546//581 537//581 607//581
f 607//581 537//581 488//581
f 604//581 503//581 607//581
f 607//581 503//581 546//581
f 503//590 267//590 546//590
f 611//581 608//581 612//581
f 390//581 407//581 605//581
f 626//581 614//581 601//581
f 601//581 614//581 613//581
f 616//581 613//581 615//581
f 615//581 613//581 614//581
f 533//581 535//581 358//581
f 358//581 535//581 360//581
f 535//581 617//581 360//581
f 407//581 406//581 608//581
f 608//591 406//591 612//591
f 612//581 406//581 427//581
f 621//581 616//581 615//581
f 621//581 622//581 616//581
f 623//592 624//592 180//592
f 546//581 543//581 537//581
f 619//593 618//593 604//593
f 618//594 503//594 604//594
f 625//595 180//595 621//595
f 180//596 624//596 621//596
f 621//581 624//581 622//581
f 362//597 360//597 181//597
f 610//598 611//598 620//598
f 620//581 611//581 612//581
f 427//581 425//581 627//581
f 601//581 602//581 626//581
f 617//581 628//581 360//581
f 360//599 628//599 181//599
f 585//600 627//600 425//600
f 612//581 427//581 627//581
f 458//581 181//581 464//581
f 458//581 329//581 328//581
f 458//601 328//601 181//601
f 181//587 328//587 362//587
f 625//592 464//592 180//592
f 180//592 464//592 181//592
f 458//602 460//602 329//602
f 460//603 629//603 329//603
f 282//604 303//604 280//604
f 303//605 353//605 280//605
f 257//606 630//606 633//606
f 257//607 242//607 630//607
f 630//608 242//608 635//608
f 628//609 637//609 600//609
f 637//610 631//610 600//610
f 274//611 276//611 348//611
f 274//612 348//612 349//612
f 276//613 354//613 348//613
f 275//614 354//614 276//614
f 280//615 354//615 275//615
f 353//616 354//616 280//616
f 634//617 632//617 803//617
f 634//618 633//618 630//618
f 630//619 635//619 634//619
f 634//620 635//620 632//620
f 617//621 536//621 636//621
f 636//622 637//622 617//622
f 617//623 637//623 628//623
f 638//624 231//624 238//624
f 238//625 231//625 236//625
f 535//626 536//626 617//626
f 257//627 422//627 258//627
f 422//628 417//628 258//628
f 258//629 417//629 259//629
f 603//630 639//630 533//630
f 639//631 534//631 533//631
f 640//632 641//632 611//632
f 611//633 641//633 608//633
f 641//634 642//634 608//634
f 608//635 642//635 605//635
f 642//636 639//636 605//636
f 605//637 639//637 603//637
f 643//638 415//638 517//638
f 415//639 315//639 517//639
f 517//640 315//640 316//640
f 301//641 415//641 643//641
f 375//642 399//642 644//642
f 644//643 399//643 643//643
f 643//644 399//644 301//644
f 374//645 371//645 645//645
f 371//646 375//646 645//646
f 645//647 375//647 644//647
f 123//648 344//648 122//648
f 122//649 344//649 345//649
f 345//650 363//650 646//650
f 363//651 374//651 646//651
f 646//652 374//652 645//652
f 332//653 344//653 123//653
f 335//654 332//654 123//654
f 123//655 124//655 335//655
f 124//656 125//656 335//656
f 335//657 125//657 647//657
f 345//658 646//658 122//658
f 646//659 648//659 122//659
f 122//660 648//660 121//660
f 648//661 649//661 121//661
f 121//662 649//662 120//662
f 649//663 650//663 120//663
f 120//664 650//664 119//664
f 650//665 651//665 119//665
f 119//666 651//666 118//666
f 647//667 125//667 316//667
f 125//668 126//668 316//668
f 316//669 126//669 517//669
f 126//670 127//670 517//670
f 652//671 536//671 534//671
f 640//672 652//672 534//672
f 534//581 639//581 640//581
f 652//673 631//673 536//673
f 536//674 631//674 637//674
f 536//581 637//581 636//581
f 642//581 641//581 639//581
f 641//581 640//581 639//581
f 237//675 241//675 239//675
f 241//676 428//676 239//676
f 428//677 232//677 239//677
f 239//510 232//510 235//510
f 655//678 659//678 654//678
f 663//679 664//679 662//679
f 664//680 656//680 653//680
f 663//681 656//681 664//681
f 661//682 659//682 655//682
f 662//683 665//683 663//683
f 659//684 661//684 660//684
f 661//685 665//685 660//685
f 660//686 665//686 662//686
f 655//687 666//687 661//687
f 657//688 656//688 663//688
f 666//689 665//689 661//689
f 665//690 658//690 663//690
f 658//691 657//691 663//691
f 631//692 720//692 667//692
f 720//693 668//693 667//693
f 668//694 669//694 667//694
f 669//695 670//695 667//695
f 509//351 504//351 548//351
f 504//350 544//350 548//350
f 405//696 426//696 427//696
f 675//468 671//468 672//468
f 486//468 484//468 673//468
f 672//468 671//468 674//468
f 484//468 675//468 676//468
f 676//468 677//468 484//468
f 673//697 484//697 677//697
f 672//468 676//468 675//468
f 671//468 494//468 674//468
f 494//468 678//468 674//468
f 553//698 552//698 599//698
f 552//699 545//699 599//699
f 599//700 545//700 547//700
f 679//701 638//701 681//701
f 638//702 238//702 681//702
f 238//703 680//703 681//703
f 685//510 686//510 710//510
f 238//704 240//704 680//704
f 715//705 688//705 199//705
f 682//510 685//510 497//510
f 497//510 685//510 498//510
f 687//706 234//706 233//706
f 240//510 690//510 691//510
f 695//707 696//707 193//707
f 687//708 690//708 234//708
f 234//510 690//510 240//510
f 705//510 701//510 692//510
f 692//510 701//510 699//510
f 699//510 701//510 700//510
f 713//510 551//510 683//510
f 683//510 551//510 694//510
f 693//510 694//510 550//510
f 550//510 694//510 551//510
f 549//510 693//510 550//510
f 549//510 702//510 693//510
f 548//709 193//709 549//709
f 193//710 696//710 549//710
f 549//510 696//510 702//510
f 683//510 682//510 684//510
f 682//510 497//510 684//510
f 700//510 706//510 699//510
f 699//510 706//510 691//510
f 540//711 199//711 544//711
f 689//712 703//712 199//712
f 685//713 710//713 498//713
f 708//510 709//510 710//510
f 709//510 711//510 710//510
f 698//714 697//714 686//714
f 697//715 710//715 686//715
f 706//510 712//510 691//510
f 707//510 715//510 703//510
f 703//716 715//716 199//716
f 717//510 716//510 704//510
f 704//510 716//510 703//510
f 716//510 707//510 703//510
f 692//510 717//510 705//510
f 705//510 717//510 704//510
f 708//717 1134//717 709//717
f 691//718 712//718 240//718
f 240//510 712//510 680//510
f 683//510 684//510 713//510
f 711//510 498//510 710//510
f 548//707 544//707 193//707
f 193//719 544//719 199//719
f 540//720 719//720 199//720
f 199//721 719//721 689//721
f 714//510 719//510 540//510
f 541//722 718//722 540//722
f 718//510 714//510 540//510
f 652//468 610//468 720//468
f 610//723 597//723 720//723
f 597//724 721//724 720//724
f 721//725 1069//725 720//725
f 720//726 1069//726 668//726
f 1069//727 1046//727 668//727
f 722//728 598//728 667//728
f 667//729 598//729 631//729
f 600//212 631//212 723//212
f 723//212 631//212 598//212
f 722//730 667//730 724//730
f 508//731 713//731 505//731
f 713//732 684//732 505//732
f 684//733 497//733 505//733
f 725//734 956//734 726//734
f 314//735 725//735 313//735
f 313//736 725//736 726//736
f 334//737 335//737 647//737
f 334//738 318//738 293//738
f 318//739 765//739 293//739
f 293//740 765//740 766//740
f 318//741 334//741 316//741
f 316//742 334//742 647//742
f 1337//743 729//743 728//743
f 727//744 728//744 321//744
f 729//745 1337//745 1278//745
f 729//746 323//746 728//746
f 728//747 727//747 1337//747
f 323//748 326//748 728//748
f 728//749 326//749 321//749
f 565//750 730//750 731//750
f 732//751 734//751 733//751
f 734//752 561//752 735//752
f 561//753 562//753 735//753
f 732//754 561//754 734//754
f 736//755 735//755 564//755
f 735//756 562//756 564//756
f 565//757 731//757 739//757
f 731//758 738//758 739//758
f 739//759 738//759 737//759
f 739//760 737//760 564//760
f 741//761 742//761 740//761
f 740//762 742//762 743//762
f 746//468 744//468 745//468
f 747//468 218//468 245//468
f 745//468 748//468 746//468
f 746//468 748//468 245//468
f 748//468 749//468 245//468
f 747//468 245//468 749//468
f 591//763 462//763 590//763
f 590//764 462//764 461//764
f 496//765 505//765 497//765
f 740//766 442//766 741//766
f 442//767 441//767 741//767
f 750//468 751//468 752//468
f 751//468 750//468 753//468
f 754//468 298//468 297//468
f 754//697 297//697 265//697
f 752//468 755//468 750//468
f 750//468 755//468 756//468
f 298//468 756//468 755//468
f 298//468 754//468 756//468
f 569//768 585//768 574//768
f 585//769 757//769 574//769
f 757//770 758//770 574//770
f 758//771 576//771 574//771
f 759//772 576//772 758//772
f 759//773 573//773 576//773
f 573//774 759//774 760//774
f 758//775 761//775 759//775
f 759//776 761//776 760//776
f 761//777 758//777 762//777
f 762//778 758//778 763//778
f 758//779 757//779 763//779
f 763//780 757//780 460//780
f 757//781 585//781 460//781
f 585//782 629//782 460//782
f 599//783 460//783 553//783
f 460//784 462//784 553//784
f 554//510 553//510 591//510
f 553//510 462//510 591//510
f 764//785 618//785 765//785
f 618//786 766//786 765//786
f 1134//787 541//787 767//787
f 541//788 768//788 767//788
f 541//789 542//789 768//789
f 768//581 542//581 769//581
f 770//790 681//790 771//790
f 681//791 680//791 771//791
f 652//792 640//792 610//792
f 610//793 640//793 611//793
f 774//794 624//794 797//794
f 624//795 623//795 797//795
f 774//796 775//796 624//796
f 624//797 775//797 622//797
f 622//798 775//798 616//798
f 671//799 675//799 776//799
f 776//800 675//800 777//800
f 593//801 596//801 626//801
f 596//802 614//802 626//802
f 1219//803 468//803 871//803
f 468//804 456//804 871//804
f 871//805 456//805 491//805
f 417//806 223//806 259//806
f 223//807 224//807 259//807
f 780//808 784//808 779//808
f 779//809 784//809 785//809
f 778//810 779//810 781//810
f 779//811 785//811 781//811
f 781//812 785//812 782//812
f 782//813 785//813 783//813
f 780//814 963//814 784//814
f 788//815 789//815 844//815
f 791//816 787//816 789//816
f 788//817 791//817 789//817
f 789//818 790//818 844//818
f 844//819 790//819 786//819
f 790//820 789//820 792//820
f 789//821 793//821 792//821
f 793//822 794//822 792//822
f 795//823 796//823 797//823
f 796//824 798//824 797//824
f 800//825 305//825 799//825
f 285//826 290//826 305//826
f 290//827 799//827 305//827
f 676//828 727//828 677//828
f 727//829 321//829 677//829
f 632//830 231//830 802//830
f 802//831 801//831 632//831
f 801//832 803//832 632//832
f 802//833 231//833 638//833
f 802//834 638//834 801//834
f 805//835 806//835 804//835
f 804//836 806//836 807//836
f 1324//837 848//837 822//837
f 788//838 834//838 791//838
f 791//839 203//839 787//839
f 835//840 821//840 850//840
f 821//841 822//841 850//841
f 816//842 823//842 1210//842
f 824//843 823//843 825//843
f 833//844 831//844 832//844
f 834//845 204//845 791//845
f 204//846 203//846 791//846
f 817//847 818//847 835//847
f 831//848 817//848 832//848
f 832//849 817//849 835//849
f 835//850 838//850 821//850
f 1210//851 821//851 836//851
f 825//852 816//852 837//852
f 827//853 826//853 825//853
f 826//854 824//854 825//854
f 1210//855 836//855 816//855
f 839//856 840//856 836//856
f 840//857 816//857 836//857
f 815//858 842//858 837//858
f 838//859 839//859 836//859
f 840//860 814//860 815//860
f 835//861 818//861 838//861
f 821//862 838//862 836//862
f 815//863 841//863 842//863
f 814//864 841//864 815//864
f 808//865 842//865 829//865
f 842//866 813//866 829//866
f 813//867 842//867 841//867
f 834//868 788//868 843//868
f 843//869 788//869 844//869
f 786//870 826//870 809//870
f 844//871 786//871 810//871
f 810//872 786//872 809//872
f 845//873 811//873 810//873
f 810//874 811//874 812//874
f 812//875 844//875 810//875
f 819//876 820//876 846//876
f 845//877 810//877 847//877
f 847//878 846//878 845//878
f 847//879 810//879 809//879
f 845//880 846//880 820//880
f 826//881 827//881 809//881
f 840//882 815//882 816//882
f 815//883 837//883 816//883
f 816//884 825//884 823//884
f 843//885 844//885 812//885
f 846//886 847//886 808//886
f 829//887 828//887 808//887
f 808//888 828//888 846//888
f 846//889 828//889 819//889
f 837//890 842//890 825//890
f 842//891 808//891 825//891
f 825//892 808//892 827//892
f 808//893 847//893 827//893
f 827//894 847//894 809//894
f 833//895 849//895 202//895
f 848//896 1324//896 202//896
f 202//897 1324//897 787//897
f 833//898 832//898 849//898
f 848//899 202//899 849//899
f 849//900 835//900 850//900
f 848//901 850//901 822//901
f 787//902 203//902 202//902
f 849//903 850//903 848//903
f 835//904 849//904 832//904
f 484//905 483//905 675//905
f 483//906 777//906 675//906
f 593//907 626//907 592//907
f 626//908 602//908 592//908
f 602//909 488//909 592//909
f 191//910 1190//910 851//910
f 1190//911 176//911 851//911
f 851//912 176//912 852//912
f 853//913 1190//913 858//913
f 176//914 855//914 177//914
f 177//915 855//915 1264//915
f 191//916 190//916 856//916
f 856//917 190//917 1040//917
f 191//918 856//918 860//918
f 1190//919 863//919 858//919
f 204//920 834//920 854//920
f 331//921 857//921 783//921
f 857//922 859//922 783//922
f 312//923 313//923 853//923
f 853//924 313//924 1190//924
f 1190//925 313//925 176//925
f 313//926 726//926 176//926
f 1190//927 205//927 854//927
f 854//928 205//928 204//928
f 834//929 843//929 854//929
f 191//930 860//930 1190//930
f 1190//931 860//931 205//931
f 854//932 843//932 812//932
f 845//933 820//933 861//933
f 783//934 859//934 862//934
f 726//935 855//935 176//935
f 861//936 811//936 845//936
f 861//937 820//937 475//937
f 783//938 862//938 863//938
f 783//939 863//939 1190//939
f 812//940 811//940 854//940
f 854//941 811//941 861//941
f 868//942 865//942 867//942
f 865//943 869//943 864//943
f 869//944 868//944 870//944
f 305//945 800//945 864//945
f 864//946 800//946 866//946
f 869//947 865//947 868//947
f 865//948 864//948 866//948
f 800//949 867//949 866//949
f 867//950 865//950 866//950
f 625//951 621//951 472//951
f 472//952 621//952 594//952
f 621//953 615//953 594//953
f 594//954 615//954 595//954
f 615//955 614//955 595//955
f 595//956 614//956 596//956
f 873//957 872//957 491//957
f 872//958 871//958 491//958
f 493//959 873//959 491//959
f 873//960 493//960 474//960
f 776//961 878//961 877//961
f 879//962 485//962 880//962
f 485//468 881//468 483//468
f 879//468 882//468 485//468
f 882//468 881//468 485//468
f 878//963 776//963 883//963
f 883//470 777//470 881//470
f 777//468 483//468 881//468
f 776//468 777//468 883//468
f 877//964 897//964 495//964
f 495//965 897//965 447//965
f 878//966 896//966 877//966
f 877//967 896//967 897//967
f 896//968 878//968 898//968
f 898//969 878//969 899//969
f 878//970 883//970 899//970
f 881//971 286//971 883//971
f 883//972 286//972 899//972
f 900//973 286//973 881//973
f 882//974 895//974 881//974
f 895//975 900//975 881//975
f 895//976 882//976 901//976
f 882//977 879//977 901//977
f 901//978 879//978 902//978
f 879//979 880//979 902//979
f 902//980 880//980 903//980
f 880//981 492//981 903//981
f 492//982 443//982 903//982
f 903//983 443//983 904//983
f 894//984 904//984 445//984
f 445//985 904//985 443//985
f 894//986 445//986 905//986
f 445//987 446//987 905//987
f 446//988 450//988 905//988
f 398//989 388//989 452//989
f 450//990 452//990 388//990
f 388//991 387//991 450//991
f 905//992 450//992 906//992
f 450//993 387//993 906//993
f 387//994 398//994 906//994
f 906//995 398//995 452//995
f 454//996 907//996 452//996
f 907//997 906//997 452//997
f 449//998 908//998 454//998
f 908//999 907//999 454//999
f 447//1000 909//1000 449//1000
f 909//1001 908//1001 449//1001
f 897//1002 909//1002 447//1002
f 920//212 130//212 651//212
f 130//1003 118//1003 651//1003
f 921//1004 922//1004 923//1004
f 923//1005 925//1005 921//1005
f 923//1006 922//1006 1004//1006
f 922//1007 924//1007 1004//1007
f 1004//1008 924//1008 999//1008
f 1277//1009 926//1009 921//1009
f 921//1010 926//1010 922//1010
f 926//1011 924//1011 922//1011
f 931//1012 580//1012 858//1012
f 936//1013 927//1013 937//1013
f 940//1014 935//1014 1273//1014
f 941//1015 1273//1015 935//1015
f 957//1016 944//1016 939//1016
f 725//1017 578//1017 939//1017
f 725//1018 314//1018 578//1018
f 853//1019 579//1019 578//1019
f 953//1020 577//1020 931//1020
f 928//1021 936//1021 930//1021
f 853//1022 578//1022 312//1022
f 578//1023 314//1023 312//1023
f 948//1024 1006//1024 946//1024
f 938//1025 949//1025 948//1025
f 951//1026 949//1026 942//1026
f 947//1027 957//1027 942//1027
f 957//1028 939//1028 942//1028
f 942//1029 1333//1029 941//1029
f 951//1030 942//1030 941//1030
f 1273//1031 941//1031 1333//1031
f 936//1032 937//1032 940//1032
f 941//1033 935//1033 934//1033
f 934//1034 951//1034 941//1034
f 940//1035 937//1035 935//1035
f 933//1036 952//1036 935//1036
f 952//1037 934//1037 935//1037
f 935//1038 937//1038 933//1038
f 773//1039 932//1039 943//1039
f 773//1040 933//1040 932//1040
f 858//1041 580//1041 853//1041
f 580//1042 579//1042 853//1042
f 858//1043 863//1043 931//1043
f 931//1044 862//1044 953//1044
f 857//1045 929//1045 859//1045
f 954//1046 859//1046 929//1046
f 954//1047 953//1047 859//1047
f 953//1048 862//1048 859//1048
f 863//1049 862//1049 931//1049
f 955//1050 927//1050 954//1050
f 954//1051 927//1051 953//1051
f 927//1052 928//1052 953//1052
f 953//1053 930//1053 577//1053
f 928//1054 927//1054 936//1054
f 927//1055 950//1055 937//1055
f 857//1056 528//1056 929//1056
f 955//1057 954//1057 929//1057
f 950//1058 927//1058 955//1058
f 932//1059 950//1059 943//1059
f 950//1060 955//1060 943//1060
f 955//1061 929//1061 943//1061
f 943//1062 929//1062 528//1062
f 930//1063 953//1063 928//1063
f 950//1064 932//1064 937//1064
f 937//1065 932//1065 933//1065
f 725//1066 939//1066 944//1066
f 957//1067 958//1067 944//1067
f 944//1068 958//1068 956//1068
f 938//1069 945//1069 956//1069
f 945//1070 938//1070 946//1070
f 938//1071 948//1071 946//1071
f 958//1072 957//1072 947//1072
f 938//1073 947//1073 949//1073
f 949//1074 947//1074 942//1074
f 956//1075 725//1075 944//1075
f 956//1076 958//1076 938//1076
f 958//1077 947//1077 938//1077
f 681//1078 770//1078 679//1078
f 770//1079 532//1079 679//1079
f 679//1080 532//1080 531//1080
f 764//1081 501//1081 618//1081
f 501//1082 503//1082 618//1082
f 959//581 718//581 679//581
f 679//581 530//581 959//581
f 530//581 960//581 959//581
f 679//581 531//581 530//581
f 919//1083 911//1083 914//1083
f 914//1084 915//1084 910//1084
f 911//1085 912//1085 914//1085
f 914//1086 912//1086 913//1086
f 915//1087 916//1087 910//1087
f 914//1088 917//1088 918//1088
f 918//1089 919//1089 914//1089
f 917//1090 914//1090 910//1090
f 216//1091 961//1091 1113//1091
f 769//1092 542//1092 515//1092
f 515//1093 542//1093 516//1093
f 669//1094 1066//1094 670//1094
f 1066//1095 1050//1095 670//1095
f 589//1096 1293//1096 586//1096
f 586//1097 1293//1097 962//1097
f 762//1098 1391//1098 349//1098
f 1391//1099 273//1099 349//1099
f 269//1100 1391//1100 763//1100
f 763//1101 1391//1101 762//1101
f 268//1102 269//1102 763//1102
f 460//1103 268//1103 763//1103
f 268//1104 460//1104 599//1104
f 349//1105 761//1105 762//1105
f 963//1106 780//1106 964//1106
f 778//1107 799//1107 779//1107
f 799//1108 965//1108 779//1108
f 779//1109 965//1109 780//1109
f 965//1110 964//1110 780//1110
f 966//1111 706//1111 700//1111
f 968//1112 633//1112 634//1112
f 968//1113 803//1113 969//1113
f 803//1114 801//1114 969//1114
f 969//1115 801//1115 541//1115
f 801//1116 638//1116 541//1116
f 541//1117 638//1117 718//1117
f 679//1118 718//1118 638//1118
f 803//1119 968//1119 634//1119
f 968//1120 967//1120 633//1120
f 767//1121 768//1121 510//1121
f 510//1122 768//1122 514//1122
f 970//1123 680//1123 712//1123
f 712//1124 706//1124 970//1124
f 970//1125 706//1125 971//1125
f 971//1126 706//1126 966//1126
f 431//1127 432//1127 22//1127
f 22//1128 23//1128 431//1128
f 23//1129 24//1129 431//1129
f 431//1130 24//1130 429//1130
f 24//1131 25//1131 429//1131
f 429//1132 25//1132 972//1132
f 662//1133 664//1133 973//1133
f 973//1134 664//1134 974//1134
f 27//1135 974//1135 975//1135
f 27//1136 975//1136 26//1136
f 26//1137 975//1137 25//1137
f 25//1138 975//1138 972//1138
f 659//1139 660//1139 976//1139
f 976//1140 662//1140 973//1140
f 660//1141 662//1141 976//1141
f 977//1142 979//1142 659//1142
f 977//1143 659//1143 976//1143
f 978//1144 455//1144 979//1144
f 978//1145 979//1145 977//1145
f 432//1146 980//1146 981//1146
f 980//1147 982//1147 981//1147
f 981//1148 982//1148 978//1148
f 978//1149 982//1149 455//1149
f 432//1150 981//1150 22//1150
f 22//1151 981//1151 21//1151
f 974//1152 27//1152 973//1152
f 973//1153 27//1153 983//1153
f 27//1154 28//1154 983//1154
f 28//1155 29//1155 983//1155
f 983//1156 29//1156 984//1156
f 984//1157 29//1157 985//1157
f 29//1158 30//1158 985//1158
f 30//1159 31//1159 985//1159
f 985//1160 31//1160 986//1160
f 988//1161 989//1161 987//1161
f 987//1162 990//1162 988//1162
f 988//1163 990//1163 991//1163
f 991//1164 990//1164 992//1164
f 987//510 989//510 994//510
f 989//510 993//510 994//510
f 993//510 995//510 994//510
f 990//510 996//510 992//510
f 515//767 514//767 769//767
f 514//766 768//766 769//766
f 556//581 518//581 129//581
f 518//581 128//581 129//581
f 652//1165 720//1165 631//1165
f 1002//1166 997//1166 1001//1166
f 1001//1167 925//1167 1002//1167
f 923//1168 1002//1168 925//1168
f 1002//1169 923//1169 1003//1169
f 923//1170 1004//1170 1003//1170
f 1003//1171 1004//1171 999//1171
f 997//1172 1003//1172 998//1172
f 1003//1173 1000//1173 998//1173
f 997//1174 1002//1174 1003//1174
f 1003//1175 999//1175 1000//1175
f 796//1176 795//1176 1005//1176
f 795//1177 1006//1177 1005//1177
f 1006//1178 1007//1178 1005//1178
f 1007//1179 1008//1179 1005//1179
f 970//1180 771//1180 680//1180
f 920//510 1009//510 130//510
f 1009//510 131//510 130//510
f 598//1181 597//1181 723//1181
f 597//1182 610//1182 723//1182
f 723//1183 610//1183 600//1183
f 949//1184 1007//1184 948//1184
f 1007//1185 1006//1185 948//1185
f 946//1186 1006//1186 855//1186
f 726//1187 945//1187 855//1187
f 945//1188 946//1188 855//1188
f 956//1189 945//1189 726//1189
f 1011//1190 522//1190 527//1190
f 1010//1191 1001//1191 997//1191
f 1010//1192 997//1192 1011//1192
f 524//1193 1010//1193 1011//1193
f 1011//1194 997//1194 998//1194
f 1011//1195 527//1195 524//1195
f 1011//1196 998//1196 522//1196
f 697//1197 698//1197 1012//1197
f 1012//1198 698//1198 695//1198
f 216//1199 1013//1199 961//1199
f 1013//1200 1014//1200 961//1200
f 1015//1201 1016//1201 1013//1201
f 1013//1202 1016//1202 1014//1202
f 1017//1203 1018//1203 192//1203
f 1018//1204 1016//1204 192//1204
f 192//1205 178//1205 1017//1205
f 192//1206 1012//1206 193//1206
f 1012//1207 695//1207 193//1207
f 192//1208 1019//1208 1012//1208
f 1016//1209 1015//1209 192//1209
f 1015//1210 1019//1210 192//1210
f 1021//1211 1022//1211 1020//1211
f 1020//1212 1022//1212 1023//1212
f 967//1213 422//1213 633//1213
f 422//1214 257//1214 633//1214
f 421//1215 967//1215 1025//1215
f 967//1216 1026//1216 1025//1216
f 421//1217 422//1217 967//1217
f 1027//1218 1028//1218 1026//1218
f 1028//1219 1025//1219 1026//1219
f 411//1220 435//1220 1029//1220
f 1029//1221 435//1221 1030//1221
f 435//1222 1079//1222 1030//1222
f 477//1223 478//1223 1031//1223
f 1031//1224 478//1224 1032//1224
f 478//1225 479//1225 1032//1225
f 479//1226 414//1226 1032//1226
f 1029//1227 1033//1227 411//1227
f 411//1228 1033//1228 414//1228
f 1034//1229 1024//1229 1027//1229
f 1027//1230 1024//1230 1028//1230
f 1034//1231 1035//1231 1024//1231
f 1035//1232 1030//1232 1024//1232
f 1024//1233 1030//1233 1079//1233
f 1036//1234 813//1234 1037//1234
f 190//1235 200//1235 1038//1235
f 200//1236 1037//1236 1038//1236
f 1038//1237 1037//1237 830//1237
f 1037//1238 813//1238 830//1238
f 829//1239 813//1239 1036//1239
f 1036//1240 861//1240 829//1240
f 828//1241 861//1241 475//1241
f 861//1242 828//1242 829//1242
f 688//1243 687//1243 1330//1243
f 687//1244 233//1244 1330//1244
f 1330//1245 233//1245 1039//1245
f 1038//1246 1040//1246 190//1246
f 688//1247 1330//1247 199//1247
f 1330//1248 1037//1248 199//1248
f 199//1249 1037//1249 200//1249
f 440//1250 439//1250 629//1250
f 439//1251 330//1251 629//1251
f 629//1252 330//1252 329//1252
f 731//1253 1076//1253 738//1253
f 1054//1254 1062//1254 1053//1254
f 1053//1255 206//1255 730//1255
f 1063//1256 737//1256 1078//1256
f 737//1257 738//1257 1078//1257
f 1048//1258 736//1258 564//1258
f 735//1259 736//1259 1055//1259
f 1061//1260 1059//1260 1060//1260
f 1062//1261 208//1261 1053//1261
f 208//1262 206//1262 1053//1262
f 1049//1263 1050//1263 1063//1263
f 1059//1264 1049//1264 1060//1264
f 1060//1265 1049//1265 1063//1265
f 1063//1266 1066//1266 737//1266
f 564//1267 737//1267 1064//1267
f 1055//1268 1048//1268 1065//1268
f 1056//1269 734//1269 1055//1269
f 734//1270 735//1270 1055//1270
f 564//1271 1064//1271 1048//1271
f 1067//1272 1068//1272 1064//1272
f 1068//1273 1048//1273 1064//1273
f 1047//1274 1070//1274 1065//1274
f 1066//1275 1067//1275 1064//1275
f 1068//1276 1046//1276 1047//1276
f 1063//1277 1050//1277 1066//1277
f 737//1278 1066//1278 1064//1278
f 1047//1279 1069//1279 1070//1279
f 1046//1280 1069//1280 1047//1280
f 1041//1281 1070//1281 1058//1281
f 1070//1282 721//1282 1058//1282
f 721//1283 1070//1283 1069//1283
f 1062//1284 1054//1284 1071//1284
f 1071//1285 1054//1285 1072//1285
f 733//1286 734//1286 1042//1286
f 1072//1287 733//1287 1043//1287
f 1043//1288 733//1288 1042//1288
f 1073//1289 1044//1289 1043//1289
f 1043//1290 1044//1290 1045//1290
f 1045//1291 1072//1291 1043//1291
f 1051//1292 1052//1292 1074//1292
f 1073//1293 1043//1293 1075//1293
f 1075//1294 1074//1294 1073//1294
f 1075//1295 1043//1295 1042//1295
f 1073//1296 1074//1296 1052//1296
f 734//1297 1056//1297 1042//1297
f 1068//1298 1047//1298 1048//1298
f 1047//1299 1065//1299 1048//1299
f 1048//1300 1055//1300 736//1300
f 1071//1301 1072//1301 1045//1301
f 1074//1302 1075//1302 1041//1302
f 1058//1303 1057//1303 1041//1303
f 1041//1304 1057//1304 1074//1304
f 1074//1305 1057//1305 1051//1305
f 1065//1306 1070//1306 1055//1306
f 1070//1307 1041//1307 1055//1307
f 1055//1308 1041//1308 1056//1308
f 1041//1309 1075//1309 1056//1309
f 1056//1310 1075//1310 1042//1310
f 1061//1311 1077//1311 209//1311
f 1076//1312 731//1312 209//1312
f 209//1313 731//1313 730//1313
f 1061//1314 1060//1314 1077//1314
f 1076//1315 209//1315 1077//1315
f 1077//1316 1063//1316 1078//1316
f 1076//1317 1078//1317 738//1317
f 730//1318 206//1318 209//1318
f 1077//1319 1078//1319 1076//1319
f 1063//1320 1077//1320 1060//1320
f 1079//1321 1081//1321 1024//1321
f 1024//1322 1081//1322 1194//1322
f 1194//1323 1081//1323 1080//1323
f 435//1324 436//1324 1079//1324
f 1079//1325 436//1325 1081//1325
f 436//1326 433//1326 1081//1326
f 1080//1327 1081//1327 433//1327
f 972//1328 975//1328 1082//1328
f 1084//1329 430//1329 972//1329
f 430//1330 429//1330 972//1330
f 1083//1331 430//1331 1084//1331
f 972//1332 1082//1332 1084//1332
f 1082//1333 244//1333 1084//1333
f 1084//1334 244//1334 1083//1334
f 241//1335 230//1335 980//1335
f 230//1336 455//1336 980//1336
f 455//1337 982//1337 980//1337
f 1086//1338 1085//1338 1087//1338
f 1086//1339 1087//1339 1091//1339
f 1091//510 1087//510 1088//510
f 1086//1340 1090//1340 1085//1340
f 1085//1341 1090//1341 1089//1341
f 1094//510 1091//510 1088//510
f 1085//510 1089//510 1092//510
f 1093//510 1094//510 1088//510
f 724//1342 667//1342 1059//1342
f 1059//1343 1061//1343 724//1343
f 724//1344 1061//1344 1095//1344
f 209//1345 1095//1345 1061//1345
f 1059//1346 667//1346 1049//1346
f 667//1347 670//1347 1049//1347
f 1049//1348 670//1348 1050//1348
f 419//1349 1098//1349 418//1349
f 418//1350 1098//1350 1096//1350
f 1025//1351 1028//1351 1097//1351
f 1025//1352 1097//1352 1098//1352
f 1098//1353 419//1353 1025//1353
f 1025//1354 419//1354 421//1354
f 1098//1355 1097//1355 1096//1355
f 241//1356 980//1356 432//1356
f 432//1357 428//1357 241//1357
f 887//1358 891//1358 886//1358
f 885//1359 886//1359 891//1359
f 887//1360 888//1360 884//1360
f 884//1361 888//1361 889//1361
f 887//1362 884//1362 890//1362
f 891//1363 887//1363 890//1363
f 892//1364 893//1364 891//1364
f 891//1365 893//1365 885//1365
f 1099//510 1100//510 1101//510
f 1100//510 1104//510 1101//510
f 1101//510 1104//510 1102//510
f 1099//510 1103//510 1100//510
f 1101//510 1105//510 1099//510
f 1105//510 1106//510 1099//510
f 1107//468 1108//468 1109//468
f 1108//468 1110//468 1109//468
f 1111//1366 183//1366 174//1366
f 183//1367 1316//1367 174//1367
f 174//1368 1316//1368 1317//1368
f 1114//1369 1228//1369 1111//1369
f 183//1370 1112//1370 178//1370
f 178//1371 1112//1371 1017//1371
f 174//1372 186//1372 724//1372
f 724//1373 186//1373 722//1373
f 174//1374 724//1374 1095//1374
f 1111//1375 1117//1375 1114//1375
f 1132//1376 208//1376 1062//1376
f 216//1377 1113//1377 1013//1377
f 1113//1378 1115//1378 1013//1378
f 211//1379 212//1379 1228//1379
f 1228//1380 212//1380 1111//1380
f 1111//1381 212//1381 183//1381
f 212//1382 215//1382 183//1382
f 1111//1383 207//1383 1132//1383
f 1132//1384 207//1384 208//1384
f 1062//1385 1071//1385 1132//1385
f 174//1386 1095//1386 1111//1386
f 1111//1387 1095//1387 207//1387
f 1071//1388 1045//1388 1132//1388
f 1073//1389 1052//1389 570//1389
f 1013//1390 1115//1390 1116//1390
f 215//1391 1112//1391 183//1391
f 570//1392 1044//1392 1073//1392
f 570//1393 1052//1393 210//1393
f 1013//1394 1117//1394 1111//1394
f 1116//1395 1117//1395 1013//1395
f 1045//1396 1044//1396 1132//1396
f 1132//1397 1044//1397 570//1397
f 52//1398 67//1398 51//1398
f 51//1399 1118//1399 50//1399
f 46//1400 1119//1400 45//1400
f 43//1401 1120//1401 42//1401
f 42//1402 75//1402 40//1402
f 41//1403 72//1403 39//1403
f 50//1404 1118//1404 49//1404
f 38//1405 69//1405 53//1405
f 49//1406 1121//1406 47//1406
f 45//1407 1120//1407 43//1407
f 40//1408 75//1408 41//1408
f 53//1409 67//1409 52//1409
f 1121//1410 1122//1410 47//1410
f 47//1411 1122//1411 46//1411
f 1122//1412 1119//1412 46//1412
f 72//1413 70//1413 39//1413
f 39//1414 70//1414 38//1414
f 70//1415 69//1415 38//1415
f 1109//1416 913//1416 912//1416
f 915//1417 914//1417 906//1417
f 912//1418 911//1418 1109//1418
f 1109//1419 911//1419 1107//1419
f 1107//1420 911//1420 919//1420
f 914//1421 913//1421 906//1421
f 906//1422 913//1422 1109//1422
f 918//1423 917//1423 897//1423
f 897//1424 917//1424 909//1424
f 909//1425 917//1425 908//1425
f 917//1426 910//1426 908//1426
f 919//1427 918//1427 1107//1427
f 1107//1428 918//1428 897//1428
f 906//1429 907//1429 915//1429
f 915//1430 907//1430 916//1430
f 916//1431 907//1431 910//1431
f 907//1432 908//1432 910//1432
f 1213//1433 616//1433 775//1433
f 1125//1434 1126//1434 1111//1434
f 1126//1435 1013//1435 1111//1435
f 1128//1436 1126//1436 1127//1436
f 1127//1437 1126//1437 1125//1437
f 1123//1438 1128//1438 1127//1438
f 1124//1439 1128//1439 1123//1439
f 1127//1440 1125//1440 1131//1440
f 1129//1441 1123//1441 1130//1441
f 1123//1442 1127//1442 1130//1442
f 1130//1443 1127//1443 1131//1443
f 1125//1444 1111//1444 1132//1444
f 1131//1445 1125//1445 1132//1445
f 456//1446 444//1446 492//1446
f 444//1447 443//1447 492//1447
f 1133//1448 1012//1448 1137//1448
f 1012//1449 1134//1449 1137//1449
f 1135//1450 1134//1450 1136//1450
f 1012//1451 1133//1451 697//1451
f 1137//1452 1134//1452 1135//1452
f 1134//1453 1138//1453 1136//1453
f 959//1454 960//1454 1139//1454
f 1139//1455 960//1455 1140//1455
f 239//1456 235//1456 240//1456
f 235//1457 234//1457 240//1457
f 1248//1458 1231//1458 1141//1458
f 1141//1459 1231//1459 1142//1459
f 1231//1460 1249//1460 1142//1460
f 1143//1461 814//1461 1144//1461
f 814//1462 840//1462 1144//1462
f 840//1463 839//1463 1144//1463
f 839//1464 838//1464 1144//1464
f 502//1465 501//1465 317//1465
f 501//1466 765//1466 317//1466
f 317//1467 765//1467 318//1467
f 501//581 764//581 765//581
f 664//1468 653//1468 974//1468
f 974//1469 653//1469 246//1469
f 566//1470 721//1470 567//1470
f 186//1471 185//1471 598//1471
f 185//1472 567//1472 598//1472
f 598//1473 567//1473 597//1473
f 567//1474 721//1474 597//1474
f 1058//1475 721//1475 566//1475
f 566//1476 570//1476 1058//1476
f 1057//1477 570//1477 210//1477
f 570//1478 1057//1478 1058//1478
f 600//1479 610//1479 568//1479
f 610//1480 609//1480 568//1480
f 568//1481 609//1481 569//1481
f 598//1482 722//1482 186//1482
f 600//1483 568//1483 181//1483
f 181//1484 568//1484 185//1484
f 568//1485 567//1485 185//1485
f 1145//1486 62//1486 59//1486
f 90//1487 82//1487 1146//1487
f 82//1488 42//1488 1146//1488
f 42//1489 1120//1489 1146//1489
f 1146//1490 1120//1490 1147//1490
f 1120//1491 45//1491 1147//1491
f 1147//1492 45//1492 1148//1492
f 45//1493 1119//1493 1148//1493
f 1119//156 1122//156 1149//156
f 1149//1494 1122//1494 1121//1494
f 66//1495 1150//1495 51//1495
f 51//1496 1150//1496 1118//1496
f 1146//1497 1147//1497 1151//1497
f 1148//1498 1119//1498 1152//1498
f 1152//1499 1119//1499 1149//1499
f 1149//1500 1121//1500 1153//1500
f 1121//1501 49//1501 1153//1501
f 1153//1502 49//1502 1154//1502
f 49//1503 1118//1503 1154//1503
f 1154//1504 1118//1504 1155//1504
f 1118//1505 1150//1505 1155//1505
f 1155//1506 1150//1506 1156//1506
f 1150//1507 66//1507 1156//1507
f 1151//1508 1147//1508 1157//1508
f 1147//1509 1148//1509 1157//1509
f 1157//1510 1148//1510 1158//1510
f 1148//1511 1152//1511 1158//1511
f 1152//1512 1149//1512 1159//1512
f 1149//1513 1153//1513 1159//1513
f 1156//1514 66//1514 65//1514
f 90//1515 1146//1515 93//1515
f 1146//1516 1151//1516 93//1516
f 1151//1517 1157//1517 93//1517
f 1158//1518 1152//1518 1159//1518
f 1159//1519 1153//1519 1160//1519
f 1153//1520 1154//1520 1160//1520
f 1160//1521 1154//1521 1161//1521
f 1154//1522 1155//1522 1161//1522
f 1161//1523 1155//1523 1162//1523
f 1155//1524 1156//1524 1162//1524
f 1162//1525 1156//1525 64//1525
f 1156//1526 65//1526 64//1526
f 93//1527 1157//1527 1163//1527
f 1157//1528 1158//1528 1163//1528
f 1163//1529 1158//1529 1164//1529
f 1158//1530 1159//1530 1164//1530
f 1164//1531 1159//1531 1165//1531
f 1159//1532 1160//1532 1165//1532
f 1160//1533 1161//1533 1166//1533
f 1161//1534 1162//1534 1166//1534
f 93//1535 1163//1535 97//1535
f 97//1536 1163//1536 1167//1536
f 1163//1537 1164//1537 1167//1537
f 1165//1538 1160//1538 1168//1538
f 1160//1539 1166//1539 1168//1539
f 1166//1540 1162//1540 63//1540
f 1162//1541 64//1541 63//1541
f 1167//1542 1164//1542 1145//1542
f 1164//1543 1165//1543 1145//1543
f 1165//1544 1168//1544 1145//1544
f 1168//1545 1166//1545 63//1545
f 97//1546 1167//1546 59//1546
f 59//1547 1167//1547 1145//1547
f 1145//1548 1168//1548 62//1548
f 1168//1549 63//1549 62//1549
f 1261//1550 1262//1550 1108//1550
f 1169//1551 1170//1551 898//1551
f 1262//1552 1171//1552 1108//1552
f 1108//1553 1171//1553 1172//1553
f 898//1554 1170//1554 896//1554
f 1170//1555 1173//1555 896//1555
f 1171//1556 1174//1556 1172//1556
f 1172//1557 1174//1557 899//1557
f 1174//1558 1175//1558 899//1558
f 1169//1559 898//1559 1175//1559
f 898//1559 899//1559 1175//1559
f 1176//1560 1177//1560 897//1560
f 897//1561 1177//1561 1107//1561
f 1177//1562 1261//1562 1107//1562
f 1107//1563 1261//1563 1108//1563
f 896//1564 1173//1564 897//1564
f 1173//1560 1176//1560 897//1560
f 1180//1565 1179//1565 1182//1565
f 1178//1566 1181//1566 1227//1566
f 1180//1567 1227//1567 1181//1567
f 1182//1568 1227//1568 1180//1568
f 1181//1569 1184//1569 1180//1569
f 1180//1570 1184//1570 1183//1570
f 1186//1571 782//1571 783//1571
f 781//1572 782//1572 1187//1572
f 1187//1573 782//1573 1186//1573
f 1185//1574 781//1574 1187//1574
f 778//1575 781//1575 1185//1575
f 1187//1576 1186//1576 1189//1576
f 1029//1577 1185//1577 1188//1577
f 1185//1578 1187//1578 1188//1578
f 1188//1579 1187//1579 1189//1579
f 1189//1580 1186//1580 1190//1580
f 1186//1581 783//1581 1190//1581
f 877//1582 495//1582 776//1582
f 495//1583 494//1583 776//1583
f 776//1584 494//1584 671//1584
f 1028//1585 1193//1585 1097//1585
f 1028//1586 1024//1586 1193//1586
f 1024//1587 1194//1587 1193//1587
f 1193//1588 1194//1588 1192//1588
f 1097//1589 1191//1589 1096//1589
f 1193//1590 1192//1590 1191//1590
f 1194//1591 1080//1591 1192//1591
f 1097//1592 1193//1592 1191//1592
f 974//1593 244//1593 975//1593
f 975//1594 244//1594 1082//1594
f 974//1595 246//1595 244//1595
f 1057//1596 210//1596 1051//1596
f 210//1597 1052//1597 1051//1597
f 761//1598 1195//1598 760//1598
f 1198//1599 1197//1599 1196//1599
f 1196//1600 1197//1600 761//1600
f 1197//1601 1195//1601 761//1601
f 1299//1602 1198//1602 1196//1602
f 1199//1603 1299//1603 1034//1603
f 1200//1604 1201//1604 1129//1604
f 1129//1605 1201//1605 1202//1605
f 1201//1606 1301//1606 1202//1606
f 573//1607 1221//1607 1203//1607
f 1203//1608 1284//1608 573//1608
f 1129//1609 1204//1609 1200//1609
f 1200//1610 1204//1610 1284//1610
f 573//1611 760//1611 1221//1611
f 1301//1612 1199//1612 1202//1612
f 1202//1613 1199//1613 1034//1613
f 951//1614 934//1614 1008//1614
f 1008//1615 934//1615 1005//1615
f 934//1616 952//1616 1005//1616
f 217//1617 247//1617 430//1617
f 217//1618 430//1618 1083//1618
f 217//1619 1083//1619 218//1619
f 1083//1620 244//1620 218//1620
f 1205//1621 1184//1621 1181//1621
f 1205//1622 1206//1622 1184//1622
f 1183//1623 1322//1623 1180//1623
f 1207//1624 1322//1624 1183//1624
f 1184//1625 1207//1625 1183//1625
f 1184//1626 1206//1626 1207//1626
f 792//1627 1208//1627 790//1627
f 792//1628 1209//1628 1208//1628
f 1210//1629 1209//1629 794//1629
f 794//1630 1209//1630 792//1630
f 1325//1631 1210//1631 793//1631
f 793//1632 1210//1632 794//1632
f 789//1633 1325//1633 793//1633
f 455//1634 261//1634 979//1634
f 659//1635 979//1635 654//1635
f 979//1636 261//1636 654//1636
f 798//1449 1212//1449 1211//1449
f 1211//1637 1213//1637 798//1637
f 798//1638 1213//1638 797//1638
f 797//1639 1213//1639 774//1639
f 1211//581 1212//581 1215//581
f 1213//581 775//581 774//581
f 1212//581 1214//581 1215//581
f 1214//581 1216//581 1215//581
f 1217//468 34//468 1//468
f 34//544 2//544 1//544
f 619//468 798//468 1218//468
f 798//468 796//468 1218//468
f 1218//1640 796//1640 773//1640
f 933//1641 1005//1641 952//1641
f 1005//1642 933//1642 796//1642
f 796//1643 933//1643 773//1643
f 1221//1644 1220//1644 1203//1644
f 467//1645 1221//1645 470//1645
f 1219//1646 1222//1646 466//1646
f 467//1647 1220//1647 1221//1647
f 1220//1648 467//1648 1222//1648
f 1222//1649 467//1649 466//1649
f 1203//1650 1220//1650 1222//1650
f 1227//1651 1182//1651 1114//1651
f 1233//1652 1223//1652 1234//1652
f 1237//1653 1232//1653 1207//1653
f 1238//1654 1207//1654 1232//1654
f 1254//1655 1240//1655 1236//1655
f 214//1656 1179//1656 1236//1656
f 214//1657 213//1657 1179//1657
f 1250//1658 1178//1658 1227//1658
f 1224//1659 1233//1659 1226//1659
f 1228//1660 1179//1660 211//1660
f 1179//1661 213//1661 211//1661
f 1245//1662 1243//1662 1242//1662
f 1235//1663 1246//1663 1245//1663
f 1248//1664 1246//1664 1239//1664
f 1244//1665 1254//1665 1239//1665
f 1254//1666 1236//1666 1239//1666
f 1239//1667 1323//1667 1238//1667
f 1248//1668 1239//1668 1238//1668
f 1207//1669 1238//1669 1323//1669
f 1233//1670 1234//1670 1237//1670
f 1238//1671 1232//1671 1231//1671
f 1231//1672 1248//1672 1238//1672
f 1237//1673 1234//1673 1232//1673
f 1230//1674 1249//1674 1232//1674
f 1249//1675 1231//1675 1232//1675
f 1232//1676 1234//1676 1230//1676
f 1016//1677 1229//1677 1014//1677
f 1016//1678 1230//1678 1229//1678
f 1114//1679 1182//1679 1228//1679
f 1228//1680 1182//1680 1179//1680
f 1114//1681 1117//1681 1227//1681
f 1227//1682 1116//1682 1250//1682
f 1113//1683 1225//1683 1115//1683
f 1251//1684 1115//1684 1225//1684
f 1251//1685 1250//1685 1115//1685
f 1250//1686 1116//1686 1115//1686
f 1117//1687 1116//1687 1227//1687
f 1252//1688 1223//1688 1251//1688
f 1251//1689 1223//1689 1250//1689
f 1223//1690 1224//1690 1250//1690
f 1250//1691 1226//1691 1178//1691
f 1224//1692 1223//1692 1233//1692
f 1223//1693 1247//1693 1234//1693
f 1113//1694 961//1694 1225//1694
f 1252//1695 1251//1695 1225//1695
f 1247//1696 1223//1696 1252//1696
f 1229//1697 1247//1697 1014//1697
f 1247//1698 1252//1698 1014//1698
f 1252//1699 1225//1699 1014//1699
f 1014//1700 1225//1700 961//1700
f 1226//1701 1250//1701 1224//1701
f 1247//1702 1229//1702 1234//1702
f 1234//1703 1229//1703 1230//1703
f 214//1704 1236//1704 1240//1704
f 1254//1705 1255//1705 1240//1705
f 1240//1706 1255//1706 1253//1706
f 1235//1707 1241//1707 1253//1707
f 1241//1708 1235//1708 1242//1708
f 1235//1709 1245//1709 1242//1709
f 1255//1710 1254//1710 1244//1710
f 1235//1711 1244//1711 1246//1711
f 1246//1712 1244//1712 1239//1712
f 1253//1713 214//1713 1240//1713
f 1253//1714 1255//1714 1235//1714
f 1255//1715 1244//1715 1235//1715
f 1029//1716 1188//1716 1256//1716
f 1256//1717 1188//1717 1189//1717
f 1033//1718 1029//1718 1256//1718
f 1256//1719 1189//1719 1257//1719
f 1257//1720 1189//1720 1258//1720
f 1189//1721 1190//1721 1258//1721
f 1258//1722 1190//1722 854//1722
f 1257//1723 1033//1723 1256//1723
f 1032//1724 414//1724 1033//1724
f 854//1725 861//1725 1258//1725
f 861//1726 1259//1726 1258//1726
f 1258//1727 1259//1727 1257//1727
f 1259//1728 1260//1728 1257//1728
f 1257//1729 1260//1729 1033//1729
f 1260//1730 1032//1730 1033//1730
f 485//1731 486//1731 880//1731
f 486//1732 492//1732 880//1732
f 1171//1733 1262//1733 1170//1733
f 1170//1734 1262//1734 1261//1734
f 1261//1735 1176//1735 1173//1735
f 1173//1736 1170//1736 1261//1736
f 1174//1737 1169//1737 1175//1737
f 1169//1738 1174//1738 1170//1738
f 1170//1739 1174//1739 1171//1739
f 1261//1740 1177//1740 1176//1740
f 14//1741 35//1741 15//1741
f 35//468 1263//468 15//468
f 623//212 1265//212 797//212
f 797//212 1265//212 795//212
f 1265//212 772//212 795//212
f 795//1742 772//1742 1006//1742
f 1006//1743 772//1743 1264//1743
f 1264//1744 855//1744 1006//1744
f 470//1745 1221//1745 1266//1745
f 760//1746 1195//1746 1266//1746
f 1266//1747 1195//1747 1288//1747
f 1221//1748 760//1748 1266//1748
f 1266//1749 1288//1749 1267//1749
f 1266//1750 1267//1750 470//1750
f 1246//1751 1268//1751 1245//1751
f 1268//1752 1243//1752 1245//1752
f 1242//1753 1243//1753 1112//1753
f 215//1754 1241//1754 1112//1754
f 1241//1755 1242//1755 1112//1755
f 1253//1756 1241//1756 215//1756
f 311//1757 308//1757 906//1757
f 874//1758 876//1758 1109//1758
f 1109//1759 876//1759 906//1759
f 876//1760 311//1760 906//1760
f 1110//1761 874//1761 1109//1761
f 1110//1762 875//1762 874//1762
f 903//1763 306//1763 1110//1763
f 306//1764 875//1764 1110//1764
f 906//1765 308//1765 905//1765
f 308//1766 307//1766 905//1766
f 905//1767 307//1767 894//1767
f 894//1768 307//1768 904//1768
f 307//1769 310//1769 904//1769
f 310//1770 309//1770 904//1770
f 904//1771 309//1771 903//1771
f 903//1772 309//1772 306//1772
f 1215//1773 601//1773 1211//1773
f 601//1774 613//1774 1211//1774
f 959//1775 1139//1775 718//1775
f 1139//1776 1282//1776 718//1776
f 718//1777 1282//1777 714//1777
f 1108//1778 890//1778 884//1778
f 1108//1779 1172//1779 890//1779
f 890//1780 1172//1780 891//1780
f 1108//1781 884//1781 1110//1781
f 884//1782 889//1782 1110//1782
f 886//1783 902//1783 887//1783
f 902//1784 903//1784 887//1784
f 889//1785 888//1785 1110//1785
f 1110//1786 888//1786 903//1786
f 903//1787 888//1787 887//1787
f 891//1788 1172//1788 892//1788
f 1172//1789 900//1789 892//1789
f 900//1790 895//1790 892//1790
f 892//1791 895//1791 893//1791
f 893//1792 895//1792 885//1792
f 895//1793 901//1793 885//1793
f 885//1794 901//1794 886//1794
f 901//1795 902//1795 886//1795
f 616//1796 1213//1796 613//1796
f 1213//1797 1211//1797 613//1797
f 287//1798 292//1798 293//1798
f 293//1799 292//1799 295//1799
f 292//1800 263//1800 295//1800
f 1172//1801 899//1801 286//1801
f 900//1802 1172//1802 286//1802
f 1128//1803 1124//1803 1269//1803
f 1013//1804 1126//1804 1015//1804
f 1126//1805 1128//1805 1015//1805
f 1128//1806 1269//1806 1015//1806
f 1015//1807 1269//1807 1019//1807
f 1269//1808 1270//1808 1019//1808
f 1019//1809 1270//1809 1012//1809
f 1271//1810 583//1810 581//1810
f 1271//1811 1272//1811 583//1811
f 584//1812 1332//1812 582//1812
f 1273//1813 1332//1813 584//1813
f 583//1814 1273//1814 584//1814
f 583//1815 1272//1815 1273//1815
f 1129//1816 1130//1816 1204//1816
f 1204//1817 1130//1817 1274//1817
f 1130//1818 1131//1818 1274//1818
f 1274//1819 1131//1819 1275//1819
f 1131//1820 1132//1820 1275//1820
f 573//1821 1284//1821 1204//1821
f 1132//1822 570//1822 1275//1822
f 570//1823 571//1823 1275//1823
f 1275//1824 571//1824 1274//1824
f 571//1825 572//1825 1274//1825
f 1274//1826 572//1826 1204//1826
f 572//1827 573//1827 1204//1827
f 1054//1828 565//1828 1072//1828
f 1053//1829 730//1829 565//1829
f 1054//1830 1053//1830 565//1830
f 565//1831 732//1831 1072//1831
f 1072//1832 732//1832 733//1832
f 732//1833 565//1833 560//1833
f 565//1834 559//1834 560//1834
f 559//1835 563//1835 560//1835
f 495//1836 447//1836 473//1836
f 447//1837 448//1837 473//1837
f 473//1838 448//1838 471//1838
f 623//1839 619//1839 1265//1839
f 619//1840 1218//1840 1265//1840
f 1218//1841 773//1841 1265//1841
f 1265//1842 773//1842 772//1842
f 522//1843 490//1843 523//1843
f 520//1844 523//1844 490//1844
f 489//1845 520//1845 490//1845
f 520//1846 489//1846 521//1846
f 1007//1847 949//1847 1008//1847
f 949//1848 951//1848 1008//1848
f 1276//1849 1339//1849 705//1849
f 1339//1850 701//1850 705//1850
f 1129//1851 526//1851 1123//1851
f 524//1852 1129//1852 1010//1852
f 1129//1852 1202//1852 1010//1852
f 524//1853 526//1853 1129//1853
f 1034//1854 1001//1854 1202//1854
f 1001//1855 1010//1855 1202//1855
f 925//1856 1001//1856 1034//1856
f 1278//1857 1277//1857 967//1857
f 967//1858 1277//1858 1026//1858
f 1277//1859 921//1859 1026//1859
f 1279//1860 729//1860 1278//1860
f 729//1861 1279//1861 323//1861
f 1124//1862 324//1862 323//1862
f 1124//1863 323//1863 1279//1863
f 1124//1864 1123//1864 324//1864
f 324//1865 1123//1865 558//1865
f 526//1866 558//1866 1123//1866
f 1034//1867 1027//1867 925//1867
f 1027//1868 1026//1868 925//1868
f 925//1869 1026//1869 921//1869
f 604//1870 1212//1870 619//1870
f 1212//1871 798//1871 619//1871
f 1280//489 1281//489 719//489
f 1281//488 689//488 719//488
f 1215//1872 1216//1872 601//1872
f 601//1873 1216//1873 606//1873
f 1216//1874 1214//1874 606//1874
f 606//1875 1214//1875 607//1875
f 1214//1876 1212//1876 607//1876
f 607//1877 1212//1877 604//1877
f 719//1878 714//1878 1280//1878
f 1280//1879 714//1879 1282//1879
f 31//1880 33//1880 986//1880
f 33//212 1283//212 986//212
f 668//1881 1046//1881 669//1881
f 1046//1882 1068//1882 669//1882
f 1068//1883 1067//1883 669//1883
f 1067//1884 1066//1884 669//1884
f 871//1885 1200//1885 1285//1885
f 871//1886 1285//1886 1219//1886
f 1203//1887 1285//1887 1284//1887
f 1284//1888 1285//1888 1200//1888
f 1203//1889 1222//1889 1285//1889
f 1285//1890 1222//1890 1219//1890
f 1141//1891 1142//1891 1268//1891
f 1295//1892 1286//1892 1142//1892
f 1286//1893 1243//1893 1142//1893
f 1142//1894 1243//1894 1268//1894
f 1287//1895 32//1895 981//1895
f 32//1896 21//1896 981//1896
f 1288//1897 1195//1897 1292//1897
f 1197//1898 1292//1898 1195//1898
f 1292//1899 1197//1899 1291//1899
f 1290//1900 1291//1900 1293//1900
f 1292//1901 1289//1901 1288//1901
f 1290//1902 1289//1902 1291//1902
f 1288//1903 1289//1903 1267//1903
f 1291//1904 1289//1904 1292//1904
f 698//468 988//468 1294//468
f 988//468 1295//468 1294//468
f 1294//1905 1295//1905 1016//1905
f 1230//1906 1142//1906 1249//1906
f 1142//1907 1230//1907 1295//1907
f 1295//1908 1230//1908 1016//1908
f 1217//581 1283//581 34//581
f 1283//581 33//581 34//581
f 1296//1909 1201//1909 1297//1909
f 1201//1910 1200//1910 1297//1910
f 1297//1911 1200//1911 872//1911
f 1200//1912 871//1912 872//1912
f 1296//1913 873//1913 474//1913
f 1296//1914 872//1914 873//1914
f 1296//1915 1297//1915 872//1915
f 32//510 1287//510 35//510
f 1287//510 1263//510 35//510
f 1300//1916 1293//1916 1291//1916
f 1198//1917 1299//1917 1298//1917
f 1198//1918 1298//1918 1300//1918
f 1198//1919 1291//1919 1197//1919
f 1291//1920 1198//1920 1300//1920
f 1300//1921 1298//1921 962//1921
f 1300//1922 962//1922 1293//1922
f 651//1923 105//1923 107//1923
f 517//1923 518//1923 556//1923
f 1009//1923 920//1923 112//1923
f 920//1923 651//1923 112//1923
f 112//1923 651//1923 110//1923
f 650//1923 649//1923 105//1923
f 649//1923 648//1923 105//1923
f 556//1923 98//1923 517//1923
f 98//1923 101//1923 517//1923
f 648//1923 646//1923 105//1923
f 105//1924 646//1924 645//1924
f 643//1923 517//1923 105//1923
f 105//1923 517//1923 104//1923
f 107//1923 108//1923 651//1923
f 651//1923 108//1923 110//1923
f 651//1923 650//1923 105//1923
f 645//1925 644//1925 105//1925
f 644//1387 643//1387 105//1387
f 101//1923 103//1923 517//1923
f 517//1923 103//1923 104//1923
f 1302//1926 1199//1926 1301//1926
f 1301//1927 1303//1927 1302//1927
f 1302//1928 1303//1928 1308//1928
f 1308//1929 1303//1929 1306//1929
f 1201//1930 1296//1930 1301//1930
f 1301//1931 1296//1931 1303//1931
f 1296//1932 474//1932 1303//1932
f 1306//1933 1303//1933 474//1933
f 973//1923 983//1923 8//1923
f 1283//1923 1217//1923 986//1923
f 1217//1923 1//1923 986//1923
f 986//1923 1//1923 4//1923
f 1263//1923 1287//1923 15//1923
f 1287//1923 981//1923 15//1923
f 15//1923 981//1923 13//1923
f 981//1923 8//1923 10//1923
f 981//1923 978//1923 8//1923
f 8//1923 978//1923 977//1923
f 983//1923 984//1923 8//1923
f 8//1923 984//1923 985//1923
f 4//1923 6//1923 986//1923
f 986//1923 6//1923 7//1923
f 977//1934 976//1934 8//1934
f 8//1935 976//1935 973//1935
f 7//1923 8//1923 986//1923
f 986//1923 8//1923 985//1923
f 10//1923 11//1923 981//1923
f 981//1923 11//1923 13//1923
f 1307//1936 1298//1936 1299//1936
f 1299//1937 1199//1937 1307//1937
f 1302//1938 1307//1938 1199//1938
f 1302//1939 1308//1939 1307//1939
f 1307//1940 1308//1940 1305//1940
f 1298//1941 1304//1941 962//1941
f 1307//1942 1305//1942 1304//1942
f 1308//1943 1306//1943 1305//1943
f 1298//1944 1307//1944 1304//1944
f 289//1945 965//1945 290//1945
f 965//1946 799//1946 290//1946
f 288//1947 964//1947 965//1947
f 289//1948 288//1948 965//1948
f 288//1949 287//1949 964//1949
f 964//1950 287//1950 963//1950
f 490//1951 522//1951 494//1951
f 998//1952 678//1952 522//1952
f 678//1953 494//1953 522//1953
f 489//1954 486//1954 521//1954
f 521//1955 486//1955 319//1955
f 486//1956 673//1956 319//1956
f 767//1957 510//1957 1134//1957
f 510//1958 506//1958 1134//1958
f 1134//1959 506//1959 709//1959
f 1311//212 851//212 1310//212
f 851//212 852//212 1310//212
f 1310//212 852//212 1313//212
f 1313//212 1314//212 1310//212
f 1309//212 851//212 1312//212
f 851//212 1311//212 1312//212
f 287//1960 293//1960 963//1960
f 293//1961 766//1961 963//1961
f 963//1962 766//1962 618//1962
f 325//1963 319//1963 673//1963
f 320//1964 325//1964 677//1964
f 677//1965 325//1965 673//1965
f 320//1966 677//1966 321//1966
f 500//1967 711//1967 506//1967
f 711//1968 709//1968 506//1968
f 1320//212 1317//212 1315//212
f 1317//212 1316//212 1315//212
f 1321//212 1320//212 1319//212
f 1320//212 1315//212 1319//212
f 1319//212 1315//212 1318//212
f 1181//1969 1178//1969 1226//1969
f 1236//1970 1179//1970 1180//1970
f 1239//1971 1236//1971 1323//1971
f 1181//1972 1226//1972 1205//1972
f 1205//1973 1226//1973 1206//1973
f 1226//1974 1233//1974 1206//1974
f 1206//1975 1233//1975 1207//1975
f 1207//1976 1233//1976 1237//1976
f 1180//1977 1322//1977 1236//1977
f 1236//1978 1322//1978 1323//1978
f 1322//1979 1207//1979 1323//1979
f 789//1980 787//1980 1324//1980
f 790//1981 826//1981 786//1981
f 826//1982 1208//1982 824//1982
f 1208//1983 1209//1983 824//1983
f 790//1984 1208//1984 826//1984
f 823//1985 824//1985 1210//1985
f 824//1986 1209//1986 1210//1986
f 789//1987 1324//1987 1325//1987
f 1324//1988 822//1988 1325//1988
f 1325//1989 822//1989 821//1989
f 1325//1990 821//1990 1210//1990
f 382//1991 300//1991 752//1991
f 752//1992 300//1992 755//1992
f 378//1993 382//1993 752//1993
f 751//1994 379//1994 378//1994
f 751//1995 378//1995 752//1995
f 346//1996 370//1996 751//1996
f 751//1997 370//1997 379//1997
f 355//1998 370//1998 346//1998
f 352//1999 372//1999 355//1999
f 355//2000 372//2000 370//2000
f 377//2001 372//2001 352//2001
f 352//2002 353//2002 377//2002
f 303//2003 376//2003 377//2003
f 303//2004 377//2004 353//2004
f 695//212 1326//212 991//212
f 991//212 1326//212 1286//212
f 1326//212 1018//212 1286//212
f 1286//2005 1018//2005 1243//2005
f 1243//2006 1018//2006 1017//2006
f 1017//2007 1112//2007 1243//2007
f 967//2008 968//2008 1278//2008
f 541//2009 1327//2009 969//2009
f 969//2010 1328//2010 968//2010
f 1012//2011 1327//2011 1134//2011
f 1327//2012 541//2012 1134//2012
f 1012//2013 1270//2013 1327//2013
f 1270//2014 1328//2014 1327//2014
f 1328//2015 969//2015 1327//2015
f 1270//2016 1269//2016 1328//2016
f 1269//2017 1279//2017 1328//2017
f 1279//2018 1278//2018 1328//2018
f 1328//2019 1278//2019 968//2019
f 1269//2020 1124//2020 1279//2020
f 751//2021 753//2021 346//2021
f 346//2022 753//2022 386//2022
f 401//2023 386//2023 753//2023
f 750//2024 401//2024 753//2024
f 400//2025 401//2025 750//2025
f 400//2026 750//2026 395//2026
f 366//2027 365//2027 756//2027
f 364//2028 366//2028 754//2028
f 754//2029 366//2029 756//2029
f 364//2030 754//2030 336//2030
f 756//2031 365//2031 750//2031
f 750//2032 365//2032 395//2032
f 265//2033 870//2033 754//2033
f 870//2034 336//2034 754//2034
f 869//2035 870//2035 265//2035
f 864//2036 869//2036 264//2036
f 264//2037 869//2037 265//2037
f 864//2038 264//2038 305//2038
f 264//2039 262//2039 305//2039
f 262//2040 285//2040 305//2040
f 409//2041 218//2041 410//2041
f 747//2042 412//2042 218//2042
f 412//2043 410//2043 218//2043
f 438//2044 434//2044 747//2044
f 434//2045 412//2045 747//2045
f 749//2046 438//2046 747//2046
f 438//2047 749//2047 433//2047
f 1317//2048 1320//2048 175//2048
f 1320//2049 182//2049 175//2049
f 749//2050 748//2050 433//2050
f 433//2051 748//2051 1080//2051
f 1321//2052 1319//2052 187//2052
f 1319//2053 195//2053 187//2053
f 409//2054 481//2054 219//2054
f 226//2055 220//2055 480//2055
f 481//2056 480//2056 220//2056
f 219//2057 481//2057 220//2057
f 219//2058 218//2058 409//2058
f 179//2059 184//2059 1315//2059
f 184//2060 1318//2060 1315//2060
f 1192//2061 1080//2061 748//2061
f 745//2062 1192//2062 748//2062
f 1191//2063 1192//2063 745//2063
f 1191//2064 745//2064 1096//2064
f 226//2065 480//2065 228//2065
f 744//2066 665//2066 418//2066
f 418//2067 665//2067 423//2067
f 665//2068 666//2068 423//2068
f 423//2069 666//2069 416//2069
f 666//2070 655//2070 416//2070
f 223//2071 655//2071 654//2071
f 416//2072 655//2072 417//2072
f 655//2073 223//2073 417//2073
f 744//2074 658//2074 665//2074
f 746//2075 657//2075 744//2075
f 744//2076 657//2076 658//2076
f 657//2077 746//2077 656//2077
f 656//2078 746//2078 653//2078
f 1032//2079 1329//2079 1031//2079
f 1039//2080 1329//2080 1330//2080
f 1330//2081 1329//2081 1331//2081
f 1032//2082 1331//2082 1329//2082
f 581//2083 577//2083 930//2083
f 939//2084 578//2084 582//2084
f 942//2085 939//2085 1333//2085
f 581//2086 930//2086 1271//2086
f 1271//2087 930//2087 1272//2087
f 930//2088 936//2088 1272//2088
f 1272//2089 936//2089 1273//2089
f 1273//2090 936//2090 940//2090
f 582//2091 1332//2091 939//2091
f 939//2092 1332//2092 1333//2092
f 1332//2093 1273//2093 1333//2093
f 861//2094 1036//2094 1259//2094
f 1259//2095 1036//2095 1334//2095
f 1036//2096 1037//2096 1334//2096
f 1260//2097 1334//2097 1032//2097
f 1032//2098 1334//2098 1331//2098
f 1260//2099 1259//2099 1334//2099
f 1334//2100 1037//2100 1331//2100
f 1331//2101 1037//2101 1330//2101
f 111//1741 131//1741 112//1741
f 131//468 1009//468 112//468
f 1336//2102 926//2102 1277//2102
f 1277//2103 1337//2103 1336//2103
f 1336//2104 1337//2104 1335//2104
f 1337//2105 727//2105 1335//2105
f 1338//2106 924//2106 926//2106
f 1277//2107 1278//2107 1337//2107
f 926//2108 1335//2108 1338//2108
f 926//2109 1336//2109 1335//2109
f 618//2110 619//2110 963//2110
f 963//2111 619//2111 623//2111
f 331//2112 783//2112 528//2112
f 783//2113 943//2113 528//2113
f 785//2114 773//2114 783//2114
f 783//2115 773//2115 943//2115
f 1264//2116 772//2116 189//2116
f 772//2117 773//2117 189//2117
f 189//2118 177//2118 1264//2118
f 189//2119 963//2119 180//2119
f 963//2120 623//2120 180//2120
f 189//2121 784//2121 963//2121
f 773//2122 785//2122 189//2122
f 785//2123 784//2123 189//2123
f 529//579 1140//579 530//579
f 1140//578 960//578 530//578
f 304//2124 270//2124 317//2124
f 317//2125 270//2125 502//2125
f 270//2126 266//2126 502//2126
f 1280//510 966//510 1339//510
f 1139//510 532//510 1282//510
f 532//510 770//510 1282//510
f 1280//510 771//510 970//510
f 1280//510 1339//510 1281//510
f 1280//510 1282//510 771//510
f 770//510 771//510 1282//510
f 971//510 1280//510 970//510
f 1280//510 971//510 966//510
f 1339//510 1276//510 1281//510
f 1139//510 1140//510 532//510
f 1140//510 529//510 532//510
f 1276//510 1340//510 1281//510
f 1281//510 1340//510 1341//510
f 828//2127 475//2127 819//2127
f 475//2128 820//2128 819//2128
f 1020//2129 807//2129 1021//2129
f 807//2130 806//2130 1021//2130
f 868//2131 867//2131 778//2131
f 800//2132 799//2132 867//2132
f 799//2133 778//2133 867//2133
f 778//2134 1185//2134 868//2134
f 868//2135 1185//2135 338//2135
f 1029//2136 339//2136 1185//2136
f 339//2137 338//2137 1185//2137
f 367//2138 1029//2138 394//2138
f 1029//2139 1030//2139 394//2139
f 367//2140 339//2140 1029//2140
f 1035//2141 396//2141 1030//2141
f 396//2142 394//2142 1030//2142
f 402//2143 396//2143 1035//2143
f 385//2144 402//2144 1035//2144
f 349//2145 347//2145 761//2145
f 761//2146 347//2146 1196//2146
f 347//2147 383//2147 1196//2147
f 349//2148 273//2148 274//2148
f 383//2149 385//2149 1196//2149
f 1196//2150 385//2150 1299//2150
f 1299//2151 385//2151 1034//2151
f 385//2152 1035//2152 1034//2152
f 1136//2153 1138//2153 1103//2153
f 1103//2154 1138//2154 1100//2154
f 1103//2130 1099//2130 1136//2130
f 1099//2129 1135//2129 1136//2129
f 1137//1212 1135//1212 1106//1212
f 1106//1211 1135//1211 1099//1211
f 1106//2155 1105//2155 1137//2155
f 1105//2156 1133//2156 1137//2156
f 1311//2157 1310//2157 196//2157
f 1310//2158 197//2158 196//2158
f 1101//2159 697//2159 1105//2159
f 697//2160 1133//2160 1105//2160
f 188//2161 198//2161 1313//2161
f 198//2162 1314//2162 1313//2162
f 1101//2163 1102//2163 697//2163
f 1102//2164 710//2164 697//2164
f 1342//2165 152//2165 151//2165
f 1345//2166 152//2166 1346//2166
f 1346//2167 152//2167 1342//2167
f 148//2168 146//2168 1343//2168
f 1343//2169 146//2169 1344//2169
f 146//2170 145//2170 1344//2170
f 1347//2171 141//2171 140//2171
f 1348//2172 1349//2172 1350//2172
f 145//2173 143//2173 1344//2173
f 143//2174 141//2174 1344//2174
f 1344//2175 141//2175 1347//2175
f 151//2176 149//2176 1343//2176
f 149//2177 148//2177 1343//2177
f 140//2178 1352//2178 1353//2178
f 1356//1413 1354//1413 1351//1413
f 1351//1414 1354//1414 1348//1414
f 1354//1415 1349//1415 1348//1415
f 1355//1403 1356//1403 1351//1403
f 1353//2179 1352//2179 1355//2179
f 194//2180 201//2180 1312//2180
f 201//2181 1309//2181 1312//2181
f 708//2182 710//2182 1104//2182
f 1104//2183 710//2183 1102//2183
f 708//2184 1104//2184 1134//2184
f 1104//2185 1100//2185 1134//2185
f 1134//2186 1100//2186 1138//2186
f 173//2187 170//2187 1377//2187
f 153//2188 152//2188 1358//2188
f 152//2189 1345//2189 1358//2189
f 1345//2190 1350//2190 1359//2190
f 1359//2191 1350//2191 1360//2191
f 1350//2192 1349//2192 1360//2192
f 1349//81 1354//81 1361//81
f 1361//82 1354//82 1356//82
f 1356//2193 1355//2193 1362//2193
f 1355//2194 1352//2194 1362//2194
f 1352//2195 140//2195 138//2195
f 153//2196 1358//2196 162//2196
f 162//2197 1358//2197 1363//2197
f 1358//2198 1345//2198 1363//2198
f 1363//89 1345//89 1359//89
f 1359//2199 1360//2199 1364//2199
f 1360//2200 1349//2200 1365//2200
f 1349//94 1361//94 1365//94
f 1361//2201 1356//2201 1366//2201
f 1356//2202 1362//2202 1366//2202
f 1366//2203 1362//2203 1367//2203
f 1362//2204 1352//2204 1367//2204
f 1367//2205 1352//2205 1368//2205
f 1352//2206 138//2206 1368//2206
f 1368//2207 138//2207 137//2207
f 1363//2208 1359//2208 1369//2208
f 1369//100 1359//100 1364//100
f 1364//2209 1360//2209 1370//2209
f 1360//2210 1365//2210 1370//2210
f 1365//2211 1361//2211 1366//2211
f 1366//2212 1367//2212 1371//2212
f 162//2213 1363//2213 167//2213
f 167//2214 1363//2214 1369//2214
f 1369//2215 1364//2215 1372//2215
f 1364//2216 1370//2216 1372//2216
f 1370//2217 1365//2217 1373//2217
f 1365//2218 1366//2218 1373//2218
f 1373//2219 1366//2219 1374//2219
f 1366//2220 1371//2220 1374//2220
f 1371//2221 1367//2221 1375//2221
f 1367//2222 1368//2222 1375//2222
f 1375//2223 1368//2223 1376//2223
f 1368//2224 137//2224 1376//2224
f 167//2225 1369//2225 1377//2225
f 1369//2226 1372//2226 1377//2226
f 1372//2227 1370//2227 1373//2227
f 1374//2228 1371//2228 1378//2228
f 1371//2229 1375//2229 1378//2229
f 170//2230 167//2230 1377//2230
f 1377//2231 1372//2231 1379//2231
f 1372//2232 1373//2232 1379//2232
f 1379//2233 1373//2233 1380//2233
f 1373//2234 1374//2234 1380//2234
f 1374//2235 1378//2235 1380//2235
f 1375//2236 1376//2236 1378//2236
f 1378//2237 1376//2237 135//2237
f 1376//2238 136//2238 135//2238
f 173//2239 1377//2239 1381//2239
f 1377//2240 1379//2240 1381//2240
f 1379//2241 1380//2241 1381//2241
f 1380//2242 1378//2242 134//2242
f 1378//2243 135//2243 134//2243
f 173//2244 1381//2244 1357//2244
f 1357//2245 1381//2245 132//2245
f 1381//2246 1380//2246 132//2246
f 132//2247 1380//2247 134//2247
f 196//2248 194//2248 1311//2248
f 1311//2249 194//2249 1312//2249
f 184//2250 195//2250 1318//2250
f 1318//2251 195//2251 1319//2251
f 1320//2252 1321//2252 182//2252
f 182//2253 1321//2253 187//2253
f 175//2254 174//2254 1317//2254
f 1315//2255 1316//2255 179//2255
f 179//2256 1316//2256 183//2256
f 851//2257 1309//2257 191//2257
f 191//2258 1309//2258 201//2258
f 176//2259 188//2259 852//2259
f 852//2260 188//2260 1313//2260
f 1351//2261 1384//2261 1355//2261
f 1384//2262 1353//2262 1355//2262
f 1353//2263 1383//2263 140//2263
f 1383//2264 1347//2264 140//2264
f 1344//2265 1385//2265 1343//2265
f 1346//2266 1386//2266 1345//2266
f 1345//2267 1386//2267 1350//2267
f 1351//2268 1387//2268 1384//2268
f 1347//2269 1388//2269 1344//2269
f 1343//2270 1389//2270 151//2270
f 151//2271 1389//2271 1342//2271
f 113//2272 1383//2272 99//2272
f 1383//2273 1353//2273 99//2273
f 99//2274 1353//2274 100//2274
f 1353//2275 1384//2275 100//2275
f 100//2276 1384//2276 102//2276
f 102//2277 1384//2277 114//2277
f 1384//2278 1387//2278 114//2278
f 1387//45 115//45 114//45
f 1348//46 1387//46 1351//46
f 1348//47 1382//47 1387//47
f 1382//48 115//48 1387//48
f 1382//49 106//49 115//49
f 1350//2279 1386//2279 1348//2279
f 1386//2280 1382//2280 1348//2280
f 1383//2281 113//2281 1347//2281
f 113//2282 127//2282 1347//2282
f 127//2283 126//2283 1347//2283
f 1347//2284 126//2284 1388//2284
f 126//2285 125//2285 1388//2285
f 125//2286 124//2286 1388//2286
f 1388//2287 124//2287 1344//2287
f 124//2288 123//2288 1344//2288
f 1344//2289 123//2289 1385//2289
f 123//2290 122//2290 1385//2290
f 122//2291 121//2291 1385//2291
f 1385//2292 121//2292 1343//2292
f 121//2293 120//2293 1343//2293
f 1343//2294 120//2294 1389//2294
f 120//2295 119//2295 1389//2295
f 119//2296 118//2296 1389//2296
f 1389//2297 118//2297 1342//2297
f 118//2298 117//2298 1342//2298
f 117//2299 111//2299 1342//2299
f 1342//2300 111//2300 1346//2300
f 111//2301 109//2301 1346//2301
f 1346//2302 109//2302 1386//2302
f 109//2303 116//2303 1386//2303
f 1386//2304 116//2304 1382//2304
f 116//76 106//76 1382//76
f 1310//2305 1314//2305 197//2305
f 197//2306 1314//2306 198//2306
f 805//2307 585//2307 569//2307
f 1021//2308 806//2308 569//2308
f 1022//2309 569//2309 609//2309
f 569//2310 1022//2310 1021//2310
f 805//2311 569//2311 806//2311
f 271//2312 1390//2312 269//2312
f 1390//2313 1391//2313 269//2313
f 1390//2314 271//2314 302//2314
f 1391//2315 1390//2315 273//2315
f 1390//2316 302//2316 273//2316
f 678//2317 1000//2317 674//2317
f 1000//2318 999//2318 674//2318
f 1000//2319 678//2319 998//2319
f 1392//2320 1023//2320 609//2320
f 1023//2321 1022//2321 609//2321
f 251//2322 1039//2322 247//2322
f 247//2323 1039//2323 233//2323
f 1040//2324 1038//2324 1393//2324
f 1393//2325 1038//2325 1090//2325
f 688//212 1090//212 1038//212
f 1040//2326 1393//2326 856//2326
f 672//2327 674//2327 924//2327
f 924//2328 674//2328 999//2328
f 609//2329 620//2329 1392//2329
f 1392//2330 620//2330 1394//2330
f 226//2331 254//2331 220//2331
f 1338//2332 1335//2332 676//2332
f 1335//2333 727//2333 676//2333
f 672//2334 1338//2334 676//2334
f 1338//2335 672//2335 924//2335
f 1086//468 687//468 1395//468
f 687//2336 830//2336 1395//2336
f 830//2337 813//2337 1395//2337
f 813//2338 841//2338 1395//2338
f 1395//2339 841//2339 1143//2339
f 841//2340 814//2340 1143//2340
f 1396//2341 1394//2341 612//2341
f 1394//2342 620//2342 612//2342
f 226//2343 225//2343 250//2343
f 250//2344 477//2344 1031//2344
f 225//2345 477//2345 250//2345
f 1090//2346 1395//2346 1393//2346
f 1395//2347 1143//2347 1393//2347
f 1143//2348 1144//2348 1393//2348
f 1144//2349 1397//2349 1393//2349
f 612//2350 627//2350 1396//2350
f 1396//2351 627//2351 1398//2351
f 1392//581 1398//581 1023//581
f 1398//581 804//581 1023//581
f 1023//581 804//581 807//581
f 1396//581 1398//581 1394//581
f 1398//581 1392//581 1394//581
f 807//581 1020//581 1023//581
f 741//510 441//510 629//510
f 629//510 441//510 440//510
f 629//2352 585//2352 741//2352
f 585//2353 742//2353 741//2353
f 327//581 389//581 391//581
f 426//581 327//581 330//581
f 327//581 426//581 405//581
f 327//581 391//581 341//581
f 424//581 426//581 330//581
f 740//581 743//581 442//581
f 442//581 743//581 439//581
f 439//581 743//581 330//581
f 743//581 424//581 330//581
f 405//581 408//581 327//581
f 391//581 356//581 341//581
f 327//581 408//581 389//581
f 356//581 359//581 341//581
f 341//581 359//581 361//581
f 705//956 704//956 1276//956
f 1276//955 704//955 1340//955
f 704//954 703//954 1340//954
f 1340//953 703//953 1341//953
f 703//952 689//952 1341//952
f 1341//951 689//951 1281//951
f 966//2354 700//2354 1339//2354
f 700//2355 701//2355 1339//2355
f 251//2356 248//2356 1329//2356
f 251//2357 1329//2357 1039//2357
f 1031//2358 1329//2358 249//2358
f 249//2359 1329//2359 248//2359
f 250//2360 1031//2360 249//2360
f 805//2361 804//2361 585//2361
f 804//2362 1398//2362 585//2362
f 585//2363 1398//2363 627//2363
f 856//2364 1393//2364 831//2364
f 831//2365 833//2365 856//2365
f 856//2366 833//2366 860//2366
f 202//2367 860//2367 833//2367
f 831//2368 1393//2368 817//2368
f 1393//2369 1397//2369 817//2369
f 817//2370 1397//2370 818//2370
f 1286//2371 1295//2371 991//2371
f 1295//2372 988//2372 991//2372
f 1086//2373 1395//2373 1090//2373
f 695//2374 698//2374 1326//2374
f 698//2375 1294//2375 1326//2375
f 1294//2376 1016//2376 1326//2376
f 1326//2377 1016//2377 1018//2377
f 1038//2378 830//2378 688//2378
f 830//2379 687//2379 688//2379
f 715//2380 1089//2380 688//2380
f 1089//2381 1090//2381 688//2381
f 991//2382 992//2382 695//2382
f 695//2383 992//2383 696//2383
f 707//2384 1085//2384 1092//2384
f 1092//797 1089//797 707//797
f 707//796 1089//796 715//796
f 992//536 996//536 696//536
f 696//2385 996//2385 702//2385
f 702//2386 996//2386 693//2386
f 716//2387 1085//2387 707//2387
f 990//2388 693//2388 996//2388
f 717//2389 1087//2389 716//2389
f 1087//2390 1085//2390 716//2390
f 693//2391 990//2391 694//2391
f 990//2392 987//2392 694//2392
f 692//2393 1088//2393 717//2393
f 1088//2394 1087//2394 717//2394
f 994//2395 683//2395 987//2395
f 683//2396 694//2396 987//2396
f 1290//2397 1293//2397 589//2397
f 588//2398 1290//2398 589//2398
f 1289//2399 1290//2399 588//2399
f 1289//2400 588//2400 1267//2400
f 1091//2401 1094//2401 690//2401
f 690//2402 1094//2402 691//2402
f 1094//1875 1093//1875 691//1875
f 691//1874 1093//1874 699//1874
f 1093//1873 1088//1873 699//1873
f 699//1872 1088//1872 692//1872
f 994//637 995//637 683//637
f 683//636 995//636 682//636
f 995//635 993//635 682//635
f 682//634 993//634 685//634
f 993//2403 989//2403 685//2403
f 685//2404 989//2404 686//2404
f 1086//2405 1091//2405 687//2405
f 687//2406 1091//2406 690//2406
f 469//2407 470//2407 588//2407
f 588//2408 470//2408 1267//2408
f 686//2409 989//2409 698//2409
f 989//2410 988//2410 698//2410
f 744//2411 418//2411 745//2411
f 418//2412 1096//2412 745//2412
f 1305//2413 1306//2413 587//2413
f 586//2414 1305//2414 587//2414
f 1304//2415 1305//2415 586//2415
f 1304//2416 586//2416 962//2416
f 1144//2417 838//2417 1397//2417
f 838//2418 818//2418 1397//2418
f 1268//2419 1246//2419 1141//2419
f 1246//2420 1248//2420 1141//2420
