<?xml version="1.0" encoding="utf-8"?>
<COLLADA xmlns="http://www.collada.org/2005/11/COLLADASchema" version="1.4.1" xmlns:xsi="http://www.w3.org/2001/XMLSchema-instance">
  <asset>
    <contributor>
      <author>Blender User</author>
      <authoring_tool>Blender 4.4.3 commit date:2025-04-29, commit time:14:09, hash:802179c51ccc</authoring_tool>
    </contributor>
    <created>2025-06-21T23:12:21</created>
    <modified>2025-06-21T23:12:21</modified>
    <unit name="meter" meter="1"/>
    <up_axis>Z_UP</up_axis>
  </asset>
  <library_effects>
    <effect id="bottle-effect">
      <profile_COMMON>
        <technique sid="common">
          <lambert>
            <emission>
              <color sid="emission">0 0 0 1</color>
            </emission>
            <diffuse>
              <color sid="diffuse">1 0.8080863 4.64796e-4 1</color>
            </diffuse>
            <reflectivity>
              <float sid="specular">0.1</float>
            </reflectivity>
            <index_of_refraction>
              <float sid="ior">1.5</float>
            </index_of_refraction>
          </lambert>
        </technique>
      </profile_COMMON>
    </effect>
  </library_effects>
  <library_images/>
  <library_materials>
    <material id="bottle-material" name="bottle">
      <instance_effect url="#bottle-effect"/>
    </material>
  </library_materials>
  <library_geometries>
    <geometry id="bottle-mesh" name="bottle">
      <mesh>
        <source id="bottle-mesh-positions">
          <float_array id="bottle-mesh-positions-array" count="13761">0.006538867 0.01707047 0.07919144 0.00656253 0.01713216 0.07915651 0.004837632 0.01762348 0.07916074 0.001285254 0.01775151 0.07972401 0.002991616 0.01754605 0.07976585 0.003007411 0.01760131 0.07957804 -0.00287646 0.01754575 0.07995742 -0.001201152 0.01773935 0.07991141 -0.001205503 0.01775705 0.0797227 -0.006607174 0.0172488 0.07910645 -0.00656253 0.01713216 0.07915651 -0.004786729 0.01763558 0.07916015 -0.006360054 0.01660352 0.0800575 -0.004756569 0.01713192 0.0800262 -0.004643976 0.01718509 0.07981568 -0.006395459 0.01669603 0.07962357 -0.006368994 0.01662695 0.07983493 -0.006367862 0.01662391 0.07984954 -0.0064947 0.01695513 0.07927566 -0.006438076 0.01680725 0.07943397 -0.004698812 0.0173431 0.07943814 -0.005139589 0.01795786 0.07903534 -0.006717741 0.01753735 0.07905745 -0.006680369 0.01743978 0.07906293 -0.004632174 0.01716595 0.08002203 -0.002935826 0.01753592 0.07995951 -0.002945363 0.0175538 0.07976442 -0.006638109 0.01732957 0.07908254 -0.004838585 0.01781731 0.0790742 -0.004892706 0.01801264 0.07902914 -0.003068089 0.01814037 0.07903587 -0.00642836 0.01678186 0.07946968 -0.004666566 0.01724499 0.07961821 -0.00296092 0.017609 0.07957684 -0.001212179 0.01780998 0.07954078 -0.001268744 0.0184971 0.07894062 -0.002768993 0.01836723 0.07897043 -0.003100931 0.0183252 0.07897913 -0.002981841 0.0176993 0.07940399 -0.001220822 0.01789629 0.07937222 5.74023e-4 0.01792699 0.07936638 -0.006538867 0.01707047 0.07919144 -0.004739463 0.01747518 0.07928323 -0.003007352 0.01782125 0.07925248 -0.001231193 0.01801276 0.07922297 5.78901e-4 0.01804262 0.07921755 0.001312613 0.01800751 0.07922393 -0.001255571 0.01831865 0.07900327 5.90337e-4 0.01834642 0.07899743 5.96488e-4 0.01852387 0.07893389 0.001338601 0.01831376 0.07900422 5.64727e-4 0.017771 0.079903 9.62602e-4 0.01775389 0.07990759 0.001280605 0.01773381 0.07991284 -0.003036439 0.0179702 0.0791282 -0.001242935 0.01815527 0.07909852 5.84404e-4 0.01818412 0.07909309 0.00132513 0.01815021 0.07909941 0.003084182 0.01796311 0.07912915 0.00287646 0.01754575 0.07995742 0.00298196 0.01752811 0.07996118 0.004681587 0.01715254 0.08002376 0.003116309 0.01813352 0.07903695 0.004890084 0.01780563 0.07907509 0.004756629 0.01713192 0.0800262 0.006360054 0.01660352 0.0800575 0.006367862 0.01662391 0.07984954 0.004748761 0.01733028 0.0794388 0.004716157 0.01723182 0.0796191 0.004693448 0.01717174 0.07981693 0.006368994 0.01662695 0.07983493 0.006395459 0.01669603 0.07962357 0.00642836 0.01678186 0.07946968 0.006438076 0.01680725 0.07943397 -9.62602e-4 0.01775389 0.07990759 5.66807e-4 0.0177887 0.07971537 0.001292288 0.0178045 0.07954192 0.003028631 0.01769179 0.079405 0.004789829 0.01746273 0.07928377 0.0064947 0.01695513 0.07927566 5.69943e-4 0.01784133 0.07953429 0.001301527 0.01789087 0.07937318 0.003054559 0.01781392 0.07925343 0.006607174 0.0172488 0.07910645 0.005146682 0.01795625 0.07903546 0.00494492 0.01800125 0.07903051 0.003149688 0.01831865 0.07898044 0.002759933 0.0183683 0.07897019 0.001352608 0.01849246 0.07894176 0.006717741 0.01753735 0.07905745 0.006680369 0.01743978 0.07906293 0.006638109 0.01732957 0.07908254 -0.008469641 0.01664441 0.07906293 -0.01732957 0.006638109 0.07908254 -0.0172488 0.006607174 0.07910645 -0.0164622 0.008376896 0.07910645 -0.01713216 0.00656253 0.07915651 -0.01707047 0.006538867 0.07919144 -0.01629197 0.00829029 0.07919144 -0.008213579 0.01614123 0.07931435 -0.008102715 0.01592338 0.07965075 -0.009690046 0.01493293 0.07985168 -0.00807321 0.01586544 0.07985168 -0.006581008 0.01651716 0.0800575 -0.01660352 0.006360054 0.0800575 -0.01613664 0.0074656 0.0800575 -0.01662391 0.006367862 0.07984954 -0.01586544 0.00807321 0.07985156 -0.01662695 0.006368994 0.07983493 -0.01584637 0.008063554 0.0800575 -0.01523488 0.009166538 0.0800575 -0.01493293 0.009690046 0.07985168 -0.01491492 0.009678363 0.0800575 -0.01415449 0.01075994 0.0800575 -0.01383626 0.0112003 0.07985168 -0.01381963 0.01118683 0.0800575 -0.01290816 0.01222729 0.0800575 -0.01258748 0.01258748 0.07985168 -0.01257234 0.01257234 0.0800575 -0.01151049 0.01355123 0.0800575 -0.0112003 0.01383626 0.07985168 -0.01118683 0.01381963 0.0800575 -0.009977877 0.01471626 0.0800575 -0.009678363 0.01491492 0.0800575 -0.008328258 0.0157088 0.0800575 -0.008063554 0.01584637 0.0800575 -0.01498746 0.009725451 0.07965075 -0.01592248 0.008102238 0.07965308 -0.01669603 0.006395459 0.07962357 -0.01680725 0.006438076 0.07943397 -0.01601654 0.00815016 0.07946968 -0.01507514 0.009782373 0.07946968 -0.01396805 0.011307 0.07946968 -0.01124125 0.0138868 0.07965075 -0.009725451 0.01498746 0.07965075 -0.009782373 0.01507514 0.07946968 -0.00814861 0.0160135 0.07947444 -0.01695513 0.0064947 0.07927566 -0.01614123 0.008213579 0.07931435 -0.0151925 0.009858489 0.07931435 -0.01407676 0.01139503 0.07931435 -0.01280629 0.01280629 0.07931435 -0.01533436 0.009950578 0.07919144 -0.01420825 0.01150143 0.07919144 -0.01292586 0.01292586 0.07919144 -0.01150143 0.01420825 0.07919144 -0.0138868 0.01124125 0.07965075 -0.01263344 0.01263344 0.07965075 -0.01270735 0.01270735 0.07946968 -0.011307 0.01396805 0.07946968 -0.01139503 0.01407676 0.07931435 -0.009858489 0.0151925 0.07931435 -0.009950578 0.01533436 0.07919144 -0.00829029 0.01629197 0.07919144 -0.008376896 0.0164622 0.07910645 -0.01549458 0.01005452 0.07910645 -0.01435667 0.01162159 0.07910645 -0.01306092 0.01306092 0.07910645 -0.01162159 0.01435667 0.07910645 -0.01005452 0.01549458 0.07910645 -0.01743978 0.006680369 0.07906293 -0.01664441 0.008469641 0.07906293 -0.01566612 0.01016581 0.07906293 -0.01451563 0.01175028 0.07906293 -0.01320552 0.01320552 0.07906293 -0.01175028 0.01451563 0.07906293 -0.01016581 0.01566612 0.07906293 -0.008517026 0.01673758 0.07905745 -0.01022273 0.0157538 0.07905745 -0.01181602 0.01459687 0.07905745 -0.01327943 0.01327943 0.07905745 -0.01459687 0.01181602 0.07905745 -0.0157538 0.01022273 0.07905745 -0.01673758 0.008517026 0.07905745 -0.01753735 0.006717741 0.07905745 -0.01754605 0.002991616 0.07976585 -0.01717174 0.004693448 0.07981693 -0.01723182 0.004716157 0.0796191 -0.01778 0 0.07990062 -0.017771 5.64727e-4 0.079903 -0.0177887 5.66807e-4 0.07971537 -0.01767575 -0.001922428 0.07992756 -0.01773935 -0.001201152 0.07991141 -0.01775705 -0.001205503 0.0797227 -0.0172488 -0.006607174 0.07910645 -0.01713216 -0.00656253 0.07915651 -0.01763558 -0.004786729 0.07916015 -0.01660352 -0.006360054 0.0800575 -0.01684927 -0.005677044 0.08005076 -0.01662391 -0.006367862 0.07984954 -0.01718509 -0.004643976 0.07981568 -0.01662695 -0.006368994 0.07983493 -0.01669603 -0.006395459 0.07962357 -0.01695513 -0.0064947 0.07927566 -0.01680725 -0.006438076 0.07943397 -0.0173431 -0.004698812 0.07943814 -0.01795786 -0.005139589 0.07903534 -0.01753735 -0.006717741 0.07905745 -0.01743978 -0.006680369 0.07906293 -0.01753592 -0.002935826 0.07995951 -0.0175538 -0.002945363 0.07976442 -0.01736432 -0.003822147 0.07999247 -0.01716595 -0.004632174 0.08002203 -0.01732957 -0.006638109 0.07908254 -0.01781731 -0.004838585 0.0790742 -0.01801264 -0.004892706 0.07902914 -0.01814037 -0.003068089 0.07903587 -0.01678186 -0.00642836 0.07946968 -0.01724499 -0.004666566 0.07961821 -0.017609 -0.00296092 0.07957684 -0.01780998 -0.001212179 0.07954078 -0.0184971 -0.001268744 0.07894062 -0.01836723 -0.002768993 0.07897043 -0.0183252 -0.003100931 0.07897913 -0.0176993 -0.002981841 0.07940399 -0.01789629 -0.001220822 0.07937222 -0.01792699 5.74023e-4 0.07936638 -0.01707047 -0.006538867 0.07919144 -0.01747518 -0.004739463 0.07928323 -0.01782125 -0.003007352 0.07925248 -0.01801276 -0.001231193 0.07922297 -0.01804262 5.78901e-4 0.07921755 -0.01800751 0.001312613 0.07922393 -0.01831865 -0.001255571 0.07900327 -0.01834642 5.90337e-4 0.07899743 -0.01852387 5.96488e-4 0.07893389 -0.01831376 0.001338601 0.07900422 -0.0179702 -0.003036439 0.0791282 -0.01815527 -0.001242935 0.07909852 -0.01818412 5.84404e-4 0.07909309 -0.01815021 0.00132513 0.07909941 -0.01796311 0.003084182 0.07912915 -0.01773381 0.001280605 0.07991284 -0.01767575 0.001922428 0.07992756 -0.01775151 0.001285254 0.07972401 -0.01760131 0.003007411 0.07957804 -0.01733028 0.004748761 0.0794388 -0.0178045 0.001292288 0.07954192 -0.01769179 0.003028631 0.079405 -0.01746273 0.004789829 0.07928377 -0.01784133 5.69943e-4 0.07953429 -0.01789087 0.001301527 0.07937318 -0.01781392 0.003054559 0.07925343 -0.01762348 0.004837632 0.07916074 -0.01813352 0.003116309 0.07903695 -0.01780563 0.004890084 0.07907509 -0.01684927 0.005677044 0.08005076 -0.01752811 0.00298196 0.07996118 -0.01736432 0.003822147 0.07999247 -0.01715254 0.004681587 0.08002376 -0.01795625 0.005146682 0.07903546 -0.01800125 0.00494492 0.07903051 -0.01831865 0.003149688 0.07898044 -0.0183683 0.002759933 0.07897019 -0.01849246 0.001352608 0.07894176 0.01707047 -0.006538867 0.07919144 0.01713216 -0.00656253 0.07915651 0.01762348 -0.004837632 0.07916074 0.01754605 -0.002991616 0.07976585 0.01717174 -0.004693448 0.07981693 0.01723182 -0.004716157 0.0796191 0.01778 0 0.07990062 0.017771 -5.64727e-4 0.079903 0.0177887 -5.66807e-4 0.07971537 0.01767575 0.001922428 0.07992756 0.01773935 0.001201152 0.07991141 0.01775705 0.001205503 0.0797227 0.0172488 0.006607174 0.07910645 0.01713216 0.00656253 0.07915651 0.01763558 0.004786729 0.07916015 0.01660352 0.006360054 0.0800575 0.01684927 0.005677044 0.08005076 0.01662391 0.006367862 0.07984954 0.01718509 0.004643976 0.07981568 0.01662695 0.006368994 0.07983493 0.01669603 0.006395459 0.07962357 0.01795786 0.005139589 0.07903534 0.01753735 0.006717741 0.07905745 0.01743978 0.006680369 0.07906293 0.01753592 0.002935826 0.07995951 0.0175538 0.002945363 0.07976442 0.01736432 0.003822147 0.07999247 0.01716595 0.004632174 0.08002203 0.01732957 0.006638109 0.07908254 0.01781731 0.004838585 0.0790742 0.01801264 0.004892706 0.07902914 0.01814037 0.003068089 0.07903587 0.01680725 0.006438076 0.07943397 0.01724499 0.004666566 0.07961821 0.017609 0.00296092 0.07957684 0.01780998 0.001212179 0.07954078 0.0184971 0.001268744 0.07894062 0.01836723 0.002768993 0.07897043 0.0183252 0.003100931 0.07897913 0.01695513 0.0064947 0.07927566 0.0173431 0.004698812 0.07943814 0.0176993 0.002981841 0.07940399 0.01789629 0.001220822 0.07937222 0.01792699 -5.74023e-4 0.07936638 0.01707047 0.006538867 0.07919144 0.01747518 0.004739463 0.07928323 0.01782125 0.003007352 0.07925248 0.01801276 0.001231193 0.07922297 0.01804262 -5.78901e-4 0.07921755 0.01800751 -0.001312613 0.07922393 0.01831865 0.001255571 0.07900327 0.01834642 -5.90337e-4 0.07899743 0.01852387 -5.96488e-4 0.07893389 0.01831376 -0.001338601 0.07900422 0.0179702 0.003036439 0.0791282 0.01815527 0.001242935 0.07909852 0.01818412 -5.84404e-4 0.07909309 0.01815021 -0.00132513 0.07909941 0.01796311 -0.003084182 0.07912915 0.01773381 -0.001280605 0.07991284 0.01767575 -0.001922428 0.07992756 0.01775151 -0.001285254 0.07972401 0.01760131 -0.003007411 0.07957804 0.01733028 -0.004748761 0.0794388 0.01813352 -0.003116309 0.07903695 0.01780563 -0.004890084 0.07907509 0.01684927 -0.005677044 0.08005076 0.01660352 -0.006360054 0.0800575 0.01662391 -0.006367862 0.07984954 0.01752811 -0.00298196 0.07996118 0.01736432 -0.003822147 0.07999247 0.01715254 -0.004681587 0.08002376 0.01662695 -0.006368994 0.07983493 0.01669603 -0.006395459 0.07962357 0.01678186 -0.00642836 0.07946968 0.01680725 -0.006438076 0.07943397 0.0178045 -0.001292288 0.07954192 0.01769179 -0.003028631 0.079405 0.01746273 -0.004789829 0.07928377 0.01695513 -0.0064947 0.07927566 0.01784133 -5.69943e-4 0.07953429 0.01789087 -0.001301527 0.07937318 0.01781392 -0.003054559 0.07925343 0.0172488 -0.006607174 0.07910645 0.01795625 -0.005146682 0.07903546 0.01800125 -0.00494492 0.07903051 0.01831865 -0.003149688 0.07898044 0.0183683 -0.002759933 0.07897019 0.01849246 -0.001352608 0.07894176 0.01753735 -0.006717741 0.07905745 0.01743978 -0.006680369 0.07906293 0.01732957 -0.006638109 0.07908254 -0.01664441 -0.008469641 0.07906293 -0.006638109 -0.01732957 0.07908254 -0.006607174 -0.0172488 0.07910645 -0.008376896 -0.0164622 0.07910645 -0.00656253 -0.01713216 0.07915651 -0.006538867 -0.01707047 0.07919144 -0.00829029 -0.01629197 0.07919144 -0.01614123 -0.008213579 0.07931435 -0.01592338 -0.008102715 0.07965075 -0.01493293 -0.009690046 0.07985168 -0.01586544 -0.00807321 0.07985168 -0.006368994 -0.01662695 0.07983493 -0.006367862 -0.01662391 0.07984954 -0.00807321 -0.01586544 0.07985156 -0.01290816 -0.01222729 0.0800575 -0.01381963 -0.01118683 0.0800575 -0.01383626 -0.0112003 0.07985168 -0.01151049 -0.01355123 0.0800575 -0.01257234 -0.01257234 0.0800575 -0.01258748 -0.01258748 0.07985168 -0.009977877 -0.01471626 0.0800575 -0.01118683 -0.01381963 0.0800575 -0.0112003 -0.01383626 0.07985168 -0.008328258 -0.0157088 0.0800575 -0.009678363 -0.01491492 0.0800575 -0.009690046 -0.01493293 0.07985168 -0.008063554 -0.01584637 0.0800575 -0.006581008 -0.01651716 0.0800575 -0.006360054 -0.01660352 0.0800575 -0.01415449 -0.01075994 0.0800575 -0.01491492 -0.009678363 0.0800575 -0.01523488 -0.009166538 0.0800575 -0.01584637 -0.008063554 0.0800575 -0.01613664 -0.0074656 0.0800575 -0.009725451 -0.01498746 0.07965075 -0.008102238 -0.01592248 0.07965308 -0.006395459 -0.01669603 0.07962357 -0.006438076 -0.01680725 0.07943397 -0.00815016 -0.01601654 0.07946968 -0.009782373 -0.01507514 0.07946968 -0.011307 -0.01396805 0.07946968 -0.0138868 -0.01124125 0.07965075 -0.01498746 -0.009725451 0.07965075 -0.01507514 -0.009782373 0.07946968 -0.0160135 -0.00814861 0.07947444 -0.0064947 -0.01695513 0.07927566 -0.008213579 -0.01614123 0.07931435 -0.009858489 -0.0151925 0.07931435 -0.01139503 -0.01407676 0.07931435 -0.01280629 -0.01280629 0.07931435 -0.009950578 -0.01533436 0.07919144 -0.01150143 -0.01420825 0.07919144 -0.01292586 -0.01292586 0.07919144 -0.01420825 -0.01150143 0.07919144 -0.01124125 -0.0138868 0.07965075 -0.01263344 -0.01263344 0.07965075 -0.01270735 -0.01270735 0.07946968 -0.01396805 -0.011307 0.07946968 -0.01407676 -0.01139503 0.07931435 -0.0151925 -0.009858489 0.07931435 -0.01533436 -0.009950578 0.07919144 -0.01629197 -0.00829029 0.07919144 -0.0164622 -0.008376896 0.07910645 -0.01005452 -0.01549458 0.07910645 -0.01162159 -0.01435667 0.07910645 -0.01306092 -0.01306092 0.07910645 -0.01435667 -0.01162159 0.07910645 -0.01549458 -0.01005452 0.07910645 -0.006680369 -0.01743978 0.07906293 -0.008469641 -0.01664441 0.07906293 -0.01016581 -0.01566612 0.07906293 -0.01175028 -0.01451563 0.07906293 -0.01320552 -0.01320552 0.07906293 -0.01451563 -0.01175028 0.07906293 -0.01566612 -0.01016581 0.07906293 -0.01673758 -0.008517026 0.07905745 -0.0157538 -0.01022273 0.07905745 -0.01459687 -0.01181602 0.07905745 -0.01327943 -0.01327943 0.07905745 -0.01181602 -0.01459687 0.07905745 -0.01022273 -0.0157538 0.07905745 -0.008517026 -0.01673758 0.07905745 -0.006717741 -0.01753735 0.07905745 -0.001285254 -0.01775151 0.07972401 -0.002991616 -0.01754605 0.07976585 -0.003007411 -0.01760131 0.07957804 0.00287646 -0.01754575 0.07995742 0.001201152 -0.01773935 0.07991141 0.001205503 -0.01775705 0.0797227 0.006607174 -0.0172488 0.07910645 0.00656253 -0.01713216 0.07915651 0.004786729 -0.01763558 0.07916015 0.006360054 -0.01660352 0.0800575 0.004756569 -0.01713192 0.0800262 0.004643976 -0.01718509 0.07981568 0.006395459 -0.01669603 0.07962357 0.006368994 -0.01662695 0.07983493 0.006367862 -0.01662391 0.07984954 0.005139589 -0.01795786 0.07903534 0.006717741 -0.01753735 0.07905745 0.006680369 -0.01743978 0.07906293 0.004632174 -0.01716595 0.08002203 0.002935826 -0.01753592 0.07995951 0.002945363 -0.0175538 0.07976442 0.006638109 -0.01732957 0.07908254 0.004838585 -0.01781731 0.0790742 0.004892706 -0.01801264 0.07902914 0.003068089 -0.01814037 0.07903587 0.006438076 -0.01680725 0.07943397 0.004666566 -0.01724499 0.07961821 0.00296092 -0.017609 0.07957684 0.001212179 -0.01780998 0.07954078 0.001268744 -0.0184971 0.07894062 0.002768993 -0.01836723 0.07897043 0.003100931 -0.0183252 0.07897913 0.0064947 -0.01695513 0.07927566 0.004698812 -0.0173431 0.07943814 0.002981841 -0.0176993 0.07940399 0.001220822 -0.01789629 0.07937222 -5.74023e-4 -0.01792699 0.07936638 0.006538867 -0.01707047 0.07919144 0.004739463 -0.01747518 0.07928323 0.003007352 -0.01782125 0.07925248 0.001231193 -0.01801276 0.07922297 -5.78901e-4 -0.01804262 0.07921755 -0.001312613 -0.01800751 0.07922393 0.001255571 -0.01831865 0.07900327 -5.90337e-4 -0.01834642 0.07899743 -5.96488e-4 -0.01852387 0.07893389 -0.001338601 -0.01831376 0.07900422 -5.64727e-4 -0.017771 0.079903 -9.62602e-4 -0.01775389 0.07990759 -0.001280605 -0.01773381 0.07991284 9.62602e-4 -0.01775389 0.07990759 -5.66807e-4 -0.0177887 0.07971537 -0.001292288 -0.0178045 0.07954192 -0.003028631 -0.01769179 0.079405 -5.69943e-4 -0.01784133 0.07953429 -0.001301527 -0.01789087 0.07937318 -0.003054559 -0.01781392 0.07925343 0.003036439 -0.0179702 0.0791282 0.001242935 -0.01815527 0.07909852 -5.84404e-4 -0.01818412 0.07909309 -0.00132513 -0.01815021 0.07909941 -0.003084182 -0.01796311 0.07912915 -0.00287646 -0.01754575 0.07995742 -0.00298196 -0.01752811 0.07996118 -0.004681587 -0.01715254 0.08002376 -0.003116309 -0.01813352 0.07903695 -0.004890084 -0.01780563 0.07907509 -0.004756629 -0.01713192 0.0800262 -0.004837632 -0.01762348 0.07916074 -0.004789829 -0.01746273 0.07928377 -0.004748761 -0.01733028 0.0794388 -0.004716157 -0.01723182 0.0796191 -0.004693448 -0.01717174 0.07981693 -0.005146682 -0.01795625 0.07903546 -0.00494492 -0.01800125 0.07903051 -0.003149688 -0.01831865 0.07898044 -0.002759933 -0.0183683 0.07897019 -0.001352608 -0.01849246 0.07894176 0.01664441 0.008469641 0.07906293 0.008376896 0.0164622 0.07910645 0.00829029 0.01629197 0.07919144 0.00814861 0.0160135 0.07947444 0.01592248 0.008102238 0.07965308 0.01493287 0.009690046 0.0798518 0.01586544 0.00807327 0.07985156 0.00807327 0.01586544 0.07985156 0.01290816 0.01222729 0.0800575 0.01381963 0.01118683 0.0800575 0.01383626 0.0112003 0.07985168 0.01151049 0.01355123 0.0800575 0.01257234 0.01257234 0.0800575 0.01258748 0.01258748 0.07985168 0.009977877 0.01471626 0.0800575 0.01118683 0.01381963 0.0800575 0.0112003 0.01383626 0.07985168 0.008328258 0.0157088 0.0800575 0.009678363 0.01491492 0.0800575 0.009690046 0.01493293 0.07985168 0.008063554 0.01584637 0.0800575 0.006581008 0.01651716 0.0800575 0.01415449 0.01075994 0.0800575 0.01491492 0.009678363 0.0800575 0.01523488 0.009166538 0.0800575 0.01584637 0.008063554 0.0800575 0.01613664 0.0074656 0.0800575 0.009725451 0.01498746 0.07965075 0.008102715 0.01592338 0.07965075 0.009782373 0.01507514 0.07946968 0.011307 0.01396805 0.07946968 0.01498746 0.009725451 0.07965075 0.01601654 0.00815016 0.07946968 0.008213579 0.01614123 0.07931435 0.009858489 0.0151925 0.07931435 0.01139503 0.01407676 0.07931435 0.01280629 0.01280629 0.07931435 0.0138868 0.01124125 0.07965075 0.01507514 0.009782373 0.07946968 0.01614123 0.008213579 0.07931435 0.009950578 0.01533436 0.07919144 0.01150143 0.01420825 0.07919144 0.01292586 0.01292586 0.07919144 0.01420825 0.01150143 0.07919144 0.01124125 0.0138868 0.07965075 0.01263344 0.01263344 0.07965075 0.01270735 0.01270735 0.07946968 0.01396805 0.011307 0.07946968 0.01407676 0.01139503 0.07931435 0.0151925 0.009858489 0.07931435 0.01533436 0.009950578 0.07919144 0.01629197 0.00829029 0.07919144 0.0164622 0.008376896 0.07910645 0.01005452 0.01549458 0.07910645 0.01162159 0.01435667 0.07910645 0.01306092 0.01306092 0.07910645 0.01435667 0.01162159 0.07910645 0.01549458 0.01005452 0.07910645 0.008469641 0.01664441 0.07906293 0.01016581 0.01566612 0.07906293 0.01175028 0.01451563 0.07906293 0.01320552 0.01320552 0.07906293 0.01451563 0.01175028 0.07906293 0.01566612 0.01016581 0.07906293 0.01673758 0.008517026 0.07905745 0.0157538 0.01022273 0.07905745 0.01459687 0.01181602 0.07905745 0.01327943 0.01327943 0.07905745 0.01181602 0.01459687 0.07905745 0.01022273 0.0157538 0.07905745 0.008517026 0.01673758 0.07905745 0.01968497 0 0.08640748 0.01956415 0.002127707 0.08630293 0.01956957 0.002128303 0.08640748 0.01921939 0.004230499 0.08630293 0.01922476 0.004231691 0.08640748 0.01864933 0.0062837 0.08630293 0.01865452 0.006285429 0.08640748 0.01786065 0.00826317 0.08630293 0.01786559 0.008265495 0.08640748 0.01686251 0.01014584 0.08630293 0.01686722 0.01014864 0.08640748 0.01566672 0.01190948 0.08630293 0.01567107 0.01191282 0.08640748 0.01428723 0.01353359 0.08630293 0.01429116 0.01353734 0.08640748 0.01274025 0.01499897 0.08630293 0.01274377 0.01500314 0.08640748 0.01104384 0.01628851 0.08630293 0.01104694 0.01629304 0.08640748 0.009218037 0.01738709 0.08630293 0.0092206 0.01739192 0.08640748 0.007284104 0.01828181 0.08630293 0.007286131 0.01828688 0.08640748 0.005264818 0.0189622 0.08630293 0.005266249 0.01896744 0.08640748 0.003183782 0.01942026 0.08630293 0.003184676 0.01942563 0.08640748 0.001065373 0.01965063 0.08630293 0.001065671 0.01965612 0.08640748 -0.001065373 0.01965063 0.08630293 -0.001065671 0.01965612 0.08640748 -0.003183782 0.01942026 0.08630293 -0.003184676 0.01942563 0.08640748 -0.005264818 0.0189622 0.08630293 -0.005266249 0.01896744 0.08640748 -0.007284104 0.01828181 0.08630293 -0.007286131 0.01828688 0.08640748 -0.009218037 0.01738709 0.08630293 -0.0092206 0.01739192 0.08640748 -0.01104384 0.01628851 0.08630293 -0.01104694 0.01629304 0.08640748 -0.01274025 0.01499897 0.08630293 -0.01274377 0.01500314 0.08640748 -0.01428723 0.01353359 0.08630293 -0.01429116 0.01353734 0.08640748 -0.01566672 0.01190948 0.08630293 -0.01567107 0.01191282 0.08640748 -0.01686251 0.01014584 0.08630293 -0.01686722 0.01014864 0.08640748 -0.01786065 0.00826317 0.08630293 -0.01786559 0.008265495 0.08640748 -0.01864933 0.0062837 0.08630293 -0.01865452 0.006285429 0.08640748 -0.01921939 0.004230499 0.08630293 -0.01922476 0.004231691 0.08640748 -0.01956415 0.002127707 0.08630293 -0.01956957 0.002128303 0.08640748 -0.01967948 0 0.08630293 -0.01968497 0 0.08640748 -0.01956415 -0.002127707 0.08630293 -0.01956957 -0.002128303 0.08640748 -0.01921939 -0.004230499 0.08630293 -0.01922476 -0.004231691 0.08640748 -0.01864933 -0.0062837 0.08630293 -0.01865452 -0.006285429 0.08640748 -0.01786065 -0.00826317 0.08630293 -0.01786559 -0.008265495 0.08640748 -0.01686251 -0.01014584 0.08630293 -0.01686722 -0.01014864 0.08640748 -0.01566672 -0.01190948 0.08630293 -0.01567107 -0.01191282 0.08640748 -0.01428723 -0.01353359 0.08630293 -0.01429116 -0.01353734 0.08640748 -0.01274025 -0.01499897 0.08630293 -0.01274377 -0.01500314 0.08640748 -0.01104384 -0.01628851 0.08630293 -0.01104694 -0.01629304 0.08640748 -0.009218037 -0.01738709 0.08630293 -0.0092206 -0.01739192 0.08640748 -0.007284104 -0.01828181 0.08630293 -0.007286131 -0.01828688 0.08640748 -0.005264818 -0.0189622 0.08630293 -0.005266249 -0.01896744 0.08640748 -0.003183782 -0.01942026 0.08630293 -0.003184676 -0.01942563 0.08640748 -0.001065373 -0.01965063 0.08630293 -0.001065671 -0.01965612 0.08640748 0.001065373 -0.01965063 0.08630293 0.001065671 -0.01965612 0.08640748 0.003183782 -0.01942026 0.08630293 0.003184676 -0.01942563 0.08640748 0.005264818 -0.0189622 0.08630293 0.005266249 -0.01896744 0.08640748 0.007284104 -0.01828181 0.08630293 0.007286131 -0.01828688 0.08640748 0.009218037 -0.01738709 0.08630293 0.0092206 -0.01739192 0.08640748 0.01104384 -0.01628851 0.08630293 0.01104694 -0.01629304 0.08640748 0.01274025 -0.01499897 0.08630293 0.01274377 -0.01500314 0.08640748 0.01428723 -0.01353359 0.08630293 0.01429116 -0.01353734 0.08640748 0.01566672 -0.01190948 0.08630293 0.01567107 -0.01191282 0.08640748 0.01686251 -0.01014584 0.08630293 0.01686722 -0.01014864 0.08640748 0.01786065 -0.00826317 0.08630293 0.01786559 -0.008265495 0.08640748 0.01864933 -0.0062837 0.08630293 0.01865452 -0.006285429 0.08640748 0.01921939 -0.004230499 0.08630293 0.01922476 -0.004231691 0.08640748 0.01956415 -0.002127707 0.08630293 0.01956957 -0.002128303 0.08640748 0.01967948 0 0.08630293 0.01952093 0.002122998 0.08609849 0.01917695 0.004221141 0.08609849 0.01860815 0.006269812 0.08609849 0.01782119 0.008244931 0.08609849 0.01682525 0.01012343 0.08609849 0.01563209 0.01188319 0.08609849 0.01425564 0.01350367 0.08609849 0.01271206 0.01496583 0.08609849 0.01101946 0.01625251 0.08609849 0.009197652 0.01734864 0.08609849 0.007268011 0.0182414 0.08609849 0.005253195 0.0189203 0.08609849 0.003176748 0.01937735 0.08609849 0.001063048 0.01960724 0.08609849 -0.001063048 0.01960724 0.08609849 -0.003176748 0.01937735 0.08609849 -0.005253195 0.0189203 0.08609849 -0.007268011 0.0182414 0.08609849 -0.009197652 0.01734864 0.08609849 -0.01101946 0.01625251 0.08609849 -0.01271206 0.01496583 0.08609849 -0.01425564 0.01350367 0.08609849 -0.01563209 0.01188319 0.08609849 -0.01682525 0.01012343 0.08609849 -0.01782119 0.008244931 0.08609849 -0.01860815 0.006269812 0.08609849 -0.01917695 0.004221141 0.08609849 -0.01952093 0.002122998 0.08609849 -0.01963603 0 0.08609849 -0.01952093 -0.002122998 0.08609849 -0.01917695 -0.004221141 0.08609849 -0.01860815 -0.006269812 0.08609849 -0.01782119 -0.008244931 0.08609849 -0.01682525 -0.01012343 0.08609849 -0.01563209 -0.01188319 0.08609849 -0.01425564 -0.01350367 0.08609849 -0.01271206 -0.01496583 0.08609849 -0.01101946 -0.01625251 0.08609849 -0.009197652 -0.01734864 0.08609849 -0.007268011 -0.0182414 0.08609849 -0.005253195 -0.0189203 0.08609849 -0.003176748 -0.01937735 0.08609849 -0.001063048 -0.01960724 0.08609849 0.001063048 -0.01960724 0.08609849 0.003176748 -0.01937735 0.08609849 0.005253195 -0.0189203 0.08609849 0.007268011 -0.0182414 0.08609849 0.009197652 -0.01734864 0.08609849 0.01101946 -0.01625251 0.08609849 0.01271206 -0.01496583 0.08609849 0.01425564 -0.01350367 0.08609849 0.01563209 -0.01188319 0.08609849 0.01682525 -0.01012343 0.08609849 0.01782119 -0.008244931 0.08609849 0.01860815 -0.006269812 0.08609849 0.01917695 -0.004221141 0.08609849 0.01952093 -0.002122998 0.08609849 0.01963603 0 0.08609849 0.01943641 0.002113819 0.08590745 0.01909393 0.004202842 0.08590745 0.01852756 0.006242632 0.08590745 0.017744 0.008209228 0.08590745 0.01675242 0.01007956 0.08590745 0.01556438 0.01183176 0.08590745 0.01419395 0.01344519 0.08590745 0.01265704 0.01490104 0.08590745 0.01097178 0.01618212 0.08590745 0.009157836 0.01727354 0.08590745 0.00723654 0.01816242 0.08590745 0.005230426 0.01883834 0.08590745 0.00316298 0.01929342 0.08590745 0.001058459 0.0195223 0.08590745 -0.001058459 0.0195223 0.08590745 -0.00316298 0.01929342 0.08590745 -0.005230426 0.01883834 0.08590745 -0.00723654 0.01816242 0.08590745 -0.009157836 0.01727354 0.08590745 -0.01097178 0.01618212 0.08590745 -0.01265704 0.01490104 0.08590745 -0.01419395 0.01344519 0.08590745 -0.01556438 0.01183176 0.08590745 -0.01675242 0.01007956 0.08590745 -0.017744 0.008209228 0.08590745 -0.01852756 0.006242632 0.08590745 -0.01909393 0.004202842 0.08590745 -0.01943641 0.002113819 0.08590745 -0.01955097 0 0.08590745 -0.01943641 -0.002113819 0.08590745 -0.01909393 -0.004202842 0.08590745 -0.01852756 -0.006242632 0.08590745 -0.017744 -0.008209228 0.08590745 -0.01675242 -0.01007956 0.08590745 -0.01556438 -0.01183176 0.08590745 -0.01419395 -0.01344519 0.08590745 -0.01265704 -0.01490104 0.08590745 -0.01097178 -0.01618212 0.08590745 -0.009157836 -0.01727354 0.08590745 -0.00723654 -0.01816242 0.08590745 -0.005230426 -0.01883834 0.08590745 -0.00316298 -0.01929342 0.08590745 -0.001058459 -0.0195223 0.08590745 0.001058459 -0.0195223 0.08590745 0.00316298 -0.01929342 0.08590745 0.005230426 -0.01883834 0.08590745 0.00723654 -0.01816242 0.08590745 0.009157836 -0.01727354 0.08590745 0.01097178 -0.01618212 0.08590745 0.01265704 -0.01490104 0.08590745 0.01419395 -0.01344519 0.08590745 0.01556438 -0.01183176 0.08590745 0.01675242 -0.01007956 0.08590745 0.017744 -0.008209228 0.08590745 0.01852756 -0.006242632 0.08590745 0.01909393 -0.004202842 0.08590745 0.01943641 -0.002113819 0.08590745 0.01955097 0 0.08590745 0.01931422 0.002100527 0.08573836 0.01897388 0.004176437 0.08573836 0.01841109 0.006203413 0.08573836 0.01763248 0.00815761 0.08573836 0.0166471 0.0100162 0.08573836 0.01546657 0.01175737 0.08573836 0.01410472 0.01336067 0.08573836 0.01257747 0.01480734 0.08573836 0.01090282 0.01608043 0.08573836 0.009100258 0.017165 0.08573836 0.007191061 0.01804828 0.08573836 0.005197525 0.01871997 0.08573836 0.003143072 0.01917219 0.08573836 0.001051783 0.01939964 0.08573836 -0.001051783 0.01939964 0.08573836 -0.003143072 0.01917219 0.08573836 -0.005197525 0.01871997 0.08573836 -0.007191061 0.01804828 0.08573836 -0.009100258 0.017165 0.08573836 -0.01090282 0.01608043 0.08573836 -0.01257747 0.01480734 0.08573836 -0.01410472 0.01336067 0.08573836 -0.01546657 0.01175737 0.08573836 -0.0166471 0.0100162 0.08573836 -0.01763248 0.00815761 0.08573836 -0.01841109 0.006203413 0.08573836 -0.01897388 0.004176437 0.08573836 -0.01931422 0.002100527 0.08573836 -0.01942813 0 0.08573836 -0.01931422 -0.002100527 0.08573836 -0.01897388 -0.004176437 0.08573836 -0.01841109 -0.006203413 0.08573836 -0.01763248 -0.00815761 0.08573836 -0.0166471 -0.0100162 0.08573836 -0.01546657 -0.01175737 0.08573836 -0.01410472 -0.01336067 0.08573836 -0.01257747 -0.01480734 0.08573836 -0.01090282 -0.01608043 0.08573836 -0.009100258 -0.017165 0.08573836 -0.007191061 -0.01804828 0.08573836 -0.005197525 -0.01871997 0.08573836 -0.003143072 -0.01917219 0.08573836 -0.001051783 -0.01939964 0.08573836 0.001051783 -0.01939964 0.08573836 0.003143072 -0.01917219 0.08573836 0.005197525 -0.01871997 0.08573836 0.007191061 -0.01804828 0.08573836 0.009100258 -0.017165 0.08573836 0.01090282 -0.01608043 0.08573836 0.01257747 -0.01480734 0.08573836 0.01410472 -0.01336067 0.08573836 0.01546657 -0.01175737 0.08573836 0.0166471 -0.0100162 0.08573836 0.01763248 -0.00815761 0.08573836 0.01841109 -0.006203413 0.08573836 0.01897388 -0.004176437 0.08573836 0.01931422 -0.002100527 0.08573836 0.01942813 0 0.08573836 0.01915979 0.002083718 0.08559846 0.01882219 0.004143059 0.08559846 0.01826387 0.006153821 0.08559846 0.01749145 0.008092403 0.08559846 0.016514 0.009936153 0.08559846 0.01534289 0.01166337 0.08559846 0.01399195 0.01325386 0.08559846 0.01247692 0.01468896 0.08559846 0.01081562 0.01595187 0.08559846 0.009027481 0.01702773 0.08559846 0.007133543 0.01790392 0.08559846 0.00515598 0.01857024 0.08559846 0.003117978 0.01901888 0.08559846 0.001043379 0.01924449 0.08559846 -0.001043379 0.01924449 0.08559846 -0.003117978 0.01901888 0.08559846 -0.00515598 0.01857024 0.08559846 -0.007133543 0.01790392 0.08559846 -0.009027481 0.01702773 0.08559846 -0.01081562 0.01595187 0.08559846 -0.01247692 0.01468896 0.08559846 -0.01399195 0.01325386 0.08559846 -0.01534289 0.01166337 0.08559846 -0.016514 0.009936153 0.08559846 -0.01749145 0.008092403 0.08559846 -0.01826387 0.006153821 0.08559846 -0.01882219 0.004143059 0.08559846 -0.01915979 0.002083718 0.08559846 -0.01927274 0 0.08559846 -0.01915979 -0.002083718 0.08559846 -0.01882219 -0.004143059 0.08559846 -0.01826387 -0.006153821 0.08559846 -0.01749145 -0.008092403 0.08559846 -0.016514 -0.009936153 0.08559846 -0.01534289 -0.01166337 0.08559846 -0.01399195 -0.01325386 0.08559846 -0.01247692 -0.01468896 0.08559846 -0.01081562 -0.01595187 0.08559846 -0.009027481 -0.01702773 0.08559846 -0.007133543 -0.01790392 0.08559846 -0.00515598 -0.01857024 0.08559846 -0.003117978 -0.01901888 0.08559846 -0.001043379 -0.01924449 0.08559846 0.001043379 -0.01924449 0.08559846 0.003117978 -0.01901888 0.08559846 0.00515598 -0.01857024 0.08559846 0.007133543 -0.01790392 0.08559846 0.009027481 -0.01702773 0.08559846 0.01081562 -0.01595187 0.08559846 0.01247692 -0.01468896 0.08559846 0.01399195 -0.01325386 0.08559846 0.01534289 -0.01166337 0.08559846 0.016514 -0.009936153 0.08559846 0.01749145 -0.008092403 0.08559846 0.01826387 -0.006153821 0.08559846 0.01882219 -0.004143059 0.08559846 0.01915979 -0.002083718 0.08559846 0.01927274 0 0.08559846 0.01897978 0.002064168 0.08549392 0.01864534 0.004104137 0.08549392 0.01809233 0.006096005 0.08549392 0.01732718 0.008016407 0.08549392 0.01635885 0.009842813 0.08549392 0.01519876 0.01155382 0.08549392 0.01386046 0.01312935 0.08549392 0.01235967 0.01455098 0.08549392 0.01071399 0.01580202 0.08549392 0.008942723 0.01686775 0.08549392 0.007066547 0.01773577 0.08549392 0.005107522 0.01839584 0.08549392 0.003088653 0.01884019 0.08549392 0.001033604 0.01906371 0.08549392 -0.001033604 0.01906371 0.08549392 -0.003088653 0.01884019 0.08549392 -0.005107522 0.01839584 0.08549392 -0.007066547 0.01773577 0.08549392 -0.008942723 0.01686775 0.08549392 -0.01071399 0.01580202 0.08549392 -0.01235967 0.01455098 0.08549392 -0.01386046 0.01312935 0.08549392 -0.01519876 0.01155382 0.08549392 -0.01635885 0.009842813 0.08549392 -0.01732718 0.008016407 0.08549392 -0.01809233 0.006096005 0.08549392 -0.01864534 0.004104137 0.08549392 -0.01897978 0.002064168 0.08549392 -0.01909172 0 0.08549392 -0.01897978 -0.002064168 0.08549392 -0.01864534 -0.004104137 0.08549392 -0.01809233 -0.006096005 0.08549392 -0.01732718 -0.008016407 0.08549392 -0.01635885 -0.009842813 0.08549392 -0.01519876 -0.01155382 0.08549392 -0.01386046 -0.01312935 0.08549392 -0.01235967 -0.01455098 0.08549392 -0.01071399 -0.01580202 0.08549392 -0.008942723 -0.01686775 0.08549392 -0.007066547 -0.01773577 0.08549392 -0.005107522 -0.01839584 0.08549392 -0.003088653 -0.01884019 0.08549392 -0.001033604 -0.01906371 0.08549392 0.001033604 -0.01906371 0.08549392 0.003088653 -0.01884019 0.08549392 0.005107522 -0.01839584 0.08549392 0.007066547 -0.01773577 0.08549392 0.008942723 -0.01686775 0.08549392 0.01071399 -0.01580202 0.08549392 0.01235967 -0.01455098 0.08549392 0.01386046 -0.01312935 0.08549392 0.01519876 -0.01155382 0.08549392 0.01635885 -0.009842813 0.08549392 0.01732718 -0.008016407 0.08549392 0.01809233 -0.006096005 0.08549392 0.01864534 -0.004104137 0.08549392 0.01897978 -0.002064168 0.08549392 0.01909172 0 0.08549392 0.01878213 0.002042651 0.08542931 0.01845115 0.0040614 0.08542931 0.01790392 0.006032526 0.08542931 0.0171467 0.007932901 0.08542931 0.0161885 0.009740293 0.08542931 0.01504051 0.01143348 0.08542931 0.01371616 0.01299262 0.08542931 0.01223099 0.0143994 0.08542931 0.01060241 0.01563745 0.08542931 0.008849561 0.0166921 0.08542931 0.006992936 0.01755106 0.08542931 0.005054354 0.01820421 0.08542931 0.003056526 0.01864397 0.08542931 0.001022815 0.01886516 0.08542931 -0.001022815 0.01886516 0.08542931 -0.003056526 0.01864397 0.08542931 -0.005054354 0.01820421 0.08542931 -0.006992936 0.01755106 0.08542931 -0.008849561 0.0166921 0.08542931 -0.01060241 0.01563745 0.08542931 -0.01223099 0.0143994 0.08542931 -0.01371616 0.01299262 0.08542931 -0.01504051 0.01143348 0.08542931 -0.0161885 0.009740293 0.08542931 -0.0171467 0.007932901 0.08542931 -0.01790392 0.006032526 0.08542931 -0.01845115 0.0040614 0.08542931 -0.01878213 0.002042651 0.08542931 -0.01889288 0 0.08542931 -0.01878213 -0.002042651 0.08542931 -0.01845115 -0.0040614 0.08542931 -0.01790392 -0.006032526 0.08542931 -0.0171467 -0.007932901 0.08542931 -0.0161885 -0.009740293 0.08542931 -0.01504051 -0.01143348 0.08542931 -0.01371616 -0.01299262 0.08542931 -0.01223099 -0.0143994 0.08542931 -0.01060241 -0.01563745 0.08542931 -0.008849561 -0.0166921 0.08542931 -0.006992936 -0.01755106 0.08542931 -0.005054354 -0.01820421 0.08542931 -0.003056526 -0.01864397 0.08542931 -0.001022815 -0.01886516 0.08542931 0.001022815 -0.01886516 0.08542931 0.003056526 -0.01864397 0.08542931 0.005054354 -0.01820421 0.08542931 0.006992936 -0.01755106 0.08542931 0.008849561 -0.0166921 0.08542931 0.01060241 -0.01563745 0.08542931 0.01223099 -0.0143994 0.08542931 0.01371616 -0.01299262 0.08542931 0.01504051 -0.01143348 0.08542931 0.0161885 -0.009740293 0.08542931 0.0171467 -0.007932901 0.08542931 0.01790392 -0.006032526 0.08542931 0.01845115 -0.0040614 0.08542931 0.01878213 -0.002042651 0.08542931 0.01889288 0 0.08542931 0.01857542 0.00202018 0.08540749 0.01824814 0.004016697 0.08540749 0.01770687 0.005966126 0.08540749 0.01695799 0.00784558 0.08540749 0.01601034 0.009633123 0.08540749 0.01487499 0.01130765 0.08540749 0.01356518 0.01284962 0.08540749 0.0120964 0.01424098 0.08540749 0.01048576 0.01546531 0.08540749 0.008752167 0.0165084 0.08540749 0.006915986 0.01735788 0.08540749 0.004998743 0.01800388 0.08540749 0.003022849 0.01843881 0.08540749 0.00101155 0.01865756 0.08540749 -0.00101155 0.01865756 0.08540749 -0.003022849 0.01843881 0.08540749 -0.004998743 0.01800388 0.08540749 -0.006915986 0.01735788 0.08540749 -0.008752167 0.0165084 0.08540749 -0.01048576 0.01546531 0.08540749 -0.0120964 0.01424098 0.08540749 -0.01356518 0.01284962 0.08540749 -0.01487499 0.01130765 0.08540749 -0.01601034 0.009633123 0.08540749 -0.01695799 0.00784558 0.08540749 -0.01770687 0.005966126 0.08540749 -0.01824814 0.004016697 0.08540749 -0.01857542 0.00202018 0.08540749 -0.01868498 0 0.08540749 -0.01857542 -0.00202018 0.08540749 -0.01824814 -0.004016697 0.08540749 -0.01770687 -0.005966126 0.08540749 -0.01695799 -0.00784558 0.08540749 -0.01601034 -0.009633123 0.08540749 -0.01487499 -0.01130765 0.08540749 -0.01356518 -0.01284962 0.08540749 -0.0120964 -0.01424098 0.08540749 -0.01048576 -0.01546531 0.08540749 -0.008752167 -0.0165084 0.08540749 -0.006915986 -0.01735788 0.08540749 -0.004998743 -0.01800388 0.08540749 -0.003022849 -0.01843881 0.08540749 -0.00101155 -0.01865756 0.08540749 0.00101155 -0.01865756 0.08540749 0.003022849 -0.01843881 0.08540749 0.004998743 -0.01800388 0.08540749 0.006915986 -0.01735788 0.08540749 0.008752167 -0.0165084 0.08540749 0.01048576 -0.01546531 0.08540749 0.0120964 -0.01424098 0.08540749 0.01356518 -0.01284962 0.08540749 0.01487499 -0.01130765 0.08540749 0.01601034 -0.009633123 0.08540749 0.01695799 -0.00784558 0.08540749 0.01770687 -0.005966126 0.08540749 0.01824814 -0.004016697 0.08540749 0.01857542 -0.00202018 0.08540749 0.01868498 0 0.08540749 -0.02919775 -0.02009081 -0.07083266 -0.02920997 -0.02008402 -0.07061219 -0.02920997 -0.0199595 -0.07061409 -0.02902257 -0.0199595 -0.07145935 -0.02901774 -0.02011024 -0.07146739 -0.02910381 -0.0199595 -0.07125699 -0.02910107 -0.02010399 -0.07126289 -0.02916258 -0.0199595 -0.07104694 -0.02916133 -0.02009749 -0.0710504 -0.02919811 -0.0199595 -0.07083183 -0.0290125 -0.02026247 -0.07147139 -0.02908283 -0.02025246 -0.07130688 -0.02909809 -0.02024996 -0.0712648 -0.02913808 -0.02024215 -0.07113677 -0.02915996 -0.0202369 -0.07104998 -0.0291779 -0.0202316 -0.07096236 -0.02920997 -0.02020996 -0.07060641 -0.02920192 -0.02022081 -0.0707851 -0.02919745 -0.02022349 -0.07082957 -0.0202369 -0.02915996 -0.07104998 -0.0202316 -0.0291779 -0.07096236 -0.02060759 -0.02916735 -0.07095676 -0.02022349 -0.02919745 -0.07082957 -0.02024996 -0.02909809 -0.0712648 -0.02024215 -0.02913808 -0.07113677 -0.02061355 -0.02912509 -0.07113575 -0.02061861 -0.02906656 -0.07131016 -0.02025246 -0.02908283 -0.07130688 -0.02026247 -0.0290125 -0.07147139 -0.02142912 -0.02911746 -0.07076674 -0.02060079 -0.02919304 -0.07077467 -0.02059322 -0.0292018 -0.07059097 -0.02022081 -0.02920192 -0.0707851 -0.02020996 -0.02920997 -0.07060641 -0.02141857 -0.02897781 -0.07133078 -0.02109009 -0.02894371 -0.07149356 -0.02062278 -0.02899223 -0.07147848 -0.0211507 -0.02916067 -0.07057672 -0.02142751 -0.02912724 -0.07057261 -0.02226823 -0.02896076 -0.07077312 -0.02208119 -0.02901333 -0.07056903 -0.02257156 -0.02871757 -0.0713793 -0.02220982 -0.02872318 -0.07154655 -0.0222311 -0.02881115 -0.07136362 -0.02218031 -0.02873092 -0.071545 -0.02141004 -0.02889585 -0.07150679 -0.02227127 -0.02897071 -0.07056927 -0.02262377 -0.02888023 -0.07057088 -0.02261924 -0.02887028 -0.0707786 -0.02299112 -0.02876949 -0.07057398 -0.02345067 -0.02859371 -0.07079529 -0.02345794 -0.02860343 -0.07057934 -0.02425807 -0.02823424 -0.07081335 -0.02419751 -0.02793645 -0.07165372 -0.02411442 -0.02798068 -0.07164973 -0.0241658 -0.02807509 -0.07145416 -0.02334022 -0.02834278 -0.07160919 -0.02337944 -0.02843612 -0.07141804 -0.02321749 -0.02839225 -0.0716024 -0.02254492 -0.02862763 -0.07156491 -0.02387058 -0.02843189 -0.07058489 -0.02426701 -0.02824366 -0.07059061 -0.02503937 -0.02778905 -0.07082945 -0.02470999 -0.02800422 -0.07059693 -0.02504903 -0.02779835 -0.07060146 -0.02535659 -0.02759319 -0.07060515 -0.02534681 -0.02758395 -0.07083469 -0.02550005 -0.02749115 -0.0706067 -0.02604395 -0.0270453 -0.07084327 -0.02486574 -0.02753865 -0.07168269 -0.02492839 -0.02763187 -0.07148385 -0.02511161 -0.02737212 -0.07169145 -0.02522903 -0.0274285 -0.07149332 -0.02516204 -0.02733653 -0.07169312 -0.02591186 -0.02689641 -0.07150834 -0.02583557 -0.02680879 -0.07170963 -0.02605372 -0.02705472 -0.07061123 -0.02623212 -0.02689826 -0.07061207 -0.02668839 -0.02643781 -0.0708453 -0.02669799 -0.02644741 -0.07061266 -0.02689826 -0.02623212 -0.07061207 -0.02727854 -0.02575922 -0.07084041 -0.02703684 -0.0255602 -0.0717042 -0.02670764 -0.02595114 -0.0717113 -0.02654492 -0.02629852 -0.07151186 -0.026461 -0.0262174 -0.07171356 -0.0259512 -0.02670758 -0.0717113 -0.02712655 -0.02563279 -0.0715034 -0.02732074 -0.02537852 -0.07149738 -0.02722948 -0.02530938 -0.07169765 -0.02737224 -0.02511143 -0.07169145 -0.0272879 -0.02576905 -0.07060921 -0.02748435 -0.02550935 -0.07060676 -0.02747499 -0.02549958 -0.07083702 -0.02796775 -0.02477252 -0.07059776 -0.02795845 -0.02476304 -0.07082408 -0.02800422 -0.02470999 -0.07059693 -0.02836936 -0.02397894 -0.07080715 -0.0277062 -0.02459973 -0.07167196 -0.02780014 -0.0246585 -0.07147419 -0.02793657 -0.02419722 -0.07165372 -0.02821034 -0.02389371 -0.07144212 -0.02811604 -0.0238465 -0.07163625 -0.0283789 -0.02398741 -0.07058656 -0.02843189 -0.02387058 -0.07058489 -0.02870547 -0.02314621 -0.07078874 -0.02839225 -0.02321749 -0.0716024 -0.02854925 -0.02308338 -0.0714038 -0.02845692 -0.02304875 -0.07159304 -0.02866429 -0.02274525 -0.07138758 -0.02857339 -0.02271586 -0.07157444 -0.02871531 -0.02315264 -0.07057565 -0.02876949 -0.02299112 -0.07057398 -0.0288183 -0.02279812 -0.07078182 -0.0288282 -0.02280336 -0.07057225 -0.02902966 -0.02195143 -0.07076942 -0.02901327 -0.02208119 -0.07056903 -0.02916711 -0.02108722 -0.07057791 -0.02915763 -0.02109104 -0.07076787 -0.02916067 -0.0211507 -0.07057672 -0.02903962 -0.02195286 -0.07056915 -0.02142816 -0.02908915 -0.07095897 -0.02142465 -0.02904242 -0.07114762 -0.02226048 -0.0289306 -0.07097488 -0.02224808 -0.02888053 -0.07117235 -0.02260893 -0.02883958 -0.070984 -0.02259302 -0.0287885 -0.07118499 -0.02343499 -0.0285623 -0.07100868 -0.02341121 -0.02850955 -0.07121711 -0.02423804 -0.02820271 -0.07103335 -0.02420717 -0.02814942 -0.07124787 -0.02501583 -0.02775788 -0.07105439 -0.02497863 -0.02770525 -0.0712735 -0.02532202 -0.02755308 -0.07106125 -0.02528262 -0.02750104 -0.07128173 -0.02601677 -0.0270155 -0.07107216 -0.02597254 -0.02696561 -0.07129484 -0.02665942 -0.02640944 -0.07107478 -0.02661138 -0.02636283 -0.071298 -0.0272482 -0.02573299 -0.07106858 -0.0271973 -0.02569061 -0.07129055 -0.02744436 -0.02547425 -0.07106423 -0.02739268 -0.02543371 -0.0712853 -0.02792704 -0.02474063 -0.07104748 -0.02787411 -0.02470564 -0.0712651 -0.02833777 -0.02396029 -0.07102501 -0.0282846 -0.0239318 -0.0712375 -0.02867424 -0.02313238 -0.07099938 -0.02862203 -0.0231114 -0.07120519 -0.02878743 -0.02278661 -0.07098907 -0.02873587 -0.02276891 -0.07119172 -0.02900004 -0.02194613 -0.07096767 -0.0289511 -0.02193695 -0.07116192 -0.02913028 -0.02109313 -0.07095605 -0.02908521 -0.02109336 -0.07114082 -0.02888339 -0.02192407 -0.07135027 -0.02902293 -0.02109181 -0.07132053 -0.02873116 -0.02217948 -0.07154494 -0.02879744 -0.02190756 -0.07153069 -0.02894389 -0.02108842 -0.0714935 -0.02010399 -0.02910107 -0.07126289 -0.02011024 -0.02901774 -0.07146739 -0.0199595 -0.02902257 -0.07145935 -0.0199595 -0.02920997 -0.07061409 -0.02008402 -0.02920997 -0.07061219 -0.0199595 -0.02919811 -0.07083183 -0.02009081 -0.02919775 -0.07083266 -0.0199595 -0.02916258 -0.07104694 -0.02009749 -0.02916133 -0.0710504 -0.0199595 -0.02910381 -0.07125699 -0.0290125 0.02026247 -0.07147139 -0.02901774 0.02011024 -0.07146739 -0.02908283 0.02025246 -0.07130688 -0.02910107 0.02010399 -0.07126289 -0.0291779 0.0202316 -0.07096236 -0.02915996 0.0202369 -0.07104998 -0.02916133 0.02009749 -0.0710504 -0.02913808 0.02024215 -0.07113677 -0.02909809 0.02024996 -0.0712648 -0.02919745 0.02022349 -0.07082957 -0.02919775 0.02009081 -0.07083266 -0.02920192 0.02022081 -0.0707851 -0.02920997 0.02008402 -0.07061219 -0.02920997 0.02020996 -0.07060641 -0.02920997 0.0199595 -0.07061409 -0.02919811 0.0199595 -0.07083183 -0.02916258 0.0199595 -0.07104694 -0.02910381 0.0199595 -0.07125699 -0.02902257 0.0199595 -0.07145935 -0.02916735 0.02060759 -0.07095676 -0.02912509 0.02061355 -0.07113575 -0.02906656 0.02061861 -0.07131016 -0.02911746 0.02142912 -0.07076674 -0.02919304 0.02060079 -0.07077467 -0.0292018 0.02059322 -0.07059097 -0.02897781 0.02141857 -0.07133078 -0.02894371 0.02109009 -0.07149356 -0.02899223 0.02062278 -0.07147848 -0.02916067 0.0211507 -0.07057672 -0.02912724 0.02142751 -0.07057261 -0.02896076 0.02226823 -0.07077312 -0.02901333 0.02208119 -0.07056903 -0.02871757 0.02257156 -0.0713793 -0.02872318 0.02220982 -0.07154655 -0.02881115 0.0222311 -0.07136362 -0.02873092 0.02218031 -0.071545 -0.02889585 0.02141004 -0.07150679 -0.02897071 0.02227127 -0.07056927 -0.02888023 0.02262377 -0.07057088 -0.02887028 0.02261924 -0.0707786 -0.02876949 0.02299112 -0.07057398 -0.02859371 0.02345067 -0.07079529 -0.02860343 0.02345794 -0.07057934 -0.02823424 0.02425807 -0.07081335 -0.02793645 0.02419751 -0.07165372 -0.02798068 0.02411442 -0.07164973 -0.02807509 0.0241658 -0.07145416 -0.02834278 0.02334022 -0.07160919 -0.02843612 0.02337944 -0.07141804 -0.02839225 0.02321749 -0.0716024 -0.02862763 0.02254492 -0.07156491 -0.02843189 0.02387058 -0.07058489 -0.02824366 0.02426701 -0.07059061 -0.02778905 0.02503937 -0.07082945 -0.02800422 0.02470999 -0.07059693 -0.02779835 0.02504903 -0.07060146 -0.02759319 0.02535659 -0.07060515 -0.02758395 0.02534681 -0.07083469 -0.02749115 0.02550005 -0.0706067 -0.0270453 0.02604395 -0.07084327 -0.02753865 0.02486574 -0.07168269 -0.02763187 0.02492839 -0.07148385 -0.02737212 0.02511161 -0.07169145 -0.0274285 0.02522903 -0.07149332 -0.02733653 0.02516204 -0.07169312 -0.02689641 0.02591186 -0.07150834 -0.02680879 0.02583557 -0.07170963 -0.02705472 0.02605372 -0.07061123 -0.02689826 0.02623212 -0.07061207 -0.02643781 0.02668839 -0.0708453 -0.02644741 0.02669799 -0.07061266 -0.02623212 0.02689826 -0.07061207 -0.02575922 0.02727854 -0.07084041 -0.0255602 0.02703684 -0.0717042 -0.02595114 0.02670764 -0.0717113 -0.02629852 0.02654492 -0.07151186 -0.0262174 0.026461 -0.07171356 -0.02670758 0.0259512 -0.0717113 -0.02563279 0.02712655 -0.0715034 -0.02537852 0.02732074 -0.07149738 -0.02530938 0.02722948 -0.07169765 -0.02511143 0.02737224 -0.07169145 -0.02576905 0.0272879 -0.07060921 -0.02550935 0.02748435 -0.07060676 -0.02549958 0.02747499 -0.07083702 -0.02477252 0.02796775 -0.07059776 -0.02476304 0.02795845 -0.07082408 -0.02470999 0.02800422 -0.07059693 -0.02397894 0.02836936 -0.07080715 -0.02459973 0.0277062 -0.07167196 -0.0246585 0.02780014 -0.07147419 -0.02419722 0.02793657 -0.07165372 -0.02389371 0.02821034 -0.07144212 -0.0238465 0.02811604 -0.07163625 -0.02398741 0.0283789 -0.07058656 -0.02387058 0.02843189 -0.07058489 -0.02314621 0.02870547 -0.07078874 -0.02321749 0.02839225 -0.0716024 -0.02308338 0.02854925 -0.0714038 -0.02304875 0.02845692 -0.07159304 -0.02274525 0.02866429 -0.07138758 -0.02271586 0.02857339 -0.07157444 -0.02315264 0.02871531 -0.07057565 -0.02299112 0.02876949 -0.07057398 -0.02279812 0.0288183 -0.07078182 -0.02280336 0.0288282 -0.07057225 -0.02195143 0.02902966 -0.07076942 -0.02208119 0.02901327 -0.07056903 -0.02108722 0.02916711 -0.07057791 -0.02109104 0.02915763 -0.07076787 -0.0211507 0.02916067 -0.07057672 -0.02195286 0.02903962 -0.07056915 -0.02908915 0.02142816 -0.07095897 -0.02904242 0.02142465 -0.07114762 -0.0289306 0.02226048 -0.07097488 -0.02888053 0.02224808 -0.07117235 -0.02883958 0.02260893 -0.070984 -0.0287885 0.02259302 -0.07118499 -0.0285623 0.02343499 -0.07100868 -0.02850955 0.02341121 -0.07121711 -0.02820271 0.02423804 -0.07103335 -0.02814942 0.02420717 -0.07124787 -0.02775788 0.02501583 -0.07105439 -0.02770525 0.02497863 -0.0712735 -0.02755308 0.02532202 -0.07106125 -0.02750104 0.02528262 -0.07128173 -0.0270155 0.02601677 -0.07107216 -0.02696561 0.02597254 -0.07129484 -0.02640944 0.02665942 -0.07107478 -0.02636283 0.02661138 -0.071298 -0.02573299 0.0272482 -0.07106858 -0.02569061 0.0271973 -0.07129055 -0.02547425 0.02744436 -0.07106423 -0.02543371 0.02739268 -0.0712853 -0.02474063 0.02792704 -0.07104748 -0.02470564 0.02787411 -0.0712651 -0.02396029 0.02833777 -0.07102501 -0.0239318 0.0282846 -0.0712375 -0.02313238 0.02867424 -0.07099938 -0.0231114 0.02862203 -0.07120519 -0.02278661 0.02878743 -0.07098907 -0.02276891 0.02873587 -0.07119172 -0.02194613 0.02900004 -0.07096767 -0.02193695 0.0289511 -0.07116192 -0.02109313 0.02913028 -0.07095605 -0.02109336 0.02908521 -0.07114082 -0.02020996 0.02920997 -0.07060641 -0.02022081 0.02920192 -0.0707851 -0.02022349 0.02919745 -0.07082957 -0.0202316 0.0291779 -0.07096236 -0.0202369 0.02915996 -0.07104998 -0.02024215 0.02913808 -0.07113677 -0.02024996 0.02909809 -0.0712648 -0.02192407 0.02888339 -0.07135027 -0.02109181 0.02902293 -0.07132053 -0.02025246 0.02908283 -0.07130688 -0.02217948 0.02873116 -0.07154494 -0.02190756 0.02879744 -0.07153069 -0.02108842 0.02894389 -0.0714935 -0.02026247 0.0290125 -0.07147139 0.02020996 -0.02920997 -0.07060641 0.02008402 -0.02920997 -0.07061219 0.02022081 -0.02920192 -0.0707851 0.02009081 -0.02919775 -0.07083266 0.02024215 -0.02913808 -0.07113677 0.0202369 -0.02915996 -0.07104998 0.02009749 -0.02916133 -0.0710504 0.0202316 -0.0291779 -0.07096236 0.02022349 -0.02919745 -0.07082957 0.02024996 -0.02909809 -0.0712648 0.02010399 -0.02910107 -0.07126289 0.02025246 -0.02908283 -0.07130688 0.02011024 -0.02901774 -0.07146739 0.02026247 -0.0290125 -0.07147139 0.0199595 -0.02902257 -0.07145935 0.0199595 -0.02910381 -0.07125699 0.0199595 -0.02916258 -0.07104694 0.0199595 -0.02919811 -0.07083183 0.0199595 -0.02920997 -0.07061409 0.02915996 -0.0202369 -0.07104998 0.0291779 -0.0202316 -0.07096236 0.02916735 -0.02060759 -0.07095676 0.02919745 -0.02022349 -0.07082957 0.02909809 -0.02024996 -0.0712648 0.02913808 -0.02024215 -0.07113677 0.02912509 -0.02061355 -0.07113575 0.02906656 -0.02061861 -0.07131016 0.02908283 -0.02025246 -0.07130688 0.0290125 -0.02026247 -0.07147139 0.02911746 -0.02142912 -0.07076674 0.02919304 -0.02060079 -0.07077467 0.0292018 -0.02059322 -0.07059097 0.02920192 -0.02022081 -0.0707851 0.02920997 -0.02020996 -0.07060641 0.02897781 -0.02141857 -0.07133078 0.02894371 -0.02109009 -0.07149356 0.02899223 -0.02062278 -0.07147848 0.02916067 -0.0211507 -0.07057672 0.02912724 -0.02142751 -0.07057261 0.02896076 -0.02226823 -0.07077312 0.02901333 -0.02208119 -0.07056903 0.02871757 -0.02257156 -0.0713793 0.02872318 -0.02220982 -0.07154655 0.02881115 -0.0222311 -0.07136362 0.02873092 -0.02218031 -0.071545 0.02889585 -0.02141004 -0.07150679 0.02897071 -0.02227127 -0.07056927 0.02888023 -0.02262377 -0.07057088 0.02887028 -0.02261924 -0.0707786 0.02876949 -0.02299112 -0.07057398 0.02859371 -0.02345067 -0.07079529 0.02860343 -0.02345794 -0.07057934 0.02823424 -0.02425807 -0.07081335 0.02793645 -0.02419751 -0.07165372 0.02798068 -0.02411442 -0.07164973 0.02807509 -0.0241658 -0.07145416 0.02834278 -0.02334022 -0.07160919 0.02843612 -0.02337944 -0.07141804 0.02839225 -0.02321749 -0.0716024 0.02862763 -0.02254492 -0.07156491 0.02843189 -0.02387058 -0.07058489 0.02824366 -0.02426701 -0.07059061 0.02778905 -0.02503937 -0.07082945 0.02800422 -0.02470999 -0.07059693 0.02779835 -0.02504903 -0.07060146 0.02759319 -0.02535659 -0.07060515 0.02758395 -0.02534681 -0.07083469 0.02749115 -0.02550005 -0.0706067 0.0270453 -0.02604395 -0.07084327 0.02753865 -0.02486574 -0.07168269 0.02763187 -0.02492839 -0.07148385 0.02737212 -0.02511161 -0.07169145 0.0274285 -0.02522903 -0.07149332 0.02733653 -0.02516204 -0.07169312 0.02689641 -0.02591186 -0.07150834 0.02680879 -0.02583557 -0.07170963 0.02705472 -0.02605372 -0.07061123 0.02689826 -0.02623212 -0.07061207 0.02643781 -0.02668839 -0.0708453 0.02644741 -0.02669799 -0.07061266 0.02623212 -0.02689826 -0.07061207 0.02575922 -0.02727854 -0.07084041 0.0255602 -0.02703684 -0.0717042 0.02595114 -0.02670764 -0.0717113 0.02629852 -0.02654492 -0.07151186 0.0262174 -0.026461 -0.07171356 0.02670758 -0.0259512 -0.0717113 0.02563279 -0.02712655 -0.0715034 0.02537852 -0.02732074 -0.07149738 0.02530938 -0.02722948 -0.07169765 0.02511143 -0.02737224 -0.07169145 0.02576905 -0.0272879 -0.07060921 0.02550935 -0.02748435 -0.07060676 0.02549958 -0.02747499 -0.07083702 0.02477252 -0.02796775 -0.07059776 0.02476304 -0.02795845 -0.07082408 0.02470999 -0.02800422 -0.07059693 0.02397894 -0.02836936 -0.07080715 0.02459973 -0.0277062 -0.07167196 0.0246585 -0.02780014 -0.07147419 0.02419722 -0.02793657 -0.07165372 0.02389371 -0.02821034 -0.07144212 0.0238465 -0.02811604 -0.07163625 0.02398741 -0.0283789 -0.07058656 0.02387058 -0.02843189 -0.07058489 0.02314621 -0.02870547 -0.07078874 0.02321749 -0.02839225 -0.0716024 0.02308338 -0.02854925 -0.0714038 0.02304875 -0.02845692 -0.07159304 0.02274525 -0.02866429 -0.07138758 0.02271586 -0.02857339 -0.07157444 0.02315264 -0.02871531 -0.07057565 0.02299112 -0.02876949 -0.07057398 0.02279812 -0.0288183 -0.07078182 0.02280336 -0.0288282 -0.07057225 0.02195143 -0.02902966 -0.07076942 0.02208119 -0.02901327 -0.07056903 0.02108722 -0.02916711 -0.07057791 0.02109104 -0.02915763 -0.07076787 0.0211507 -0.02916067 -0.07057672 0.02195286 -0.02903962 -0.07056915 0.02908915 -0.02142816 -0.07095897 0.02904242 -0.02142465 -0.07114762 0.0289306 -0.02226048 -0.07097488 0.02888053 -0.02224808 -0.07117235 0.02883958 -0.02260893 -0.070984 0.0287885 -0.02259302 -0.07118499 0.0285623 -0.02343499 -0.07100868 0.02850955 -0.02341121 -0.07121711 0.02820271 -0.02423804 -0.07103335 0.02814942 -0.02420717 -0.07124787 0.02775788 -0.02501583 -0.07105439 0.02770525 -0.02497863 -0.0712735 0.02755308 -0.02532202 -0.07106125 0.02750104 -0.02528262 -0.07128173 0.0270155 -0.02601677 -0.07107216 0.02696561 -0.02597254 -0.07129484 0.02640944 -0.02665942 -0.07107478 0.02636283 -0.02661138 -0.071298 0.02573299 -0.0272482 -0.07106858 0.02569061 -0.0271973 -0.07129055 0.02547425 -0.02744436 -0.07106423 0.02543371 -0.02739268 -0.0712853 0.02474063 -0.02792704 -0.07104748 0.02470564 -0.02787411 -0.0712651 0.02396029 -0.02833777 -0.07102501 0.0239318 -0.0282846 -0.0712375 0.02313238 -0.02867424 -0.07099938 0.0231114 -0.02862203 -0.07120519 0.02278661 -0.02878743 -0.07098907 0.02276891 -0.02873587 -0.07119172 0.02194613 -0.02900004 -0.07096767 0.02193695 -0.0289511 -0.07116192 0.02109313 -0.02913028 -0.07095605 0.02109336 -0.02908521 -0.07114082 0.02192407 -0.02888339 -0.07135027 0.02109181 -0.02902293 -0.07132053 0.02217948 -0.02873116 -0.07154494 0.02190756 -0.02879744 -0.07153069 0.02108842 -0.02894389 -0.0714935 0.0202369 0.02915996 -0.07104998 0.0202316 0.0291779 -0.07096236 0.02060759 0.02916735 -0.07095676 0.02022349 0.02919745 -0.07082957 0.02024996 0.02909809 -0.0712648 0.02024215 0.02913808 -0.07113677 0.02061355 0.02912509 -0.07113575 0.02061861 0.02906656 -0.07131016 0.02025246 0.02908283 -0.07130688 0.02026247 0.0290125 -0.07147139 0.02142912 0.02911746 -0.07076674 0.02060079 0.02919304 -0.07077467 0.02059322 0.0292018 -0.07059097 0.02022081 0.02920192 -0.0707851 0.02020996 0.02920997 -0.07060641 0.02141857 0.02897781 -0.07133078 0.02109009 0.02894371 -0.07149356 0.02062278 0.02899223 -0.07147848 0.0211507 0.02916067 -0.07057672 0.02142751 0.02912724 -0.07057261 0.02226823 0.02896076 -0.07077312 0.02208119 0.02901333 -0.07056903 0.02257156 0.02871757 -0.0713793 0.02220982 0.02872318 -0.07154655 0.0222311 0.02881115 -0.07136362 0.02218031 0.02873092 -0.071545 0.02141004 0.02889585 -0.07150679 0.02227127 0.02897071 -0.07056927 0.02262377 0.02888023 -0.07057088 0.02261924 0.02887028 -0.0707786 0.02299112 0.02876949 -0.07057398 0.02345067 0.02859371 -0.07079529 0.02345794 0.02860343 -0.07057934 0.02425807 0.02823424 -0.07081335 0.02419751 0.02793645 -0.07165372 0.02411442 0.02798068 -0.07164973 0.0241658 0.02807509 -0.07145416 0.02334022 0.02834278 -0.07160919 0.02337944 0.02843612 -0.07141804 0.02321749 0.02839225 -0.0716024 0.02254492 0.02862763 -0.07156491 0.02387058 0.02843189 -0.07058489 0.02426701 0.02824366 -0.07059061 0.02503937 0.02778905 -0.07082945 0.02470999 0.02800422 -0.07059693 0.02504903 0.02779835 -0.07060146 0.02535659 0.02759319 -0.07060515 0.02534681 0.02758395 -0.07083469 0.02550005 0.02749115 -0.0706067 0.02604395 0.0270453 -0.07084327 0.02486574 0.02753865 -0.07168269 0.02492839 0.02763187 -0.07148385 0.02511161 0.02737212 -0.07169145 0.02522903 0.0274285 -0.07149332 0.02516204 0.02733653 -0.07169312 0.02591186 0.02689641 -0.07150834 0.02583557 0.02680879 -0.07170963 0.02605372 0.02705472 -0.07061123 0.02623212 0.02689826 -0.07061207 0.02668839 0.02643781 -0.0708453 0.02669799 0.02644741 -0.07061266 0.02689826 0.02623212 -0.07061207 0.02727854 0.02575922 -0.07084041 0.02703684 0.0255602 -0.0717042 0.02670764 0.02595114 -0.0717113 0.02654492 0.02629852 -0.07151186 0.026461 0.0262174 -0.07171356 0.0259512 0.02670758 -0.0717113 0.02712655 0.02563279 -0.0715034 0.02732074 0.02537852 -0.07149738 0.02722948 0.02530938 -0.07169765 0.02737224 0.02511143 -0.07169145 0.0272879 0.02576905 -0.07060921 0.02748435 0.02550935 -0.07060676 0.02747499 0.02549958 -0.07083702 0.02796775 0.02477252 -0.07059776 0.02795845 0.02476304 -0.07082408 0.02800422 0.02470999 -0.07059693 0.02836936 0.02397894 -0.07080715 0.0277062 0.02459973 -0.07167196 0.02780014 0.0246585 -0.07147419 0.02793657 0.02419722 -0.07165372 0.02821034 0.02389371 -0.07144212 0.02811604 0.0238465 -0.07163625 0.0283789 0.02398741 -0.07058656 0.02843189 0.02387058 -0.07058489 0.02870547 0.02314621 -0.07078874 0.02839225 0.02321749 -0.0716024 0.02854925 0.02308338 -0.0714038 0.02845692 0.02304875 -0.07159304 0.02866429 0.02274525 -0.07138758 0.02857339 0.02271586 -0.07157444 0.02871531 0.02315264 -0.07057565 0.02876949 0.02299112 -0.07057398 0.0288183 0.02279812 -0.07078182 0.0288282 0.02280336 -0.07057225 0.02902966 0.02195143 -0.07076942 0.02901327 0.02208119 -0.07056903 0.02916711 0.02108722 -0.07057791 0.02915763 0.02109104 -0.07076787 0.02916067 0.0211507 -0.07057672 0.02903962 0.02195286 -0.07056915 0.02142816 0.02908915 -0.07095897 0.02142465 0.02904242 -0.07114762 0.02226048 0.0289306 -0.07097488 0.02224808 0.02888053 -0.07117235 0.02260893 0.02883958 -0.070984 0.02259302 0.0287885 -0.07118499 0.02343499 0.0285623 -0.07100868 0.02341121 0.02850955 -0.07121711 0.02423804 0.02820271 -0.07103335 0.02420717 0.02814942 -0.07124787 0.02501583 0.02775788 -0.07105439 0.02497863 0.02770525 -0.0712735 0.02532202 0.02755308 -0.07106125 0.02528262 0.02750104 -0.07128173 0.02601677 0.0270155 -0.07107216 0.02597254 0.02696561 -0.07129484 0.02665942 0.02640944 -0.07107478 0.02661138 0.02636283 -0.071298 0.0272482 0.02573299 -0.07106858 0.0271973 0.02569061 -0.07129055 0.02744436 0.02547425 -0.07106423 0.02739268 0.02543371 -0.0712853 0.02792704 0.02474063 -0.07104748 0.02787411 0.02470564 -0.0712651 0.02833777 0.02396029 -0.07102501 0.0282846 0.0239318 -0.0712375 0.02867424 0.02313238 -0.07099938 0.02862203 0.0231114 -0.07120519 0.02878743 0.02278661 -0.07098907 0.02873587 0.02276891 -0.07119172 0.02900004 0.02194613 -0.07096767 0.0289511 0.02193695 -0.07116192 0.02913028 0.02109313 -0.07095605 0.02908521 0.02109336 -0.07114082 0.02920997 0.02020996 -0.07060641 0.02920192 0.02022081 -0.0707851 0.02919745 0.02022349 -0.07082957 0.0291779 0.0202316 -0.07096236 0.02915996 0.0202369 -0.07104998 0.02913808 0.02024215 -0.07113677 0.02909809 0.02024996 -0.0712648 0.02888339 0.02192407 -0.07135027 0.02902293 0.02109181 -0.07132053 0.02908283 0.02025246 -0.07130688 0.02873116 0.02217948 -0.07154494 0.02879744 0.02190756 -0.07153069 0.02894389 0.02108842 -0.0714935 0.0290125 0.02026247 -0.07147139 -0.02009081 0.02919775 -0.07083266 -0.02008402 0.02920997 -0.07061219 -0.0199595 0.02920997 -0.07061409 -0.0199595 0.02902257 -0.07145935 -0.02011024 0.02901774 -0.07146739 -0.0199595 0.02910381 -0.07125699 -0.02010399 0.02910107 -0.07126289 -0.0199595 0.02916258 -0.07104694 -0.02009749 0.02916133 -0.0710504 -0.0199595 0.02919811 -0.07083183 0.02068841 0.01151746 0.07700908 0.02028805 0.0127508 0.07709378 0.02009212 0.01268434 0.07740873 0.02020615 0.01296162 0.07710689 0.01974517 0.01398915 0.07716447 0.01955592 0.01390087 0.07746911 0.01956701 0.01433199 0.07718122 0.0190972 0.01513451 0.07721501 0.01891762 0.01502555 0.0775122 0.01561337 0.01877808 0.07723128 0.015567 0.01881033 0.07722985 0.01545017 0.01863545 0.07752484 0.01433223 0.01956689 0.07718122 0.01325738 0.02008414 0.07712453 0.0131821 0.01989048 0.07743501 0.01296132 0.02020627 0.07710683 0.01196265 0.02055901 0.0770412 0.01190948 0.0203607 0.07736378 0.01151651 0.02068871 0.07700902 0.01057344 0.02090996 0.07693564 0.0105428 0.02071076 0.07727342 0.01001441 0.02100872 0.07688885 0.009091734 0.02112126 0.07680654 0.009083211 0.0209254 0.07716256 0.00847429 0.02116256 0.07674795 0.00847429 0.02096927 0.07711219 0.009073138 0.02069443 0.07749688 0.00847429 0.02073955 0.07745456 0.009061634 0.02043074 0.07780599 0.00847429 0.02047574 0.07777154 0.009048759 0.02013707 0.07808673 0.00847429 0.0201807 0.07805961 0.009034812 0.01981651 0.07833617 0.00847429 0.01985758 0.07831579 0.009019732 0.01947224 0.07855176 0.00847429 0.01950985 0.07853734 0.009003877 0.01910793 0.07873129 0.00847429 0.01914107 0.07872194 0.008987247 0.0187273 0.07887291 0.00847429 0.01875531 0.07886755 0.008970081 0.01833426 0.07897508 0.00847429 0.01835662 0.07897269 0.008952558 0.01793289 0.07903683 0.00847429 0.01794916 0.07903623 0.008934855 0.01752734 0.07905745 0.00847429 0.01753735 0.07905745 0.01050728 0.02047979 0.07758975 0.01046717 0.0202192 0.07788157 0.01042288 0.01993155 0.07814615 0.01037484 0.01961964 0.07838082 0.01032358 0.01928639 0.07858335 0.01026952 0.01893514 0.0787518 0.01021319 0.01856923 0.0788846 0.01015514 0.01819217 0.07898032 0.01009595 0.01780772 0.07903814 0.01003623 0.01741945 0.07905745 0.01184862 0.02013355 0.07766526 0.01178061 0.01987969 0.07794296 0.01170599 0.01960134 0.07819432 0.01162558 0.01930105 0.07841694 0.01153999 0.01898163 0.07860893 0.01145005 0.018646 0.07876843 0.01135659 0.01829713 0.07889401 0.01126044 0.01793831 0.07898455 0.01116245 0.01757282 0.07903921 0.01106363 0.01720386 0.07905745 0.01309663 0.01967066 0.07772475 0.01300173 0.01942664 0.07799118 0.0128982 0.0191605 0.0782321 0.01278704 0.01887458 0.07844525 0.01266914 0.01857137 0.07862889 0.01254552 0.0182535 0.07878136 0.01241725 0.01792377 0.07890141 0.01228559 0.01758503 0.07898783 0.01215147 0.01724028 0.07904005 0.01201623 0.01689249 0.07905745 0.01445835 0.0194981 0.07718706 0.01436167 0.01931238 0.07748836 0.01425266 0.01910293 0.07776921 0.0141322 0.01887154 0.07802724 0.0140013 0.01862019 0.0782603 0.01386117 0.01835089 0.07846641 0.01371288 0.01806604 0.07864379 0.01355767 0.01776796 0.07879102 0.01339691 0.01745915 0.07890689 0.01323193 0.01714217 0.07899028 0.01306408 0.01681983 0.07904064 0.01289486 0.01649469 0.07905745 0.01531898 0.01843911 0.07779961 0.0151745 0.01822286 0.07805186 0.01501792 0.0179885 0.07827955 0.01485055 0.01773804 0.07848078 0.0146737 0.01747339 0.07865399 0.01448893 0.01719689 0.07879763 0.01429772 0.01691067 0.07891058 0.01410156 0.01661711 0.078992 0.01390212 0.01631861 0.07904106 0.01370102 0.01601767 0.07905745 0.01658511 0.01802736 0.07725375 0.01644963 0.01786583 0.07754522 0.01629781 0.01768493 0.07781654 0.01613098 0.01748609 0.07806557 0.01595038 0.01727092 0.07829028 0.01575756 0.01704114 0.07848882 0.01555407 0.01679861 0.07865965 0.01534157 0.01654535 0.07880127 0.01512169 0.01628333 0.07891267 0.01489633 0.01601469 0.0789929 0.01466721 0.01574164 0.0790413 0.01443618 0.01546639 0.07905745 0.01510119 0.01484358 0.07905745 0.01536029 0.01509165 0.07904136 0.01561737 0.01533776 0.07899314 0.01587027 0.01557987 0.07891315 0.01611697 0.01581603 0.0788021 0.01635551 0.01604437 0.0786609 0.01658391 0.016263 0.07849067 0.01680034 0.01647025 0.07829272 0.01700311 0.01666432 0.07806873 0.01719057 0.01684373 0.07782042 0.01736116 0.01700705 0.07754987 0.01877832 0.01561301 0.07723128 0.01835167 0.01618868 0.07724642 0.01818454 0.01606041 0.07753896 0.01799714 0.01591664 0.07781136 0.01779109 0.01575851 0.07806134 0.01756805 0.01558738 0.078287 0.01732975 0.01540452 0.07848638 0.01707816 0.01521146 0.07865786 0.01681536 0.01500982 0.0788002 0.0165435 0.0148012 0.07891207 0.01626473 0.01458728 0.0789926 0.01598131 0.01436984 0.07904124 0.01569557 0.01415055 0.07905745 0.01784908 0.01678991 0.07725644 0.01751351 0.0171529 0.07725924 0.01679003 0.01784902 0.07725644 0.01871573 0.01490306 0.07778906 0.01849317 0.014768 0.07804334 0.01825177 0.01462149 0.07827287 0.0179935 0.01446479 0.07847583 0.01772058 0.01429915 0.07865047 0.01743519 0.014126 0.07879537 0.01713973 0.01394671 0.07890933 0.01683664 0.01376277 0.07899141 0.01652842 0.01357573 0.07904094 0.01621764 0.01338714 0.07905745 0.019342 0.01380115 0.07775318 0.01910525 0.01369071 0.07801425 0.01884764 0.0135706 0.07825011 0.01857149 0.0134418 0.07845878 0.01827901 0.01330542 0.07863843 0.01797276 0.01316267 0.07878756 0.01765543 0.01301467 0.07890486 0.01732957 0.01286268 0.07898944 0.01699805 0.01270812 0.0790404 0.01666367 0.0125522 0.07905745 0.01986902 0.01260858 0.07770282 0.01962065 0.0125243 0.07797342 0.01934933 0.01243215 0.07821816 0.01905739 0.01233303 0.07843482 0.01874738 0.01222783 0.07862156 0.01842218 0.01211744 0.07877659 0.01808458 0.01200282 0.07889866 0.01773762 0.01188504 0.07898664 0.01738435 0.01176512 0.07903975 0.01702785 0.01164412 0.07905745 0.02071505 0.01141828 0.07700175 0.02051591 0.01137411 0.07732999 0.02028685 0.01132333 0.07763707 0.02002984 0.01126635 0.07792007 0.01974743 0.0112037 0.07817631 0.01944214 0.01113605 0.07840347 0.01911693 0.01106393 0.07859939 0.01877474 0.01098811 0.07876223 0.01841878 0.01090919 0.0788905 0.01805245 0.01082795 0.07898294 0.01767909 0.01074516 0.07903879 0.01730221 0.01066166 0.07905745 0.02101224 0.009991645 0.07688689 0.02081382 0.009969949 0.07723158 0.02058237 0.009944617 0.07755476 0.02032011 0.009915888 0.07785314 0.0200296 0.009884059 0.07812374 0.01971381 0.009849488 0.07836401 0.01937586 0.009812474 0.07857149 0.01901906 0.009773373 0.07874411 0.01864695 0.009732604 0.07888019 0.01826322 0.009690582 0.07897835 0.01787167 0.009647727 0.07903766 0.01747626 0.009604394 0.07905745 0.02116256 0.00847429 0.07674795 0.02096927 0.00847429 0.07711219 0.02073955 0.00847429 0.07745456 0.02047574 0.00847429 0.07777154 0.0201807 0.00847429 0.07805961 0.01985758 0.00847429 0.07831579 0.01950985 0.00847429 0.07853734 0.01914107 0.00847429 0.07872194 0.01875531 0.00847429 0.07886755 0.01835662 0.00847429 0.07897269 0.01794916 0.00847429 0.07903623 0.01753735 0.00847429 0.07905745 0.02920997 0.02008402 -0.07061219 0.02919775 0.02009081 -0.07083266 0.02916133 0.02009749 -0.0710504 0.02910107 0.02010399 -0.07126289 0.02901774 0.02011024 -0.07146739 0.02902257 0.0199595 -0.07145935 0.02910381 0.0199595 -0.07125699 0.02916258 0.0199595 -0.07104694 0.02919811 0.0199595 -0.07083183 0.02920997 0.0199595 -0.07061409 -0.01151746 0.02068841 0.07700908 -0.0127508 0.02028805 0.07709378 -0.01268434 0.02009212 0.07740873 -0.01296162 0.02020615 0.07710689 -0.01398915 0.01974517 0.07716447 -0.01390087 0.01955592 0.07746911 -0.01433199 0.01956701 0.07718122 -0.01513451 0.0190972 0.07721501 -0.01502555 0.01891762 0.0775122 -0.01877808 0.01561337 0.07723128 -0.01881033 0.015567 0.07722985 -0.01863545 0.01545017 0.07752484 -0.01956689 0.01433223 0.07718122 -0.02008414 0.01325738 0.07712453 -0.01989048 0.0131821 0.07743501 -0.02020627 0.01296132 0.07710683 -0.02055901 0.01196265 0.0770412 -0.0203607 0.01190948 0.07736378 -0.02068871 0.01151651 0.07700902 -0.02090996 0.01057344 0.07693564 -0.02071076 0.0105428 0.07727342 -0.02100872 0.01001441 0.07688885 -0.02112126 0.009091734 0.07680654 -0.0209254 0.009083211 0.07716256 -0.02116256 0.00847429 0.07674795 -0.02096927 0.00847429 0.07711219 -0.02069443 0.009073138 0.07749688 -0.02073955 0.00847429 0.07745456 -0.02043074 0.009061634 0.07780599 -0.02047574 0.00847429 0.07777154 -0.02013707 0.009048759 0.07808673 -0.0201807 0.00847429 0.07805961 -0.01981651 0.009034812 0.07833617 -0.01985758 0.00847429 0.07831579 -0.01947224 0.009019732 0.07855176 -0.01950985 0.00847429 0.07853734 -0.01910793 0.009003877 0.07873129 -0.01914107 0.00847429 0.07872194 -0.0187273 0.008987247 0.07887291 -0.01875531 0.00847429 0.07886755 -0.01833426 0.008970081 0.07897508 -0.01835662 0.00847429 0.07897269 -0.01793289 0.008952558 0.07903683 -0.01794916 0.00847429 0.07903623 -0.01752734 0.008934855 0.07905745 -0.01753735 0.00847429 0.07905745 -0.02047979 0.01050728 0.07758975 -0.0202192 0.01046717 0.07788157 -0.01993155 0.01042288 0.07814615 -0.01961964 0.01037484 0.07838082 -0.01928639 0.01032358 0.07858335 -0.01893514 0.01026952 0.0787518 -0.01856923 0.01021319 0.0788846 -0.01819217 0.01015514 0.07898032 -0.01780772 0.01009595 0.07903814 -0.01741945 0.01003623 0.07905745 -0.02013355 0.01184862 0.07766526 -0.01987969 0.01178061 0.07794296 -0.01960134 0.01170599 0.07819432 -0.01930105 0.01162558 0.07841694 -0.01898163 0.01153999 0.07860893 -0.018646 0.01145005 0.07876843 -0.01829713 0.01135659 0.07889401 -0.01793831 0.01126044 0.07898455 -0.01757282 0.01116245 0.07903921 -0.01720386 0.01106363 0.07905745 -0.01967066 0.01309663 0.07772475 -0.01942664 0.01300173 0.07799118 -0.0191605 0.0128982 0.0782321 -0.01887458 0.01278704 0.07844525 -0.01857137 0.01266914 0.07862889 -0.0182535 0.01254552 0.07878136 -0.01792377 0.01241725 0.07890141 -0.01758503 0.01228559 0.07898783 -0.01724028 0.01215147 0.07904005 -0.01689249 0.01201623 0.07905745 -0.0194981 0.01445835 0.07718706 -0.01931238 0.01436167 0.07748836 -0.01910293 0.01425266 0.07776921 -0.01887154 0.0141322 0.07802724 -0.01862019 0.0140013 0.0782603 -0.01835089 0.01386117 0.07846641 -0.01806604 0.01371288 0.07864379 -0.01776796 0.01355767 0.07879102 -0.01745915 0.01339691 0.07890689 -0.01714217 0.01323193 0.07899028 -0.01681983 0.01306408 0.07904064 -0.01649469 0.01289486 0.07905745 -0.01843911 0.01531898 0.07779961 -0.01822286 0.0151745 0.07805186 -0.0179885 0.01501792 0.07827955 -0.01773804 0.01485055 0.07848078 -0.01747339 0.0146737 0.07865399 -0.01719689 0.01448893 0.07879763 -0.01691067 0.01429772 0.07891058 -0.01661711 0.01410156 0.078992 -0.01631861 0.01390212 0.07904106 -0.01601767 0.01370102 0.07905745 -0.01802736 0.01658511 0.07725375 -0.01786583 0.01644963 0.07754522 -0.01768493 0.01629781 0.07781654 -0.01748609 0.01613098 0.07806557 -0.01727092 0.01595038 0.07829028 -0.01704114 0.01575756 0.07848882 -0.01679861 0.01555407 0.07865965 -0.01654535 0.01534157 0.07880127 -0.01628333 0.01512169 0.07891267 -0.01601469 0.01489633 0.0789929 -0.01574164 0.01466721 0.0790413 -0.01546639 0.01443618 0.07905745 -0.01484358 0.01510119 0.07905745 -0.01509165 0.01536029 0.07904136 -0.01533776 0.01561737 0.07899314 -0.01557987 0.01587027 0.07891315 -0.01581603 0.01611697 0.0788021 -0.01604437 0.01635551 0.0786609 -0.016263 0.01658391 0.07849067 -0.01647025 0.01680034 0.07829272 -0.01666432 0.01700311 0.07806873 -0.01684373 0.01719057 0.07782042 -0.01700705 0.01736116 0.07754987 -0.01561301 0.01877832 0.07723128 -0.01618868 0.01835167 0.07724642 -0.01606041 0.01818454 0.07753896 -0.01591664 0.01799714 0.07781136 -0.01575851 0.01779109 0.07806134 -0.01558738 0.01756805 0.078287 -0.01540452 0.01732975 0.07848638 -0.01521146 0.01707816 0.07865786 -0.01500982 0.01681536 0.0788002 -0.0148012 0.0165435 0.07891207 -0.01458728 0.01626473 0.0789926 -0.01436984 0.01598131 0.07904124 -0.01415055 0.01569557 0.07905745 -0.01678991 0.01784908 0.07725644 -0.0171529 0.01751351 0.07725924 -0.01784902 0.01679003 0.07725644 -0.01490306 0.01871573 0.07778906 -0.014768 0.01849317 0.07804334 -0.01462149 0.01825177 0.07827287 -0.01446479 0.0179935 0.07847583 -0.01429915 0.01772058 0.07865047 -0.014126 0.01743519 0.07879537 -0.01394671 0.01713973 0.07890933 -0.01376277 0.01683664 0.07899141 -0.01357573 0.01652842 0.07904094 -0.01338714 0.01621764 0.07905745 -0.01380115 0.019342 0.07775318 -0.01369071 0.01910525 0.07801425 -0.0135706 0.01884764 0.07825011 -0.0134418 0.01857149 0.07845878 -0.01330542 0.01827901 0.07863843 -0.01316267 0.01797276 0.07878756 -0.01301467 0.01765543 0.07890486 -0.01286268 0.01732957 0.07898944 -0.01270812 0.01699805 0.0790404 -0.0125522 0.01666367 0.07905745 -0.01260858 0.01986902 0.07770282 -0.0125243 0.01962065 0.07797342 -0.01243215 0.01934933 0.07821816 -0.01233303 0.01905739 0.07843482 -0.01222783 0.01874738 0.07862156 -0.01211744 0.01842218 0.07877659 -0.01200282 0.01808458 0.07889866 -0.01188504 0.01773762 0.07898664 -0.01176512 0.01738435 0.07903975 -0.01164412 0.01702785 0.07905745 -0.01141828 0.02071505 0.07700175 -0.01137411 0.02051591 0.07732999 -0.01132333 0.02028685 0.07763707 -0.01126635 0.02002984 0.07792007 -0.0112037 0.01974743 0.07817631 -0.01113605 0.01944214 0.07840347 -0.01106393 0.01911693 0.07859939 -0.01098811 0.01877474 0.07876223 -0.01090919 0.01841878 0.0788905 -0.01082795 0.01805245 0.07898294 -0.01074516 0.01767909 0.07903879 -0.01066166 0.01730221 0.07905745 -0.009991645 0.02101224 0.07688689 -0.009969949 0.02081382 0.07723158 -0.009944617 0.02058237 0.07755476 -0.009915888 0.02032011 0.07785314 -0.009884059 0.0200296 0.07812374 -0.009849488 0.01971381 0.07836401 -0.009812474 0.01937586 0.07857149 -0.009773373 0.01901906 0.07874411 -0.009732604 0.01864695 0.07888019 -0.009690582 0.01826322 0.07897835 -0.009647727 0.01787167 0.07903766 -0.009604394 0.01747626 0.07905745 -0.00847429 0.02116256 0.07674795 -0.00847429 0.02096927 0.07711219 -0.00847429 0.02073955 0.07745456 -0.00847429 0.02047574 0.07777154 -0.00847429 0.0201807 0.07805961 -0.00847429 0.01985758 0.07831579 -0.00847429 0.01950985 0.07853734 -0.00847429 0.01914107 0.07872194 -0.00847429 0.01875531 0.07886755 -0.00847429 0.01835662 0.07897269 -0.00847429 0.01794916 0.07903623 -0.00847429 0.01753735 0.07905745 0.01753735 -0.00847429 0.07905745 0.01794916 -0.00847429 0.07903623 0.01835662 -0.00847429 0.07897269 0.01875531 -0.00847429 0.07886755 0.01914107 -0.00847429 0.07872194 0.01950985 -0.00847429 0.07853734 0.01985758 -0.00847429 0.07831579 0.0201807 -0.00847429 0.07805961 0.02047574 -0.00847429 0.07777154 0.02073955 -0.00847429 0.07745456 0.02096927 -0.00847429 0.07711219 0.02116256 -0.00847429 0.07674795 -0.01835662 -0.00847429 0.07897269 -0.01875531 -0.00847429 0.07886755 -0.01753735 -0.00847429 0.07905745 -0.01794916 -0.00847429 0.07903623 -0.01914107 -0.00847429 0.07872194 -0.01950985 -0.00847429 0.07853734 -0.01985758 -0.00847429 0.07831579 -0.0201807 -0.00847429 0.07805961 -0.02047574 -0.00847429 0.07777154 -0.02073955 -0.00847429 0.07745456 -0.02096927 -0.00847429 0.07711219 -0.02116256 -0.00847429 0.07674795 0.02011024 0.02901774 -0.07146739 0.02010399 0.02910107 -0.07126289 0.02009749 0.02916133 -0.0710504 0.02009081 0.02919775 -0.07083266 0.02008402 0.02920997 -0.07061219 0.0199595 0.02920997 -0.07061409 0.0199595 0.02919811 -0.07083183 0.0199595 0.02916258 -0.07104694 0.0199595 0.02910381 -0.07125699 0.0199595 0.02902257 -0.07145935 0.01151746 -0.02068841 0.07700908 0.0127508 -0.02028805 0.07709378 0.01268434 -0.02009212 0.07740873 0.01296162 -0.02020615 0.07710689 0.01398915 -0.01974517 0.07716447 0.01390087 -0.01955592 0.07746911 0.01433199 -0.01956701 0.07718122 0.01513451 -0.0190972 0.07721501 0.01502555 -0.01891762 0.0775122 0.01877808 -0.01561337 0.07723128 0.01881033 -0.015567 0.07722985 0.01863545 -0.01545017 0.07752484 0.01956689 -0.01433223 0.07718122 0.02008414 -0.01325738 0.07712453 0.01989048 -0.0131821 0.07743501 0.02020627 -0.01296132 0.07710683 0.02055901 -0.01196265 0.0770412 0.0203607 -0.01190948 0.07736378 0.02068871 -0.01151651 0.07700902 0.02090996 -0.01057344 0.07693564 0.02071076 -0.0105428 0.07727342 0.02100872 -0.01001441 0.07688885 0.02112126 -0.009091734 0.07680654 0.0209254 -0.009083211 0.07716256 0.02069443 -0.009073138 0.07749688 0.02043074 -0.009061634 0.07780599 0.02013707 -0.009048759 0.07808673 0.01981651 -0.009034812 0.07833617 0.01947224 -0.009019732 0.07855176 0.01910793 -0.009003877 0.07873129 0.0187273 -0.008987247 0.07887291 0.01833426 -0.008970081 0.07897508 0.01793289 -0.008952558 0.07903683 0.01752734 -0.008934855 0.07905745 0.02047979 -0.01050728 0.07758975 0.0202192 -0.01046717 0.07788157 0.01993155 -0.01042288 0.07814615 0.01961964 -0.01037484 0.07838082 0.01928639 -0.01032358 0.07858335 0.01893514 -0.01026952 0.0787518 0.01856923 -0.01021319 0.0788846 0.01819217 -0.01015514 0.07898032 0.01780772 -0.01009595 0.07903814 0.01741945 -0.01003623 0.07905745 0.02013355 -0.01184862 0.07766526 0.01987969 -0.01178061 0.07794296 0.01960134 -0.01170599 0.07819432 0.01930105 -0.01162558 0.07841694 0.01898163 -0.01153999 0.07860893 0.018646 -0.01145005 0.07876843 0.01829713 -0.01135659 0.07889401 0.01793831 -0.01126044 0.07898455 0.01757282 -0.01116245 0.07903921 0.01720386 -0.01106363 0.07905745 0.01967066 -0.01309663 0.07772475 0.01942664 -0.01300173 0.07799118 0.0191605 -0.0128982 0.0782321 0.01887458 -0.01278704 0.07844525 0.01857137 -0.01266914 0.07862889 0.0182535 -0.01254552 0.07878136 0.01792377 -0.01241725 0.07890141 0.01758503 -0.01228559 0.07898783 0.01724028 -0.01215147 0.07904005 0.01689249 -0.01201623 0.07905745 0.0194981 -0.01445835 0.07718706 0.01931238 -0.01436167 0.07748836 0.01910293 -0.01425266 0.07776921 0.01887154 -0.0141322 0.07802724 0.01862019 -0.0140013 0.0782603 0.01835089 -0.01386117 0.07846641 0.01806604 -0.01371288 0.07864379 0.01776796 -0.01355767 0.07879102 0.01745915 -0.01339691 0.07890689 0.01714217 -0.01323193 0.07899028 0.01681983 -0.01306408 0.07904064 0.01649469 -0.01289486 0.07905745 0.01843911 -0.01531898 0.07779961 0.01822286 -0.0151745 0.07805186 0.0179885 -0.01501792 0.07827955 0.01773804 -0.01485055 0.07848078 0.01747339 -0.0146737 0.07865399 0.01719689 -0.01448893 0.07879763 0.01691067 -0.01429772 0.07891058 0.01661711 -0.01410156 0.078992 0.01631861 -0.01390212 0.07904106 0.01601767 -0.01370102 0.07905745 0.01802736 -0.01658511 0.07725375 0.01786583 -0.01644963 0.07754522 0.01768493 -0.01629781 0.07781654 0.01748609 -0.01613098 0.07806557 0.01727092 -0.01595038 0.07829028 0.01704114 -0.01575756 0.07848882 0.01679861 -0.01555407 0.07865965 0.01654535 -0.01534157 0.07880127 0.01628333 -0.01512169 0.07891267 0.01601469 -0.01489633 0.0789929 0.01574164 -0.01466721 0.0790413 0.01546639 -0.01443618 0.07905745 0.01484358 -0.01510119 0.07905745 0.01509165 -0.01536029 0.07904136 0.01533776 -0.01561737 0.07899314 0.01557987 -0.01587027 0.07891315 0.01581603 -0.01611697 0.0788021 0.01604437 -0.01635551 0.0786609 0.016263 -0.01658391 0.07849067 0.01647025 -0.01680034 0.07829272 0.01666432 -0.01700311 0.07806873 0.01684373 -0.01719057 0.07782042 0.01700705 -0.01736116 0.07754987 0.01561301 -0.01877832 0.07723128 0.01618868 -0.01835167 0.07724642 0.01606041 -0.01818454 0.07753896 0.01591664 -0.01799714 0.07781136 0.01575851 -0.01779109 0.07806134 0.01558738 -0.01756805 0.078287 0.01540452 -0.01732975 0.07848638 0.01521146 -0.01707816 0.07865786 0.01500982 -0.01681536 0.0788002 0.0148012 -0.0165435 0.07891207 0.01458728 -0.01626473 0.0789926 0.01436984 -0.01598131 0.07904124 0.01415055 -0.01569557 0.07905745 0.01678991 -0.01784908 0.07725644 0.0171529 -0.01751351 0.07725924 0.01784902 -0.01679003 0.07725644 0.01490306 -0.01871573 0.07778906 0.014768 -0.01849317 0.07804334 0.01462149 -0.01825177 0.07827287 0.01446479 -0.0179935 0.07847583 0.01429915 -0.01772058 0.07865047 0.014126 -0.01743519 0.07879537 0.01394671 -0.01713973 0.07890933 0.01376277 -0.01683664 0.07899141 0.01357573 -0.01652842 0.07904094 0.01338714 -0.01621764 0.07905745 0.01380115 -0.019342 0.07775318 0.01369071 -0.01910525 0.07801425 0.0135706 -0.01884764 0.07825011 0.0134418 -0.01857149 0.07845878 0.01330542 -0.01827901 0.07863843 0.01316267 -0.01797276 0.07878756 0.01301467 -0.01765543 0.07890486 0.01286268 -0.01732957 0.07898944 0.01270812 -0.01699805 0.0790404 0.0125522 -0.01666367 0.07905745 0.01260858 -0.01986902 0.07770282 0.0125243 -0.01962065 0.07797342 0.01243215 -0.01934933 0.07821816 0.01233303 -0.01905739 0.07843482 0.01222783 -0.01874738 0.07862156 0.01211744 -0.01842218 0.07877659 0.01200282 -0.01808458 0.07889866 0.01188504 -0.01773762 0.07898664 0.01176512 -0.01738435 0.07903975 0.01164412 -0.01702785 0.07905745 0.01141828 -0.02071505 0.07700175 0.01137411 -0.02051591 0.07732999 0.01132333 -0.02028685 0.07763707 0.01126635 -0.02002984 0.07792007 0.0112037 -0.01974743 0.07817631 0.01113605 -0.01944214 0.07840347 0.01106393 -0.01911693 0.07859939 0.01098811 -0.01877474 0.07876223 0.01090919 -0.01841878 0.0788905 0.01082795 -0.01805245 0.07898294 0.01074516 -0.01767909 0.07903879 0.01066166 -0.01730221 0.07905745 0.009991645 -0.02101224 0.07688689 0.009969949 -0.02081382 0.07723158 0.009944617 -0.02058237 0.07755476 0.009915888 -0.02032011 0.07785314 0.009884059 -0.0200296 0.07812374 0.009849488 -0.01971381 0.07836401 0.009812474 -0.01937586 0.07857149 0.009773373 -0.01901906 0.07874411 0.009732604 -0.01864695 0.07888019 0.009690582 -0.01826322 0.07897835 0.009647727 -0.01787167 0.07903766 0.009604394 -0.01747626 0.07905745 0.00847429 -0.02116256 0.07674795 0.00847429 -0.02096927 0.07711219 0.00847429 -0.02073955 0.07745456 0.00847429 -0.02047574 0.07777154 0.00847429 -0.0201807 0.07805961 0.00847429 -0.01985758 0.07831579 0.00847429 -0.01950985 0.07853734 0.00847429 -0.01914107 0.07872194 0.00847429 -0.01875531 0.07886755 0.00847429 -0.01835662 0.07897269 0.00847429 -0.01794916 0.07903623 0.00847429 -0.01753735 0.07905745 0.02910107 -0.02010399 -0.07126289 0.02901774 -0.02011024 -0.07146739 0.02902257 -0.0199595 -0.07145935 0.02920997 -0.0199595 -0.07061409 0.02920997 -0.02008402 -0.07061219 0.02919811 -0.0199595 -0.07083183 0.02919775 -0.02009081 -0.07083266 0.02916258 -0.0199595 -0.07104694 0.02916133 -0.02009749 -0.0710504 0.02910381 -0.0199595 -0.07125699 -0.02068841 -0.01151746 0.07700908 -0.02028805 -0.0127508 0.07709378 -0.02009212 -0.01268434 0.07740873 -0.02020615 -0.01296162 0.07710689 -0.01974517 -0.01398915 0.07716447 -0.01955592 -0.01390087 0.07746911 -0.01956701 -0.01433199 0.07718122 -0.0190972 -0.01513451 0.07721501 -0.01891762 -0.01502555 0.0775122 -0.01561337 -0.01877808 0.07723128 -0.015567 -0.01881033 0.07722985 -0.01545017 -0.01863545 0.07752484 -0.01433223 -0.01956689 0.07718122 -0.01325738 -0.02008414 0.07712453 -0.0131821 -0.01989048 0.07743501 -0.01296132 -0.02020627 0.07710683 -0.01196265 -0.02055901 0.0770412 -0.01190948 -0.0203607 0.07736378 -0.01151651 -0.02068871 0.07700902 -0.01057344 -0.02090996 0.07693564 -0.0105428 -0.02071076 0.07727342 -0.01001441 -0.02100872 0.07688885 -0.009091734 -0.02112126 0.07680654 -0.009083211 -0.0209254 0.07716256 -0.00847429 -0.02116256 0.07674795 -0.00847429 -0.02096927 0.07711219 -0.009073138 -0.02069443 0.07749688 -0.00847429 -0.02073955 0.07745456 -0.009061634 -0.02043074 0.07780599 -0.00847429 -0.02047574 0.07777154 -0.009048759 -0.02013707 0.07808673 -0.00847429 -0.0201807 0.07805961 -0.009034812 -0.01981651 0.07833617 -0.00847429 -0.01985758 0.07831579 -0.009019732 -0.01947224 0.07855176 -0.00847429 -0.01950985 0.07853734 -0.009003877 -0.01910793 0.07873129 -0.00847429 -0.01914107 0.07872194 -0.008987247 -0.0187273 0.07887291 -0.00847429 -0.01875531 0.07886755 -0.008970081 -0.01833426 0.07897508 -0.00847429 -0.01835662 0.07897269 -0.008952558 -0.01793289 0.07903683 -0.00847429 -0.01794916 0.07903623 -0.008934855 -0.01752734 0.07905745 -0.00847429 -0.01753735 0.07905745 -0.01050728 -0.02047979 0.07758975 -0.01046717 -0.0202192 0.07788157 -0.01042288 -0.01993155 0.07814615 -0.01037484 -0.01961964 0.07838082 -0.01032358 -0.01928639 0.07858335 -0.01026952 -0.01893514 0.0787518 -0.01021319 -0.01856923 0.0788846 -0.01015514 -0.01819217 0.07898032 -0.01009595 -0.01780772 0.07903814 -0.01003623 -0.01741945 0.07905745 -0.01184862 -0.02013355 0.07766526 -0.01178061 -0.01987969 0.07794296 -0.01170599 -0.01960134 0.07819432 -0.01162558 -0.01930105 0.07841694 -0.01153999 -0.01898163 0.07860893 -0.01145005 -0.018646 0.07876843 -0.01135659 -0.01829713 0.07889401 -0.01126044 -0.01793831 0.07898455 -0.01116245 -0.01757282 0.07903921 -0.01106363 -0.01720386 0.07905745 -0.01309663 -0.01967066 0.07772475 -0.01300173 -0.01942664 0.07799118 -0.0128982 -0.0191605 0.0782321 -0.01278704 -0.01887458 0.07844525 -0.01266914 -0.01857137 0.07862889 -0.01254552 -0.0182535 0.07878136 -0.01241725 -0.01792377 0.07890141 -0.01228559 -0.01758503 0.07898783 -0.01215147 -0.01724028 0.07904005 -0.01201623 -0.01689249 0.07905745 -0.01445835 -0.0194981 0.07718706 -0.01436167 -0.01931238 0.07748836 -0.01425266 -0.01910293 0.07776921 -0.0141322 -0.01887154 0.07802724 -0.0140013 -0.01862019 0.0782603 -0.01386117 -0.01835089 0.07846641 -0.01371288 -0.01806604 0.07864379 -0.01355767 -0.01776796 0.07879102 -0.01339691 -0.01745915 0.07890689 -0.01323193 -0.01714217 0.07899028 -0.01306408 -0.01681983 0.07904064 -0.01289486 -0.01649469 0.07905745 -0.01531898 -0.01843911 0.07779961 -0.0151745 -0.01822286 0.07805186 -0.01501792 -0.0179885 0.07827955 -0.01485055 -0.01773804 0.07848078 -0.0146737 -0.01747339 0.07865399 -0.01448893 -0.01719689 0.07879763 -0.01429772 -0.01691067 0.07891058 -0.01410156 -0.01661711 0.078992 -0.01390212 -0.01631861 0.07904106 -0.01370102 -0.01601767 0.07905745 -0.01658511 -0.01802736 0.07725375 -0.01644963 -0.01786583 0.07754522 -0.01629781 -0.01768493 0.07781654 -0.01613098 -0.01748609 0.07806557 -0.01595038 -0.01727092 0.07829028 -0.01575756 -0.01704114 0.07848882 -0.01555407 -0.01679861 0.07865965 -0.01534157 -0.01654535 0.07880127 -0.01512169 -0.01628333 0.07891267 -0.01489633 -0.01601469 0.0789929 -0.01466721 -0.01574164 0.0790413 -0.01443618 -0.01546639 0.07905745 -0.01510119 -0.01484358 0.07905745 -0.01536029 -0.01509165 0.07904136 -0.01561737 -0.01533776 0.07899314 -0.01587027 -0.01557987 0.07891315 -0.01611697 -0.01581603 0.0788021 -0.01635551 -0.01604437 0.0786609 -0.01658391 -0.016263 0.07849067 -0.01680034 -0.01647025 0.07829272 -0.01700311 -0.01666432 0.07806873 -0.01719057 -0.01684373 0.07782042 -0.01736116 -0.01700705 0.07754987 -0.01877832 -0.01561301 0.07723128 -0.01835167 -0.01618868 0.07724642 -0.01818454 -0.01606041 0.07753896 -0.01799714 -0.01591664 0.07781136 -0.01779109 -0.01575851 0.07806134 -0.01756805 -0.01558738 0.078287 -0.01732975 -0.01540452 0.07848638 -0.01707816 -0.01521146 0.07865786 -0.01681536 -0.01500982 0.0788002 -0.0165435 -0.0148012 0.07891207 -0.01626473 -0.01458728 0.0789926 -0.01598131 -0.01436984 0.07904124 -0.01569557 -0.01415055 0.07905745 -0.01784908 -0.01678991 0.07725644 -0.01751351 -0.0171529 0.07725924 -0.01679003 -0.01784902 0.07725644 -0.01871573 -0.01490306 0.07778906 -0.01849317 -0.014768 0.07804334 -0.01825177 -0.01462149 0.07827287 -0.0179935 -0.01446479 0.07847583 -0.01772058 -0.01429915 0.07865047 -0.01743519 -0.014126 0.07879537 -0.01713973 -0.01394671 0.07890933 -0.01683664 -0.01376277 0.07899141 -0.01652842 -0.01357573 0.07904094 -0.01621764 -0.01338714 0.07905745 -0.019342 -0.01380115 0.07775318 -0.01910525 -0.01369071 0.07801425 -0.01884764 -0.0135706 0.07825011 -0.01857149 -0.0134418 0.07845878 -0.01827901 -0.01330542 0.07863843 -0.01797276 -0.01316267 0.07878756 -0.01765543 -0.01301467 0.07890486 -0.01732957 -0.01286268 0.07898944 -0.01699805 -0.01270812 0.0790404 -0.01666367 -0.0125522 0.07905745 -0.01986902 -0.01260858 0.07770282 -0.01962065 -0.0125243 0.07797342 -0.01934933 -0.01243215 0.07821816 -0.01905739 -0.01233303 0.07843482 -0.01874738 -0.01222783 0.07862156 -0.01842218 -0.01211744 0.07877659 -0.01808458 -0.01200282 0.07889866 -0.01773762 -0.01188504 0.07898664 -0.01738435 -0.01176512 0.07903975 -0.01702785 -0.01164412 0.07905745 -0.02071505 -0.01141828 0.07700175 -0.02051591 -0.01137411 0.07732999 -0.02028685 -0.01132333 0.07763707 -0.02002984 -0.01126635 0.07792007 -0.01974743 -0.0112037 0.07817631 -0.01944214 -0.01113605 0.07840347 -0.01911693 -0.01106393 0.07859939 -0.01877474 -0.01098811 0.07876223 -0.01841878 -0.01090919 0.0788905 -0.01805245 -0.01082795 0.07898294 -0.01767909 -0.01074516 0.07903879 -0.01730221 -0.01066166 0.07905745 -0.02101224 -0.009991645 0.07688689 -0.02081382 -0.009969949 0.07723158 -0.02058237 -0.009944617 0.07755476 -0.02032011 -0.009915888 0.07785314 -0.0200296 -0.009884059 0.07812374 -0.01971381 -0.009849488 0.07836401 -0.01937586 -0.009812474 0.07857149 -0.01901906 -0.009773373 0.07874411 -0.01864695 -0.009732604 0.07888019 -0.01826322 -0.009690582 0.07897835 -0.01787167 -0.009647727 0.07903766 -0.01747626 -0.009604394 0.07905745 0.01695489 0.02592134 -0.07808482 0.01695489 0.02601796 -0.07790273 0.01740181 0.0259943 -0.077932 0.01739001 0.02572423 -0.0783475 0.01695489 0.02574986 -0.07832813 0.01695489 0.02580648 -0.07825601 0.01695489 0.02552706 -0.07855856 0.01695489 0.02557784 -0.07851225 0.01738256 0.02555274 -0.07852697 0.01695489 0.02567458 -0.07841449 0.01695489 0.02536547 -0.07868665 0.01695489 0.02538406 -0.07867324 0.01737415 0.02536034 -0.07868379 0.01695489 0.02500724 -0.07888972 0.01695489 0.02517157 -0.0788086 0.01736497 0.02515006 -0.07881551 0.01695489 0.0251916 -0.07879739 0.01735514 0.02492505 -0.07892012 0.01695489 0.02494376 -0.07891619 0.01695489 0.02461498 -0.07901507 0.01695489 0.02470427 -0.07899427 0.01734483 0.02468878 -0.07899606 0.01695489 0.02481436 -0.0789625 0.01695489 0.02441126 -0.07904684 0.01695489 0.02445679 -0.0790416 0.01733416 0.02444499 -0.07904207 0.01732337 0.02419734 -0.07905745 0.01695489 0.02420538 -0.07905745 0.01695489 0.02589732 -0.07812386 0.0173965 0.02587217 -0.07814818 0.01845401 0.02573239 -0.07820159 0.01806879 0.02592217 -0.07797318 0.01847308 0.02585631 -0.07799655 0.01944285 0.02549296 -0.0782451 0.01915377 0.02570563 -0.07803326 0.01947587 0.0256161 -0.07804936 0.02036231 0.02516514 -0.07827937 0.02019566 0.02537083 -0.07808214 0.02040904 0.0252853 -0.07809102 0.02118241 0.02492153 -0.07811933 0.02121317 0.0247578 -0.07830506 0.02127313 0.02487295 -0.07812225 0.02206933 0.02438598 -0.07814365 0.02199691 0.02427762 -0.07832258 0.02210253 0.0243631 -0.07814437 0.02271497 0.02372902 -0.07833242 0.02279889 0.02382904 -0.07815563 0.02294552 0.02370196 -0.07815694 0.02336823 0.02311468 -0.07833462 0.02346259 0.02320504 -0.07815837 0.02370202 0.0229454 -0.07815694 0.02395647 0.02243554 -0.07832938 0.02406001 0.02251499 -0.07815194 0.02447807 0.02169138 -0.0783165 0.02436327 0.02210223 -0.07814437 0.02458935 0.02175891 -0.07813626 0.02492982 0.02088099 -0.07829576 0.02492165 0.02118217 -0.07811933 0.02504718 0.02093571 -0.07811099 0.02530628 0.02000284 -0.07826673 0.02537071 0.0201959 -0.0780822 0.02559989 0.01905566 -0.07822883 0.02516466 0.0199548 -0.07844179 0.02479434 0.02081781 -0.0784648 0.0243504 0.02161389 -0.07848125 0.02383804 0.0223447 -0.07849138 0.02326047 0.0230115 -0.07849556 0.02261906 0.0236147 -0.07849377 0.02191394 0.02415347 -0.07848602 0.02114415 0.02462524 -0.07847213 0.02030813 0.02502578 -0.07845181 0.01940417 0.0253486 -0.07842463 0.0184313 0.02558505 -0.07839006 0.02542787 0.02004414 -0.07807564 0.02570539 0.01915466 -0.07803326 0.02572369 0.01908308 -0.07802963 0.0259245 0.01805263 -0.07797217 0.02580094 0.0180391 -0.07818144 0.02565306 0.01802289 -0.07837402 0.0254541 0.01902335 -0.07841175 0.01840537 0.02541643 -0.07855933 0.01837652 0.02522897 -0.07870686 0.01936036 0.02518498 -0.07858556 0.01931196 0.02500438 -0.07872557 0.02024716 0.02486896 -0.07860612 0.02018022 0.02469682 -0.07874023 0.02106696 0.02447694 -0.0786215 0.0209825 0.0243147 -0.0787512 0.02182149 0.02401506 -0.07863199 0.02172058 0.02386409 -0.07875865 0.02251237 0.02348756 -0.07863783 0.02239614 0.02334904 -0.07876276 0.0231406 0.02289676 -0.07863914 0.02301013 0.02277189 -0.07876372 0.02370625 0.02224355 -0.07863605 0.02356261 0.02213335 -0.07876151 0.02420789 0.0215274 -0.07862836 0.02405226 0.02143293 -0.07875603 0.0246424 0.020747 -0.07861596 0.02447611 0.0206694 -0.07874721 0.02500492 0.01990056 -0.07859855 0.0248292 0.01984089 -0.07873487 0.02528828 0.01898658 -0.07857573 0.0251047 0.01894587 -0.0787186 0.02548307 0.01800429 -0.07854712 0.0252934 0.01798355 -0.07869821 0.01834517 0.02502542 -0.07883065 0.01831185 0.02480864 -0.07892882 0.01925969 0.02480918 -0.07884287 0.01920419 0.02460217 -0.0789358 0.02010816 0.02451157 -0.07885247 0.02003198 0.02431559 -0.07894128 0.0208919 0.02414065 -0.07885956 0.02079623 0.02395695 -0.07894533 0.02161258 0.02370244 -0.07886445 0.02149873 0.02353203 -0.07894814 0.02227181 0.02320086 -0.07886713 0.02214086 0.02304482 -0.07894968 0.02287054 0.02263826 -0.07886779 0.02272361 0.02249759 -0.07894998 0.02340888 0.02201539 -0.0788663 0.023247 0.02189117 -0.07894921 0.02388548 0.02133178 -0.07886278 0.02370965 0.02122503 -0.07894718 0.02429741 0.02058607 -0.078857 0.02410864 0.02049803 -0.07894384 0.02463984 0.01977664 -0.07884889 0.02443927 0.01970857 -0.07893925 0.02490597 0.01890182 -0.07883828 0.02469485 0.01885503 -0.07893317 0.02508687 0.0179609 -0.07882493 0.02486664 0.01793676 -0.07892554 0.01827692 0.02458178 -0.07899993 0.01824092 0.02434813 -0.07904303 0.01914626 0.02438604 -0.07900309 0.01908677 0.02416384 -0.07904386 0.01995259 0.0241115 -0.07900553 0.01987105 0.02390187 -0.07904446 0.02069675 0.02376586 -0.07900738 0.02059471 0.02356976 -0.07904493 0.02138042 0.02335494 -0.07900863 0.02125912 0.02317339 -0.07904523 0.0220049 0.02288275 -0.07900929 0.02186548 0.0227167 -0.07904541 0.02257102 0.02235156 -0.07900947 0.02241468 0.02220189 -0.07904541 0.02307879 0.02176213 -0.07900911 0.02290642 0.02162986 -0.07904535 0.02352684 0.02111411 -0.07900822 0.02333939 0.02100038 -0.07904511 0.02391219 0.02040648 -0.07900673 0.0237106 0.02031248 -0.07904475 0.02423024 0.01963758 -0.07900464 0.02401542 0.01956468 -0.07904422 0.02447432 0.01880609 -0.0790019 0.0242474 0.01875579 -0.07904356 0.02463585 0.01791149 -0.0789985 0.02439796 0.01788544 -0.07904267 0.02601796 0.01695489 -0.07790273 0.02592134 0.01695489 -0.07808482 0.02589732 0.01695489 -0.07812386 0.02580648 0.01695489 -0.07825601 0.02574986 0.01695489 -0.07832813 0.02567458 0.01695489 -0.07841449 0.02557784 0.01695489 -0.07851225 0.02552706 0.01695489 -0.07855856 0.02538406 0.01695489 -0.07867324 0.02536547 0.01695489 -0.07868665 0.0251916 0.01695489 -0.07879739 0.02517157 0.01695489 -0.0788086 0.02500724 0.01695489 -0.07888972 0.02494376 0.01695489 -0.07891619 0.02481436 0.01695489 -0.0789625 0.02470427 0.01695489 -0.07899427 0.02461498 0.01695489 -0.07901507 0.02445679 0.01695489 -0.0790416 0.02441126 0.01695489 -0.07904684 0.01820445 0.02411103 -0.07905745 0.01902639 0.02393859 -0.07905745 0.01978844 0.02368944 -0.07905745 0.02049136 0.02337121 -0.07905745 0.02113628 0.02298963 -0.07905745 0.02172446 0.02254855 -0.07905745 0.02225643 0.02205038 -0.07905745 0.02273195 0.02149593 -0.07905745 0.0231496 0.02088522 -0.07905745 0.0235064 0.02021723 -0.07905745 0.02379781 0.01949077 -0.07905745 0.02401727 0.01870477 -0.07905745 0.02415651 0.01785904 -0.07905745 0.02420538 0.01695489 -0.07905745 -0.02592134 0.01695489 -0.07808482 -0.02601796 0.01695489 -0.07790273 -0.0259943 0.01740181 -0.077932 -0.02572423 0.01739001 -0.0783475 -0.02574986 0.01695489 -0.07832813 -0.02580648 0.01695489 -0.07825601 -0.02552706 0.01695489 -0.07855856 -0.02557784 0.01695489 -0.07851225 -0.02555274 0.01738256 -0.07852697 -0.02567458 0.01695489 -0.07841449 -0.02536547 0.01695489 -0.07868665 -0.02538406 0.01695489 -0.07867324 -0.02536034 0.01737415 -0.07868379 -0.02500724 0.01695489 -0.07888972 -0.02517157 0.01695489 -0.0788086 -0.02515006 0.01736497 -0.07881551 -0.0251916 0.01695489 -0.07879739 -0.02492505 0.01735514 -0.07892012 -0.02494376 0.01695489 -0.07891619 -0.02461498 0.01695489 -0.07901507 -0.02470427 0.01695489 -0.07899427 -0.02468878 0.01734483 -0.07899606 -0.02481436 0.01695489 -0.0789625 -0.02441126 0.01695489 -0.07904684 -0.02445679 0.01695489 -0.0790416 -0.02444499 0.01733416 -0.07904207 -0.02419734 0.01732337 -0.07905745 -0.02420538 0.01695489 -0.07905745 -0.02589732 0.01695489 -0.07812386 -0.02587217 0.0173965 -0.07814818 -0.02573239 0.01845401 -0.07820159 -0.02592217 0.01806879 -0.07797318 -0.02585631 0.01847308 -0.07799655 -0.02549296 0.01944285 -0.0782451 -0.02570563 0.01915377 -0.07803326 -0.0256161 0.01947587 -0.07804936 -0.02516514 0.02036231 -0.07827937 -0.02537083 0.02019566 -0.07808214 -0.0252853 0.02040904 -0.07809102 -0.02492153 0.02118241 -0.07811933 -0.0247578 0.02121317 -0.07830506 -0.02487295 0.02127313 -0.07812225 -0.02438598 0.02206933 -0.07814365 -0.02427762 0.02199691 -0.07832258 -0.0243631 0.02210253 -0.07814437 -0.02372902 0.02271497 -0.07833242 -0.02382904 0.02279889 -0.07815563 -0.02370196 0.02294552 -0.07815694 -0.02311468 0.02336823 -0.07833462 -0.02320504 0.02346259 -0.07815837 -0.0229454 0.02370202 -0.07815694 -0.02243554 0.02395647 -0.07832938 -0.02251499 0.02406001 -0.07815194 -0.02169138 0.02447807 -0.0783165 -0.02210223 0.02436327 -0.07814437 -0.02175891 0.02458935 -0.07813626 -0.02088099 0.02492982 -0.07829576 -0.02118217 0.02492165 -0.07811933 -0.02093571 0.02504718 -0.07811099 -0.02000284 0.02530628 -0.07826673 -0.0201959 0.02537071 -0.0780822 -0.01905566 0.02559989 -0.07822883 -0.0199548 0.02516466 -0.07844179 -0.02081781 0.02479434 -0.0784648 -0.02161389 0.0243504 -0.07848125 -0.0223447 0.02383804 -0.07849138 -0.0230115 0.02326047 -0.07849556 -0.0236147 0.02261906 -0.07849377 -0.02415347 0.02191394 -0.07848602 -0.02462524 0.02114415 -0.07847213 -0.02502578 0.02030813 -0.07845181 -0.0253486 0.01940417 -0.07842463 -0.02558505 0.0184313 -0.07839006 -0.02004414 0.02542787 -0.07807564 -0.01915466 0.02570539 -0.07803326 -0.01908308 0.02572369 -0.07802963 -0.01805263 0.0259245 -0.07797217 -0.0180391 0.02580094 -0.07818144 -0.01802289 0.02565306 -0.07837402 -0.01902335 0.0254541 -0.07841175 -0.02541643 0.01840537 -0.07855933 -0.02522897 0.01837652 -0.07870686 -0.02518498 0.01936036 -0.07858556 -0.02500438 0.01931196 -0.07872557 -0.02486896 0.02024716 -0.07860612 -0.02469682 0.02018022 -0.07874023 -0.02447694 0.02106696 -0.0786215 -0.0243147 0.0209825 -0.0787512 -0.02401506 0.02182149 -0.07863199 -0.02386409 0.02172058 -0.07875865 -0.02348756 0.02251237 -0.07863783 -0.02334904 0.02239614 -0.07876276 -0.02289676 0.0231406 -0.07863914 -0.02277189 0.02301013 -0.07876372 -0.02224355 0.02370625 -0.07863605 -0.02213335 0.02356261 -0.07876151 -0.0215274 0.02420789 -0.07862836 -0.02143293 0.02405226 -0.07875603 -0.020747 0.0246424 -0.07861596 -0.0206694 0.02447611 -0.07874721 -0.01990056 0.02500492 -0.07859855 -0.01984089 0.0248292 -0.07873487 -0.01898658 0.02528828 -0.07857573 -0.01894587 0.0251047 -0.0787186 -0.01800429 0.02548307 -0.07854712 -0.01798355 0.0252934 -0.07869821 -0.02502542 0.01834517 -0.07883065 -0.02480864 0.01831185 -0.07892882 -0.02480918 0.01925969 -0.07884287 -0.02460217 0.01920419 -0.0789358 -0.02451157 0.02010816 -0.07885247 -0.02431559 0.02003198 -0.07894128 -0.02414065 0.0208919 -0.07885956 -0.02395695 0.02079623 -0.07894533 -0.02370244 0.02161258 -0.07886445 -0.02353203 0.02149873 -0.07894814 -0.02320086 0.02227181 -0.07886713 -0.02304482 0.02214086 -0.07894968 -0.02263826 0.02287054 -0.07886779 -0.02249759 0.02272361 -0.07894998 -0.02201539 0.02340888 -0.0788663 -0.02189117 0.023247 -0.07894921 -0.02133178 0.02388548 -0.07886278 -0.02122503 0.02370965 -0.07894718 -0.02058607 0.02429741 -0.078857 -0.02049803 0.02410864 -0.07894384 -0.01977664 0.02463984 -0.07884889 -0.01970857 0.02443927 -0.07893925 -0.01890182 0.02490597 -0.07883828 -0.01885503 0.02469485 -0.07893317 -0.0179609 0.02508687 -0.07882493 -0.01793676 0.02486664 -0.07892554 -0.02458178 0.01827692 -0.07899993 -0.02434813 0.01824092 -0.07904303 -0.02438604 0.01914626 -0.07900309 -0.02416384 0.01908677 -0.07904386 -0.0241115 0.01995259 -0.07900553 -0.02390187 0.01987105 -0.07904446 -0.02376586 0.02069675 -0.07900738 -0.02356976 0.02059471 -0.07904493 -0.02335494 0.02138042 -0.07900863 -0.02317339 0.02125912 -0.07904523 -0.02288275 0.0220049 -0.07900929 -0.0227167 0.02186548 -0.07904541 -0.02235156 0.02257102 -0.07900947 -0.02220189 0.02241468 -0.07904541 -0.02176213 0.02307879 -0.07900911 -0.02162986 0.02290642 -0.07904535 -0.02111411 0.02352684 -0.07900822 -0.02100038 0.02333939 -0.07904511 -0.02040648 0.02391219 -0.07900673 -0.02031248 0.0237106 -0.07904475 -0.01963758 0.02423024 -0.07900464 -0.01956468 0.02401542 -0.07904422 -0.01880609 0.02447432 -0.0790019 -0.01875579 0.0242474 -0.07904356 -0.01791149 0.02463585 -0.0789985 -0.01788544 0.02439796 -0.07904267 -0.01695489 0.02601796 -0.07790273 -0.01695489 0.02592134 -0.07808482 -0.01695489 0.02589732 -0.07812386 -0.01695489 0.02580648 -0.07825601 -0.01695489 0.02574986 -0.07832813 -0.01695489 0.02567458 -0.07841449 -0.01695489 0.02557784 -0.07851225 -0.01695489 0.02552706 -0.07855856 -0.01695489 0.02538406 -0.07867324 -0.01695489 0.02536547 -0.07868665 -0.01695489 0.0251916 -0.07879739 -0.01695489 0.02517157 -0.0788086 -0.01695489 0.02500724 -0.07888972 -0.01695489 0.02494376 -0.07891619 -0.01695489 0.02481436 -0.0789625 -0.01695489 0.02470427 -0.07899427 -0.01695489 0.02461498 -0.07901507 -0.01695489 0.02445679 -0.0790416 -0.01695489 0.02441126 -0.07904684 -0.02411103 0.01820445 -0.07905745 -0.02393859 0.01902639 -0.07905745 -0.02368944 0.01978844 -0.07905745 -0.02337121 0.02049136 -0.07905745 -0.02298963 0.02113628 -0.07905745 -0.02254855 0.02172446 -0.07905745 -0.02205038 0.02225643 -0.07905745 -0.02149593 0.02273195 -0.07905745 -0.02088522 0.0231496 -0.07905745 -0.02021723 0.0235064 -0.07905745 -0.01949077 0.02379781 -0.07905745 -0.01870477 0.02401727 -0.07905745 -0.01785904 0.02415651 -0.07905745 -0.01695489 0.02420538 -0.07905745 0.008469641 -0.01664441 0.07906293 0.0164622 -0.008376896 0.07910645 0.01629197 -0.00829029 0.07919144 0.0160135 -0.00814861 0.07947444 0.008102238 -0.01592248 0.07965308 0.009690046 -0.01493287 0.0798518 0.00807327 -0.01586544 0.07985156 0.006581008 -0.01651716 0.0800575 0.01613664 -0.0074656 0.0800575 0.01586544 -0.00807327 0.07985156 0.01584637 -0.008063554 0.0800575 0.01523488 -0.009166538 0.0800575 0.01493293 -0.009690046 0.07985168 0.01491492 -0.009678363 0.0800575 0.01415449 -0.01075994 0.0800575 0.01383626 -0.0112003 0.07985168 0.01381963 -0.01118683 0.0800575 0.01290816 -0.01222729 0.0800575 0.01258748 -0.01258748 0.07985168 0.01257234 -0.01257234 0.0800575 0.01151049 -0.01355123 0.0800575 0.0112003 -0.01383626 0.07985168 0.01118683 -0.01381963 0.0800575 0.009977877 -0.01471626 0.0800575 0.009678363 -0.01491492 0.0800575 0.008328258 -0.0157088 0.0800575 0.008063554 -0.01584637 0.0800575 0.01498746 -0.009725451 0.07965075 0.01592338 -0.008102715 0.07965075 0.01507514 -0.009782373 0.07946968 0.01396805 -0.011307 0.07946968 0.009725451 -0.01498746 0.07965075 0.00815016 -0.01601654 0.07946968 0.01614123 -0.008213579 0.07931435 0.0151925 -0.009858489 0.07931435 0.01407676 -0.01139503 0.07931435 0.01280629 -0.01280629 0.07931435 0.01124125 -0.0138868 0.07965075 0.009782373 -0.01507514 0.07946968 0.008213579 -0.01614123 0.07931435 0.01533436 -0.009950578 0.07919144 0.01420825 -0.01150143 0.07919144 0.01292586 -0.01292586 0.07919144 0.01150143 -0.01420825 0.07919144 0.0138868 -0.01124125 0.07965075 0.01263344 -0.01263344 0.07965075 0.01270735 -0.01270735 0.07946968 0.011307 -0.01396805 0.07946968 0.01139503 -0.01407676 0.07931435 0.009858489 -0.0151925 0.07931435 0.009950578 -0.01533436 0.07919144 0.00829029 -0.01629197 0.07919144 0.008376896 -0.0164622 0.07910645 0.01549458 -0.01005452 0.07910645 0.01435667 -0.01162159 0.07910645 0.01306092 -0.01306092 0.07910645 0.01162159 -0.01435667 0.07910645 0.01005452 -0.01549458 0.07910645 0.01664441 -0.008469641 0.07906293 0.01566612 -0.01016581 0.07906293 0.01451563 -0.01175028 0.07906293 0.01320552 -0.01320552 0.07906293 0.01175028 -0.01451563 0.07906293 0.01016581 -0.01566612 0.07906293 0.008517026 -0.01673758 0.07905745 0.01022273 -0.0157538 0.07905745 0.01181602 -0.01459687 0.07905745 0.01327943 -0.01327943 0.07905745 0.01459687 -0.01181602 0.07905745 0.0157538 -0.01022273 0.07905745 0.01673758 -0.008517026 0.07905745 -0.01415449 0.01075994 0.08540749 -0.01290816 0.01222729 0.08540749 -0.01151049 0.01355123 0.08540749 -0.009977877 0.01471626 0.08540749 -0.008328258 0.0157088 0.08540749 -0.006581008 0.01651716 0.08540749 -0.004756629 0.01713192 0.08540749 -0.00287646 0.01754575 0.08540749 -9.6259e-4 0.01775389 0.08540749 9.6259e-4 0.01775389 0.08540749 0.00287646 0.01754575 0.08540749 0.004756629 0.01713192 0.08540749 0.006581008 0.01651716 0.08540749 0.008328258 0.0157088 0.08540749 0.009977877 0.01471626 0.08540749 0.01151049 0.01355123 0.08540749 0.01290816 0.01222729 0.08540749 0.01415449 0.01075994 0.08540749 0.01523488 0.009166538 0.08540749 0.01613664 0.0074656 0.08540749 0.01684927 0.005677163 0.08540749 0.01736426 0.003822147 0.08540749 0.01767575 0.001922309 0.08540749 0.01778 0 0.08540749 0.01767575 -0.001922309 0.08540749 0.01736426 -0.003822147 0.08540749 0.01684927 -0.005677163 0.08540749 0.01613664 -0.0074656 0.08540749 0.01523488 -0.009166538 0.08540749 0.01415449 -0.01075994 0.08540749 0.01290816 -0.01222729 0.08540749 0.01151049 -0.01355123 0.08540749 0.009977877 -0.01471626 0.08540749 0.008328258 -0.0157088 0.08540749 0.006581008 -0.01651716 0.08540749 0.004756629 -0.01713192 0.08540749 0.00287646 -0.01754575 0.08540749 9.6259e-4 -0.01775389 0.08540749 -9.6259e-4 -0.01775389 0.08540749 -0.00287646 -0.01754575 0.08540749 -0.004756629 -0.01713192 0.08540749 -0.006581008 -0.01651716 0.08540749 -0.008328258 -0.0157088 0.08540749 -0.009977877 -0.01471626 0.08540749 -0.01151049 -0.01355123 0.08540749 -0.01290816 -0.01222729 0.08540749 -0.01415449 -0.01075994 0.08540749 -0.01523488 -0.009166538 0.08540749 -0.01613664 -0.0074656 0.08540749 -0.01684927 -0.005677163 0.08540749 -0.01736426 -0.003822147 0.08540749 -0.01767575 -0.001922309 0.08540749 -0.01778 0 0.08540749 -0.01767575 0.001922309 0.08540749 -0.01736426 0.003822147 0.08540749 -0.01684927 0.005677163 0.08540749 -0.01613664 0.0074656 0.08540749 -0.01523488 0.009166538 0.08540749 -0.01956957 0.002128303 0.0992825 -0.01922476 0.004231691 0.0992825 -0.01865452 0.006285429 0.0992825 -0.01786559 0.008265495 0.0992825 -0.01686722 0.01014864 0.0992825 -0.01567107 0.01191282 0.0992825 -0.01429116 0.01353734 0.0992825 -0.01274377 0.01500314 0.0992825 -0.01104694 0.01629304 0.0992825 -0.0092206 0.01739192 0.0992825 -0.007286131 0.01828688 0.0992825 -0.005266249 0.01896744 0.0992825 -0.003184676 0.01942563 0.0992825 -0.001065671 0.01965612 0.0992825 0.001065671 0.01965612 0.0992825 0.003184676 0.01942563 0.0992825 0.005266249 0.01896744 0.0992825 0.007286131 0.01828688 0.0992825 0.0092206 0.01739192 0.0992825 0.01104694 0.01629304 0.0992825 0.01274377 0.01500314 0.0992825 0.01429116 0.01353734 0.0992825 0.01567107 0.01191282 0.0992825 0.01686722 0.01014864 0.0992825 0.01786559 0.008265495 0.0992825 0.01865452 0.006285429 0.0992825 0.01922476 0.004231691 0.0992825 0.01956957 0.002128303 0.0992825 0.01968497 0 0.0992825 0.01956957 -0.002128303 0.0992825 0.01922476 -0.004231691 0.0992825 0.01865452 -0.006285429 0.0992825 0.01786559 -0.008265495 0.0992825 0.01686722 -0.01014864 0.0992825 0.01567107 -0.01191282 0.0992825 0.01429116 -0.01353734 0.0992825 0.01274377 -0.01500314 0.0992825 0.01104694 -0.01629304 0.0992825 0.0092206 -0.01739192 0.0992825 0.007286131 -0.01828688 0.0992825 0.005266249 -0.01896744 0.0992825 0.003184676 -0.01942563 0.0992825 0.001065671 -0.01965612 0.0992825 -0.001065671 -0.01965612 0.0992825 -0.003184676 -0.01942563 0.0992825 -0.005266249 -0.01896744 0.0992825 -0.007286131 -0.01828688 0.0992825 -0.0092206 -0.01739192 0.0992825 -0.01104694 -0.01629304 0.0992825 -0.01274377 -0.01500314 0.0992825 -0.01429116 -0.01353734 0.0992825 -0.01567107 -0.01191282 0.0992825 -0.01686722 -0.01014864 0.0992825 -0.01786559 -0.008265495 0.0992825 -0.01865452 -0.006285429 0.0992825 -0.01922476 -0.004231691 0.0992825 -0.01956957 -0.002128303 0.0992825 -0.01968497 0 0.0992825 0.02920997 0.02020996 0.05866467 0.02920997 0.02003949 0.05873441 0.02920997 0.0173527 0.05944287 0.02920997 0.01693278 0.05947846 0.02920997 0.01652169 0.05949026 0.02920997 0.01911413 0.05906438 0.02920997 0.01821768 0.05930078 0.02920997 -0.01652169 0.05949026 0.02920997 -0.01693278 0.05947846 0.02920997 -0.0173527 0.05944287 0.02920997 -0.02020996 0.05866467 0.02920997 -0.02004432 0.05873245 0.02920997 -0.01911413 0.05906438 0.02920997 -0.01821768 0.05930078 -0.02920997 -0.02020996 0.05866467 -0.02920997 -0.02003949 0.05873441 -0.02920997 -0.0173527 0.05944287 -0.02920997 -0.01693278 0.05947846 -0.02920997 -0.01652169 0.05949026 -0.02920997 -0.01911413 0.05906438 -0.02920997 -0.01821768 0.05930078 -0.02920997 0.01652169 0.05949026 -0.02920997 0.01693278 0.05947846 -0.02920997 0.0173527 0.05944287 -0.02920997 0.02020996 0.05866467 -0.02920997 0.02004432 0.05873245 -0.02920997 0.01911413 0.05906438 -0.02920997 0.01821768 0.05930078 -0.02020996 0.02920997 0.05866467 -0.02003949 0.02920997 0.05873441 -0.0173527 0.02920997 0.05944287 -0.01693278 0.02920997 0.05947846 -0.01652169 0.02920997 0.05949026 0.01652169 0.02920997 0.05949026 0.01693278 0.02920997 0.05947846 0.0173527 0.02920997 0.05944287 0.02020996 0.02920997 0.05866467 0.02004432 0.02920997 0.05873245 0.01911413 0.02920997 0.05906438 0.01821768 0.02920997 0.05930078 -0.01911413 0.02920997 0.05906438 -0.01821768 0.02920997 0.05930078 0.02420538 -0.01695489 -0.07905745 0.01695489 -0.02420538 -0.07905745 0.02419734 -0.01732337 -0.07905745 0.01785904 -0.02415651 -0.07905745 0.02411103 -0.01820445 -0.07905745 0.01870477 -0.02401727 -0.07905745 0.02393859 -0.01902639 -0.07905745 0.01949077 -0.02379781 -0.07905745 0.02368944 -0.01978844 -0.07905745 0.02021723 -0.0235064 -0.07905745 0.02337121 -0.02049136 -0.07905745 0.02088522 -0.0231496 -0.07905745 0.02298963 -0.02113628 -0.07905745 0.02149593 -0.02273195 -0.07905745 0.02254855 -0.02172446 -0.07905745 0.02205038 -0.02225643 -0.07905745 -0.01695489 -0.02420538 -0.07905745 -0.02420538 -0.01695489 -0.07905745 -0.01732337 -0.02419734 -0.07905745 -0.02415651 -0.01785904 -0.07905745 -0.01820445 -0.02411103 -0.07905745 -0.02401727 -0.01870477 -0.07905745 -0.01902639 -0.02393859 -0.07905745 -0.02379781 -0.01949077 -0.07905745 -0.01978844 -0.02368944 -0.07905745 -0.0235064 -0.02021723 -0.07905745 -0.02049136 -0.02337121 -0.07905745 -0.0231496 -0.02088522 -0.07905745 -0.02113628 -0.02298963 -0.07905745 -0.02273195 -0.02149593 -0.07905745 -0.02172446 -0.02254855 -0.07905745 -0.02225643 -0.02205038 -0.07905745 0.0173527 -0.02920997 0.05944287 0.01693278 -0.02920997 0.05947846 0.01652169 -0.02920997 0.05949026 0.02020996 -0.02920997 0.05866467 0.02003949 -0.02920997 0.05873441 0.01911413 -0.02920997 0.05906438 0.01821768 -0.02920997 0.05930078 -0.01652169 -0.02920997 0.05949026 -0.01693278 -0.02920997 0.05947846 -0.0173527 -0.02920997 0.05944287 -0.02020996 -0.02920997 0.05866467 -0.02004432 -0.02920997 0.05873245 -0.01911413 -0.02920997 0.05906438 -0.01821768 -0.02920997 0.05930078 0.02592134 -0.01695489 -0.07808482 0.02601796 -0.01695489 -0.07790273 0.0259943 -0.01740181 -0.077932 0.02572423 -0.01739001 -0.0783475 0.02574986 -0.01695489 -0.07832813 0.02580648 -0.01695489 -0.07825601 0.02552706 -0.01695489 -0.07855856 0.02557784 -0.01695489 -0.07851225 0.02555274 -0.01738256 -0.07852697 0.02567458 -0.01695489 -0.07841449 0.02536547 -0.01695489 -0.07868665 0.02538406 -0.01695489 -0.07867324 0.02536034 -0.01737415 -0.07868379 0.02500724 -0.01695489 -0.07888972 0.02517157 -0.01695489 -0.0788086 0.02515006 -0.01736497 -0.07881551 0.0251916 -0.01695489 -0.07879739 0.02492505 -0.01735514 -0.07892012 0.02494376 -0.01695489 -0.07891619 0.02461498 -0.01695489 -0.07901507 0.02470427 -0.01695489 -0.07899427 0.02468878 -0.01734483 -0.07899606 0.02481436 -0.01695489 -0.0789625 0.02441126 -0.01695489 -0.07904684 0.02445679 -0.01695489 -0.0790416 0.02444499 -0.01733416 -0.07904207 0.02589732 -0.01695489 -0.07812386 0.02587217 -0.0173965 -0.07814818 0.02573239 -0.01845401 -0.07820159 0.02592217 -0.01806879 -0.07797318 0.02585631 -0.01847308 -0.07799655 0.02549296 -0.01944285 -0.0782451 0.02570563 -0.01915377 -0.07803326 0.0256161 -0.01947587 -0.07804936 0.02516514 -0.02036231 -0.07827937 0.02537083 -0.02019566 -0.07808214 0.0252853 -0.02040904 -0.07809102 0.02492153 -0.02118241 -0.07811933 0.0247578 -0.02121317 -0.07830506 0.02487295 -0.02127313 -0.07812225 0.02438598 -0.02206933 -0.07814365 0.02427762 -0.02199691 -0.07832258 0.0243631 -0.02210253 -0.07814437 0.02372902 -0.02271497 -0.07833242 0.02382904 -0.02279889 -0.07815563 0.02370196 -0.02294552 -0.07815694 0.02311468 -0.02336823 -0.07833462 0.02320504 -0.02346259 -0.07815837 0.0229454 -0.02370202 -0.07815694 0.02243554 -0.02395647 -0.07832938 0.02251499 -0.02406001 -0.07815194 0.02169138 -0.02447807 -0.0783165 0.02210223 -0.02436327 -0.07814437 0.02175891 -0.02458935 -0.07813626 0.02088099 -0.02492982 -0.07829576 0.02118217 -0.02492165 -0.07811933 0.02093571 -0.02504718 -0.07811099 0.02000284 -0.02530628 -0.07826673 0.0201959 -0.02537071 -0.0780822 0.01905566 -0.02559989 -0.07822883 0.0199548 -0.02516466 -0.07844179 0.02081781 -0.02479434 -0.0784648 0.02161389 -0.0243504 -0.07848125 0.0223447 -0.02383804 -0.07849138 0.0230115 -0.02326047 -0.07849556 0.0236147 -0.02261906 -0.07849377 0.02415347 -0.02191394 -0.07848602 0.02462524 -0.02114415 -0.07847213 0.02502578 -0.02030813 -0.07845181 0.0253486 -0.01940417 -0.07842463 0.02558505 -0.0184313 -0.07839006 0.02004414 -0.02542787 -0.07807564 0.01915466 -0.02570539 -0.07803326 0.01908308 -0.02572369 -0.07802963 0.01805263 -0.0259245 -0.07797217 0.0180391 -0.02580094 -0.07818144 0.01802289 -0.02565306 -0.07837402 0.01902335 -0.0254541 -0.07841175 0.02541643 -0.01840537 -0.07855933 0.02522897 -0.01837652 -0.07870686 0.02518498 -0.01936036 -0.07858556 0.02500438 -0.01931196 -0.07872557 0.02486896 -0.02024716 -0.07860612 0.02469682 -0.02018022 -0.07874023 0.02447694 -0.02106696 -0.0786215 0.0243147 -0.0209825 -0.0787512 0.02401506 -0.02182149 -0.07863199 0.02386409 -0.02172058 -0.07875865 0.02348756 -0.02251237 -0.07863783 0.02334904 -0.02239614 -0.07876276 0.02289676 -0.0231406 -0.07863914 0.02277189 -0.02301013 -0.07876372 0.02224355 -0.02370625 -0.07863605 0.02213335 -0.02356261 -0.07876151 0.0215274 -0.02420789 -0.07862836 0.02143293 -0.02405226 -0.07875603 0.020747 -0.0246424 -0.07861596 0.0206694 -0.02447611 -0.07874721 0.01990056 -0.02500492 -0.07859855 0.01984089 -0.0248292 -0.07873487 0.01898658 -0.02528828 -0.07857573 0.01894587 -0.0251047 -0.0787186 0.01800429 -0.02548307 -0.07854712 0.01798355 -0.0252934 -0.07869821 0.02502542 -0.01834517 -0.07883065 0.02480864 -0.01831185 -0.07892882 0.02480918 -0.01925969 -0.07884287 0.02460217 -0.01920419 -0.0789358 0.02451157 -0.02010816 -0.07885247 0.02431559 -0.02003198 -0.07894128 0.02414065 -0.0208919 -0.07885956 0.02395695 -0.02079623 -0.07894533 0.02370244 -0.02161258 -0.07886445 0.02353203 -0.02149873 -0.07894814 0.02320086 -0.02227181 -0.07886713 0.02304482 -0.02214086 -0.07894968 0.02263826 -0.02287054 -0.07886779 0.02249759 -0.02272361 -0.07894998 0.02201539 -0.02340888 -0.0788663 0.02189117 -0.023247 -0.07894921 0.02133178 -0.02388548 -0.07886278 0.02122503 -0.02370965 -0.07894718 0.02058607 -0.02429741 -0.078857 0.02049803 -0.02410864 -0.07894384 0.01977664 -0.02463984 -0.07884889 0.01970857 -0.02443927 -0.07893925 0.01890182 -0.02490597 -0.07883828 0.01885503 -0.02469485 -0.07893317 0.0179609 -0.02508687 -0.07882493 0.01793676 -0.02486664 -0.07892554 0.02458178 -0.01827692 -0.07899993 0.02434813 -0.01824092 -0.07904303 0.02438604 -0.01914626 -0.07900309 0.02416384 -0.01908677 -0.07904386 0.0241115 -0.01995259 -0.07900553 0.02390187 -0.01987105 -0.07904446 0.02376586 -0.02069675 -0.07900738 0.02356976 -0.02059471 -0.07904493 0.02335494 -0.02138042 -0.07900863 0.02317339 -0.02125912 -0.07904523 0.02288275 -0.0220049 -0.07900929 0.0227167 -0.02186548 -0.07904541 0.02235156 -0.02257102 -0.07900947 0.02220189 -0.02241468 -0.07904541 0.02176213 -0.02307879 -0.07900911 0.02162986 -0.02290642 -0.07904535 0.02111411 -0.02352684 -0.07900822 0.02100038 -0.02333939 -0.07904511 0.02040648 -0.02391219 -0.07900673 0.02031248 -0.0237106 -0.07904475 0.01963758 -0.02423024 -0.07900464 0.01956468 -0.02401542 -0.07904422 0.01880609 -0.02447432 -0.0790019 0.01875579 -0.0242474 -0.07904356 0.01791149 -0.02463585 -0.0789985 0.01788544 -0.02439796 -0.07904267 0.01695489 -0.02601796 -0.07790273 0.01695489 -0.02592134 -0.07808482 0.01695489 -0.02589732 -0.07812386 0.01695489 -0.02580648 -0.07825601 0.01695489 -0.02574986 -0.07832813 0.01695489 -0.02567458 -0.07841449 0.01695489 -0.02557784 -0.07851225 0.01695489 -0.02552706 -0.07855856 0.01695489 -0.02538406 -0.07867324 0.01695489 -0.02536547 -0.07868665 0.01695489 -0.0251916 -0.07879739 0.01695489 -0.02517157 -0.0788086 0.01695489 -0.02500724 -0.07888972 0.01695489 -0.02494376 -0.07891619 0.01695489 -0.02481436 -0.0789625 0.01695489 -0.02470427 -0.07899427 0.01695489 -0.02461498 -0.07901507 0.01695489 -0.02445679 -0.0790416 0.01695489 -0.02441126 -0.07904684 0.01768499 0 0.1012825 0.01758128 0.001912057 0.1012825 0 0 0.1012825 0.01675921 -0.005646824 0.1012825 0.01727151 -0.003801703 0.1012825 0.01758128 -0.001912057 0.1012825 0.01407885 -0.01070249 0.1012825 0.01515346 -0.009117543 0.1012825 0.01605045 -0.007425725 0.1012825 0.00992459 -0.01463764 0.1012825 0.01144897 -0.01347881 0.1012825 0.01283919 -0.01216191 0.1012825 0.004731237 -0.01704037 0.1012825 0.006545841 -0.01642894 0.1012825 0.008283793 -0.01562488 0.1012825 -9.57447e-4 -0.01765906 0.1012825 9.57447e-4 -0.01765906 0.1012825 0.002861082 -0.017452 0.1012825 -0.006545841 -0.01642894 0.1012825 -0.004731237 -0.01704037 0.1012825 -0.002861082 -0.017452 0.1012825 -0.01144897 -0.01347881 0.1012825 -0.00992459 -0.01463764 0.1012825 -0.008283793 -0.01562488 0.1012825 -0.01515346 -0.009117543 0.1012825 -0.01407885 -0.01070249 0.1012825 -0.01283919 -0.01216191 0.1012825 -0.01727151 -0.003801703 0.1012825 -0.01675921 -0.005646824 0.1012825 -0.01605045 -0.007425725 0.1012825 -0.01758128 0.001912057 0.1012825 -0.01768499 0 0.1012825 -0.01758128 -0.001912057 0.1012825 -0.01605045 0.007425725 0.1012825 -0.01675921 0.005646824 0.1012825 -0.01727151 0.003801703 0.1012825 -0.01283919 0.01216191 0.1012825 -0.01407885 0.01070249 0.1012825 -0.01515346 0.009117543 0.1012825 -0.008283793 0.01562488 0.1012825 -0.00992459 0.01463764 0.1012825 -0.01144897 0.01347881 0.1012825 -0.002861082 0.017452 0.1012825 -0.004731237 0.01704037 0.1012825 -0.006545841 0.01642894 0.1012825 0.002861082 0.017452 0.1012825 9.57447e-4 0.01765906 0.1012825 -9.57447e-4 0.01765906 0.1012825 0.008283793 0.01562488 0.1012825 0.006545841 0.01642894 0.1012825 0.004731237 0.01704037 0.1012825 0.01283919 0.01216191 0.1012825 0.01144897 0.01347881 0.1012825 0.00992459 0.01463764 0.1012825 0.01605045 0.007425725 0.1012825 0.01515346 0.009117543 0.1012825 0.01407885 0.01070249 0.1012825 0.01727151 0.003801703 0.1012825 0.01675921 0.005646824 0.1012825 0.01778912 0.001934647 0.1012715 0.01747566 0.003846645 0.1012715 0.01695734 0.005713582 0.1012715 0.01624017 0.007513463 0.1012715 0.01533263 0.009225308 0.1012715 0.01424533 0.01082897 0.1012715 0.01299095 0.01230573 0.1012715 0.01158434 0.01363813 0.1012715 0.01004189 0.01481068 0.1012715 0.008381724 0.01580959 0.1012715 0.006623268 0.01662313 0.1012715 0.004787147 0.01724177 0.1012715 0.002894878 0.01765829 0.1012715 9.68765e-4 0.0178678 0.1012715 -9.68765e-4 0.0178678 0.1012715 -0.002894878 0.01765829 0.1012715 -0.004787147 0.01724177 0.1012715 -0.006623268 0.01662313 0.1012715 -0.008381724 0.01580959 0.1012715 -0.01004189 0.01481068 0.1012715 -0.01158434 0.01363813 0.1012715 -0.01299095 0.01230573 0.1012715 -0.01424533 0.01082897 0.1012715 -0.01533263 0.009225308 0.1012715 -0.01624017 0.007513463 0.1012715 -0.01695734 0.005713582 0.1012715 -0.01747566 0.003846645 0.1012715 -0.01778912 0.001934647 0.1012715 -0.01789402 0 0.1012715 -0.01778912 -0.001934647 0.1012715 -0.01747566 -0.003846645 0.1012715 -0.01695734 -0.005713582 0.1012715 -0.01624017 -0.007513463 0.1012715 -0.01533263 -0.009225308 0.1012715 -0.01424533 -0.01082897 0.1012715 -0.01299095 -0.01230573 0.1012715 -0.01158434 -0.01363813 0.1012715 -0.01004189 -0.01481068 0.1012715 -0.008381724 -0.01580959 0.1012715 -0.006623268 -0.01662313 0.1012715 -0.004787147 -0.01724177 0.1012715 -0.002894878 -0.01765829 0.1012715 -9.68765e-4 -0.0178678 0.1012715 9.68765e-4 -0.0178678 0.1012715 0.002894878 -0.01765829 0.1012715 0.004787147 -0.01724177 0.1012715 0.006623268 -0.01662313 0.1012715 0.008381724 -0.01580959 0.1012715 0.01004189 -0.01481068 0.1012715 0.01158434 -0.01363813 0.1012715 0.01299095 -0.01230573 0.1012715 0.01424533 -0.01082897 0.1012715 0.01533263 -0.009225308 0.1012715 0.01624017 -0.007513463 0.1012715 0.01695734 -0.005713582 0.1012715 0.01747566 -0.003846645 0.1012715 0.01778912 -0.001934647 0.1012715 0.01789402 0 0.1012715 0.0179947 0.001956999 0.1012388 0.0176776 0.00389111 0.1012388 0.01715326 0.005779564 0.1012388 0.01642781 0.007600307 0.1012388 0.01550978 0.009331941 0.1012388 0.01440989 0.01095414 0.1012388 0.01314109 0.01244789 0.1012388 0.01171821 0.01379573 0.1012388 0.01015794 0.0149818 0.1012388 0.008478522 0.01599228 0.1012388 0.0066998 0.01681524 0.1012388 0.00484246 0.01744103 0.1012388 0.002928376 0.01786231 0.1012388 9.79959e-4 0.01807427 0.1012388 -9.79959e-4 0.01807427 0.1012388 -0.002928376 0.01786231 0.1012388 -0.00484246 0.01744103 0.1012388 -0.0066998 0.01681524 0.1012388 -0.008478522 0.01599228 0.1012388 -0.01015794 0.0149818 0.1012388 -0.01171821 0.01379573 0.1012388 -0.01314109 0.01244789 0.1012388 -0.01440989 0.01095414 0.1012388 -0.01550978 0.009331941 0.1012388 -0.01642781 0.007600307 0.1012388 -0.01715326 0.005779564 0.1012388 -0.0176776 0.00389111 0.1012388 -0.0179947 0.001956999 0.1012388 -0.01810079 0 0.1012388 -0.0179947 -0.001956999 0.1012388 -0.0176776 -0.00389111 0.1012388 -0.01715326 -0.005779564 0.1012388 -0.01642781 -0.007600307 0.1012388 -0.01550978 -0.009331941 0.1012388 -0.01440989 -0.01095414 0.1012388 -0.01314109 -0.01244789 0.1012388 -0.01171821 -0.01379573 0.1012388 -0.01015794 -0.0149818 0.1012388 -0.008478522 -0.01599228 0.1012388 -0.0066998 -0.01681524 0.1012388 -0.00484246 -0.01744103 0.1012388 -0.002928376 -0.01786231 0.1012388 -9.79959e-4 -0.01807427 0.1012388 9.79959e-4 -0.01807427 0.1012388 0.002928376 -0.01786231 0.1012388 0.00484246 -0.01744103 0.1012388 0.0066998 -0.01681524 0.1012388 0.008478522 -0.01599228 0.1012388 0.01015794 -0.0149818 0.1012388 0.01171821 -0.01379573 0.1012388 0.01314109 -0.01244789 0.1012388 0.01440989 -0.01095414 0.1012388 0.01550978 -0.009331941 0.1012388 0.01642781 -0.007600307 0.1012388 0.01715326 -0.005779564 0.1012388 0.0176776 -0.00389111 0.1012388 0.0179947 -0.001956999 0.1012388 0.01810079 0 0.1012388 0.01819568 0.001978874 0.1011846 0.01787507 0.003934562 0.1011846 0.01734489 0.005844175 0.1011846 0.01661133 0.007685244 0.1011846 0.01568305 0.00943619 0.1011846 0.01457089 0.0110765 0.1011846 0.0132879 0.01258695 0.1011846 0.0118491 0.01394987 0.1011846 0.01027143 0.01514917 0.1011846 0.008573293 0.01617091 0.1011846 0.006774604 0.01700305 0.1011846 0.004896521 0.01763588 0.1011846 0.002961099 0.01806187 0.1011846 9.90906e-4 0.01827615 0.1011846 -9.90906e-4 0.01827615 0.1011846 -0.002961099 0.01806187 0.1011846 -0.004896521 0.01763588 0.1011846 -0.006774604 0.01700305 0.1011846 -0.008573293 0.01617091 0.1011846 -0.01027143 0.01514917 0.1011846 -0.0118491 0.01394987 0.1011846 -0.0132879 0.01258695 0.1011846 -0.01457089 0.0110765 0.1011846 -0.01568305 0.00943619 0.1011846 -0.01661133 0.007685244 0.1011846 -0.01734489 0.005844175 0.1011846 -0.01787507 0.003934562 0.1011846 -0.01819568 0.001978874 0.1011846 -0.01830303 0 0.1011846 -0.01819568 -0.001978874 0.1011846 -0.01787507 -0.003934562 0.1011846 -0.01734489 -0.005844175 0.1011846 -0.01661133 -0.007685244 0.1011846 -0.01568305 -0.00943619 0.1011846 -0.01457089 -0.0110765 0.1011846 -0.0132879 -0.01258695 0.1011846 -0.0118491 -0.01394987 0.1011846 -0.01027143 -0.01514917 0.1011846 -0.008573293 -0.01617091 0.1011846 -0.006774604 -0.01700305 0.1011846 -0.004896521 -0.01763588 0.1011846 -0.002961099 -0.01806187 0.1011846 -9.90906e-4 -0.01827615 0.1011846 9.90906e-4 -0.01827615 0.1011846 0.002961099 -0.01806187 0.1011846 0.004896521 -0.01763588 0.1011846 0.006774604 -0.01700305 0.1011846 0.008573293 -0.01617091 0.1011846 0.01027143 -0.01514917 0.1011846 0.0118491 -0.01394987 0.1011846 0.0132879 -0.01258695 0.1011846 0.01457089 -0.0110765 0.1011846 0.01568305 -0.00943619 0.1011846 0.01661133 -0.007685244 0.1011846 0.01734489 -0.005844175 0.1011846 0.01787507 -0.003934562 0.1011846 0.01819568 -0.001978874 0.1011846 0.01830303 0 0.1011846 0.01838999 0.002000033 0.1011096 0.01806598 0.003976583 0.1011096 0.01753014 0.005906581 0.1011096 0.01678872 0.00776726 0.1011096 0.01585054 0.009536921 0.1011096 0.01472645 0.01119476 0.1011096 0.01342976 0.01272135 0.1011096 0.01197564 0.01409882 0.1011096 0.0103811 0.01531094 0.1011096 0.008664786 0.01634359 0.1011096 0.006846964 0.01718461 0.1011096 0.004948854 0.01782417 0.1011096 0.002992689 0.01825475 0.1011096 0.001001477 0.0184713 0.1011096 -0.001001477 0.0184713 0.1011096 -0.002992689 0.01825475 0.1011096 -0.004948854 0.01782417 0.1011096 -0.006846964 0.01718461 0.1011096 -0.008664786 0.01634359 0.1011096 -0.0103811 0.01531094 0.1011096 -0.01197564 0.01409882 0.1011096 -0.01342976 0.01272135 0.1011096 -0.01472645 0.01119476 0.1011096 -0.01585054 0.009536921 0.1011096 -0.01678872 0.00776726 0.1011096 -0.01753014 0.005906581 0.1011096 -0.01806598 0.003976583 0.1011096 -0.01838999 0.002000033 0.1011096 -0.01849842 0 0.1011096 -0.01838999 -0.002000033 0.1011096 -0.01806598 -0.003976583 0.1011096 -0.01753014 -0.005906581 0.1011096 -0.01678872 -0.00776726 0.1011096 -0.01585054 -0.009536921 0.1011096 -0.01472645 -0.01119476 0.1011096 -0.01342976 -0.01272135 0.1011096 -0.01197564 -0.01409882 0.1011096 -0.0103811 -0.01531094 0.1011096 -0.008664786 -0.01634359 0.1011096 -0.006846964 -0.01718461 0.1011096 -0.004948854 -0.01782417 0.1011096 -0.002992689 -0.01825475 0.1011096 -0.001001477 -0.0184713 0.1011096 0.001001477 -0.0184713 0.1011096 0.002992689 -0.01825475 0.1011096 0.004948854 -0.01782417 0.1011096 0.006846964 -0.01718461 0.1011096 0.008664786 -0.01634359 0.1011096 0.0103811 -0.01531094 0.1011096 0.01197564 -0.01409882 0.1011096 0.01342976 -0.01272135 0.1011096 0.01472645 -0.01119476 0.1011096 0.01585054 -0.009536921 0.1011096 0.01678872 -0.00776726 0.1011096 0.01753014 -0.005906581 0.1011096 0.01806598 -0.003976583 0.1011096 0.01838999 -0.002000033 0.1011096 0.01849842 0 0.1011096 0.01857542 0.00202018 0.1010145 0.01824814 0.004016697 0.1010145 0.01770687 0.005966126 0.1010145 0.01695799 0.00784558 0.1010145 0.01601034 0.009633123 0.1010145 0.01487499 0.01130765 0.1010145 0.01356518 0.01284962 0.1010145 0.0120964 0.01424098 0.1010145 0.01048576 0.01546531 0.1010145 0.008752167 0.0165084 0.1010145 0.006915986 0.01735788 0.1010145 0.004998743 0.01800388 0.1010145 0.003022849 0.01843881 0.1010145 0.00101155 0.01865756 0.1010145 -0.00101155 0.01865756 0.1010145 -0.003022849 0.01843881 0.1010145 -0.004998743 0.01800388 0.1010145 -0.006915986 0.01735788 0.1010145 -0.008752167 0.0165084 0.1010145 -0.01048576 0.01546531 0.1010145 -0.0120964 0.01424098 0.1010145 -0.01356518 0.01284962 0.1010145 -0.01487499 0.01130765 0.1010145 -0.01601034 0.009633123 0.1010145 -0.01695799 0.00784558 0.1010145 -0.01770687 0.005966126 0.1010145 -0.01824814 0.004016697 0.1010145 -0.01857542 0.00202018 0.1010145 -0.01868498 0 0.1010145 -0.01857542 -0.00202018 0.1010145 -0.01824814 -0.004016697 0.1010145 -0.01770687 -0.005966126 0.1010145 -0.01695799 -0.00784558 0.1010145 -0.01601034 -0.009633123 0.1010145 -0.01487499 -0.01130765 0.1010145 -0.01356518 -0.01284962 0.1010145 -0.0120964 -0.01424098 0.1010145 -0.01048576 -0.01546531 0.1010145 -0.008752167 -0.0165084 0.1010145 -0.006915986 -0.01735788 0.1010145 -0.004998743 -0.01800388 0.1010145 -0.003022849 -0.01843881 0.1010145 -0.00101155 -0.01865756 0.1010145 0.00101155 -0.01865756 0.1010145 0.003022849 -0.01843881 0.1010145 0.004998743 -0.01800388 0.1010145 0.006915986 -0.01735788 0.1010145 0.008752167 -0.0165084 0.1010145 0.01048576 -0.01546531 0.1010145 0.0120964 -0.01424098 0.1010145 0.01356518 -0.01284962 0.1010145 0.01487499 -0.01130765 0.1010145 0.01601034 -0.009633123 0.1010145 0.01695799 -0.00784558 0.1010145 0.01770687 -0.005966126 0.1010145 0.01824814 -0.004016697 0.1010145 0.01857542 -0.00202018 0.1010145 0.01868498 0 0.1010145 0.01875001 0.002039134 0.1009005 0.01841962 0.004054427 0.1009005 0.01787322 0.006022155 0.1009005 0.01711738 0.007919311 0.1009005 0.01616078 0.009723603 0.1009005 0.01501476 0.01141393 0.1009005 0.01369267 0.01297038 0.1009005 0.01221007 0.01437479 0.1009005 0.01058429 0.01561063 0.1009005 0.008834421 0.01666349 0.1009005 0.006981015 0.01752102 0.1009005 0.005045711 0.01817309 0.1009005 0.00305128 0.01861208 0.1009005 0.001021087 0.01883286 0.1009005 -0.001021087 0.01883286 0.1009005 -0.00305128 0.01861208 0.1009005 -0.005045711 0.01817309 0.1009005 -0.006981015 0.01752102 0.1009005 -0.008834421 0.01666349 0.1009005 -0.01058429 0.01561063 0.1009005 -0.01221007 0.01437479 0.1009005 -0.01369267 0.01297038 0.1009005 -0.01501476 0.01141393 0.1009005 -0.01616078 0.009723603 0.1009005 -0.01711738 0.007919311 0.1009005 -0.01787322 0.006022155 0.1009005 -0.01841962 0.004054427 0.1009005 -0.01875001 0.002039134 0.1009005 -0.01886051 0 0.1009005 -0.01875001 -0.002039134 0.1009005 -0.01841962 -0.004054427 0.1009005 -0.01787322 -0.006022155 0.1009005 -0.01711738 -0.007919311 0.1009005 -0.01616078 -0.009723603 0.1009005 -0.01501476 -0.01141393 0.1009005 -0.01369267 -0.01297038 0.1009005 -0.01221007 -0.01437479 0.1009005 -0.01058429 -0.01561063 0.1009005 -0.008834421 -0.01666349 0.1009005 -0.006981015 -0.01752102 0.1009005 -0.005045711 -0.01817309 0.1009005 -0.00305128 -0.01861208 0.1009005 -0.001021087 -0.01883286 0.1009005 0.001021087 -0.01883286 0.1009005 0.00305128 -0.01861208 0.1009005 0.005045711 -0.01817309 0.1009005 0.006981015 -0.01752102 0.1009005 0.008834421 -0.01666349 0.1009005 0.01058429 -0.01561063 0.1009005 0.01221007 -0.01437479 0.1009005 0.01369267 -0.01297038 0.1009005 0.01501476 -0.01141393 0.1009005 0.01616078 -0.009723603 0.1009005 0.01711738 -0.007919311 0.1009005 0.01787322 -0.006022155 0.1009005 0.01841962 -0.004054427 0.1009005 0.01875001 -0.002039134 0.1009005 0.01886051 0 0.1009005 0.01891171 0.002056717 0.1007688 0.01857846 0.004089415 0.1007688 0.01802742 0.00607413 0.1007688 0.01726502 0.007987618 0.1007688 0.0163002 0.009807467 0.1007688 0.01514428 0.01151233 0.1007688 0.01381075 0.01308226 0.1007688 0.01231539 0.01449877 0.1007688 0.0106756 0.01574534 0.1007688 0.008910655 0.01680725 0.1007688 0.007041215 0.01767212 0.1007688 0.005089223 0.01832985 0.1007688 0.003077566 0.01877266 0.1007688 0.001029849 0.01899534 0.1007688 -0.001029849 0.01899534 0.1007688 -0.003077566 0.01877266 0.1007688 -0.005089223 0.01832985 0.1007688 -0.007041215 0.01767212 0.1007688 -0.008910655 0.01680725 0.1007688 -0.0106756 0.01574534 0.1007688 -0.01231539 0.01449877 0.1007688 -0.01381075 0.01308226 0.1007688 -0.01514428 0.01151233 0.1007688 -0.0163002 0.009807467 0.1007688 -0.01726502 0.007987618 0.1007688 -0.01802742 0.00607413 0.1007688 -0.01857846 0.004089415 0.1007688 -0.01891171 0.002056717 0.1007688 -0.01902323 0 0.1007688 -0.01891171 -0.002056717 0.1007688 -0.01857846 -0.004089415 0.1007688 -0.01802742 -0.00607413 0.1007688 -0.01726502 -0.007987618 0.1007688 -0.0163002 -0.009807467 0.1007688 -0.01514428 -0.01151233 0.1007688 -0.01381075 -0.01308226 0.1007688 -0.01231539 -0.01449877 0.1007688 -0.0106756 -0.01574534 0.1007688 -0.008910655 -0.01680725 0.1007688 -0.007041215 -0.01767212 0.1007688 -0.005089223 -0.01832985 0.1007688 -0.003077566 -0.01877266 0.1007688 -0.001029849 -0.01899534 0.1007688 0.001029849 -0.01899534 0.1007688 0.003077566 -0.01877266 0.1007688 0.005089223 -0.01832985 0.1007688 0.007041215 -0.01767212 0.1007688 0.008910655 -0.01680725 0.1007688 0.0106756 -0.01574534 0.1007688 0.01231539 -0.01449877 0.1007688 0.01381075 -0.01308226 0.1007688 0.01514428 -0.01151233 0.1007688 0.0163002 -0.009807467 0.1007688 0.01726502 -0.007987618 0.1007688 0.01802742 -0.00607413 0.1007688 0.01857846 -0.004089415 0.1007688 0.01891171 -0.002056717 0.1007688 0.01902323 0 0.1007688 0.01905888 0.002072751 0.1006208 0.01872307 0.004121243 0.1006208 0.01816773 0.006121397 0.1006208 0.01739937 0.008049786 0.1006208 0.01642704 0.009883821 0.1006208 0.01526212 0.01160192 0.1006208 0.01391822 0.01318407 0.1006208 0.01241117 0.0146116 0.1006208 0.01075863 0.01586782 0.1006208 0.008979976 0.01693803 0.1006208 0.007095992 0.01780962 0.1006208 0.00512886 0.01847249 0.1006208 0.003101527 0.01891869 0.1006208 0.001037895 0.01914316 0.1006208 -0.001037895 0.01914316 0.1006208 -0.003101527 0.01891869 0.1006208 -0.00512886 0.01847249 0.1006208 -0.007095992 0.01780962 0.1006208 -0.008979976 0.01693803 0.1006208 -0.01075863 0.01586782 0.1006208 -0.01241117 0.0146116 0.1006208 -0.01391822 0.01318407 0.1006208 -0.01526212 0.01160192 0.1006208 -0.01642704 0.009883821 0.1006208 -0.01739937 0.008049786 0.1006208 -0.01816773 0.006121397 0.1006208 -0.01872307 0.004121243 0.1006208 -0.01905888 0.002072751 0.1006208 -0.01917123 0 0.1006208 -0.01905888 -0.002072751 0.1006208 -0.01872307 -0.004121243 0.1006208 -0.01816773 -0.006121397 0.1006208 -0.01739937 -0.008049786 0.1006208 -0.01642704 -0.009883821 0.1006208 -0.01526212 -0.01160192 0.1006208 -0.01391822 -0.01318407 0.1006208 -0.01241117 -0.0146116 0.1006208 -0.01075863 -0.01586782 0.1006208 -0.008979976 -0.01693803 0.1006208 -0.007095992 -0.01780962 0.1006208 -0.00512886 -0.01847249 0.1006208 -0.003101527 -0.01891869 0.1006208 -0.001037895 -0.01914316 0.1006208 0.001037895 -0.01914316 0.1006208 0.003101527 -0.01891869 0.1006208 0.00512886 -0.01847249 0.1006208 0.007095992 -0.01780962 0.1006208 0.008979976 -0.01693803 0.1006208 0.01075863 -0.01586782 0.1006208 0.01241117 -0.0146116 0.1006208 0.01391822 -0.01318407 0.1006208 0.01526212 -0.01160192 0.1006208 0.01642704 -0.009883821 0.1006208 0.01739937 -0.008049786 0.1006208 0.01816773 -0.006121397 0.1006208 0.01872307 -0.004121243 0.1006208 0.01905888 -0.002072751 0.1006208 0.01917123 0 0.1006208 0.01918983 0.002086997 0.100458 0.01885169 0.004149556 0.100458 0.01829254 0.006163477 0.100458 0.01751893 0.008105099 0.100458 0.01653993 0.00995171 0.100458 0.01536697 0.01168167 0.100458 0.01401388 0.01327466 0.100458 0.01249647 0.01471203 0.100458 0.0108326 0.0159769 0.100458 0.009041666 0.01705443 0.100458 0.007144749 0.01793205 0.100458 0.005164086 0.01859939 0.100458 0.003122866 0.01904875 0.100458 0.001044988 0.01927471 0.100458 -0.001044988 0.01927471 0.100458 -0.003122866 0.01904875 0.100458 -0.005164086 0.01859939 0.100458 -0.007144749 0.01793205 0.100458 -0.009041666 0.01705443 0.100458 -0.0108326 0.0159769 0.100458 -0.01249647 0.01471203 0.100458 -0.01401388 0.01327466 0.100458 -0.01536697 0.01168167 0.100458 -0.01653993 0.00995171 0.100458 -0.01751893 0.008105099 0.100458 -0.01829254 0.006163477 0.100458 -0.01885169 0.004149556 0.100458 -0.01918983 0.002086997 0.100458 -0.01930302 0 0.100458 -0.01918983 -0.002086997 0.100458 -0.01885169 -0.004149556 0.100458 -0.01829254 -0.006163477 0.100458 -0.01751893 -0.008105099 0.100458 -0.01653993 -0.00995171 0.100458 -0.01536697 -0.01168167 0.100458 -0.01401388 -0.01327466 0.100458 -0.01249647 -0.01471203 0.100458 -0.0108326 -0.0159769 0.100458 -0.009041666 -0.01705443 0.100458 -0.007144749 -0.01793205 0.100458 -0.005164086 -0.01859939 0.100458 -0.003122866 -0.01904875 0.100458 -0.001044988 -0.01927471 0.100458 0.001044988 -0.01927471 0.100458 0.003122866 -0.01904875 0.100458 0.005164086 -0.01859939 0.100458 0.007144749 -0.01793205 0.100458 0.009041666 -0.01705443 0.100458 0.0108326 -0.0159769 0.100458 0.01249647 -0.01471203 0.100458 0.01401388 -0.01327466 0.100458 0.01536697 -0.01168167 0.100458 0.01653993 -0.00995171 0.100458 0.01751893 -0.008105099 0.100458 0.01829254 -0.006163477 0.100458 0.01885169 -0.004149556 0.100458 0.01918983 -0.002086997 0.100458 0.01930302 0 0.100458 0.0193032 0.002099335 0.1002825 0.01896303 0.004174053 0.1002825 0.0184006 0.006199836 0.1002825 0.01762241 0.008152961 0.1002825 0.01663762 0.01001054 0.1002825 0.01545774 0.01175069 0.1002825 0.01409667 0.01335304 0.1002825 0.01257032 0.01479893 0.1002825 0.01089656 0.01607125 0.1002825 0.009095072 0.01715517 0.1002825 0.007186949 0.01803797 0.1002825 0.005194604 0.0187093 0.1002825 0.003141283 0.01916122 0.1002825 0.001051187 0.01938855 0.1002825 -0.001051187 0.01938855 0.1002825 -0.003141283 0.01916122 0.1002825 -0.005194604 0.0187093 0.1002825 -0.007186949 0.01803797 0.1002825 -0.009095072 0.01715517 0.1002825 -0.01089656 0.01607125 0.1002825 -0.01257032 0.01479893 0.1002825 -0.01409667 0.01335304 0.1002825 -0.01545774 0.01175069 0.1002825 -0.01663762 0.01001054 0.1002825 -0.01762241 0.008152961 0.1002825 -0.0184006 0.006199836 0.1002825 -0.01896303 0.004174053 0.1002825 -0.0193032 0.002099335 0.1002825 -0.01941704 0 0.1002825 -0.0193032 -0.002099335 0.1002825 -0.01896303 -0.004174053 0.1002825 -0.0184006 -0.006199836 0.1002825 -0.01762241 -0.008152961 0.1002825 -0.01663762 -0.01001054 0.1002825 -0.01545774 -0.01175069 0.1002825 -0.01409667 -0.01335304 0.1002825 -0.01257032 -0.01479893 0.1002825 -0.01089656 -0.01607125 0.1002825 -0.009095072 -0.01715517 0.1002825 -0.007186949 -0.01803797 0.1002825 -0.005194604 -0.0187093 0.1002825 -0.003141283 -0.01916122 0.1002825 -0.001051187 -0.01938855 0.1002825 0.001051187 -0.01938855 0.1002825 0.003141283 -0.01916122 0.1002825 0.005194604 -0.0187093 0.1002825 0.007186949 -0.01803797 0.1002825 0.009095072 -0.01715517 0.1002825 0.01089656 -0.01607125 0.1002825 0.01257032 -0.01479893 0.1002825 0.01409667 -0.01335304 0.1002825 0.01545774 -0.01175069 0.1002825 0.01663762 -0.01001054 0.1002825 0.01762241 -0.008152961 0.1002825 0.0184006 -0.006199836 0.1002825 0.01896303 -0.004174053 0.1002825 0.0193032 -0.002099335 0.1002825 0.01941704 0 0.1002825 0.01939767 0.002109587 0.1000959 0.0190559 0.004194498 0.1000959 0.01849067 0.006230235 0.1000959 0.01770865 0.008192896 0.1000959 0.01671904 0.01005953 0.1000959 0.01553338 0.01180821 0.1000959 0.01416563 0.01341843 0.1000959 0.01263183 0.01487135 0.1000959 0.0109499 0.01614993 0.1000959 0.009139597 0.01723915 0.1000959 0.007222115 0.01812624 0.1000959 0.005219995 0.01880085 0.1000959 0.003156661 0.01925504 0.1000959 0.001056313 0.01948344 0.1000959 -0.001056313 0.01948344 0.1000959 -0.003156661 0.01925504 0.1000959 -0.005219995 0.01880085 0.1000959 -0.007222115 0.01812624 0.1000959 -0.009139597 0.01723915 0.1000959 -0.0109499 0.01614993 0.1000959 -0.01263183 0.01487135 0.1000959 -0.01416563 0.01341843 0.1000959 -0.01553338 0.01180821 0.1000959 -0.01671904 0.01005953 0.1000959 -0.01770865 0.008192896 0.1000959 -0.01849067 0.006230235 0.1000959 -0.0190559 0.004194498 0.1000959 -0.01939767 0.002109587 0.1000959 -0.01951205 0 0.1000959 -0.01939767 -0.002109587 0.1000959 -0.0190559 -0.004194498 0.1000959 -0.01849067 -0.006230235 0.1000959 -0.01770865 -0.008192896 0.1000959 -0.01671904 -0.01005953 0.1000959 -0.01553338 -0.01180821 0.1000959 -0.01416563 -0.01341843 0.1000959 -0.01263183 -0.01487135 0.1000959 -0.0109499 -0.01614993 0.1000959 -0.009139597 -0.01723915 0.1000959 -0.007222115 -0.01812624 0.1000959 -0.005219995 -0.01880085 0.1000959 -0.003156661 -0.01925504 0.1000959 -0.001056313 -0.01948344 0.1000959 0.001056313 -0.01948344 0.1000959 0.003156661 -0.01925504 0.1000959 0.005219995 -0.01880085 0.1000959 0.007222115 -0.01812624 0.1000959 0.009139597 -0.01723915 0.1000959 0.0109499 -0.01614993 0.1000959 0.01263183 -0.01487135 0.1000959 0.01416563 -0.01341843 0.1000959 0.01553338 -0.01180821 0.1000959 0.01671904 -0.01005953 0.1000959 0.01770865 -0.008192896 0.1000959 0.01849067 -0.006230235 0.1000959 0.0190559 -0.004194498 0.1000959 0.01939767 -0.002109587 0.1000959 0.01951205 0 0.1000959 0.01947224 0.002117693 0.09990054 0.01912915 0.00421065 0.09990054 0.01856178 0.006254136 0.09990054 0.01777678 0.008224368 0.09990054 0.01678335 0.01009815 0.09990054 0.01559311 0.01185357 0.09990054 0.01422011 0.01346999 0.09990054 0.01268041 0.01492851 0.09990054 0.01099199 0.01621198 0.09990054 0.009174764 0.01730543 0.09990054 0.007249891 0.01819592 0.09990054 0.005240082 0.01887315 0.09990054 0.003168821 0.01932907 0.09990054 0.001060366 0.01955837 0.09990054 -0.001060366 0.01955837 0.09990054 -0.003168821 0.01932907 0.09990054 -0.005240082 0.01887315 0.09990054 -0.007249891 0.01819592 0.09990054 -0.009174764 0.01730543 0.09990054 -0.01099199 0.01621198 0.09990054 -0.01268041 0.01492851 0.09990054 -0.01422011 0.01346999 0.09990054 -0.01559311 0.01185357 0.09990054 -0.01678335 0.01009815 0.09990054 -0.01777678 0.008224368 0.09990054 -0.01856178 0.006254136 0.09990054 -0.01912915 0.00421065 0.09990054 -0.01947224 0.002117693 0.09990054 -0.01958709 0 0.09990054 -0.01947224 -0.002117693 0.09990054 -0.01912915 -0.00421065 0.09990054 -0.01856178 -0.006254136 0.09990054 -0.01777678 -0.008224368 0.09990054 -0.01678335 -0.01009815 0.09990054 -0.01559311 -0.01185357 0.09990054 -0.01422011 -0.01346999 0.09990054 -0.01268041 -0.01492851 0.09990054 -0.01099199 -0.01621198 0.09990054 -0.009174764 -0.01730543 0.09990054 -0.007249891 -0.01819592 0.09990054 -0.005240082 -0.01887315 0.09990054 -0.003168821 -0.01932907 0.09990054 -0.001060366 -0.01955837 0.09990054 0.001060366 -0.01955837 0.09990054 0.003168821 -0.01932907 0.09990054 0.005240082 -0.01887315 0.09990054 0.007249891 -0.01819592 0.09990054 0.009174764 -0.01730543 0.09990054 0.01099199 -0.01621198 0.09990054 0.01268041 -0.01492851 0.09990054 0.01422011 -0.01346999 0.09990054 0.01559311 -0.01185357 0.09990054 0.01678335 -0.01009815 0.09990054 0.01777678 -0.008224368 0.09990054 0.01856178 -0.006254136 0.09990054 0.01912915 -0.00421065 0.09990054 0.01947224 -0.002117693 0.09990054 0.01958709 0 0.09990054 0.01952612 0.002123594 0.0996983 0.01918208 0.004222273 0.0996983 0.0186131 0.006271481 0.0996983 0.01782596 0.008247137 0.0996983 0.01682978 0.01012611 0.0996983 0.01563626 0.01188635 0.0996983 0.01425945 0.0135073 0.0996983 0.01271545 0.01496982 0.0996983 0.01102238 0.01625686 0.0996983 0.009200096 0.01735329 0.0996983 0.007269978 0.01824629 0.0996983 0.005254566 0.01892536 0.0996983 0.003177583 0.01938253 0.0996983 0.001063346 0.01961249 0.0996983 -0.001063346 0.01961249 0.0996983 -0.003177583 0.01938253 0.0996983 -0.005254566 0.01892536 0.0996983 -0.007269978 0.01824629 0.0996983 -0.009200096 0.01735329 0.0996983 -0.01102238 0.01625686 0.0996983 -0.01271545 0.01496982 0.0996983 -0.01425945 0.0135073 0.0996983 -0.01563626 0.01188635 0.0996983 -0.01682978 0.01012611 0.0996983 -0.01782596 0.008247137 0.0996983 -0.0186131 0.006271481 0.0996983 -0.01918208 0.004222273 0.0996983 -0.01952612 0.002123594 0.0996983 -0.01964128 0 0.0996983 -0.01952612 -0.002123594 0.0996983 -0.01918208 -0.004222273 0.0996983 -0.0186131 -0.006271481 0.0996983 -0.01782596 -0.008247137 0.0996983 -0.01682978 -0.01012611 0.0996983 -0.01563626 -0.01188635 0.0996983 -0.01425945 -0.0135073 0.0996983 -0.01271545 -0.01496982 0.0996983 -0.01102238 -0.01625686 0.0996983 -0.009200096 -0.01735329 0.0996983 -0.007269978 -0.01824629 0.0996983 -0.005254566 -0.01892536 0.0996983 -0.003177583 -0.01938253 0.0996983 -0.001063346 -0.01961249 0.0996983 0.001063346 -0.01961249 0.0996983 0.003177583 -0.01938253 0.0996983 0.005254566 -0.01892536 0.0996983 0.007269978 -0.01824629 0.0996983 0.009200096 -0.01735329 0.0996983 0.01102238 -0.01625686 0.0996983 0.01271545 -0.01496982 0.0996983 0.01425945 -0.0135073 0.0996983 0.01563626 -0.01188635 0.0996983 0.01682978 -0.01012611 0.0996983 0.01782596 -0.008247137 0.0996983 0.0186131 -0.006271481 0.0996983 0.01918208 -0.004222273 0.0996983 0.01952612 -0.002123594 0.0996983 0.01964128 0 0.0996983 0.01955866 0.00212711 0.09949153 0.01921403 0.004229307 0.09949153 0.01864415 0.006281912 0.09949153 0.01785564 0.008260905 0.09949153 0.0168578 0.01014298 0.09949153 0.01566237 0.0119062 0.09949153 0.01428323 0.01352977 0.09949153 0.01273667 0.0149948 0.09949153 0.0110408 0.01628398 0.09949153 0.009215474 0.0173822 0.09949153 0.007282078 0.01827669 0.09949153 0.005263328 0.01895689 0.09949153 0.003182888 0.01941484 0.09949153 0.001065075 0.01964515 0.09949153 -0.001065075 0.01964515 0.09949153 -0.003182888 0.01941484 0.09949153 -0.005263328 0.01895689 0.09949153 -0.007282078 0.01827669 0.09949153 -0.009215474 0.0173822 0.09949153 -0.0110408 0.01628398 0.09949153 -0.01273667 0.0149948 0.09949153 -0.01428323 0.01352977 0.09949153 -0.01566237 0.0119062 0.09949153 -0.0168578 0.01014298 0.09949153 -0.01785564 0.008260905 0.09949153 -0.01864415 0.006281912 0.09949153 -0.01921403 0.004229307 0.09949153 -0.01955866 0.00212711 0.09949153 -0.019674 0 0.09949153 -0.01955866 -0.00212711 0.09949153 -0.01921403 -0.004229307 0.09949153 -0.01864415 -0.006281912 0.09949153 -0.01785564 -0.008260905 0.09949153 -0.0168578 -0.01014298 0.09949153 -0.01566237 -0.0119062 0.09949153 -0.01428323 -0.01352977 0.09949153 -0.01273667 -0.0149948 0.09949153 -0.0110408 -0.01628398 0.09949153 -0.009215474 -0.0173822 0.09949153 -0.007282078 -0.01827669 0.09949153 -0.005263328 -0.01895689 0.09949153 -0.003182888 -0.01941484 0.09949153 -0.001065075 -0.01964515 0.09949153 0.001065075 -0.01964515 0.09949153 0.003182888 -0.01941484 0.09949153 0.005263328 -0.01895689 0.09949153 0.007282078 -0.01827669 0.09949153 0.009215474 -0.0173822 0.09949153 0.0110408 -0.01628398 0.09949153 0.01273667 -0.0149948 0.09949153 0.01428323 -0.01352977 0.09949153 0.01566237 -0.0119062 0.09949153 0.0168578 -0.01014298 0.09949153 0.01785564 -0.008260905 0.09949153 0.01864415 -0.006281912 0.09949153 0.01921403 -0.004229307 0.09949153 0.01955866 -0.00212711 0.09949153 0.019674 0 0.09949153 -0.01695489 -0.02601796 -0.07790273 -0.02601796 -0.01695489 -0.07790273 -0.02592134 -0.01695489 -0.07808482 -0.02589732 -0.01695489 -0.07812386 -0.02580648 -0.01695489 -0.07825601 -0.02574986 -0.01695489 -0.07832813 -0.02567458 -0.01695489 -0.07841449 -0.02557784 -0.01695489 -0.07851225 -0.02552706 -0.01695489 -0.07855856 -0.02538406 -0.01695489 -0.07867324 -0.02536547 -0.01695489 -0.07868665 -0.0251916 -0.01695489 -0.07879739 -0.02517157 -0.01695489 -0.0788086 -0.02500724 -0.01695489 -0.07888972 -0.02494376 -0.01695489 -0.07891619 -0.02481436 -0.01695489 -0.0789625 -0.02470427 -0.01695489 -0.07899427 -0.02461498 -0.01695489 -0.07901507 -0.02445679 -0.01695489 -0.0790416 -0.02441126 -0.01695489 -0.07904684 -0.02919775 0.02067923 0.05847978 -0.02862799 0.02339386 0.05774927 -0.02876949 0.02299112 0.05782699 -0.02890402 0.02253669 0.05792617 -0.02901351 0.02208018 0.058039 -0.02906465 0.0218209 0.05810934 -0.02916067 0.0211507 0.05831402 -0.02843189 0.02387058 0.05766904 -0.02822917 0.02429568 0.05760776 -0.02749115 0.02550005 0.05748575 -0.02795642 0.02479177 0.05754828 -0.02800422 0.02470999 0.05755722 -0.02623212 0.02689826 0.05745095 -0.02657365 0.02657419 0.05744665 -0.02689832 0.02623212 0.05745095 -0.02708131 0.02602243 0.05745756 -0.02602243 0.02708131 0.05745756 -0.02550005 0.02749115 0.05748575 -0.02479177 0.02795642 0.05754828 -0.02470988 0.02800428 0.05755722 -0.02339386 0.02862799 0.05774927 -0.02387058 0.02843189 0.05766904 -0.02429503 0.02822947 0.05760788 -0.0218209 0.02906465 0.05810934 -0.02208119 0.02901327 0.05803871 -0.02253633 0.02890413 0.05792629 -0.02299112 0.02876949 0.05782699 -0.02067923 0.02919775 0.05847978 -0.0211507 0.02916067 0.05831402 -0.02127313 -0.02487295 -0.07812225 -0.02118241 -0.02492153 -0.07811933 -0.01740181 -0.0259943 -0.077932 -0.01806879 -0.02592217 -0.07797318 -0.01915377 -0.02570563 -0.07803326 -0.01847308 -0.02585631 -0.07799655 -0.02019566 -0.02537083 -0.07808214 -0.01947587 -0.0256161 -0.07804936 -0.02040904 -0.0252853 -0.07809102 -0.02206933 -0.02438598 -0.07814365 -0.02210253 -0.0243631 -0.07814437 -0.02279889 -0.02382904 -0.07815563 -0.02294552 -0.02370196 -0.07815694 -0.02346259 -0.02320504 -0.07815837 -0.02370202 -0.0229454 -0.07815694 -0.02406001 -0.02251499 -0.07815194 -0.02436327 -0.02210223 -0.07814437 -0.02458935 -0.02175891 -0.07813626 -0.02492165 -0.02118217 -0.07811933 -0.02504718 -0.02093571 -0.07811099 -0.02537071 -0.0201959 -0.0780822 -0.02542787 -0.02004414 -0.07807564 -0.02570539 -0.01915466 -0.07803326 -0.02572369 -0.01908308 -0.07802963 -0.0259245 -0.01805263 -0.07797217 0.02919775 -0.02067923 0.05847978 0.02862799 -0.02339386 0.05774927 0.02876949 -0.02299112 0.05782699 0.02890402 -0.02253669 0.05792617 0.02901351 -0.02208018 0.058039 0.02906465 -0.0218209 0.05810934 0.02916067 -0.0211507 0.05831402 0.02843189 -0.02387058 0.05766904 0.02822917 -0.02429568 0.05760776 0.02749115 -0.02550005 0.05748575 0.02795642 -0.02479177 0.05754828 0.02800422 -0.02470999 0.05755722 0.02623212 -0.02689826 0.05745095 0.02657365 -0.02657419 0.05744665 0.02689832 -0.02623212 0.05745095 0.02708131 -0.02602243 0.05745756 0.02602243 -0.02708131 0.05745756 0.02550005 -0.02749115 0.05748575 0.02479177 -0.02795642 0.05754828 0.02470988 -0.02800428 0.05755722 0.02339386 -0.02862799 0.05774927 0.02387058 -0.02843189 0.05766904 0.02429503 -0.02822947 0.05760788 0.0218209 -0.02906465 0.05810934 0.02208119 -0.02901327 0.05803871 0.02253633 -0.02890413 0.05792629 0.02299112 -0.02876949 0.05782699 0.02067923 -0.02919775 0.05847978 0.0211507 -0.02916067 0.05831402 0.02919775 0.02067923 0.05847978 0.02916067 0.0211507 0.05831402 0.02906465 0.0218209 0.05810934 0.02901327 0.02208119 0.05803871 0.02890413 0.02253633 0.05792629 0.02876949 0.02299112 0.05782699 0.02862799 0.02339386 0.05774927 0.02843189 0.02387058 0.05766904 0.02822947 0.02429503 0.05760788 0.02800428 0.02470988 0.05755722 0.02795642 0.02479177 0.05754828 0.02749115 0.02550005 0.05748575 0.02708131 0.02602243 0.05745756 0.02689826 0.02623212 0.05745095 0.02657419 0.02657365 0.05744665 0.02623212 0.02689832 0.05745095 0.02479177 0.02795642 0.05754828 0.02550005 0.02749115 0.05748575 0.02602243 0.02708131 0.05745756 0.02470999 0.02800422 0.05755722 0.02429568 0.02822917 0.05760776 0.02387058 0.02843189 0.05766904 0.02339386 0.02862799 0.05774927 0.02299112 0.02876949 0.05782699 0.02208018 0.02901351 0.058039 0.02253669 0.02890402 0.05792617 0.02067923 0.02919775 0.05847978 0.0211507 0.02916067 0.05831402 0.0218209 0.02906465 0.05810934 -0.02067923 -0.02919775 0.05847978 -0.02339386 -0.02862799 0.05774927 -0.02299112 -0.02876949 0.05782699 -0.02253669 -0.02890402 0.05792617 -0.02208018 -0.02901351 0.058039 -0.0218209 -0.02906465 0.05810934 -0.0211507 -0.02916067 0.05831402 -0.02387058 -0.02843189 0.05766904 -0.02429568 -0.02822917 0.05760776 -0.02550005 -0.02749115 0.05748575 -0.02479177 -0.02795642 0.05754828 -0.02470999 -0.02800422 0.05755722 -0.02689826 -0.02623212 0.05745095 -0.02657419 -0.02657365 0.05744665 -0.02623212 -0.02689832 0.05745095 -0.02602243 -0.02708131 0.05745756 -0.02708131 -0.02602243 0.05745756 -0.02749115 -0.02550005 0.05748575 -0.02795642 -0.02479177 0.05754828 -0.02800428 -0.02470988 0.05755722 -0.02862799 -0.02339386 0.05774927 -0.02843189 -0.02387058 0.05766904 -0.02822947 -0.02429503 0.05760788 -0.02906465 -0.0218209 0.05810934 -0.02901327 -0.02208119 0.05803871 -0.02890413 -0.02253633 0.05792629 -0.02876949 -0.02299112 0.05782699 -0.02919775 -0.02067923 0.05847978 -0.02916067 -0.0211507 0.05831402 -0.01695489 -0.02592134 -0.07808482 -0.01695489 -0.02589732 -0.07812386 -0.01695489 -0.02580648 -0.07825601 -0.01695489 -0.02574986 -0.07832813 -0.01695489 -0.02567458 -0.07841449 -0.01695489 -0.02557784 -0.07851225 -0.01695489 -0.02552706 -0.07855856 -0.01695489 -0.02538406 -0.07867324 -0.01695489 -0.02536547 -0.07868665 -0.01695489 -0.0251916 -0.07879739 -0.01695489 -0.02517157 -0.0788086 -0.01695489 -0.02500724 -0.07888972 -0.01695489 -0.02494376 -0.07891619 -0.01695489 -0.02481436 -0.0789625 -0.01695489 -0.02470427 -0.07899427 -0.01695489 -0.02461498 -0.07901507 -0.01695489 -0.02445679 -0.0790416 -0.01695489 -0.02441126 -0.07904684 -0.01739001 -0.02572423 -0.0783475 -0.01738256 -0.02555274 -0.07852697 -0.01737415 -0.02536034 -0.07868379 -0.01736497 -0.02515006 -0.07881551 -0.01735514 -0.02492505 -0.07892012 -0.01734483 -0.02468878 -0.07899606 -0.01733416 -0.02444499 -0.07904207 -0.0173965 -0.02587217 -0.07814818 -0.01845401 -0.02573239 -0.07820159 -0.01944285 -0.02549296 -0.0782451 -0.02036231 -0.02516514 -0.07827937 -0.02121317 -0.0247578 -0.07830506 -0.02199691 -0.02427762 -0.07832258 -0.02271497 -0.02372902 -0.07833242 -0.02336823 -0.02311468 -0.07833462 -0.02395647 -0.02243554 -0.07832938 -0.02447807 -0.02169138 -0.0783165 -0.02492982 -0.02088099 -0.07829576 -0.02530628 -0.02000284 -0.07826673 -0.02559989 -0.01905566 -0.07822883 -0.02516466 -0.0199548 -0.07844179 -0.02479434 -0.02081781 -0.0784648 -0.0243504 -0.02161389 -0.07848125 -0.02383804 -0.0223447 -0.07849138 -0.02326047 -0.0230115 -0.07849556 -0.02261906 -0.0236147 -0.07849377 -0.02191394 -0.02415347 -0.07848602 -0.02114415 -0.02462524 -0.07847213 -0.02030813 -0.02502578 -0.07845181 -0.01940417 -0.0253486 -0.07842463 -0.0184313 -0.02558505 -0.07839006 -0.02580094 -0.0180391 -0.07818144 -0.02565306 -0.01802289 -0.07837402 -0.0254541 -0.01902335 -0.07841175 -0.01840537 -0.02541643 -0.07855933 -0.01837652 -0.02522897 -0.07870686 -0.01936036 -0.02518498 -0.07858556 -0.01931196 -0.02500438 -0.07872557 -0.02024716 -0.02486896 -0.07860612 -0.02018022 -0.02469682 -0.07874023 -0.02106696 -0.02447694 -0.0786215 -0.0209825 -0.0243147 -0.0787512 -0.02182149 -0.02401506 -0.07863199 -0.02172058 -0.02386409 -0.07875865 -0.02251237 -0.02348756 -0.07863783 -0.02239614 -0.02334904 -0.07876276 -0.0231406 -0.02289676 -0.07863914 -0.02301013 -0.02277189 -0.07876372 -0.02370625 -0.02224355 -0.07863605 -0.02356261 -0.02213335 -0.07876151 -0.02420789 -0.0215274 -0.07862836 -0.02405226 -0.02143293 -0.07875603 -0.0246424 -0.020747 -0.07861596 -0.02447611 -0.0206694 -0.07874721 -0.02500492 -0.01990056 -0.07859855 -0.0248292 -0.01984089 -0.07873487 -0.02528828 -0.01898658 -0.07857573 -0.0251047 -0.01894587 -0.0787186 -0.02548307 -0.01800429 -0.07854712 -0.0252934 -0.01798355 -0.07869821 -0.01834517 -0.02502542 -0.07883065 -0.01831185 -0.02480864 -0.07892882 -0.01925969 -0.02480918 -0.07884287 -0.01920419 -0.02460217 -0.0789358 -0.02010816 -0.02451157 -0.07885247 -0.02003198 -0.02431559 -0.07894128 -0.0208919 -0.02414065 -0.07885956 -0.02079623 -0.02395695 -0.07894533 -0.02161258 -0.02370244 -0.07886445 -0.02149873 -0.02353203 -0.07894814 -0.02227181 -0.02320086 -0.07886713 -0.02214086 -0.02304482 -0.07894968 -0.02287054 -0.02263826 -0.07886779 -0.02272361 -0.02249759 -0.07894998 -0.02340888 -0.02201539 -0.0788663 -0.023247 -0.02189117 -0.07894921 -0.02388548 -0.02133178 -0.07886278 -0.02370965 -0.02122503 -0.07894718 -0.02429741 -0.02058607 -0.078857 -0.02410864 -0.02049803 -0.07894384 -0.02463984 -0.01977664 -0.07884889 -0.02443927 -0.01970857 -0.07893925 -0.02490597 -0.01890182 -0.07883828 -0.02469485 -0.01885503 -0.07893317 -0.02508687 -0.0179609 -0.07882493 -0.02486664 -0.01793676 -0.07892554 -0.01827692 -0.02458178 -0.07899993 -0.01824092 -0.02434813 -0.07904303 -0.01914626 -0.02438604 -0.07900309 -0.01908677 -0.02416384 -0.07904386 -0.01995259 -0.0241115 -0.07900553 -0.01987105 -0.02390187 -0.07904446 -0.02069675 -0.02376586 -0.07900738 -0.02059471 -0.02356976 -0.07904493 -0.02138042 -0.02335494 -0.07900863 -0.02125912 -0.02317339 -0.07904523 -0.0220049 -0.02288275 -0.07900929 -0.02186548 -0.0227167 -0.07904541 -0.02257102 -0.02235156 -0.07900947 -0.02241468 -0.02220189 -0.07904541 -0.02307879 -0.02176213 -0.07900911 -0.02290642 -0.02162986 -0.07904535 -0.02352684 -0.02111411 -0.07900822 -0.02333939 -0.02100038 -0.07904511 -0.02391219 -0.02040648 -0.07900673 -0.0237106 -0.02031248 -0.07904475 -0.02423024 -0.01963758 -0.07900464 -0.02401542 -0.01956468 -0.07904422 -0.02447432 -0.01880609 -0.0790019 -0.0242474 -0.01875579 -0.07904356 -0.02463585 -0.01791149 -0.0789985 -0.02439796 -0.01788544 -0.07904267</float_array>
          <technique_common>
            <accessor source="#bottle-mesh-positions-array" count="4587" stride="3">
              <param name="X" type="float"/>
              <param name="Y" type="float"/>
              <param name="Z" type="float"/>
            </accessor>
          </technique_common>
        </source>
        <source id="bottle-mesh-normals">
          <float_array id="bottle-mesh-normals-array" count="27510">0.1303758 0.4500504 0.8834347 0.1074601 0.9513069 0.2889075 -0.1116895 0.9891492 0.09544259 -0.1036083 0.3588023 0.9276456 -0.3108456 0.9476405 0.07315939 -0.2872865 0.8992756 0.3298029 -0.2984765 0.929892 0.2149717 -0.3059899 0.946295 0.1043834 -0.2099515 0.6759858 0.7063735 -8.18458e-4 0.05570083 0.9984472 -0.2593552 0.9601812 0.1038601 -0.2083708 0.9727061 0.1020997 -0.2082142 0.9730089 0.09950131 -0.03657388 0.1613766 0.9862149 -0.04377692 0.1783148 0.9829992 -0.02406507 0.2184708 0.9755467 -0.01899129 0.219833 0.9753527 -0.2584752 0.8190355 0.5122219 -0.2870642 0.907059 0.307958 -0.1916859 0.9328923 0.3049072 -0.1945112 0.9365753 0.2915338 -0.1034731 0.9518757 0.2884891 -0.005519568 0.2838311 0.9588584 -0.01189523 0.2915502 0.9564816 -0.02380418 0.2895516 0.9568664 -0.2357784 0.7605948 0.6049001 -0.2595179 0.8277091 0.497542 -0.1670761 0.852868 0.4946733 -0.1729741 0.8642405 0.472407 -0.08976358 0.8782718 0.4696607 -0.09225308 0.8845279 0.4572743 -0.01375561 0.8898832 0.4559809 -0.1635833 0.54007 0.8255694 -0.2146317 0.714677 0.6657102 -0.1352946 0.7361272 0.6631833 -0.1447435 0.7586812 0.6351789 -0.07260012 0.7708701 0.6328416 -0.07649374 0.7833709 0.6168296 -0.01115608 0.7878438 0.615774 -0.01153546 0.7898206 0.6132295 0.03243595 0.7887592 0.613846 -0.01547318 0.3300237 0.9438459 -0.00199908 0.3309456 0.9436477 -0.001443624 0.3369922 0.9415064 0.00609225 0.3367546 0.9415728 0.04217392 0.9972372 0.0611521 0.0612418 0.9936197 0.09470671 0.1166865 0.9885577 0.0955919 -0.129477 0.4503757 0.883401 -0.1688893 0.5682429 0.8053424 -0.09766775 0.5876063 0.803231 -0.1109164 0.6239061 0.7735882 -0.05262386 0.6337584 0.771739 -0.0579881 0.6540306 0.7542423 -0.008149087 0.6574474 0.7534563 -0.008654117 0.6606601 0.7506353 0.02378642 0.6597866 0.7510766 0.0248664 0.6559443 0.7543997 0.05674803 0.6534967 0.7547992 0.1147887 0.9908825 0.0705372 0.1605824 0.9821404 0.0980488 0.211198 0.9723498 0.09965544 -0.06587576 0.259514 0.96349 -0.1115506 0.3985897 0.9103201 -0.0558083 0.4137142 0.9086947 -0.07279592 0.4650532 0.8822847 -0.03059011 0.4721775 0.8809726 -0.03739953 0.5010992 0.8645812 -0.004845201 0.5033296 0.8640809 -0.005467116 0.5078803 0.8614103 0.01426661 0.5073009 0.8616509 0.0155794 0.5018377 0.8648214 0.0348193 0.5004061 0.8650904 0.03512239 0.470319 0.8817973 0.06695127 0.4648832 0.8828371 0.3094246 0.9451754 0.1044026 0.172133 0.8512635 0.4957022 0.1954177 0.9362819 0.2918698 0.1957714 0.9318267 0.3055694 0.2107514 0.9721711 0.1023098 0.2607551 0.9597846 0.1040205 0.3082206 0.9472994 0.08731484 0.2998895 0.9294332 0.2149887 0.2911244 0.9055668 0.3085373 0.2861797 0.899636 0.3297821 0.2623332 0.8263082 0.4983935 0.2580377 0.8191812 0.5122097 0.2370622 0.7601621 0.6049422 -0.01086956 0.9955274 0.09384614 0.05035644 0.9942594 0.09440529 0.04626947 0.9586445 0.28082 0.1070408 0.9535179 0.2816843 0.09406018 0.8774842 0.4702916 0.1723085 0.8641008 0.4729055 0.1411702 0.7338522 0.6644788 0.2221416 0.7113986 0.6667572 0.2051252 0.6776478 0.7061991 -0.05906444 0.993756 0.0946598 -0.01767325 0.999029 0.04035615 -0.01598775 0.9602153 0.2788028 0.04595327 0.9590358 0.279533 0.04049235 0.8885147 0.4570578 0.09350323 0.8841608 0.45773 0.07707655 0.7697689 0.633652 0.1424143 0.7585895 0.6358146 0.1042382 0.584559 0.8046274 0.1722723 0.5656993 0.8064159 0.1609866 0.5409952 0.8254741 -0.1592844 0.9823604 0.09796202 -0.1136988 0.9901243 0.08201563 -0.1046839 0.9538674 0.2813864 -0.01585578 0.9598971 0.279904 -0.01400893 0.8908677 0.4540468 0.03990697 0.889715 0.4547688 0.0332663 0.7864022 0.6168183 0.07654118 0.7829631 0.6173413 0.05716973 0.6323012 0.7726103 0.1068508 0.6238056 0.7742413 0.06296521 0.4098533 0.9099757 0.1149057 0.3954979 0.9112509 0.09988927 0.3601738 0.927522 0.02399837 0.2159213 0.9761158 0.01156872 0.2192848 0.9755923 0.03238427 0.2865688 0.9575122 0.0118792 0.2900903 0.9569255 0.01179039 0.2899665 0.9569641 0.009972035 0.3293644 0.9441502 0.003890573 0.3298033 0.9440416 8.68503e-4 0.0556817 0.9984482 0.04411351 0.1832204 0.9820816 0.0394544 0.1602851 0.9862819 0.06651186 0.2592763 0.9635102 -0.06663113 0.1499053 0.9864526 -0.2434154 0.1081953 0.9638686 -0.4274475 0.1899953 0.8838497 -0.2259566 0.5164627 0.82596 -0.3472694 0.7853832 0.5124228 -0.4753955 0.8242498 0.3075895 -0.3619416 0.926322 0.1045265 -0.9161882 0.3868917 0.1044698 -0.9136943 0.4063796 -0.00426799 -0.8924301 0.3966645 0.2150019 -0.8735101 0.4842363 -0.04995399 -0.8175584 0.5748148 -0.03444266 -0.7520613 0.6588223 -0.01889514 -0.6778022 0.7352369 -0.003328144 -0.5956743 0.8031328 0.01223903 -0.5498268 0.8288487 0.1034423 -0.4969442 0.8616113 0.1033071 -0.5066713 0.861691 0.02779984 -0.4585116 0.8826481 0.1034378 -0.8246355 0.4754543 0.306463 -0.8689697 0.3885241 0.3064975 -0.8630868 0.3824337 0.3298873 -0.3848559 0.8620262 0.3298439 -0.3856688 0.8698603 0.3075755 -0.3966636 0.8924307 0.2150013 -0.4041103 0.9088585 0.1033014 -0.4118406 0.9101414 0.04505443 -0.7732018 0.3460109 0.5314465 -0.7928706 0.3507239 0.4983462 -0.7509944 0.433145 0.4983902 -0.7503682 0.4329505 0.4995012 -0.7009986 0.5090215 0.4994978 -0.7127723 0.6937268 0.103435 -0.6654855 0.7392275 0.1033042 -0.6366283 0.7071726 0.3075897 -0.5590848 0.7699436 0.3075891 -0.5090214 0.7009987 0.4994978 -0.4325542 0.7506038 0.4994907 -0.3727781 0.6456801 0.6664335 -0.6455995 0.2897914 0.7065566 -0.6803382 0.3002626 0.6685674 -0.6441447 0.3715176 0.6686198 -0.6441415 0.3715164 0.6686235 -0.6017016 0.4369184 0.6686236 -0.6017025 0.4369189 0.6686225 -0.5526481 0.4975181 0.6686223 -0.6349058 0.7656341 0.1034369 -0.5844273 0.8048435 0.1033039 -0.5590856 0.7699441 0.3075864 -0.4753964 0.8242506 0.3075863 -0.4335575 0.7517095 0.4969516 -0.3527629 0.7928368 0.496959 -0.3025309 0.6814262 0.6664333 -0.3149891 0.7309449 0.6053936 -0.2897914 0.6455995 0.7065566 -0.5152353 0.2290159 0.8258841 -0.5386293 0.2368441 0.8085687 -0.5096284 0.2939343 0.8086295 -0.5096315 0.2939356 0.808627 -0.4760539 0.3456805 0.808627 -0.4760519 0.3456794 0.8086287 -0.437241 0.393624 0.8086287 -0.4372431 0.3936254 0.808627 -0.3936256 0.4372428 0.808627 -0.8434335 0.527182 0.1034363 -0.8048425 0.5844275 0.1033107 -0.7699431 0.5590846 0.3075908 -0.7071725 0.6366281 0.3075902 -0.643849 0.5796214 0.4994972 -0.5796213 0.643849 0.4994974 -0.4975181 0.5526481 0.6686223 -0.436919 0.6017023 0.6686226 -0.3456807 0.4760537 0.808627 -0.2939361 0.5096314 0.8086269 -0.2034518 0.3527482 0.9133324 -0.3406181 0.1514009 0.9279316 -0.3732767 0.1630564 0.9132782 -0.3527483 0.2034516 0.9133324 -0.3527467 0.2034509 0.9133332 -0.3295059 0.2392666 0.9133331 -0.3295066 0.2392671 0.9133327 -0.3026431 0.2724527 0.9133328 -0.3026422 0.2724521 0.9133332 -0.272452 0.3026423 0.9133332 -0.2724528 0.3026431 0.9133327 -0.2392671 0.3295066 0.9133327 -0.7825474 0.6139394 0.1034308 -0.7392277 0.6654856 0.1033021 -0.7071724 0.6366281 0.3075903 -0.6366282 0.7071727 0.3075897 -0.5796219 0.6438495 0.4994959 -0.5090222 0.7009994 0.4994959 -0.4369183 0.6017016 0.6686236 -0.3715158 0.6441417 0.6686235 -0.2939339 0.5096285 0.8086295 -0.2389582 0.5376032 0.8086296 -0.1653991 0.3721116 0.9133324 -0.183236 0.4301127 0.883984 -0.1514009 0.3406181 0.9279316 -0.1499053 0.06663113 0.9864526 -0.1914896 0.08209729 0.978055 -0.1803442 0.1040157 0.9780883 -0.1803448 0.1040159 0.9780882 -0.1684626 0.1223271 0.9780882 -0.1684629 0.1223273 0.978088 -0.1547288 0.1392937 0.978088 -0.1547287 0.1392936 0.9780882 -0.1392936 0.1547287 0.9780881 -0.1392937 0.1547288 0.978088 -0.1223273 0.1684629 0.978088 -0.122327 0.1684626 0.9780882 -0.104016 0.1803447 0.9780882 -0.8947388 0.4344341 0.1034867 -0.8616033 0.4969469 0.1033607 -0.8242536 0.4753884 0.3075902 -0.7699434 0.5590847 0.3075898 -0.7009996 0.509022 0.4994959 -0.6438496 0.5796218 0.4994961 -0.5526476 0.4975178 0.668623 -0.4975176 0.5526476 0.668623 -0.3936238 0.4372413 0.8086287 -0.3456792 0.4760521 0.8086287 -0.2392665 0.3295059 0.9133331 -0.2034507 0.3527469 0.9133332 -0.1040156 0.1803442 0.9780883 -0.08456122 0.1902438 0.9780883 -0.1022326 0.245719 0.963935 -0.02127915 0.04787337 0.9986267 -0.02127921 0.04787349 0.9986267 -0.02617478 0.04538238 0.9986267 -0.02617478 0.04538232 0.9986267 -0.03078258 0.04239219 0.9986267 -0.03078252 0.04239213 0.9986267 -0.03505194 0.03893601 0.9986267 -0.035052 0.03893613 0.9986267 -0.03893613 0.035052 0.9986267 -0.03893601 0.03505194 0.9986267 -0.04239213 0.03078252 0.9986267 -0.04239225 0.03078258 0.9986267 -0.04538232 0.02617478 0.9986267 -0.04538238 0.02617478 0.9986267 -0.04787355 0.02127921 0.9986267 -0.04787337 0.02127915 0.9986267 -0.9318267 0.1957714 0.3055693 -0.9954408 0.01540797 0.09412932 -0.9918032 -0.08535492 0.09508359 -0.3588023 -0.1036083 0.9276456 -0.9361171 -0.3358028 0.1045053 -0.9508733 -0.3095733 -0.002096295 -0.9298918 -0.2984765 0.2149724 -0.8992756 -0.2872865 0.3298029 -0.6759858 -0.2099515 0.7063735 -0.05570083 -8.18458e-4 0.9984472 -0.9776378 -0.1856315 0.09881961 -0.977209 -0.2122443 -0.003847897 -0.9670079 -0.2330024 0.1029829 -0.9525488 -0.2858237 0.1046693 -0.1613766 -0.03657388 0.9862149 -0.1783148 -0.04377692 0.9829992 -0.2184708 -0.02406507 0.9755467 -0.219833 -0.01899129 0.9753527 -0.8190355 -0.2584752 0.5122219 -0.907059 -0.2870642 0.307958 -0.9328923 -0.1916859 0.3049072 -0.9365753 -0.1945112 0.2915338 -0.9518757 -0.1034731 0.2884891 -0.2838311 -0.005519568 0.9588584 -0.2915502 -0.01189523 0.9564816 -0.2895516 -0.02380418 0.9568664 -0.7605948 -0.2357784 0.6049001 -0.8277091 -0.2595179 0.497542 -0.852868 -0.1670761 0.4946733 -0.8642405 -0.1729741 0.472407 -0.8782718 -0.08976358 0.4696607 -0.8845279 -0.09225308 0.4572743 -0.8898832 -0.01375561 0.4559809 -0.54007 -0.1635833 0.8255694 -0.714677 -0.2146317 0.6657102 -0.7361272 -0.1352946 0.6631833 -0.7586812 -0.1447435 0.6351789 -0.7708701 -0.07260012 0.6328416 -0.7833709 -0.07649374 0.6168296 -0.7878438 -0.01115608 0.615774 -0.7898206 -0.01153546 0.6132295 -0.7887592 0.03243595 0.613846 -0.3300237 -0.01547318 0.9438459 -0.3309456 -0.00199908 0.9436477 -0.3369922 -0.001443624 0.9415064 -0.3367546 0.00609225 0.9415728 -0.4503757 -0.129477 0.883401 -0.5682429 -0.1688893 0.8053424 -0.5876063 -0.09766775 0.803231 -0.6239061 -0.1109164 0.7735882 -0.6337584 -0.05262386 0.771739 -0.6540306 -0.0579881 0.7542423 -0.6574474 -0.008149087 0.7534563 -0.6606601 -0.008654117 0.7506353 -0.6597866 0.02378642 0.7510766 -0.6559443 0.0248664 0.7543997 -0.6534967 0.05674803 0.7547992 -0.9916068 0.08752107 0.09516257 -0.9928017 0.119665 -0.005016326 -0.9513069 0.1074601 0.2889075 -0.936282 0.1954177 0.2918697 -0.8512635 0.172133 0.4957021 -0.9942582 0.05038124 0.09440547 -0.9942507 0.05035483 0.09449887 -0.9586445 0.04626947 0.28082 -0.9535179 0.1070408 0.2816843 -0.8774842 0.09406018 0.4702916 -0.8641008 0.1723085 0.4729055 -0.7338522 0.1411702 0.6644788 -0.9950155 -0.03280264 0.09417158 -0.9998117 -0.01788651 -0.007530689 -0.9602153 -0.01598775 0.2788028 -0.9590358 0.04595327 0.279533 -0.8885147 0.04049235 0.4570578 -0.8841608 0.09350323 0.45773 -0.7697689 0.07707655 0.633652 -0.7585895 0.1424143 0.6358146 -0.584559 0.1042382 0.8046274 -0.259514 -0.06587576 0.96349 -0.3985897 -0.1115506 0.9103201 -0.4137142 -0.0558083 0.9086947 -0.4650532 -0.07279592 0.8822847 -0.4721775 -0.03059011 0.8809726 -0.5010992 -0.03739953 0.8645812 -0.5033296 -0.004845201 0.8640809 -0.5078803 -0.005467116 0.8614103 -0.5073009 0.01426661 0.8616509 -0.5018377 0.0155794 0.8648214 -0.5004061 0.0348193 0.8650904 -0.470319 0.03512239 0.8817973 -0.4648832 0.06695127 0.8828371 -0.9361166 0.3358039 0.1045053 -0.9861693 0.1343066 0.09711807 -0.9773852 0.1869064 0.09891527 -0.9766183 0.2149353 -0.004400789 -0.9666523 0.2343996 0.1031504 -0.9521124 0.2872183 0.1048222 -0.9504409 0.3108919 0.002912521 -0.9294332 0.2998895 0.2149887 -0.9055668 0.2911244 0.3085373 -0.899636 0.2861797 0.3297821 -0.8263082 0.2623332 0.4983935 -0.8088921 0.2519386 0.5312443 -0.7113986 0.2221416 0.6667572 -0.6776478 0.2051252 0.7061991 -0.5656993 0.1722723 0.8064159 -0.5409952 0.1609866 0.8254742 -0.4500504 0.1303758 0.8834347 -0.9863503 -0.1330263 0.0970416 -0.9931292 -0.1163225 -0.01278257 -0.9538674 -0.1046839 0.2813864 -0.9598971 -0.01585578 0.279904 -0.8908677 -0.01400893 0.4540468 -0.889715 0.03990697 0.4547688 -0.7864022 0.0332663 0.6168183 -0.7829631 0.07654118 0.6173413 -0.6323012 0.05716973 0.7726103 -0.6238056 0.1068508 0.7742413 -0.4098533 0.06296521 0.9099757 -0.3954979 0.1149057 0.9112509 -0.3601738 0.09988927 0.927522 -0.2159213 0.02399837 0.9761158 -0.2192848 0.01156872 0.9755923 -0.2865688 0.03238427 0.9575122 -0.2900903 0.0118792 0.9569255 -0.2899665 0.01179039 0.9569641 -0.3293644 0.009972035 0.9441502 -0.3298033 0.003890573 0.9440416 -0.0556817 8.68503e-4 0.9984482 -0.1832204 0.04411351 0.9820816 -0.1602851 0.0394544 0.9862819 -0.2592763 0.06651186 0.9635102 0.4500504 -0.1303758 0.8834347 0.9318267 -0.1957714 0.3055693 0.9954408 -0.01540797 0.09412932 0.9918032 0.08535492 0.09508359 0.3588023 0.1036083 0.9276456 0.9361171 0.3358028 0.1045053 0.9508733 0.3095733 -0.002096295 0.9298918 0.2984765 0.2149724 0.8992756 0.2872865 0.3298029 0.05570083 8.18458e-4 0.9984472 0.9776378 0.1856315 0.09881961 0.977209 0.2122443 -0.003847897 0.9670079 0.2330024 0.1029829 0.9525488 0.2858237 0.1046693 0.1613766 0.03657388 0.9862149 0.1783148 0.04377692 0.9829992 0.2184708 0.02406507 0.9755467 0.219833 0.01899129 0.9753527 0.807912 0.2548834 0.5313311 0.907059 0.2870642 0.307958 0.9328923 0.1916859 0.3049072 0.9365753 0.1945112 0.2915338 0.9518757 0.1034731 0.2884891 0.2838311 0.005519568 0.9588584 0.2915502 0.01189523 0.9564816 0.2895516 0.02380418 0.9568664 0.6759858 0.2099515 0.7063735 0.8286639 0.2564953 0.4975202 0.852868 0.1670761 0.4946733 0.8642405 0.1729741 0.472407 0.8782718 0.08976358 0.4696607 0.8845279 0.09225308 0.4572743 0.8898832 0.01375561 0.4559809 0.54007 0.1635833 0.8255694 0.714677 0.2146317 0.6657102 0.7361272 0.1352946 0.6631833 0.7586812 0.1447435 0.6351789 0.7708701 0.07260012 0.6328416 0.7833709 0.07649374 0.6168296 0.7878438 0.01115608 0.615774 0.7898206 0.01153546 0.6132295 0.7887592 -0.03243595 0.613846 0.3300237 0.01547318 0.9438459 0.3309456 0.00199908 0.9436477 0.3369922 0.001443624 0.9415064 0.3367546 -0.00609225 0.9415728 0.4503757 0.129477 0.883401 0.5682429 0.1688893 0.8053424 0.5876063 0.09766775 0.803231 0.6239061 0.1109164 0.7735882 0.6337584 0.05262386 0.771739 0.6540306 0.0579881 0.7542423 0.6574474 0.008149087 0.7534563 0.6606601 0.008654117 0.7506353 0.6597866 -0.02378642 0.7510766 0.6559443 -0.0248664 0.7543997 0.6534967 -0.05674803 0.7547992 0.9916068 -0.08752107 0.09516257 0.9928017 -0.119665 -0.005016326 0.9513069 -0.1074601 0.2889075 0.936282 -0.1954177 0.2918697 0.8512635 -0.172133 0.4957021 0.259514 0.06587576 0.96349 0.3985897 0.1115506 0.9103201 0.4137142 0.0558083 0.9086947 0.4650532 0.07279592 0.8822847 0.4721775 0.03059011 0.8809726 0.5010992 0.03739953 0.8645812 0.5033296 0.004845201 0.8640809 0.5078803 0.005467116 0.8614103 0.5073009 -0.01426661 0.8616509 0.5018377 -0.0155794 0.8648214 0.5004061 -0.0348193 0.8650904 0.470319 -0.03512239 0.8817973 0.4648832 -0.06695127 0.8828371 0.9361166 -0.3358039 0.1045053 0.9861693 -0.1343066 0.09711807 0.9773852 -0.1869064 0.09891527 0.9766183 -0.2149353 -0.004400789 0.9666523 -0.2343996 0.1031504 0.9521124 -0.2872183 0.1048222 0.9504409 -0.3108919 0.002912521 0.9294332 -0.2998895 0.2149887 0.9055668 -0.2911244 0.3085373 0.899636 -0.2861797 0.3297821 0.8263082 -0.2623332 0.4983935 0.8191812 -0.2580377 0.5122097 0.7601621 -0.2370622 0.6049422 0.9942582 -0.05038124 0.09440547 0.9942507 -0.05035483 0.09449887 0.9586445 -0.04626947 0.28082 0.9535179 -0.1070408 0.2816843 0.8774842 -0.09406018 0.4702916 0.8641008 -0.1723085 0.4729055 0.7338522 -0.1411702 0.6644788 0.7113986 -0.2221416 0.6667572 0.6776478 -0.2051252 0.7061991 0.9950155 0.03280264 0.09417158 0.9998117 0.01788651 -0.007530689 0.9602153 0.01598775 0.2788028 0.9590358 -0.04595327 0.279533 0.8885147 -0.04049235 0.4570578 0.8841608 -0.09350323 0.45773 0.7697689 -0.07707655 0.633652 0.7585895 -0.1424143 0.6358146 0.584559 -0.1042382 0.8046274 0.5656993 -0.1722723 0.8064159 0.5409952 -0.1609866 0.8254741 0.9863503 0.1330263 0.0970416 0.9931292 0.1163225 -0.01278257 0.9538674 0.1046839 0.2813864 0.9598971 0.01585578 0.279904 0.8908677 0.01400893 0.4540468 0.889715 -0.03990697 0.4547688 0.7864022 -0.0332663 0.6168183 0.7829631 -0.07654118 0.6173413 0.6323012 -0.05716973 0.7726103 0.6238056 -0.1068508 0.7742413 0.4098533 -0.06296521 0.9099757 0.3954979 -0.1149057 0.9112509 0.3601738 -0.09988927 0.927522 0.2159213 -0.02399837 0.9761158 0.2192848 -0.01156872 0.9755923 0.2865688 -0.03238427 0.9575122 0.2900903 -0.0118792 0.9569255 0.2899665 -0.01179039 0.9569641 0.3293644 -0.009972035 0.9441502 0.3298033 -0.003890573 0.9440416 0.0556817 -8.68503e-4 0.9984482 0.1832204 -0.04411351 0.9820816 0.1602851 -0.0394544 0.9862819 0.2592763 -0.06651186 0.9635102 -0.1499053 -0.06663113 0.9864526 -0.1081953 -0.2434154 0.9638686 -0.1899953 -0.4274475 0.8838497 -0.5164627 -0.2259566 0.82596 -0.7853832 -0.3472694 0.5124228 -0.8242498 -0.4753955 0.3075895 -0.3966645 -0.89243 0.2150025 -0.7481663 -0.6554102 0.1033664 -0.6741755 -0.7313029 0.1033598 -0.5925288 -0.7988919 0.1033508 -0.5041528 -0.857408 0.1033515 -0.4100495 -0.9061833 0.1033985 -0.4057677 -0.9124685 0.05247616 -0.3619417 -0.9263221 0.1045265 -0.8136609 -0.5720746 0.1033766 -0.8434339 -0.5271822 0.1034329 -0.8662462 -0.4996174 -1.71904e-4 -0.8699161 -0.482244 0.1033769 -0.8947448 -0.434437 0.1034235 -0.4754543 -0.8246355 0.306463 -0.3885241 -0.8689697 0.3064975 -0.3824337 -0.8630868 0.3298873 -0.8620262 -0.3848559 0.3298439 -0.8698603 -0.3856688 0.3075755 -0.8924307 -0.3966636 0.2150013 -0.9136878 -0.4063934 -0.004355251 -0.9161882 -0.3868917 0.1044698 -0.3460109 -0.7732018 0.5314465 -0.3507239 -0.7928706 0.4983462 -0.433145 -0.7509944 0.4983902 -0.4329505 -0.7503682 0.4995012 -0.5090215 -0.7009986 0.4994978 -0.7127723 -0.6937268 0.1034352 -0.7431426 -0.66901 0.01283806 -0.7071726 -0.6366283 0.3075897 -0.7699436 -0.5590848 0.3075891 -0.7009987 -0.5090214 0.4994978 -0.7506038 -0.4325542 0.4994907 -0.6456801 -0.3727781 0.6664335 -0.2897914 -0.6455995 0.7065566 -0.3002626 -0.6803382 0.6685674 -0.3715176 -0.6441447 0.6686198 -0.3715164 -0.6441415 0.6686235 -0.4369184 -0.6017016 0.6686236 -0.4369189 -0.6017025 0.6686225 -0.4975181 -0.5526481 0.6686223 -0.7825473 -0.6139394 0.1034323 -0.809159 -0.587561 0.005825817 -0.7699441 -0.5590856 0.3075864 -0.8242506 -0.4753964 0.3075863 -0.7517095 -0.4335575 0.4969516 -0.7928368 -0.3527629 0.496959 -0.6814262 -0.3025309 0.6664333 -0.7309449 -0.3149891 0.6053936 -0.6455995 -0.2897914 0.7065566 -0.2290159 -0.5152353 0.8258841 -0.2368441 -0.5386293 0.8085687 -0.2939343 -0.5096284 0.8086295 -0.2939356 -0.5096315 0.808627 -0.3456805 -0.4760539 0.808627 -0.3456794 -0.4760519 0.8086287 -0.393624 -0.437241 0.8086287 -0.3936254 -0.4372431 0.808627 -0.4372428 -0.3936256 0.808627 -0.5498266 -0.8288484 0.103446 -0.5873086 -0.8088097 0.02992403 -0.5590846 -0.7699431 0.3075908 -0.6366281 -0.7071725 0.3075902 -0.5796214 -0.643849 0.4994972 -0.643849 -0.5796213 0.4994974 -0.5526481 -0.4975181 0.6686223 -0.6017023 -0.436919 0.6686226 -0.4760537 -0.3456807 0.808627 -0.5096314 -0.2939361 0.8086269 -0.3527482 -0.2034518 0.9133324 -0.1514009 -0.3406181 0.9279316 -0.1630564 -0.3732767 0.9132782 -0.2034516 -0.3527483 0.9133324 -0.2034509 -0.3527467 0.9133332 -0.2392666 -0.3295059 0.9133331 -0.2392671 -0.3295066 0.9133327 -0.2724527 -0.3026431 0.9133328 -0.2724521 -0.3026422 0.9133332 -0.3026423 -0.272452 0.9133332 -0.3026431 -0.2724528 0.9133327 -0.3295066 -0.2392671 0.9133327 -0.6349058 -0.7656341 0.1034357 -0.6689193 -0.7430419 0.02087193 -0.6366281 -0.7071724 0.3075903 -0.7071727 -0.6366282 0.3075897 -0.6438495 -0.5796219 0.4994959 -0.7009994 -0.5090222 0.4994959 -0.6017016 -0.4369183 0.6686236 -0.6441417 -0.3715158 0.6686235 -0.5096285 -0.2939339 0.8086295 -0.5376032 -0.2389582 0.8086296 -0.3721116 -0.1653991 0.9133324 -0.4301127 -0.183236 0.883984 -0.3406181 -0.1514009 0.9279316 -0.06663113 -0.1499053 0.9864526 -0.08209729 -0.1914896 0.978055 -0.1040157 -0.1803442 0.9780883 -0.1040159 -0.1803448 0.9780882 -0.1223271 -0.1684626 0.9780882 -0.1223273 -0.1684629 0.978088 -0.1392937 -0.1547288 0.978088 -0.1392936 -0.1547287 0.9780882 -0.1547287 -0.1392936 0.9780881 -0.1547288 -0.1392937 0.978088 -0.1684629 -0.1223273 0.978088 -0.1684626 -0.122327 0.9780882 -0.1803447 -0.104016 0.9780882 -0.4585086 -0.8826423 0.1034998 -0.4992255 -0.8655453 0.04006415 -0.4753884 -0.8242536 0.3075902 -0.5590847 -0.7699434 0.3075898 -0.509022 -0.7009996 0.4994959 -0.5796218 -0.6438496 0.4994961 -0.4975178 -0.5526476 0.668623 -0.5526476 -0.4975176 0.668623 -0.4372413 -0.3936238 0.8086287 -0.4760521 -0.3456792 0.8086287 -0.3295059 -0.2392665 0.9133331 -0.3527469 -0.2034507 0.9133332 -0.1803442 -0.1040156 0.9780883 -0.1902438 -0.08456122 0.9780883 -0.245719 -0.1022326 0.963935 -0.04787337 -0.02127915 0.9986267 -0.04787349 -0.02127921 0.9986267 -0.04538238 -0.02617478 0.9986267 -0.04538232 -0.02617478 0.9986267 -0.04239219 -0.03078258 0.9986267 -0.04239213 -0.03078252 0.9986267 -0.03893601 -0.03505194 0.9986267 -0.03893613 -0.035052 0.9986267 -0.035052 -0.03893613 0.9986267 -0.03505194 -0.03893601 0.9986267 -0.03078252 -0.04239213 0.9986267 -0.03078258 -0.04239225 0.9986267 -0.02617478 -0.04538232 0.9986267 -0.02617478 -0.04538238 0.9986267 -0.02127921 -0.04787355 0.9986267 -0.02127915 -0.04787337 0.9986267 -0.1074601 -0.9513069 0.2889075 0.1116895 -0.9891492 0.09544259 0.1036083 -0.3588023 0.9276456 0.3108456 -0.9476405 0.07315939 0.2872865 -0.8992756 0.3298029 0.2984765 -0.929892 0.2149717 0.3059899 -0.946295 0.1043834 8.18458e-4 -0.05570083 0.9984472 0.2593552 -0.9601812 0.1038601 0.2083708 -0.9727061 0.1020997 0.2082142 -0.9730089 0.09950131 0.03657388 -0.1613766 0.9862149 0.04377692 -0.1783148 0.9829992 0.02406507 -0.2184708 0.9755467 0.01899129 -0.219833 0.9753527 0.2548834 -0.807912 0.5313311 0.2870642 -0.907059 0.307958 0.1916859 -0.9328923 0.3049072 0.1945112 -0.9365753 0.2915338 0.1034731 -0.9518757 0.2884891 0.005519568 -0.2838311 0.9588584 0.01189523 -0.2915502 0.9564816 0.02380418 -0.2895516 0.9568664 0.2099515 -0.6759858 0.7063735 0.2564953 -0.8286639 0.4975202 0.1670761 -0.852868 0.4946733 0.1729741 -0.8642405 0.472407 0.08976358 -0.8782718 0.4696607 0.09225308 -0.8845279 0.4572743 0.01375561 -0.8898832 0.4559809 0.1635833 -0.54007 0.8255694 0.2146317 -0.714677 0.6657102 0.1352946 -0.7361272 0.6631833 0.1447435 -0.7586812 0.6351789 0.07260012 -0.7708701 0.6328416 0.07649374 -0.7833709 0.6168296 0.01115608 -0.7878438 0.615774 0.01153546 -0.7898206 0.6132295 -0.03243595 -0.7887592 0.613846 0.01547318 -0.3300237 0.9438459 0.00199908 -0.3309456 0.9436477 0.001443624 -0.3369922 0.9415064 -0.00609225 -0.3367546 0.9415728 -0.04217392 -0.9972372 0.0611521 -0.0612418 -0.9936197 0.09470671 -0.1166865 -0.9885577 0.0955919 0.01086956 -0.9955274 0.09384614 -0.05035644 -0.9942594 0.09440529 -0.04626947 -0.9586445 0.28082 -0.1070408 -0.9535179 0.2816843 -0.09406018 -0.8774842 0.4702916 0.05906444 -0.993756 0.0946598 0.01767325 -0.999029 0.04035615 0.01598775 -0.9602153 0.2788028 -0.04595327 -0.9590358 0.279533 -0.04049235 -0.8885147 0.4570578 -0.09350323 -0.8841608 0.45773 -0.07707655 -0.7697689 0.633652 0.129477 -0.4503757 0.883401 0.1688893 -0.5682429 0.8053424 0.09766775 -0.5876063 0.803231 0.1109164 -0.6239061 0.7735882 0.05262386 -0.6337584 0.771739 0.0579881 -0.6540306 0.7542423 0.008149087 -0.6574474 0.7534563 0.008654117 -0.6606601 0.7506353 -0.02378642 -0.6597866 0.7510766 -0.0248664 -0.6559443 0.7543997 -0.05674803 -0.6534967 0.7547992 -0.1147887 -0.9908825 0.0705372 -0.1605824 -0.9821404 0.0980488 -0.211198 -0.9723498 0.09965544 0.06587576 -0.259514 0.96349 0.1115506 -0.3985897 0.9103201 0.0558083 -0.4137142 0.9086947 0.07279592 -0.4650532 0.8822847 0.03059011 -0.4721775 0.8809726 0.03739953 -0.5010992 0.8645812 0.004845201 -0.5033296 0.8640809 0.005467116 -0.5078803 0.8614103 -0.01426661 -0.5073009 0.8616509 -0.0155794 -0.5018377 0.8648214 -0.0348193 -0.5004061 0.8650904 -0.03512239 -0.470319 0.8817973 -0.06695127 -0.4648832 0.8828371 -0.3094246 -0.9451754 0.1044026 -0.1042382 -0.584559 0.8046274 -0.1424143 -0.7585896 0.6358145 -0.1411702 -0.7338522 0.6644788 -0.1723084 -0.8641008 0.4729055 -0.172133 -0.8512635 0.4957022 -0.1954177 -0.9362819 0.2918698 -0.1957714 -0.9318267 0.3055694 -0.2107514 -0.9721711 0.1023098 -0.2607551 -0.9597846 0.1040205 -0.3082206 -0.9472994 0.08731484 -0.2998895 -0.9294332 0.2149887 -0.2911244 -0.9055668 0.3085373 -0.2861797 -0.899636 0.3297821 -0.2623332 -0.8263082 0.4983935 -0.2519386 -0.8088921 0.5312443 -0.2221416 -0.7113986 0.6667572 -0.2051252 -0.6776478 0.7061991 -0.1722723 -0.5656993 0.8064159 -0.1609866 -0.5409952 0.8254742 -0.1303758 -0.4500504 0.8834347 0.1592844 -0.9823604 0.09796202 0.1136988 -0.9901243 0.08201563 0.1046839 -0.9538674 0.2813864 0.01585578 -0.9598971 0.279904 0.01400893 -0.8908677 0.4540468 -0.03990697 -0.889715 0.4547688 -0.0332663 -0.7864022 0.6168183 -0.07654118 -0.7829631 0.6173413 -0.05716973 -0.6323012 0.7726103 -0.1068508 -0.6238056 0.7742413 -0.06296521 -0.4098533 0.9099757 -0.1149057 -0.3954979 0.9112509 -0.09988927 -0.3601738 0.927522 -0.02399837 -0.2159213 0.9761158 -0.01156872 -0.2192848 0.9755923 -0.03238427 -0.2865688 0.9575122 -0.0118792 -0.2900903 0.9569255 -0.01179039 -0.2899665 0.9569641 -0.009972035 -0.3293644 0.9441502 -0.003890573 -0.3298033 0.9440416 -8.68503e-4 -0.0556817 0.9984482 -0.04411351 -0.1832204 0.9820816 -0.0394544 -0.1602851 0.9862819 -0.06651186 -0.2592763 0.9635102 0.1499053 0.06663113 0.9864526 0.1081953 0.2434154 0.9638686 0.1899953 0.4274475 0.8838497 0.323274 0.7274869 0.6051915 0.7749089 0.3420113 0.5315492 0.8245782 0.4755705 0.3064366 0.3966641 0.8924301 0.2150025 0.7481663 0.6554102 0.1033664 0.6741755 0.7313029 0.1033598 0.5925288 0.7988919 0.1033508 0.504153 0.8574083 0.1033477 0.4100499 0.9061841 0.10339 0.4057693 0.912468 0.05247431 0.3619417 0.9263221 0.1045265 0.8136653 0.5720776 0.1033248 0.8434385 0.527185 0.1033809 0.8662341 0.4996383 -2.06645e-4 0.869911 0.4822411 0.103433 0.8947395 0.4344344 0.1034794 0.475387 0.8242342 0.3076444 0.3882234 0.8686885 0.3076734 0.382432 0.8630875 0.3298873 0.8619824 0.3849553 0.3298421 0.8701902 0.3858345 0.3064323 0.8924305 0.3966642 0.2150009 0.9136933 0.4063817 -0.004281222 0.9161882 0.3868917 0.1044698 0.3490509 0.7846218 0.5123788 0.3512116 0.7935497 0.4969199 0.4332731 0.7518684 0.4969589 0.4328264 0.750442 0.4994978 0.5090215 0.7009986 0.4994978 0.7825473 0.6139394 0.1034323 0.8091657 0.5875519 0.005796194 0.769954 0.5591004 0.3075345 0.8243363 0.4752825 0.3075325 0.7509222 0.4332672 0.4983927 0.7909445 0.3548933 0.4984552 0.6478091 0.2844439 0.7067072 0.2897914 0.6455995 0.7065566 0.3008253 0.6822305 0.6663826 0.372493 0.6458359 0.666442 0.3718013 0.6439681 0.6686322 0.4369184 0.6017016 0.6686236 0.4369189 0.6017025 0.6686225 0.4975181 0.5526481 0.6686223 0.7127723 0.6937268 0.1034352 0.7431426 0.66901 0.01283806 0.7071726 0.6366283 0.3075897 0.7699436 0.5590848 0.3075891 0.7009987 0.5090214 0.4994978 0.7504419 0.4328265 0.4994979 0.6441444 0.371518 0.6686198 0.6776949 0.3058404 0.6687237 0.5164627 0.2259566 0.82596 0.2290159 0.5152353 0.8258841 0.2368441 0.5386293 0.8085687 0.2939343 0.5096284 0.8086295 0.2939356 0.5096315 0.808627 0.3456805 0.4760539 0.808627 0.3456794 0.4760519 0.8086287 0.393624 0.437241 0.8086287 0.3936254 0.4372431 0.808627 0.4372428 0.3936256 0.808627 0.5498268 0.8288487 0.1034423 0.5873083 0.8088101 0.02992111 0.5590842 0.7699433 0.3075907 0.6366281 0.7071725 0.3075902 0.5796214 0.643849 0.4994972 0.643849 0.5796213 0.4994974 0.5526481 0.4975181 0.6686223 0.6017023 0.436919 0.6686226 0.4760537 0.3456807 0.808627 0.5096314 0.2939361 0.8086269 0.3527482 0.2034518 0.9133324 0.1514009 0.3406181 0.9279316 0.1630564 0.3732767 0.9132782 0.2034516 0.3527483 0.9133324 0.2034509 0.3527467 0.9133332 0.2392666 0.3295059 0.9133331 0.2392671 0.3295066 0.9133327 0.2724527 0.3026431 0.9133328 0.2724521 0.3026422 0.9133332 0.3026423 0.272452 0.9133332 0.3026431 0.2724528 0.9133327 0.3295066 0.2392671 0.9133327 0.6349058 0.7656341 0.1034357 0.6689193 0.7430419 0.02087193 0.6366281 0.7071724 0.3075903 0.7071727 0.6366282 0.3075897 0.6438495 0.5796219 0.4994959 0.7009994 0.5090222 0.4994959 0.6017016 0.4369183 0.6686236 0.6441417 0.3715158 0.6686235 0.5096285 0.2939339 0.8086295 0.5376032 0.2389582 0.8086296 0.3721116 0.1653991 0.9133324 0.4301127 0.183236 0.883984 0.3406181 0.1514009 0.9279316 0.06663113 0.1499053 0.9864526 0.08209729 0.1914896 0.978055 0.1040157 0.1803442 0.9780883 0.1040159 0.1803448 0.9780882 0.1223271 0.1684626 0.9780882 0.1223273 0.1684629 0.978088 0.1392937 0.1547288 0.978088 0.1392936 0.1547287 0.9780882 0.1547287 0.1392936 0.9780881 0.1547288 0.1392937 0.978088 0.1684629 0.1223273 0.978088 0.1684626 0.122327 0.9780882 0.1803447 0.104016 0.9780882 0.458509 0.882643 0.1034937 0.499225 0.8655461 0.04005414 0.47539 0.8242515 0.3075937 0.5590841 0.7699427 0.3075929 0.509022 0.7009996 0.4994959 0.5796218 0.6438496 0.4994961 0.4975178 0.5526476 0.668623 0.5526476 0.4975176 0.668623 0.4372413 0.3936238 0.8086287 0.4760521 0.3456792 0.8086287 0.3295059 0.2392665 0.9133331 0.3527469 0.2034507 0.9133332 0.1803442 0.1040156 0.9780883 0.1902438 0.08456122 0.9780883 0.245719 0.1022326 0.963935 0.04787337 0.02127915 0.9986267 0.04787349 0.02127921 0.9986267 0.04538238 0.02617478 0.9986267 0.04538232 0.02617478 0.9986267 0.04239219 0.03078258 0.9986267 0.04239213 0.03078252 0.9986267 0.03893601 0.03505194 0.9986267 0.03893613 0.035052 0.9986267 0.035052 0.03893613 0.9986267 0.03505194 0.03893601 0.9986267 0.03078252 0.04239213 0.9986267 0.03078258 0.04239225 0.9986267 0.02617478 0.04538232 0.9986267 0.02617478 0.04538238 0.9986267 0.02127921 0.04787355 0.9986267 0.02127915 0.04787337 0.9986267 0.9971687 0.05406504 -0.05226516 0.9854779 0.1615602 -0.05226498 0.9854782 0.1615607 -0.05225676 0.9622335 0.2671629 -0.05225658 0.9622333 0.2671627 -0.05225974 0.9277073 0.3696324 -0.05225968 0.9277073 0.3696325 -0.05225861 0.8823047 0.4677686 -0.05225914 0.8823046 0.4677683 -0.05226278 0.8265577 0.5604202 -0.0522632 0.8265578 0.5604206 -0.05225819 0.7611209 0.6465014 -0.05225813 0.7611209 0.6465014 -0.05225855 0.6867595 0.7250037 -0.05225914 0.6867595 0.7250036 -0.05226111 0.6043476 0.795005 -0.05226016 0.6043475 0.7950052 -0.05225813 0.5148489 0.8556867 -0.05225813 0.5148491 0.8556856 -0.05227363 0.4193153 0.9063345 -0.05227339 0.4193149 0.9063355 -0.05225837 0.3188651 0.9463583 -0.05225861 0.3188652 0.946358 -0.05226397 0.2146766 0.9752858 -0.05226397 0.214677 0.9752852 -0.05227357 0.1079716 0.9927787 -0.05227375 0.1079713 0.9927791 -0.05226647 0 0.9986332 -0.05226647 0 0.9986332 -0.05226647 -0.1079716 0.9927791 -0.05226624 -0.1079712 0.9927787 -0.05227392 -0.2146765 0.9752854 -0.05227339 -0.214677 0.9752857 -0.05226415 -0.318865 0.9463581 -0.05226373 -0.3188653 0.9463583 -0.05225843 -0.4193156 0.9063352 -0.05225867 -0.4193146 0.9063348 -0.05227345 -0.5148485 0.855686 -0.05227339 -0.5148496 0.8556863 -0.05225777 -0.6043477 0.795005 -0.05225813 -0.6043474 0.795005 -0.05226105 -0.6867594 0.7250037 -0.05226117 -0.6867595 0.7250037 -0.05225872 -0.7611209 0.6465014 -0.05225914 -0.7611209 0.6465014 -0.05225878 -0.8265579 0.5604204 -0.05225813 -0.8265576 0.5604204 -0.0522632 -0.8823045 0.4677684 -0.05226266 -0.8823048 0.4677684 -0.05225896 -0.9277073 0.3696324 -0.05225867 -0.9277073 0.3696324 -0.05225968 -0.9622333 0.2671629 -0.05225968 -0.9622335 0.2671627 -0.05225688 -0.9854784 0.1615603 -0.05225688 -0.9854778 0.1615607 -0.05226516 -0.9971686 0.05406522 -0.0522651 -0.9971689 0.05406504 -0.05226087 -0.9971688 -0.05406522 -0.05226093 -0.9971687 -0.05406504 -0.05226516 -0.9854779 -0.1615602 -0.05226498 -0.9854782 -0.1615607 -0.05225676 -0.9622335 -0.2671629 -0.05225658 -0.9622333 -0.2671627 -0.05225974 -0.9277073 -0.3696324 -0.05225968 -0.9277073 -0.3696325 -0.05225861 -0.8823047 -0.4677686 -0.05225914 -0.8823046 -0.4677683 -0.05226278 -0.8265577 -0.5604202 -0.0522632 -0.8265578 -0.5604206 -0.05225819 -0.7611209 -0.6465014 -0.05225813 -0.7611209 -0.6465014 -0.05225855 -0.6867595 -0.7250037 -0.05225914 -0.6867595 -0.7250036 -0.05226111 -0.6043476 -0.795005 -0.05226016 -0.6043475 -0.7950052 -0.05225813 -0.5148489 -0.8556867 -0.05225813 -0.5148491 -0.8556856 -0.05227363 -0.4193153 -0.9063345 -0.05227339 -0.4193149 -0.9063355 -0.05225837 -0.3188651 -0.9463583 -0.05225861 -0.3188652 -0.946358 -0.05226397 -0.2146766 -0.9752858 -0.05226397 -0.214677 -0.9752852 -0.05227357 -0.1079716 -0.9927787 -0.05227375 -0.1079713 -0.9927791 -0.05226647 0 -0.9986332 -0.05226647 0 -0.9986332 -0.05226647 0.1079716 -0.9927791 -0.05226624 0.1079712 -0.9927787 -0.05227392 0.2146765 -0.9752854 -0.05227339 0.214677 -0.9752857 -0.05226415 0.318865 -0.9463581 -0.05226373 0.3188653 -0.9463583 -0.05225843 0.4193156 -0.9063352 -0.05225867 0.4193146 -0.9063348 -0.05227345 0.5148485 -0.855686 -0.05227339 0.5148496 -0.8556863 -0.05225777 0.6043477 -0.795005 -0.05225813 0.6043474 -0.795005 -0.05226105 0.6867594 -0.7250037 -0.05226117 0.6867595 -0.7250037 -0.05225872 0.7611209 -0.6465014 -0.05225914 0.7611209 -0.6465014 -0.05225878 0.8265579 -0.5604204 -0.05225813 0.8265576 -0.5604204 -0.0522632 0.8823045 -0.4677684 -0.05226266 0.8823048 -0.4677684 -0.05225896 0.9277073 -0.3696324 -0.05225867 0.9277073 -0.3696324 -0.05225968 0.9622333 -0.2671629 -0.05225968 0.9622335 -0.2671627 -0.05225688 0.9854784 -0.1615603 -0.05225688 0.9854778 -0.1615607 -0.05226516 0.9971686 -0.05406522 -0.0522651 0.9971689 -0.05406504 -0.05226087 0.9971688 0.05406522 -0.05226093 0.9767759 0.05295956 -0.2076155 0.9653241 0.1582569 -0.2076156 0.9653227 0.158256 -0.2076222 0.9425534 0.2616987 -0.2076222 0.9425535 0.2616987 -0.2076217 0.9087335 0.3620727 -0.2076215 0.9087333 0.3620725 -0.2076227 0.8642596 0.4582012 -0.2076225 0.86426 0.4582019 -0.2076193 0.8096535 0.5489587 -0.207619 0.8096536 0.548959 -0.2076173 0.7455546 0.63328 -0.2076172 0.745554 0.6332788 -0.2076228 0.6727139 0.7101753 -0.2076224 0.6727141 0.7101762 -0.2076184 0.5919873 0.7787463 -0.2076181 0.591987 0.7787449 -0.2076243 0.5043191 0.8381851 -0.2076244 0.5043192 0.8381862 -0.2076199 0.4107397 0.8877989 -0.2076199 0.4107398 0.8877989 -0.2076201 0.3123442 0.9270032 -0.2076202 0.312344 0.9270046 -0.2076143 0.2102857 0.9553409 -0.207614 0.2102861 0.9553394 -0.2076207 0.1057636 0.972475 -0.2076207 0.1057634 0.9724754 -0.2076191 0 0.9782097 -0.2076191 0 0.9782097 -0.2076191 -0.1057636 0.9724754 -0.2076192 -0.1057634 0.9724751 -0.2076207 -0.2102854 0.9553395 -0.2076208 -0.2102864 0.9553408 -0.207614 -0.3123446 0.9270043 -0.2076143 -0.3123437 0.9270034 -0.2076201 -0.4107397 0.8877989 -0.2076201 -0.4107397 0.8877989 -0.2076199 -0.5043197 0.8381861 -0.2076196 -0.5043187 0.8381854 -0.2076245 -0.5919865 0.7787453 -0.207624 -0.5919878 0.7787459 -0.2076182 -0.6727145 0.7101759 -0.2076185 -0.6727135 0.7101755 -0.2076229 -0.7455536 0.6332792 -0.207623 -0.7455549 0.6332796 -0.207617 -0.8096537 0.5489588 -0.2076175 -0.8096534 0.5489588 -0.2076191 -0.8642601 0.4582015 -0.2076193 -0.8642594 0.4582016 -0.2076223 -0.9087333 0.3620726 -0.2076227 -0.9087336 0.3620727 -0.2076216 -0.9425535 0.2616987 -0.2076218 -0.9425534 0.2616987 -0.2076222 -0.9653227 0.1582567 -0.2076221 -0.9653241 0.1582562 -0.2076156 -0.9767758 0.05295938 -0.2076155 -0.9767755 0.05295956 -0.2076172 -0.9767755 -0.05295938 -0.2076172 -0.9767759 -0.05295956 -0.2076155 -0.9653241 -0.1582569 -0.2076156 -0.9653227 -0.158256 -0.2076222 -0.9425534 -0.2616987 -0.2076222 -0.9425535 -0.2616987 -0.2076217 -0.9087335 -0.3620727 -0.2076215 -0.9087333 -0.3620725 -0.2076227 -0.8642596 -0.4582012 -0.2076225 -0.86426 -0.4582019 -0.2076193 -0.8096535 -0.5489587 -0.207619 -0.8096536 -0.548959 -0.2076173 -0.7455546 -0.63328 -0.2076172 -0.745554 -0.6332788 -0.2076228 -0.6727139 -0.7101753 -0.2076224 -0.6727141 -0.7101762 -0.2076184 -0.5919873 -0.7787463 -0.2076181 -0.591987 -0.7787449 -0.2076243 -0.5043191 -0.8381851 -0.2076244 -0.5043192 -0.8381862 -0.2076199 -0.4107397 -0.8877989 -0.2076199 -0.4107398 -0.8877989 -0.2076201 -0.3123442 -0.9270032 -0.2076202 -0.312344 -0.9270046 -0.2076143 -0.2102857 -0.9553409 -0.207614 -0.2102861 -0.9553394 -0.2076207 -0.1057636 -0.972475 -0.2076207 -0.1057634 -0.9724754 -0.2076191 0 -0.9782097 -0.2076191 0 -0.9782097 -0.2076191 0.1057636 -0.9724754 -0.2076192 0.1057634 -0.9724751 -0.2076207 0.2102854 -0.9553395 -0.2076208 0.2102864 -0.9553408 -0.207614 0.3123446 -0.9270043 -0.2076143 0.3123437 -0.9270034 -0.2076201 0.4107397 -0.8877989 -0.2076201 0.4107397 -0.8877989 -0.2076199 0.5043197 -0.8381861 -0.2076196 0.5043187 -0.8381854 -0.2076245 0.5919865 -0.7787453 -0.207624 0.5919878 -0.7787459 -0.2076182 0.6727145 -0.7101759 -0.2076185 0.6727135 -0.7101755 -0.2076229 0.7455536 -0.6332792 -0.207623 0.7455549 -0.6332796 -0.207617 0.8096537 -0.5489588 -0.2076175 0.8096534 -0.5489588 -0.2076191 0.8642601 -0.4582015 -0.2076193 0.8642594 -0.4582016 -0.2076223 0.9087333 -0.3620726 -0.2076227 0.9087336 -0.3620727 -0.2076216 0.9425535 -0.2616987 -0.2076218 0.9425534 -0.2616987 -0.2076222 0.9653227 -0.1582567 -0.2076221 0.9653241 -0.1582562 -0.2076156 0.9767758 -0.05295938 -0.2076155 0.9767755 -0.05295956 -0.2076172 0.9767755 0.05295938 -0.2076172 0.9124314 0.04947072 -0.4062285 0.9017339 0.1478323 -0.4062284 0.9017319 0.1478314 -0.4062334 0.8804627 0.2444587 -0.4062333 0.8804644 0.2444598 -0.4062288 0.8488725 0.3382217 -0.4062287 0.8488731 0.3382221 -0.4062268 0.8073287 0.4280187 -0.406227 0.8073281 0.4280182 -0.4062287 0.7563185 0.5127967 -0.4062288 0.7563183 0.5127965 -0.4062295 0.6964416 0.5915628 -0.4062296 0.6964419 0.5915634 -0.4062283 0.6284002 0.6633941 -0.4062283 0.6283998 0.6633935 -0.40623 0.5529908 0.7274465 -0.40623 0.5529917 0.7274484 -0.4062254 0.4710987 0.7829732 -0.4062252 0.4710981 0.7829716 -0.4062289 0.383683 0.8293162 -0.4062291 0.3836832 0.8293172 -0.4062268 0.2917689 0.8659393 -0.4062266 0.2917687 0.8659374 -0.4062308 0.1964334 0.892407 -0.4062309 0.1964334 0.8924089 -0.4062269 0.09879618 0.9084157 -0.4062268 0.09879642 0.9084138 -0.4062311 0 0.9137704 -0.4062311 0 0.9137704 -0.4062311 -0.09879601 0.9084138 -0.406231 -0.09879666 0.9084156 -0.4062269 -0.1964338 0.8924088 -0.4062269 -0.196433 0.8924071 -0.406231 -0.2917683 0.8659375 -0.4062307 -0.2917693 0.8659392 -0.4062266 -0.3836834 0.829317 -0.406227 -0.3836828 0.8293163 -0.406229 -0.4710979 0.7829718 -0.4062288 -0.471099 0.7829731 -0.4062252 -0.5529921 0.7274482 -0.4062253 -0.5529904 0.7274467 -0.4062302 -0.6283997 0.6633936 -0.40623 -0.6284003 0.663394 -0.4062284 -0.696442 0.5915631 -0.4062283 -0.6964414 0.5915629 -0.4062299 -0.7563182 0.5127965 -0.4062297 -0.7563186 0.5127967 -0.4062288 -0.8073281 0.4280183 -0.4062287 -0.8073288 0.4280185 -0.4062272 -0.8488733 0.338222 -0.4062268 -0.8488723 0.3382218 -0.4062287 -0.8804646 0.2444593 -0.4062288 -0.8804625 0.2444592 -0.4062333 -0.9017317 0.147832 -0.4062334 -0.9017341 0.1478318 -0.4062284 -0.9124315 0.04947042 -0.4062284 -0.9124301 0.04947066 -0.4062314 -0.9124301 -0.0494703 -0.4062315 -0.9124314 -0.04947072 -0.4062285 -0.9017339 -0.1478323 -0.4062284 -0.9017319 -0.1478314 -0.4062334 -0.8804627 -0.2444587 -0.4062333 -0.8804644 -0.2444598 -0.4062288 -0.8488725 -0.3382217 -0.4062287 -0.8488731 -0.3382221 -0.4062268 -0.8073287 -0.4280187 -0.406227 -0.8073281 -0.4280182 -0.4062287 -0.7563185 -0.5127967 -0.4062288 -0.7563183 -0.5127965 -0.4062295 -0.6964416 -0.5915628 -0.4062296 -0.6964419 -0.5915634 -0.4062283 -0.6284002 -0.6633941 -0.4062283 -0.6283998 -0.6633935 -0.40623 -0.5529908 -0.7274465 -0.40623 -0.5529917 -0.7274484 -0.4062254 -0.4710987 -0.7829732 -0.4062252 -0.4710981 -0.7829716 -0.4062289 -0.383683 -0.8293162 -0.4062291 -0.3836832 -0.8293172 -0.4062268 -0.2917689 -0.8659393 -0.4062266 -0.2917687 -0.8659374 -0.4062308 -0.1964334 -0.892407 -0.4062309 -0.1964334 -0.8924089 -0.4062269 -0.09879618 -0.9084157 -0.4062268 -0.09879642 -0.9084138 -0.4062311 0 -0.9137704 -0.4062311 0 -0.9137704 -0.4062311 0.09879601 -0.9084138 -0.406231 0.09879666 -0.9084156 -0.4062269 0.1964338 -0.8924088 -0.4062269 0.196433 -0.8924071 -0.406231 0.2917683 -0.8659375 -0.4062307 0.2917693 -0.8659392 -0.4062266 0.3836834 -0.829317 -0.406227 0.3836828 -0.8293163 -0.406229 0.4710979 -0.7829718 -0.4062288 0.471099 -0.7829731 -0.4062252 0.5529921 -0.7274482 -0.4062253 0.5529904 -0.7274467 -0.4062302 0.6283997 -0.6633936 -0.40623 0.6284003 -0.663394 -0.4062284 0.696442 -0.5915631 -0.4062283 0.6964414 -0.5915629 -0.4062299 0.7563182 -0.5127965 -0.4062297 0.7563186 -0.5127967 -0.4062288 0.8073281 -0.4280183 -0.4062287 0.8073288 -0.4280185 -0.4062272 0.8488733 -0.338222 -0.4062268 0.8488723 -0.3382218 -0.4062287 0.8804646 -0.2444593 -0.4062288 0.8804625 -0.2444592 -0.4062333 0.9017317 -0.147832 -0.4062334 0.9017341 -0.1478318 -0.4062284 0.9124315 -0.04947042 -0.4062284 0.9124301 -0.04947066 -0.4062314 0.9124301 0.0494703 -0.4062315 0.8082329 0.04382091 -0.5872303 0.7987571 0.1309491 -0.5872302 0.7987626 0.130951 -0.5872223 0.779922 0.2165446 -0.5872223 0.779918 0.2165427 -0.5872284 0.7519336 0.2995976 -0.5872284 0.7519338 0.2995978 -0.587228 0.7151339 0.37914 -0.5872278 0.7151342 0.3791402 -0.5872272 0.66995 0.4542372 -0.5872271 0.6699506 0.4542378 -0.587226 0.6169114 0.5240094 -0.5872261 0.6169111 0.524009 -0.5872268 0.5566394 0.5876373 -0.5872266 0.5566394 0.587637 -0.5872269 0.4898417 0.6443756 -0.5872267 0.4898412 0.6443746 -0.5872283 0.4173002 0.6935585 -0.5872284 0.4173009 0.6935604 -0.5872256 0.3398681 0.7346128 -0.5872254 0.3398675 0.7346107 -0.5872283 0.2584493 0.7670506 -0.5872285 0.2584491 0.7670499 -0.5872294 0.1740016 0.7904965 -0.5872296 0.1740018 0.7904989 -0.5872264 0.08751422 0.8046777 -0.5872266 0.08751416 0.8046792 -0.5872247 0 0.809424 -0.5872247 0 0.8094241 -0.5872247 -0.0875144 0.8046792 -0.5872246 -0.08751398 0.8046778 -0.5872265 -0.1740022 0.7904989 -0.5872265 -0.1740013 0.7904967 -0.5872296 -0.258449 0.7670499 -0.5872295 -0.2584494 0.7670506 -0.5872284 -0.3398672 0.7346109 -0.5872284 -0.3398684 0.7346126 -0.5872255 -0.4173012 0.6935603 -0.5872257 -0.4172998 0.6935586 -0.5872285 -0.489841 0.6443746 -0.5872284 -0.4898419 0.6443755 -0.5872266 -0.5566393 0.587637 -0.5872269 -0.5566395 0.5876372 -0.5872266 -0.6169108 0.5240089 -0.5872271 -0.6169115 0.5240094 -0.587226 -0.6699507 0.4542378 -0.5872259 -0.6699499 0.4542373 -0.5872271 -0.7151343 0.3791401 -0.5872272 -0.7151338 0.37914 -0.5872278 -0.7519339 0.2995977 -0.587228 -0.7519336 0.2995977 -0.5872284 -0.7799178 0.2165434 -0.5872283 -0.7799222 0.2165439 -0.5872225 -0.7987629 0.13095 -0.5872223 -0.798757 0.13095 -0.5872302 -0.8082328 0.04382145 -0.5872303 -0.8082359 0.04382109 -0.5872262 -0.8082358 -0.04382163 -0.5872261 -0.8082329 -0.04382091 -0.5872303 -0.7987571 -0.1309491 -0.5872302 -0.7987626 -0.130951 -0.5872223 -0.779922 -0.2165446 -0.5872223 -0.779918 -0.2165427 -0.5872284 -0.7519336 -0.2995976 -0.5872284 -0.7519338 -0.2995978 -0.587228 -0.7151339 -0.37914 -0.5872278 -0.7151342 -0.3791402 -0.5872272 -0.66995 -0.4542372 -0.5872271 -0.6699506 -0.4542378 -0.587226 -0.6169114 -0.5240094 -0.5872261 -0.6169111 -0.524009 -0.5872268 -0.5566394 -0.5876373 -0.5872266 -0.5566394 -0.587637 -0.5872269 -0.4898417 -0.6443756 -0.5872267 -0.4898412 -0.6443746 -0.5872283 -0.4173002 -0.6935585 -0.5872284 -0.4173009 -0.6935604 -0.5872256 -0.3398681 -0.7346128 -0.5872254 -0.3398675 -0.7346107 -0.5872283 -0.2584493 -0.7670506 -0.5872285 -0.2584491 -0.7670499 -0.5872294 -0.1740016 -0.7904965 -0.5872296 -0.1740018 -0.7904989 -0.5872264 -0.08751422 -0.8046777 -0.5872266 -0.08751416 -0.8046792 -0.5872247 0 -0.809424 -0.5872247 0 -0.8094241 -0.5872247 0.0875144 -0.8046792 -0.5872246 0.08751398 -0.8046778 -0.5872265 0.1740022 -0.7904989 -0.5872265 0.1740013 -0.7904967 -0.5872296 0.258449 -0.7670499 -0.5872295 0.2584494 -0.7670506 -0.5872284 0.3398672 -0.7346109 -0.5872284 0.3398684 -0.7346126 -0.5872255 0.4173012 -0.6935603 -0.5872257 0.4172998 -0.6935586 -0.5872285 0.489841 -0.6443746 -0.5872284 0.4898419 -0.6443755 -0.5872266 0.5566393 -0.587637 -0.5872269 0.5566395 -0.5876372 -0.5872266 0.6169108 -0.5240089 -0.5872271 0.6169115 -0.5240094 -0.587226 0.6699507 -0.4542378 -0.5872259 0.6699499 -0.4542373 -0.5872271 0.7151343 -0.3791401 -0.5872272 0.7151338 -0.37914 -0.5872278 0.7519339 -0.2995977 -0.587228 0.7519336 -0.2995977 -0.5872284 0.7799178 -0.2165434 -0.5872283 0.7799222 -0.2165439 -0.5872225 0.7987629 -0.13095 -0.5872223 0.798757 -0.13095 -0.5872302 0.8082328 -0.04382145 -0.5872303 0.8082359 -0.04382109 -0.5872262 0.8082358 0.04382163 -0.5872261 0.6686865 0.03625541 -0.74266 0.6608468 0.10834 -0.7426601 0.6608465 0.1083399 -0.7426604 0.6452588 0.1791555 -0.7426604 0.6452584 0.1791554 -0.7426608 0.6221059 0.2478694 -0.7426607 0.6221067 0.2478699 -0.7426599 0.5916605 0.3136788 -0.7426598 0.5916588 0.3136777 -0.7426615 0.5542762 0.3758084 -0.7426615 0.5542765 0.3758087 -0.7426609 0.5103956 0.4335337 -0.7426608 0.510397 0.4335352 -0.7426589 0.4605314 0.4861774 -0.742659 0.4605308 0.4861765 -0.7426601 0.4052661 0.5331185 -0.7426601 0.4052658 0.533118 -0.7426607 0.3452498 0.5738098 -0.7426607 0.34525 0.5738102 -0.7426604 0.2811865 0.6077745 -0.7426603 0.2811866 0.6077749 -0.7426599 0.2138265 0.6346137 -0.7426599 0.213827 0.6346165 -0.7426573 0.1439595 0.6540152 -0.7426572 0.1439593 0.6540129 -0.7426593 0.07240384 0.6657437 -0.7426593 0.0724039 0.6657413 -0.7426615 0 0.669667 -0.7426616 0 0.669667 -0.7426615 -0.0724036 0.6657415 -0.7426615 -0.0724042 0.6657438 -0.7426593 -0.1439589 0.6540129 -0.7426593 -0.1439598 0.6540151 -0.7426573 -0.2138274 0.6346164 -0.7426573 -0.2138261 0.6346138 -0.7426599 -0.2811866 0.6077749 -0.7426599 -0.2811865 0.6077745 -0.7426604 -0.34525 0.5738101 -0.7426603 -0.3452498 0.5738098 -0.7426607 -0.4052657 0.533118 -0.7426607 -0.4052662 0.5331185 -0.7426601 -0.4605306 0.4861766 -0.7426599 -0.4605315 0.4861773 -0.742659 -0.5103971 0.433535 -0.7426589 -0.5103954 0.4335339 -0.7426608 -0.5542767 0.3758087 -0.7426609 -0.5542761 0.3758084 -0.7426615 -0.5916588 0.3136779 -0.7426615 -0.5916604 0.3136785 -0.7426598 -0.6221068 0.2478697 -0.7426599 -0.6221059 0.2478696 -0.7426608 -0.6452584 0.1791554 -0.7426607 -0.6452589 0.1791555 -0.7426604 -0.6608464 0.1083399 -0.7426604 -0.6608468 0.10834 -0.74266 -0.6686865 0.03625535 -0.74266 -0.6686863 0.03625541 -0.7426602 -0.6686863 -0.03625535 -0.7426603 -0.6686865 -0.03625541 -0.74266 -0.6608468 -0.10834 -0.7426601 -0.6608465 -0.1083399 -0.7426604 -0.6452588 -0.1791555 -0.7426604 -0.6452584 -0.1791554 -0.7426608 -0.6221059 -0.2478694 -0.7426607 -0.6221067 -0.2478699 -0.7426599 -0.5916605 -0.3136788 -0.7426598 -0.5916588 -0.3136777 -0.7426615 -0.5542762 -0.3758084 -0.7426615 -0.5542765 -0.3758087 -0.7426609 -0.5103956 -0.4335337 -0.7426608 -0.510397 -0.4335352 -0.7426589 -0.4605314 -0.4861774 -0.742659 -0.4605308 -0.4861765 -0.7426601 -0.4052661 -0.5331185 -0.7426601 -0.4052658 -0.533118 -0.7426607 -0.3452498 -0.5738098 -0.7426607 -0.34525 -0.5738102 -0.7426604 -0.2811865 -0.6077745 -0.7426603 -0.2811866 -0.6077749 -0.7426599 -0.2138265 -0.6346137 -0.7426599 -0.213827 -0.6346165 -0.7426573 -0.1439595 -0.6540152 -0.7426572 -0.1439593 -0.6540129 -0.7426593 -0.07240384 -0.6657437 -0.7426593 -0.0724039 -0.6657413 -0.7426615 0 -0.669667 -0.7426616 0 -0.669667 -0.7426615 0.0724036 -0.6657415 -0.7426615 0.0724042 -0.6657438 -0.7426593 0.1439589 -0.6540129 -0.7426593 0.1439598 -0.6540151 -0.7426573 0.2138274 -0.6346164 -0.7426573 0.2138261 -0.6346138 -0.7426599 0.2811866 -0.6077749 -0.7426599 0.2811865 -0.6077745 -0.7426604 0.34525 -0.5738101 -0.7426603 0.3452498 -0.5738098 -0.7426607 0.4052657 -0.533118 -0.7426607 0.4052662 -0.5331185 -0.7426601 0.4605306 -0.4861766 -0.7426599 0.4605315 -0.4861773 -0.742659 0.5103971 -0.433535 -0.7426589 0.5103954 -0.4335339 -0.7426608 0.5542767 -0.3758087 -0.7426609 0.5542761 -0.3758084 -0.7426615 0.5916588 -0.3136779 -0.7426615 0.5916604 -0.3136785 -0.7426598 0.6221068 -0.2478697 -0.7426599 0.6221059 -0.2478696 -0.7426608 0.6452584 -0.1791554 -0.7426607 0.6452589 -0.1791555 -0.7426604 0.6608464 -0.1083399 -0.7426604 0.6608468 -0.10834 -0.74266 0.6686865 -0.03625535 -0.74266 0.6686863 -0.03625541 -0.7426602 0.6686863 0.03625535 -0.7426603 0.4998276 0.02710002 -0.8657009 0.4939676 0.08098196 -0.8657008 0.4939649 0.08098119 -0.8657025 0.4823136 0.1339133 -0.8657025 0.4823186 0.1339153 -0.8656994 0.4650124 0.1852779 -0.8656995 0.4650108 0.1852771 -0.8657005 0.4422528 0.2344677 -0.8657005 0.4422535 0.2344682 -0.8657 0.4143107 0.2809097 -0.8657 0.4143093 0.2809085 -0.865701 0.3815088 0.3240565 -0.8657011 0.3815078 0.3240555 -0.8657019 0.3442349 0.3634044 -0.8657018 0.3442355 0.3634052 -0.8657013 0.3029267 0.3984932 -0.8657012 0.302927 0.3984937 -0.8657009 0.2580667 0.42891 -0.8657008 0.258067 0.4289107 -0.8657003 0.2101808 0.4542983 -0.8657004 0.2101808 0.4542983 -0.8657004 0.1598305 0.4743599 -0.8657003 0.15983 0.4743583 -0.8657012 0.1076059 0.4888582 -0.8657013 0.1076061 0.48886 -0.8657002 0.05412024 0.4976286 -0.8657002 0.05412024 0.4976283 -0.8657004 0 0.5005626 -0.8657004 0 0.5005626 -0.8657004 -0.05412018 0.4976282 -0.8657003 -0.05412024 0.4976286 -0.8657001 -0.1076063 0.48886 -0.8657002 -0.1076057 0.4888583 -0.8657012 -0.1598299 0.4743583 -0.8657013 -0.1598306 0.4743598 -0.8657003 -0.2101808 0.4542983 -0.8657004 -0.2101808 0.4542983 -0.8657003 -0.2580671 0.4289107 -0.8657003 -0.2580665 0.42891 -0.8657008 -0.3029271 0.3984937 -0.8657009 -0.3029267 0.3984933 -0.8657012 -0.3442357 0.3634052 -0.8657011 -0.3442347 0.3634044 -0.8657019 -0.3815076 0.3240556 -0.865702 -0.381509 0.3240565 -0.865701 -0.4143092 0.2809087 -0.8657011 -0.4143108 0.2809095 -0.8657 -0.4422537 0.2344681 -0.8657 -0.4422528 0.2344678 -0.8657005 -0.4650107 0.1852772 -0.8657006 -0.4650125 0.1852777 -0.8656994 -0.4823188 0.1339147 -0.8656994 -0.4823135 0.1339139 -0.8657025 -0.4939649 0.08098149 -0.8657025 -0.4939675 0.08098161 -0.8657009 -0.4998275 0.02709996 -0.8657009 -0.4998267 0.02710002 -0.8657013 -0.4998267 -0.0270999 -0.8657013 -0.4998276 -0.02710002 -0.8657009 -0.4939676 -0.08098196 -0.8657008 -0.4939649 -0.08098119 -0.8657025 -0.4823136 -0.1339133 -0.8657025 -0.4823186 -0.1339153 -0.8656994 -0.4650124 -0.1852779 -0.8656995 -0.4650108 -0.1852771 -0.8657005 -0.4422528 -0.2344677 -0.8657005 -0.4422535 -0.2344682 -0.8657 -0.4143107 -0.2809097 -0.8657 -0.4143093 -0.2809085 -0.865701 -0.3815088 -0.3240565 -0.8657011 -0.3815078 -0.3240555 -0.8657019 -0.3442349 -0.3634044 -0.8657018 -0.3442355 -0.3634052 -0.8657013 -0.3029267 -0.3984932 -0.8657012 -0.302927 -0.3984937 -0.8657009 -0.2580667 -0.42891 -0.8657008 -0.258067 -0.4289107 -0.8657003 -0.2101808 -0.4542983 -0.8657004 -0.2101808 -0.4542983 -0.8657004 -0.1598305 -0.4743599 -0.8657003 -0.15983 -0.4743583 -0.8657012 -0.1076059 -0.4888582 -0.8657013 -0.1076061 -0.48886 -0.8657002 -0.05412024 -0.4976286 -0.8657002 -0.05412024 -0.4976283 -0.8657004 0 -0.5005626 -0.8657004 0 -0.5005626 -0.8657004 0.05412018 -0.4976282 -0.8657003 0.05412024 -0.4976286 -0.8657001 0.1076063 -0.48886 -0.8657002 0.1076057 -0.4888583 -0.8657012 0.1598299 -0.4743583 -0.8657013 0.1598306 -0.4743598 -0.8657003 0.2101808 -0.4542983 -0.8657004 0.2101808 -0.4542983 -0.8657003 0.2580671 -0.4289107 -0.8657003 0.2580665 -0.42891 -0.8657008 0.3029271 -0.3984937 -0.8657009 0.3029267 -0.3984933 -0.8657012 0.3442357 -0.3634052 -0.8657011 0.3442347 -0.3634044 -0.8657019 0.3815076 -0.3240556 -0.865702 0.381509 -0.3240565 -0.865701 0.4143092 -0.2809087 -0.8657011 0.4143108 -0.2809095 -0.8657 0.4422537 -0.2344681 -0.8657 0.4422528 -0.2344678 -0.8657005 0.4650107 -0.1852772 -0.8657006 0.4650125 -0.1852777 -0.8656994 0.4823188 -0.1339147 -0.8656994 0.4823135 -0.1339139 -0.8657025 0.4939649 -0.08098149 -0.8657025 0.4939675 -0.08098161 -0.8657009 0.4998275 -0.02709996 -0.8657009 0.4998267 -0.02710002 -0.8657013 0.4998267 0.0270999 -0.8657013 0.3089509 0.01675087 -0.9509305 0.3053287 0.05005609 -0.9509305 0.3053291 0.05005621 -0.9509303 0.2981273 0.08277469 -0.9509303 0.2981247 0.08277362 -0.9509312 0.2874276 0.1145217 -0.9509312 0.2874273 0.1145215 -0.9509313 0.2733605 0.1449266 -0.9509313 0.2733609 0.1449268 -0.9509311 0.2560891 0.1736327 -0.9509312 0.2560896 0.173633 -0.950931 0.2358152 0.2003032 -0.950931 0.2358154 0.2003034 -0.950931 0.2127763 0.2246251 -0.950931 0.2127768 0.2246258 -0.9509307 0.1872432 0.2463143 -0.9509307 0.1872431 0.2463141 -0.9509308 0.1595142 0.2651148 -0.9509307 0.159514 0.2651143 -0.950931 0.129915 0.2808067 -0.950931 0.1299151 0.2808068 -0.9509309 0.09879279 0.2932071 -0.9509309 0.09879249 0.2932057 -0.9509314 0.06651222 0.3021683 -0.9509314 0.0665121 0.3021674 -0.9509317 0.03345221 0.3075872 -0.9509317 0.03345221 0.3075888 -0.9509311 0 0.3094026 -0.9509311 0 0.3094026 -0.9509311 -0.03345239 0.3075888 -0.9509311 -0.03345203 0.3075872 -0.9509317 -0.06651204 0.3021674 -0.9509317 -0.06651228 0.3021682 -0.9509314 -0.09879231 0.2932057 -0.9509314 -0.09879297 0.2932071 -0.9509309 -0.1299151 0.2808069 -0.950931 -0.129915 0.2808067 -0.9509309 -0.159514 0.2651144 -0.950931 -0.1595143 0.2651148 -0.9509308 -0.1872431 0.2463141 -0.9509308 -0.1872432 0.2463142 -0.9509307 -0.2127769 0.2246258 -0.9509307 -0.2127763 0.2246252 -0.950931 -0.2358154 0.2003034 -0.950931 -0.2358152 0.2003033 -0.950931 -0.2560895 0.173633 -0.950931 -0.2560891 0.1736328 -0.9509311 -0.2733609 0.1449267 -0.9509311 -0.2733604 0.1449266 -0.9509313 -0.2874273 0.1145216 -0.9509313 -0.2874276 0.1145216 -0.9509312 -0.2981246 0.08277392 -0.9509313 -0.2981274 0.0827744 -0.9509303 -0.3053292 0.05005615 -0.9509304 -0.3053287 0.05005615 -0.9509304 -0.3089509 0.01675081 -0.9509305 -0.3089503 0.01675081 -0.9509307 -0.3089503 -0.01675075 -0.9509307 -0.3089509 -0.01675087 -0.9509305 -0.3053287 -0.05005609 -0.9509305 -0.3053291 -0.05005621 -0.9509303 -0.2981273 -0.08277469 -0.9509303 -0.2981247 -0.08277362 -0.9509312 -0.2874276 -0.1145217 -0.9509312 -0.2874273 -0.1145215 -0.9509313 -0.2733605 -0.1449266 -0.9509313 -0.2733609 -0.1449268 -0.9509311 -0.2560891 -0.1736327 -0.9509312 -0.2560896 -0.173633 -0.950931 -0.2358152 -0.2003032 -0.950931 -0.2358154 -0.2003034 -0.950931 -0.2127763 -0.2246251 -0.950931 -0.2127768 -0.2246258 -0.9509307 -0.1872432 -0.2463143 -0.9509307 -0.1872431 -0.2463141 -0.9509308 -0.1595142 -0.2651148 -0.9509307 -0.159514 -0.2651143 -0.950931 -0.129915 -0.2808067 -0.950931 -0.1299151 -0.2808068 -0.9509309 -0.09879279 -0.2932071 -0.9509309 -0.09879249 -0.2932057 -0.9509314 -0.06651222 -0.3021683 -0.9509314 -0.0665121 -0.3021674 -0.9509317 -0.03345221 -0.3075872 -0.9509317 -0.03345221 -0.3075888 -0.9509311 0 -0.3094026 -0.9509311 0 -0.3094026 -0.9509311 0.03345239 -0.3075888 -0.9509311 0.03345203 -0.3075872 -0.9509317 0.06651204 -0.3021674 -0.9509317 0.06651228 -0.3021682 -0.9509314 0.09879231 -0.2932057 -0.9509314 0.09879297 -0.2932071 -0.9509309 0.1299151 -0.2808069 -0.950931 0.129915 -0.2808067 -0.9509309 0.159514 -0.2651144 -0.950931 0.1595143 -0.2651148 -0.9509308 0.1872431 -0.2463141 -0.9509308 0.1872432 -0.2463142 -0.9509307 0.2127769 -0.2246258 -0.9509307 0.2127763 -0.2246252 -0.950931 0.2358154 -0.2003034 -0.950931 0.2358152 -0.2003033 -0.950931 0.2560895 -0.173633 -0.950931 0.2560891 -0.1736328 -0.9509311 0.2733609 -0.1449267 -0.9509311 0.2733604 -0.1449266 -0.9509313 0.2874273 -0.1145216 -0.9509313 0.2874276 -0.1145216 -0.9509312 0.2981246 -0.08277392 -0.9509313 0.2981274 -0.0827744 -0.9509303 0.3053292 -0.05005615 -0.9509304 0.3053287 -0.05005615 -0.9509304 0.3089509 -0.01675081 -0.9509305 0.3089503 -0.01675081 -0.9509307 0.3089503 0.01675075 -0.9509307 0.1045269 0.005667269 -0.9945059 0.1033015 0.01693534 -0.994506 0.1033021 0.01693546 -0.9945059 0.1008654 0.02800518 -0.9945058 0.1008651 0.02800506 -0.9945059 0.09724599 0.03874629 -0.9945059 0.0972464 0.03874653 -0.9945058 0.09248709 0.04903358 -0.9945058 0.09248685 0.0490334 -0.9945059 0.08664321 0.05874556 -0.9945058 0.08664321 0.05874556 -0.9945059 0.07978385 0.06776899 -0.9945058 0.07978391 0.06776911 -0.9945059 0.07198911 0.07599794 -0.9945058 0.07198899 0.07599776 -0.9945059 0.06335014 0.08333569 -0.9945059 0.06335014 0.08333563 -0.9945059 0.0539686 0.08969646 -0.9945059 0.05396878 0.08969682 -0.9945058 0.04395449 0.09500604 -0.9945058 0.04395443 0.09500586 -0.9945059 0.03342473 0.09920132 -0.9945058 0.03342479 0.09920138 -0.9945058 0.02250331 0.1022337 -0.9945058 0.02250337 0.1022339 -0.9945058 0.01131802 0.1040676 -0.9945058 0.01131802 0.1040674 -0.9945059 0 0.104681 -0.9945058 0 0.104681 -0.9945059 -0.01131796 0.1040674 -0.9945058 -0.01131802 0.1040676 -0.9945058 -0.02250337 0.1022339 -0.9945058 -0.02250331 0.1022337 -0.9945058 -0.03342479 0.09920138 -0.9945058 -0.03342473 0.09920132 -0.9945059 -0.04395437 0.09500586 -0.9945058 -0.04395449 0.09500604 -0.9945058 -0.05396878 0.08969682 -0.9945058 -0.05396854 0.08969646 -0.9945059 -0.06335014 0.08333563 -0.9945059 -0.06335014 0.08333569 -0.9945059 -0.07198894 0.07599782 -0.9945059 -0.07198911 0.07599794 -0.9945059 -0.07978391 0.06776905 -0.9945058 -0.07978379 0.06776899 -0.9945059 -0.08664321 0.05874556 -0.9945058 -0.08664327 0.05874556 -0.9945059 -0.09248685 0.04903346 -0.9945058 -0.09248715 0.04903358 -0.9945058 -0.09724646 0.03874647 -0.9945058 -0.09724599 0.03874635 -0.9945059 -0.1008651 0.02800512 -0.9945059 -0.1008654 0.02800512 -0.9945059 -0.1033021 0.0169354 -0.9945058 -0.1033015 0.0169354 -0.9945059 -0.1045269 0.005667269 -0.994506 -0.1045272 0.005667269 -0.9945059 -0.1045272 -0.005667328 -0.9945059 -0.1045269 -0.005667269 -0.9945059 -0.1033015 -0.01693534 -0.994506 -0.1033021 -0.01693546 -0.9945059 -0.1008654 -0.02800518 -0.9945058 -0.1008651 -0.02800506 -0.9945059 -0.09724599 -0.03874629 -0.9945059 -0.0972464 -0.03874653 -0.9945058 -0.09248709 -0.04903358 -0.9945058 -0.09248685 -0.0490334 -0.9945059 -0.08664321 -0.05874556 -0.9945058 -0.08664321 -0.05874556 -0.9945059 -0.07978385 -0.06776899 -0.9945058 -0.07978391 -0.06776911 -0.9945059 -0.07198911 -0.07599794 -0.9945058 -0.07198899 -0.07599776 -0.9945059 -0.06335014 -0.08333569 -0.9945059 -0.06335014 -0.08333563 -0.9945059 -0.0539686 -0.08969646 -0.9945059 -0.05396878 -0.08969682 -0.9945058 -0.04395449 -0.09500604 -0.9945058 -0.04395443 -0.09500586 -0.9945059 -0.03342473 -0.09920132 -0.9945058 -0.03342479 -0.09920138 -0.9945058 -0.02250331 -0.1022337 -0.9945058 -0.02250337 -0.1022339 -0.9945058 -0.01131802 -0.1040676 -0.9945058 -0.01131802 -0.1040674 -0.9945059 0 -0.104681 -0.9945058 0 -0.104681 -0.9945059 0.01131796 -0.1040674 -0.9945058 0.01131802 -0.1040676 -0.9945058 0.02250337 -0.1022339 -0.9945058 0.02250331 -0.1022337 -0.9945058 0.03342479 -0.09920138 -0.9945058 0.03342473 -0.09920132 -0.9945059 0.04395437 -0.09500586 -0.9945058 0.04395449 -0.09500604 -0.9945058 0.05396878 -0.08969682 -0.9945058 0.05396854 -0.08969646 -0.9945059 0.06335014 -0.08333563 -0.9945059 0.06335014 -0.08333569 -0.9945059 0.07198894 -0.07599782 -0.9945059 0.07198911 -0.07599794 -0.9945059 0.07978391 -0.06776905 -0.9945058 0.07978379 -0.06776899 -0.9945059 0.08664321 -0.05874556 -0.9945058 0.08664327 -0.05874556 -0.9945059 0.09248685 -0.04903346 -0.9945058 0.09248715 -0.04903358 -0.9945058 0.09724646 -0.03874647 -0.9945058 0.09724599 -0.03874635 -0.9945059 0.1008651 -0.02800512 -0.9945059 0.1008654 -0.02800512 -0.9945059 0.1033021 -0.0169354 -0.9945058 0.1033015 -0.0169354 -0.9945059 0.1045269 -0.005667269 -0.994506 0.1045272 -0.005667269 -0.9945059 0.1045272 0.005667328 -0.9945059 -0.9984737 -8.52578e-4 -0.0552234 -0.9279513 -0.01010674 -0.3725642 -0.9260784 -0.002394795 -0.3773236 -0.9630171 -0.007521688 -0.2693355 -0.9620556 -0.001865446 -0.2728468 -0.9866324 -0.004843115 -0.1628898 -0.9197538 -0.02129495 -0.3919178 -0.9260745 -0.001946866 -0.3773357 -0.940257 -0.01471096 -0.3401477 -0.9620476 -0.01606339 -0.2724087 -0.9536781 0.02581363 -0.2997192 -0.9697661 -0.01010972 -0.2438267 -0.9797291 -0.0100677 -0.2000738 -0.9861205 0.01344138 -0.1654858 -0.9862827 -0.001311123 -0.16506 -0.998511 -0.00203669 -0.05451422 -0.9989959 -0.002046585 -0.04475826 -0.9983844 0.01169884 -0.05560368 -0.9949188 -0.004855334 -0.1005631 -0.9894096 -0.005864679 -0.1450319 -0.0304622 -0.979566 -0.1988025 -0.02991133 -0.9891924 -0.1435405 -0.03420829 -0.9544742 -0.2963256 -0.03459787 -0.9695856 -0.2422949 -0.03869032 -0.9401195 -0.3386419 -0.03731125 -0.9196721 -0.3909106 -0.09112852 -0.9948713 -0.04389435 -0.024764 -0.9985966 -0.04681456 -0.02302348 -0.9987892 -0.04347574 -0.09241259 -0.9206834 -0.3792124 -0.08184444 -0.9124679 -0.4008789 -0.04343342 -0.9143263 -0.4026423 -0.07600086 -0.9905936 -0.1137902 -0.1204865 -0.9915147 -0.04880249 -0.1830499 -0.9819406 -0.0478065 -0.1714434 -0.98057 -0.09534037 -0.2184399 -0.869242 -0.4435114 -0.2052539 -0.8724468 -0.4435172 -0.1636603 -0.8843716 -0.4371522 -0.1696712 -0.8902925 -0.4226002 -0.1168068 -0.8982254 -0.4237303 -0.2181462 -0.9745829 -0.05099487 -0.2481154 -0.9673825 -0.05108612 -0.2485005 -0.9672448 -0.05181819 -0.2878855 -0.9562436 -0.05215334 -0.3121231 -0.9445539 -0.1019666 -0.33405 -0.9410281 -0.05363434 -0.4051139 -0.912625 -0.05475777 -0.3937343 -0.7830188 -0.4815132 -0.3508234 -0.803875 -0.4803207 -0.3508513 -0.8110617 -0.4680624 -0.3082104 -0.8283756 -0.4677609 -0.2756125 -0.8521739 -0.4447892 -0.2722421 -0.8498817 -0.4512042 -0.2218523 -0.8644849 -0.4510515 -0.3778927 -0.9136976 -0.1495123 -0.4275788 -0.9022808 -0.05536812 -0.4934114 -0.8679559 -0.05654859 -0.4691981 -0.8716267 -0.1418447 -0.5175739 -0.8537534 -0.05676722 -0.5534873 -0.8308802 -0.05735689 -0.5534266 -0.8309296 -0.05722779 -0.5784697 -0.813668 -0.05759572 -0.6083538 -0.7887945 -0.08780002 -0.4378708 -0.7694171 -0.4650445 -0.4235155 -0.7615604 -0.4905714 -0.4761682 -0.7289203 -0.4918729 -0.4776155 -0.7288736 -0.4905372 -0.4903484 -0.7174317 -0.4948234 -0.5273165 -0.690664 -0.4948945 -0.5268141 -0.6880773 -0.4990156 -0.6176897 -0.7842912 -0.05784952 -0.6579968 -0.7507695 -0.05818486 -0.6826806 -0.7245181 -0.09497845 -0.6942416 -0.7173795 -0.05826836 -0.7309525 -0.6799401 -0.05822342 -0.7511007 -0.6524839 -0.1005616 -0.6920215 -0.5748234 -0.4366742 -0.6371344 -0.5859079 -0.500771 -0.5929808 -0.6308111 -0.5004509 -0.6093553 -0.6359306 -0.4735803 -0.5665687 -0.6551651 -0.4997586 -0.6561819 -0.566926 -0.4980164 -0.6947988 -0.5189632 -0.4979274 -0.6946961 -0.5206641 -0.4962927 -0.7116101 -0.4975616 -0.4960276 -0.7641054 -0.6424647 -0.05815559 -0.7964038 -0.602002 -0.05774497 -0.7964432 -0.6019404 -0.05784553 -0.8350788 -0.5471615 -0.05707478 -0.8351066 -0.5470907 -0.05734717 -0.8629582 -0.502094 -0.05660969 -0.8841708 -0.461846 -0.07028722 -0.7541081 -0.4749351 -0.4536052 -0.7334366 -0.4725543 -0.4886341 -0.7669137 -0.4168002 -0.4879764 -0.7969521 -0.408827 -0.444666 -0.7916941 -0.3813403 -0.4772841 -0.8866875 -0.4589743 -0.05592787 -0.9095353 -0.4119566 -0.05511099 -0.9250016 -0.3716354 -0.0791155 -0.8142594 -0.331932 -0.4762383 -0.8361175 -0.3289732 -0.4389581 -0.8363385 -0.2948547 -0.4621675 -0.8463357 -0.2656204 -0.4616943 -0.8481041 -0.2712883 -0.4551067 -0.9290334 -0.3660538 -0.05386662 -0.9469144 -0.3170515 -0.05321192 -0.9498326 -0.3066313 -0.06160527 -0.9531937 -0.2977546 -0.05257225 -0.9691057 -0.2411218 -0.05190902 -0.965581 -0.247082 -0.08126336 -0.9936755 -0.1017729 -0.04744786 -0.9872608 -0.1467867 -0.06139779 -0.9874839 -0.1495178 -0.05020064 -0.978393 -0.2005881 -0.05011606 -0.0380516 -0.9728131 -0.2284442 -0.09186601 -0.9697996 -0.2259408 -0.09496361 -0.9658647 -0.2410132 -0.1772407 -0.9545199 -0.2397446 -0.179322 -0.9509307 -0.2521396 -0.2382252 -0.9378073 -0.25252 -0.2403463 -0.9360571 -0.2569645 -0.3005813 -0.9184063 -0.2572562 -0.3016743 -0.9154886 -0.2662204 -0.3869566 -0.8824142 -0.2675998 -0.3875861 -0.880055 -0.2743726 -0.4715398 -0.8375688 -0.2759143 -0.4718355 -0.8357998 -0.2807309 -0.5290803 -0.8003695 -0.2819268 -0.5295922 -0.7995238 -0.2833612 -0.5840057 -0.7604919 -0.2838828 -0.5840598 -0.759635 -0.2860574 -0.6566746 -0.6976003 -0.2865877 -0.656671 -0.6974006 -0.287081 -0.7238867 -0.6274234 -0.2869286 -0.7239382 -0.6279166 -0.2857172 -0.7660728 -0.5758895 -0.285454 -0.7658839 -0.576559 -0.2846078 -0.8040115 -0.522611 -0.2836253 -0.804309 -0.5240458 -0.2801126 -0.8531473 -0.4410156 -0.2786486 -0.8537855 -0.4431503 -0.2732548 -0.8944854 -0.3551209 -0.2716339 -0.8956364 -0.3579498 -0.2640216 -0.9191628 -0.2928894 -0.2633543 -0.9193942 -0.2955122 -0.2595897 -0.9380054 -0.2307312 -0.2586677 -0.9400491 -0.2343576 -0.2477587 -0.9581593 -0.142899 -0.2480133 -0.9610498 -0.1469084 -0.2340964 -0.9975461 -0.05031144 -0.04868757 -0.9977966 -0.05160737 -0.04169613 -0.9938431 -0.05251294 -0.09756165 -0.9881435 -0.05549627 -0.1431528 -0.9789813 -0.1475406 -0.1408096 -0.9779827 -0.1452445 -0.1498461 -0.9594448 -0.2389292 -0.1495942 -0.9588704 -0.237042 -0.1561368 -0.94001 -0.3028797 -0.1569877 -0.9400865 -0.3015335 -0.1591067 -0.9162132 -0.3674108 -0.1598834 -0.9160032 -0.3661286 -0.1639751 -0.8746468 -0.4555896 -0.1656235 -0.8745913 -0.4547045 -0.1683263 -0.8249993 -0.5390171 -0.1698135 -0.8250149 -0.5384618 -0.1714919 -0.78639 -0.5931916 -0.1723793 -0.7865093 -0.5929193 -0.1727708 -0.7436932 -0.6457075 -0.1731542 -0.7437165 -0.6455363 -0.1736913 -0.6752485 -0.7168117 -0.1738401 -0.6752321 -0.7168828 -0.1736108 -0.6010428 -0.7802543 -0.1730633 -0.6009484 -0.7805466 -0.1720699 -0.5451073 -0.8206524 -0.1714282 -0.5448315 -0.8209755 -0.1707571 -0.4857915 -0.8574573 -0.1696282 -0.4855102 -0.8580824 -0.1672555 -0.398831 -0.9019384 -0.1656534 -0.3983345 -0.9028007 -0.1621128 -0.3097563 -0.9371424 -0.1606706 -0.3089519 -0.938258 -0.1556299 -0.2457488 -0.9568229 -0.1552332 -0.2444392 -0.9575806 -0.1526066 -0.1821268 -0.9714121 -0.1522776 -0.1806223 -0.9728859 -0.1444596 -0.09352141 -0.9848855 -0.1457887 -0.09124714 -0.9865644 -0.1355162 -0.03173154 -0.9898947 -0.1382088 -0.02611434 -0.9947195 -0.09925264 -0.9883202 -0.05569982 -0.141847 -0.9788025 -0.05557733 -0.1971216 -0.9698385 -0.0595709 -0.236357 -0.9688228 -0.05903011 -0.2406197 -0.9538398 -0.05783951 -0.2946932 -0.04200631 -0.9475458 -0.3168479 -0.09174799 -0.9448175 -0.3144871 -0.09546852 -0.9377321 -0.3339825 -0.1722187 -0.9271432 -0.3327856 -0.1746234 -0.9205471 -0.3494275 -0.2295328 -0.9082562 -0.3498362 -0.2323518 -0.9051627 -0.3559398 -0.2889847 -0.8886228 -0.3561423 -0.290051 -0.8831394 -0.3686939 -0.3710691 -0.8517114 -0.3699939 -0.371514 -0.8472348 -0.3796979 -0.4517105 -0.8066446 -0.381159 -0.4517374 -0.8032619 -0.3882057 -0.5064323 -0.7693303 -0.3894321 -0.5070816 -0.7678308 -0.3915408 -0.5593605 -0.7304024 -0.3919543 -0.55921 -0.7287774 -0.3951808 -0.6292668 -0.6689211 -0.3956865 -0.629201 -0.6685404 -0.3964338 -0.6942502 -0.6008151 -0.3962801 -0.6944831 -0.6017087 -0.3945123 -0.7353597 -0.5511189 -0.3943527 -0.7351775 -0.5522711 -0.3930783 -0.7723417 -0.4998012 -0.3920294 -0.7732905 -0.5023747 -0.3868354 -0.8207778 -0.4216415 -0.3854119 -0.8225076 -0.4253478 -0.377572 -0.8620927 -0.3397396 -0.3759962 -0.8648675 -0.3444842 -0.3651503 -0.8877974 -0.2808806 -0.3645846 -0.8886501 -0.2849348 -0.3593235 -0.9068533 -0.2218098 -0.358354 -0.9112079 -0.2275258 -0.3434124 -0.9287424 -0.1390312 -0.3436681 -0.9344292 -0.1450504 -0.3252729 -0.9427985 -0.06248754 -0.3274543 -0.9394821 -0.06155848 -0.3370222 -0.8609666 -0.2282121 -0.4545939 -0.8868511 -0.2181226 -0.4073299 -0.8792471 -0.1916499 -0.4361134 -0.8899998 -0.1336496 -0.4359336 -0.899347 -0.1420037 -0.4135334 -0.907655 -0.05800884 -0.4156889 -0.9189376 -0.06587225 -0.388863 -0.009804725 -0.9261161 -0.3771114 -8.4163e-4 -0.9985126 -0.05451428 -0.002032399 -0.998474 -0.05518716 -0.001325666 -0.986643 -0.1628916 -0.004788279 -0.9862896 -0.1649544 -0.001962184 -0.9630424 -0.2693427 -0.002046585 -0.9989959 -0.04475826 0.01169884 -0.9983844 -0.05560368 -0.004855334 -0.9949188 -0.1005631 -0.006314098 -0.9862889 -0.1649074 0.0259965 -0.9888129 -0.1468781 -0.0100677 -0.9797291 -0.2000738 -0.01010972 -0.9697661 -0.2438267 0.008630156 -0.961937 -0.2731353 -0.007366657 -0.9620756 -0.2726836 -0.002625584 -0.9279956 -0.372582 -0.02129495 -0.9197538 -0.3919177 -0.001946866 -0.9260745 -0.3773357 -0.01471096 -0.940257 -0.3401477 -0.01557523 -0.9545965 -0.2974946 -0.9197538 0.02129495 -0.3919177 -0.9260745 0.001946866 -0.3773357 -0.9797291 0.01006776 -0.2000738 -0.9697661 0.01010972 -0.2438267 -0.961937 -0.008630156 -0.2731353 -0.9545965 0.01557523 -0.2974946 -0.940257 0.01471096 -0.3401477 -0.9888129 -0.0259965 -0.1468781 -0.9862889 0.006314098 -0.1649074 -0.9949188 0.004855334 -0.1005631 -0.9983844 -0.01169884 -0.05560368 -0.9989959 0.002046585 -0.04475826 -0.9985126 8.4163e-4 -0.05451428 -0.998474 0.002032399 -0.05518716 -0.986643 0.001325666 -0.1628916 -0.9862896 0.004788279 -0.1649544 -0.9630424 0.001962184 -0.2693427 -0.9620756 0.007366657 -0.2726836 -0.9279956 0.002625584 -0.372582 -0.9261161 0.009804725 -0.3771114 -0.979566 0.0304622 -0.1988025 -0.9891924 0.02991133 -0.1435405 -0.9544742 0.03420829 -0.2963256 -0.9695856 0.03459787 -0.2422949 -0.9401195 0.03869032 -0.3386419 -0.9196721 0.03731125 -0.3909106 -0.9948713 0.09112852 -0.04389435 -0.9985966 0.024764 -0.04681456 -0.9987892 0.02302348 -0.04347574 -0.9206834 0.09241259 -0.3792124 -0.9124679 0.08184444 -0.4008789 -0.9143263 0.04343342 -0.4026423 -0.9905936 0.07600086 -0.1137902 -0.9915147 0.1204865 -0.04880249 -0.9819406 0.1830499 -0.0478065 -0.98057 0.1714434 -0.09534037 -0.869242 0.2184399 -0.4435114 -0.8724468 0.2052539 -0.4435172 -0.8843716 0.1636603 -0.4371522 -0.8902925 0.1696712 -0.4226002 -0.8982254 0.1168068 -0.4237303 -0.9745829 0.2181462 -0.05099487 -0.9673825 0.2481154 -0.05108612 -0.9672448 0.2485005 -0.05181819 -0.9562436 0.2878855 -0.05215334 -0.9445539 0.3121231 -0.1019666 -0.9410281 0.33405 -0.05363434 -0.912625 0.4051139 -0.05475777 -0.7830188 0.3937343 -0.4815132 -0.803875 0.3508234 -0.4803207 -0.8110617 0.3508513 -0.4680624 -0.8283756 0.3082104 -0.4677609 -0.8521739 0.2756125 -0.4447892 -0.8498817 0.2722421 -0.4512042 -0.8644849 0.2218523 -0.4510515 -0.9136976 0.3778927 -0.1495123 -0.9022808 0.4275788 -0.05536812 -0.8679559 0.4934114 -0.05654859 -0.8716267 0.4691981 -0.1418447 -0.8537534 0.5175739 -0.05676722 -0.8308802 0.5534873 -0.05735689 -0.8309296 0.5534266 -0.05722779 -0.813668 0.5784697 -0.05759572 -0.7887945 0.6083538 -0.08780002 -0.7694171 0.4378708 -0.4650445 -0.7615604 0.4235155 -0.4905714 -0.7289203 0.4761682 -0.4918729 -0.7288736 0.4776155 -0.4905372 -0.7174317 0.4903484 -0.4948234 -0.690664 0.5273165 -0.4948945 -0.6880773 0.5268141 -0.4990156 -0.7842912 0.6176897 -0.05784952 -0.7507695 0.6579968 -0.05818486 -0.7245181 0.6826806 -0.09497845 -0.7173795 0.6942416 -0.05826836 -0.6799401 0.7309525 -0.05822342 -0.6524839 0.7511007 -0.1005616 -0.5748234 0.6920215 -0.4366742 -0.5859079 0.6371344 -0.500771 -0.6308111 0.5929808 -0.5004509 -0.6359306 0.6093553 -0.4735803 -0.6551651 0.5665687 -0.4997586 -0.566926 0.6561819 -0.4980164 -0.5189632 0.6947988 -0.4979274 -0.5206641 0.6946961 -0.4962927 -0.4975616 0.7116101 -0.4960276 -0.6424647 0.7641054 -0.05815559 -0.602002 0.7964038 -0.05774497 -0.6019404 0.7964432 -0.05784553 -0.5471615 0.8350788 -0.05707478 -0.5470907 0.8351066 -0.05734717 -0.502094 0.8629582 -0.05660969 -0.461846 0.8841708 -0.07028722 -0.4749351 0.7541081 -0.4536052 -0.4725543 0.7334366 -0.4886341 -0.4168002 0.7669137 -0.4879764 -0.408827 0.7969521 -0.444666 -0.3813403 0.7916941 -0.4772841 -0.4589743 0.8866875 -0.05592787 -0.4119566 0.9095353 -0.05511099 -0.3716354 0.9250016 -0.0791155 -0.331932 0.8142594 -0.4762383 -0.3289732 0.8361175 -0.4389581 -0.2948547 0.8363385 -0.4621675 -0.2656204 0.8463357 -0.4616943 -0.2712883 0.8481041 -0.4551067 -0.3660538 0.9290334 -0.05386662 -0.3170515 0.9469144 -0.05321192 -0.3066313 0.9498326 -0.06160527 -0.2977546 0.9531937 -0.05257225 -0.2411218 0.9691057 -0.05190902 -0.247082 0.965581 -0.08126336 -0.1017729 0.9936755 -0.04744786 -0.1467867 0.9872608 -0.06139779 -0.1495178 0.9874839 -0.05020064 -0.2005881 0.978393 -0.05011606 -0.9728131 0.0380516 -0.2284442 -0.9697996 0.09186601 -0.2259408 -0.9658647 0.09496361 -0.2410132 -0.9545199 0.1772407 -0.2397446 -0.9509307 0.179322 -0.2521396 -0.9378073 0.2382252 -0.25252 -0.9360571 0.2403463 -0.2569645 -0.9184063 0.3005813 -0.2572562 -0.9154886 0.3016743 -0.2662204 -0.8824142 0.3869566 -0.2675998 -0.880055 0.3875861 -0.2743726 -0.8375688 0.4715398 -0.2759143 -0.8357998 0.4718355 -0.2807309 -0.8003695 0.5290803 -0.2819268 -0.7995238 0.5295922 -0.2833612 -0.7604919 0.5840057 -0.2838828 -0.759635 0.5840598 -0.2860574 -0.6976003 0.6566746 -0.2865877 -0.6974006 0.656671 -0.287081 -0.6274234 0.7238867 -0.2869286 -0.6279166 0.7239382 -0.2857172 -0.5758895 0.7660728 -0.285454 -0.576559 0.7658839 -0.2846078 -0.522611 0.8040115 -0.2836253 -0.5240458 0.804309 -0.2801126 -0.4410156 0.8531473 -0.2786486 -0.4431503 0.8537855 -0.2732548 -0.3551209 0.8944854 -0.2716339 -0.3579498 0.8956364 -0.2640216 -0.2928894 0.9191628 -0.2633543 -0.2955122 0.9193942 -0.2595897 -0.2307312 0.9380054 -0.2586677 -0.2343576 0.9400491 -0.2477587 -0.142899 0.9581593 -0.2480133 -0.1469084 0.9610498 -0.2340964 -0.05031144 0.9975461 -0.04868757 -0.05160737 0.9977966 -0.04169613 -0.05251294 0.9938431 -0.09756165 -0.05549627 0.9881435 -0.1431528 -0.1475406 0.9789813 -0.1408096 -0.1452445 0.9779827 -0.1498461 -0.2389292 0.9594448 -0.1495942 -0.237042 0.9588704 -0.1561368 -0.3028797 0.94001 -0.1569877 -0.3015335 0.9400865 -0.1591067 -0.3674108 0.9162132 -0.1598834 -0.3661286 0.9160032 -0.1639751 -0.4555896 0.8746468 -0.1656235 -0.4547045 0.8745913 -0.1683263 -0.5390171 0.8249993 -0.1698135 -0.5384618 0.8250149 -0.1714919 -0.5931916 0.78639 -0.1723793 -0.5929193 0.7865093 -0.1727708 -0.6457075 0.7436932 -0.1731542 -0.6455363 0.7437165 -0.1736913 -0.7168117 0.6752485 -0.1738401 -0.7168828 0.6752321 -0.1736108 -0.7802543 0.6010428 -0.1730633 -0.7805466 0.6009484 -0.1720699 -0.8206524 0.5451073 -0.1714282 -0.8209755 0.5448315 -0.1707571 -0.8574573 0.4857915 -0.1696282 -0.8580824 0.4855102 -0.1672555 -0.9019384 0.398831 -0.1656534 -0.9028007 0.3983345 -0.1621128 -0.9371424 0.3097563 -0.1606706 -0.938258 0.3089519 -0.1556299 -0.9568229 0.2457488 -0.1552332 -0.9575806 0.2444392 -0.1526066 -0.9714121 0.1821268 -0.1522776 -0.9728859 0.1806223 -0.1444596 -0.9848855 0.09352141 -0.1457887 -0.9865644 0.09124714 -0.1355162 -0.9898947 0.03173154 -0.1382088 -0.9947195 0.02611434 -0.09925264 -0.05569982 0.9883202 -0.141847 -0.05557733 0.9788025 -0.1971216 -0.0595709 0.9698385 -0.236357 -0.05903011 0.9688228 -0.2406197 -0.05783951 0.9538398 -0.2946932 -0.9475458 0.04200631 -0.3168479 -0.9448175 0.09174799 -0.3144871 -0.9377321 0.09546852 -0.3339825 -0.9271432 0.1722187 -0.3327856 -0.9205471 0.1746234 -0.3494275 -0.9082562 0.2295328 -0.3498362 -0.9051627 0.2323518 -0.3559398 -0.8886228 0.2889847 -0.3561423 -0.8831394 0.290051 -0.3686939 -0.8517114 0.3710691 -0.3699939 -0.8472348 0.371514 -0.3796979 -0.8066446 0.4517105 -0.381159 -0.8032619 0.4517374 -0.3882057 -0.7693303 0.5064323 -0.3894321 -0.7678308 0.5070816 -0.3915408 -0.7304024 0.5593605 -0.3919543 -0.7287774 0.55921 -0.3951808 -0.6689211 0.6292668 -0.3956865 -0.6685404 0.629201 -0.3964338 -0.6008151 0.6942502 -0.3962801 -0.6017087 0.6944831 -0.3945123 -0.5511189 0.7353597 -0.3943527 -0.5522711 0.7351775 -0.3930783 -0.4998012 0.7723417 -0.3920294 -0.5023747 0.7732905 -0.3868354 -0.4216415 0.8207778 -0.3854119 -0.4253478 0.8225076 -0.377572 -0.3397396 0.8620927 -0.3759962 -0.3444842 0.8648675 -0.3651503 -0.2808806 0.8877974 -0.3645846 -0.2849348 0.8886501 -0.3593235 -0.2218098 0.9068533 -0.358354 -0.2275258 0.9112079 -0.3434124 -0.1390312 0.9287424 -0.3436681 -0.1450504 0.9344292 -0.3252729 -0.06248754 0.9427985 -0.3274543 -0.06155848 0.9394821 -0.3370222 -0.2282121 0.8609666 -0.4545939 -0.2181226 0.8868511 -0.4073299 -0.1916499 0.8792471 -0.4361134 -0.1336496 0.8899998 -0.4359336 -0.1420037 0.899347 -0.4135334 -0.05800884 0.907655 -0.4156889 -0.06587225 0.9189376 -0.388863 0.002046585 -0.9989959 -0.04475826 -0.01169884 -0.9983844 -0.05560368 0.01010972 -0.9697661 -0.2438267 0.0100677 -0.9797291 -0.2000738 -0.01344138 -0.9861205 -0.1654858 0.005864679 -0.9894096 -0.1450319 0.004855334 -0.9949188 -0.1005631 -0.02581363 -0.9536782 -0.2997192 0.01606339 -0.9620476 -0.2724087 0.01471096 -0.940257 -0.3401477 0.001946866 -0.9260745 -0.3773357 0.02129495 -0.9197538 -0.3919177 0.01010674 -0.9279513 -0.3725642 0.002394795 -0.9260784 -0.3773236 0.007521688 -0.9630171 -0.2693355 0.001865446 -0.9620556 -0.2728468 0.004843115 -0.9866324 -0.1628898 0.001311123 -0.9862827 -0.16506 0.00203669 -0.998511 -0.05451422 8.52578e-4 -0.9984737 -0.0552234 0.979566 -0.0304622 -0.1988025 0.9891924 -0.02991133 -0.1435405 0.9544742 -0.03420829 -0.2963256 0.9695856 -0.03459787 -0.2422949 0.9401195 -0.03869032 -0.3386419 0.9196721 -0.03731125 -0.3909106 0.9948713 -0.09112852 -0.04389435 0.9985966 -0.024764 -0.04681456 0.9987892 -0.02302348 -0.04347574 0.9206834 -0.09241259 -0.3792124 0.9124679 -0.08184444 -0.4008789 0.9143263 -0.04343342 -0.4026423 0.9905936 -0.07600086 -0.1137902 0.9915147 -0.1204865 -0.04880249 0.9819406 -0.1830499 -0.0478065 0.98057 -0.1714434 -0.09534037 0.869242 -0.2184399 -0.4435114 0.8724468 -0.2052539 -0.4435172 0.8843716 -0.1636603 -0.4371522 0.8902925 -0.1696712 -0.4226002 0.8982254 -0.1168068 -0.4237303 0.9745829 -0.2181462 -0.05099487 0.9673825 -0.2481154 -0.05108612 0.9672448 -0.2485005 -0.05181819 0.9562436 -0.2878855 -0.05215334 0.9445539 -0.3121231 -0.1019666 0.9410281 -0.33405 -0.05363434 0.912625 -0.4051139 -0.05475777 0.7830188 -0.3937343 -0.4815132 0.803875 -0.3508234 -0.4803207 0.8110617 -0.3508513 -0.4680624 0.8283756 -0.3082104 -0.4677609 0.8521739 -0.2756125 -0.4447892 0.8498817 -0.2722421 -0.4512042 0.8644849 -0.2218523 -0.4510515 0.9136976 -0.3778927 -0.1495123 0.9022808 -0.4275788 -0.05536812 0.8679559 -0.4934114 -0.05654859 0.8716267 -0.4691981 -0.1418447 0.8537534 -0.5175739 -0.05676722 0.8308802 -0.5534873 -0.05735689 0.8309296 -0.5534266 -0.05722779 0.813668 -0.5784697 -0.05759572 0.7887945 -0.6083538 -0.08780002 0.7694171 -0.4378708 -0.4650445 0.7615604 -0.4235155 -0.4905714 0.7289203 -0.4761682 -0.4918729 0.7288736 -0.4776155 -0.4905372 0.7174317 -0.4903484 -0.4948234 0.690664 -0.5273165 -0.4948945 0.6880773 -0.5268141 -0.4990156 0.7842912 -0.6176897 -0.05784952 0.7507695 -0.6579968 -0.05818486 0.7245181 -0.6826806 -0.09497845 0.7173795 -0.6942416 -0.05826836 0.6799401 -0.7309525 -0.05822342 0.6524839 -0.7511007 -0.1005616 0.5748234 -0.6920215 -0.4366742 0.5859079 -0.6371344 -0.500771 0.6308111 -0.5929808 -0.5004509 0.6359306 -0.6093553 -0.4735803 0.6551651 -0.5665687 -0.4997586 0.566926 -0.6561819 -0.4980164 0.5189632 -0.6947988 -0.4979274 0.5206641 -0.6946961 -0.4962927 0.4975616 -0.7116101 -0.4960276 0.6424647 -0.7641054 -0.05815559 0.602002 -0.7964038 -0.05774497 0.6019404 -0.7964432 -0.05784553 0.5471615 -0.8350788 -0.05707478 0.5470907 -0.8351066 -0.05734717 0.502094 -0.8629582 -0.05660969 0.461846 -0.8841708 -0.07028722 0.4749351 -0.7541081 -0.4536052 0.4725543 -0.7334366 -0.4886341 0.4168002 -0.7669137 -0.4879764 0.408827 -0.7969521 -0.444666 0.3813403 -0.7916941 -0.4772841 0.4589743 -0.8866875 -0.05592787 0.4119566 -0.9095353 -0.05511099 0.3716354 -0.9250016 -0.0791155 0.331932 -0.8142594 -0.4762383 0.3289732 -0.8361175 -0.4389581 0.2948547 -0.8363385 -0.4621675 0.2656204 -0.8463357 -0.4616943 0.2712883 -0.8481041 -0.4551067 0.3660538 -0.9290334 -0.05386662 0.3170515 -0.9469144 -0.05321192 0.3066313 -0.9498326 -0.06160527 0.2977546 -0.9531937 -0.05257225 0.2411218 -0.9691057 -0.05190902 0.247082 -0.965581 -0.08126336 0.1017729 -0.9936755 -0.04744786 0.1467867 -0.9872608 -0.06139779 0.1495178 -0.9874839 -0.05020064 0.2005881 -0.978393 -0.05011606 0.9728131 -0.0380516 -0.2284442 0.9697996 -0.09186601 -0.2259408 0.9658647 -0.09496361 -0.2410132 0.9545199 -0.1772407 -0.2397446 0.9509307 -0.179322 -0.2521396 0.9378073 -0.2382252 -0.25252 0.9360571 -0.2403463 -0.2569645 0.9184063 -0.3005813 -0.2572562 0.9154886 -0.3016743 -0.2662204 0.8824142 -0.3869566 -0.2675998 0.880055 -0.3875861 -0.2743726 0.8375688 -0.4715398 -0.2759143 0.8357998 -0.4718355 -0.2807309 0.8003695 -0.5290803 -0.2819268 0.7995238 -0.5295922 -0.2833612 0.7604919 -0.5840057 -0.2838828 0.759635 -0.5840598 -0.2860574 0.6976003 -0.6566746 -0.2865877 0.6974006 -0.656671 -0.287081 0.6274234 -0.7238867 -0.2869286 0.6279166 -0.7239382 -0.2857172 0.5758895 -0.7660728 -0.285454 0.576559 -0.7658839 -0.2846078 0.522611 -0.8040115 -0.2836253 0.5240458 -0.804309 -0.2801126 0.4410156 -0.8531473 -0.2786486 0.4431503 -0.8537855 -0.2732548 0.3551209 -0.8944854 -0.2716339 0.3579498 -0.8956364 -0.2640216 0.2928894 -0.9191628 -0.2633543 0.2955122 -0.9193942 -0.2595897 0.2307312 -0.9380054 -0.2586677 0.2343576 -0.9400491 -0.2477587 0.142899 -0.9581593 -0.2480133 0.1469084 -0.9610498 -0.2340964 0.05031144 -0.9975461 -0.04868757 0.05160737 -0.9977966 -0.04169613 0.05251294 -0.9938431 -0.09756165 0.05549627 -0.9881435 -0.1431528 0.1475406 -0.9789813 -0.1408096 0.1452445 -0.9779827 -0.1498461 0.2389292 -0.9594448 -0.1495942 0.237042 -0.9588704 -0.1561368 0.3028797 -0.94001 -0.1569877 0.3015335 -0.9400865 -0.1591067 0.3674108 -0.9162132 -0.1598834 0.3661286 -0.9160032 -0.1639751 0.4555896 -0.8746468 -0.1656235 0.4547045 -0.8745913 -0.1683263 0.5390171 -0.8249993 -0.1698135 0.5384618 -0.8250149 -0.1714919 0.5931916 -0.78639 -0.1723793 0.5929193 -0.7865093 -0.1727708 0.6457075 -0.7436932 -0.1731542 0.6455363 -0.7437165 -0.1736913 0.7168117 -0.6752485 -0.1738401 0.7168828 -0.6752321 -0.1736108 0.7802543 -0.6010428 -0.1730633 0.7805466 -0.6009484 -0.1720699 0.8206524 -0.5451073 -0.1714282 0.8209755 -0.5448315 -0.1707571 0.8574573 -0.4857915 -0.1696282 0.8580824 -0.4855102 -0.1672555 0.9019384 -0.398831 -0.1656534 0.9028007 -0.3983345 -0.1621128 0.9371424 -0.3097563 -0.1606706 0.938258 -0.3089519 -0.1556299 0.9568229 -0.2457488 -0.1552332 0.9575806 -0.2444392 -0.1526066 0.9714121 -0.1821268 -0.1522776 0.9728859 -0.1806223 -0.1444596 0.9848855 -0.09352141 -0.1457887 0.9865644 -0.09124714 -0.1355162 0.9898947 -0.03173154 -0.1382088 0.9947195 -0.02611434 -0.09925264 0.05569982 -0.9883202 -0.141847 0.05557733 -0.9788025 -0.1971216 0.0595709 -0.9698385 -0.236357 0.05903011 -0.9688228 -0.2406197 0.05783951 -0.9538398 -0.2946932 0.9475458 -0.04200631 -0.3168479 0.9448175 -0.09174799 -0.3144871 0.9377321 -0.09546852 -0.3339825 0.9271432 -0.1722187 -0.3327856 0.9205471 -0.1746234 -0.3494275 0.9082562 -0.2295328 -0.3498362 0.9051627 -0.2323518 -0.3559398 0.8886228 -0.2889847 -0.3561423 0.8831394 -0.290051 -0.3686939 0.8517114 -0.3710691 -0.3699939 0.8472348 -0.371514 -0.3796979 0.8066446 -0.4517105 -0.381159 0.8032619 -0.4517374 -0.3882057 0.7693303 -0.5064323 -0.3894321 0.7678308 -0.5070816 -0.3915408 0.7304024 -0.5593605 -0.3919543 0.7287774 -0.55921 -0.3951808 0.6689211 -0.6292668 -0.3956865 0.6685404 -0.629201 -0.3964338 0.6008151 -0.6942502 -0.3962801 0.6017087 -0.6944831 -0.3945123 0.5511189 -0.7353597 -0.3943527 0.5522711 -0.7351775 -0.3930783 0.4998012 -0.7723417 -0.3920294 0.5023747 -0.7732905 -0.3868354 0.4216415 -0.8207778 -0.3854119 0.4253478 -0.8225076 -0.377572 0.3397396 -0.8620927 -0.3759962 0.3444842 -0.8648675 -0.3651503 0.2808806 -0.8877974 -0.3645846 0.2849348 -0.8886501 -0.3593235 0.2218098 -0.9068533 -0.358354 0.2275258 -0.9112079 -0.3434124 0.1390312 -0.9287424 -0.3436681 0.1450504 -0.9344292 -0.3252729 0.06248754 -0.9427985 -0.3274543 0.06155848 -0.9394821 -0.3370222 0.2282121 -0.8609666 -0.4545939 0.2181226 -0.8868511 -0.4073299 0.1916499 -0.8792471 -0.4361134 0.1336496 -0.8899998 -0.4359336 0.1420037 -0.899347 -0.4135334 0.05800884 -0.907655 -0.4156889 0.06587225 -0.9189376 -0.388863 0.0304622 0.979566 -0.1988025 0.02991133 0.9891924 -0.1435405 0.03420829 0.9544742 -0.2963256 0.03459787 0.9695856 -0.2422949 0.03869032 0.9401195 -0.3386419 0.03731125 0.9196721 -0.3909106 0.09112852 0.9948713 -0.04389435 0.024764 0.9985966 -0.04681456 0.02302348 0.9987892 -0.04347574 0.09241259 0.9206834 -0.3792124 0.08184444 0.9124679 -0.4008789 0.04343342 0.9143263 -0.4026423 0.07600086 0.9905936 -0.1137902 0.1204865 0.9915147 -0.04880249 0.1830499 0.9819406 -0.0478065 0.1714434 0.98057 -0.09534037 0.2184399 0.869242 -0.4435114 0.2052539 0.8724468 -0.4435172 0.1636603 0.8843716 -0.4371522 0.1696712 0.8902925 -0.4226002 0.1168068 0.8982254 -0.4237303 0.2181462 0.9745829 -0.05099487 0.2481154 0.9673825 -0.05108612 0.2485005 0.9672448 -0.05181819 0.2878855 0.9562436 -0.05215334 0.3121231 0.9445539 -0.1019666 0.33405 0.9410281 -0.05363434 0.4051139 0.912625 -0.05475777 0.3937343 0.7830188 -0.4815132 0.3508234 0.803875 -0.4803207 0.3508513 0.8110617 -0.4680624 0.3082104 0.8283756 -0.4677609 0.2756125 0.8521739 -0.4447892 0.2722421 0.8498817 -0.4512042 0.2218523 0.8644849 -0.4510515 0.3778927 0.9136976 -0.1495123 0.4275788 0.9022808 -0.05536812 0.4934114 0.8679559 -0.05654859 0.4691981 0.8716267 -0.1418447 0.5175739 0.8537534 -0.05676722 0.5534873 0.8308802 -0.05735689 0.5534266 0.8309296 -0.05722779 0.5784697 0.813668 -0.05759572 0.6083538 0.7887945 -0.08780002 0.4378708 0.7694171 -0.4650445 0.4235155 0.7615604 -0.4905714 0.4761682 0.7289203 -0.4918729 0.4776155 0.7288736 -0.4905372 0.4903484 0.7174317 -0.4948234 0.5273165 0.690664 -0.4948945 0.5268141 0.6880773 -0.4990156 0.6176897 0.7842912 -0.05784952 0.6579968 0.7507695 -0.05818486 0.6826806 0.7245181 -0.09497845 0.6942416 0.7173795 -0.05826836 0.7309525 0.6799401 -0.05822342 0.7511007 0.6524839 -0.1005616 0.6920215 0.5748234 -0.4366742 0.6371344 0.5859079 -0.500771 0.5929808 0.6308111 -0.5004509 0.6093553 0.6359306 -0.4735803 0.5665687 0.6551651 -0.4997586 0.6561819 0.566926 -0.4980164 0.6947988 0.5189632 -0.4979274 0.6946961 0.5206641 -0.4962927 0.7116101 0.4975616 -0.4960276 0.7641054 0.6424647 -0.05815559 0.7964038 0.602002 -0.05774497 0.7964432 0.6019404 -0.05784553 0.8350788 0.5471615 -0.05707478 0.8351066 0.5470907 -0.05734717 0.8629582 0.502094 -0.05660969 0.8841708 0.461846 -0.07028722 0.7541081 0.4749351 -0.4536052 0.7334366 0.4725543 -0.4886341 0.7669137 0.4168002 -0.4879764 0.7969521 0.408827 -0.444666 0.7916941 0.3813403 -0.4772841 0.8866875 0.4589743 -0.05592787 0.9095353 0.4119566 -0.05511099 0.9250016 0.3716354 -0.0791155 0.8142594 0.331932 -0.4762383 0.8361175 0.3289732 -0.4389581 0.8363385 0.2948547 -0.4621675 0.8463357 0.2656204 -0.4616943 0.8481041 0.2712883 -0.4551067 0.9290334 0.3660538 -0.05386662 0.9469144 0.3170515 -0.05321192 0.9498326 0.3066313 -0.06160527 0.9531937 0.2977546 -0.05257225 0.9691057 0.2411218 -0.05190902 0.965581 0.247082 -0.08126336 0.9936755 0.1017729 -0.04744786 0.9872608 0.1467867 -0.06139779 0.9874839 0.1495178 -0.05020064 0.978393 0.2005881 -0.05011606 0.0380516 0.9728131 -0.2284442 0.09186601 0.9697996 -0.2259408 0.09496361 0.9658647 -0.2410132 0.1772407 0.9545199 -0.2397446 0.179322 0.9509307 -0.2521396 0.2382252 0.9378073 -0.25252 0.2403463 0.9360571 -0.2569645 0.3005813 0.9184063 -0.2572562 0.3016743 0.9154886 -0.2662204 0.3869566 0.8824142 -0.2675998 0.3875861 0.880055 -0.2743726 0.4715398 0.8375688 -0.2759143 0.4718355 0.8357998 -0.2807309 0.5290803 0.8003695 -0.2819268 0.5295922 0.7995238 -0.2833612 0.5840057 0.7604919 -0.2838828 0.5840598 0.759635 -0.2860574 0.6566746 0.6976003 -0.2865877 0.656671 0.6974006 -0.287081 0.7238867 0.6274234 -0.2869286 0.7239382 0.6279166 -0.2857172 0.7660728 0.5758895 -0.285454 0.7658839 0.576559 -0.2846078 0.8040115 0.522611 -0.2836253 0.804309 0.5240458 -0.2801126 0.8531473 0.4410156 -0.2786486 0.8537855 0.4431503 -0.2732548 0.8944854 0.3551209 -0.2716339 0.8956364 0.3579498 -0.2640216 0.9191628 0.2928894 -0.2633543 0.9193942 0.2955122 -0.2595897 0.9380054 0.2307312 -0.2586677 0.9400491 0.2343576 -0.2477587 0.9581593 0.142899 -0.2480133 0.9610498 0.1469084 -0.2340964 0.9975461 0.05031144 -0.04868757 0.9977966 0.05160737 -0.04169613 0.9938431 0.05251294 -0.09756165 0.9881435 0.05549627 -0.1431528 0.9789813 0.1475406 -0.1408096 0.9779827 0.1452445 -0.1498461 0.9594448 0.2389292 -0.1495942 0.9588704 0.237042 -0.1561368 0.94001 0.3028797 -0.1569877 0.9400865 0.3015335 -0.1591067 0.9162132 0.3674108 -0.1598834 0.9160032 0.3661286 -0.1639751 0.8746468 0.4555896 -0.1656235 0.8745913 0.4547045 -0.1683263 0.8249993 0.5390171 -0.1698135 0.8250149 0.5384618 -0.1714919 0.78639 0.5931916 -0.1723793 0.7865093 0.5929193 -0.1727708 0.7436932 0.6457075 -0.1731542 0.7437165 0.6455363 -0.1736913 0.6752485 0.7168117 -0.1738401 0.6752321 0.7168828 -0.1736108 0.6010428 0.7802543 -0.1730633 0.6009484 0.7805466 -0.1720699 0.5451073 0.8206524 -0.1714282 0.5448315 0.8209755 -0.1707571 0.4857915 0.8574573 -0.1696282 0.4855102 0.8580824 -0.1672555 0.398831 0.9019384 -0.1656534 0.3983345 0.9028007 -0.1621128 0.3097563 0.9371424 -0.1606706 0.3089519 0.938258 -0.1556299 0.2457488 0.9568229 -0.1552332 0.2444392 0.9575806 -0.1526066 0.1821268 0.9714121 -0.1522776 0.1806223 0.9728859 -0.1444596 0.09352141 0.9848855 -0.1457887 0.09124714 0.9865644 -0.1355162 0.03173154 0.9898947 -0.1382088 0.02611434 0.9947195 -0.09925264 0.9883202 0.05569982 -0.141847 0.9788025 0.05557733 -0.1971216 0.9698385 0.0595709 -0.236357 0.9688228 0.05903011 -0.2406197 0.9538398 0.05783951 -0.2946932 0.04200631 0.9475458 -0.3168479 0.09174799 0.9448175 -0.3144871 0.09546852 0.9377321 -0.3339825 0.1722187 0.9271432 -0.3327856 0.1746234 0.9205471 -0.3494275 0.2295328 0.9082562 -0.3498362 0.2323518 0.9051627 -0.3559398 0.2889847 0.8886228 -0.3561423 0.290051 0.8831394 -0.3686939 0.3710691 0.8517114 -0.3699939 0.371514 0.8472348 -0.3796979 0.4517105 0.8066446 -0.381159 0.4517374 0.8032619 -0.3882057 0.5064323 0.7693303 -0.3894321 0.5070816 0.7678308 -0.3915408 0.5593605 0.7304024 -0.3919543 0.55921 0.7287774 -0.3951808 0.6292668 0.6689211 -0.3956865 0.629201 0.6685404 -0.3964338 0.6942502 0.6008151 -0.3962801 0.6944831 0.6017087 -0.3945123 0.7353597 0.5511189 -0.3943527 0.7351775 0.5522711 -0.3930783 0.7723417 0.4998012 -0.3920294 0.7732905 0.5023747 -0.3868354 0.8207778 0.4216415 -0.3854119 0.8225076 0.4253478 -0.377572 0.8620927 0.3397396 -0.3759962 0.8648675 0.3444842 -0.3651503 0.8877974 0.2808806 -0.3645846 0.8886501 0.2849348 -0.3593235 0.9068533 0.2218098 -0.358354 0.9112079 0.2275258 -0.3434124 0.9287424 0.1390312 -0.3436681 0.9344292 0.1450504 -0.3252729 0.9427985 0.06248754 -0.3274543 0.9394821 0.06155848 -0.3370222 0.8609666 0.2282121 -0.4545939 0.8868511 0.2181226 -0.4073299 0.8792471 0.1916499 -0.4361134 0.8899998 0.1336496 -0.4359336 0.899347 0.1420037 -0.4135334 0.907655 0.05800884 -0.4156889 0.9189376 0.06587225 -0.388863 -8.52578e-4 0.9984737 -0.0552234 -0.01010674 0.9279513 -0.3725642 -0.002394795 0.9260784 -0.3773236 -0.007521688 0.9630171 -0.2693355 -0.001865446 0.9620556 -0.2728468 -0.004843115 0.9866324 -0.1628898 -0.02129495 0.9197538 -0.3919178 -0.001946866 0.9260745 -0.3773357 -0.01471096 0.940257 -0.3401477 -0.01606339 0.9620476 -0.2724087 0.02581363 0.9536781 -0.2997192 -0.01010972 0.9697661 -0.2438267 -0.0100677 0.9797291 -0.2000738 0.01344138 0.9861205 -0.1654858 -0.001311123 0.9862827 -0.16506 -0.00203669 0.998511 -0.05451422 -0.002046585 0.9989959 -0.04475826 0.01169884 0.9983844 -0.05560368 -0.004855334 0.9949188 -0.1005631 -0.005864679 0.9894096 -0.1450319 0.8056582 0.2238882 0.5484423 0.7642037 0.3111588 0.564954 0.7153074 0.3944974 0.5768077 0.4528492 0.676661 0.5805665 0.3365042 0.7601829 0.555776 0.2494385 0.8061379 0.5365837 0.1582258 0.8441779 0.51218 0.06354635 0.8737346 0.482234 0.01288765 0.8759473 0.4822345 0.02491837 0.8830451 0.468626 0.0122804 0.8225001 0.5686324 0.02321493 0.8301409 0.5570701 0.01147049 0.7605541 0.6491731 0.02133041 0.7684128 0.6395989 0.01048642 0.6907551 0.7230128 0.01926857 0.6985116 0.7153393 0.00934261 0.6138222 0.789389 0.01703953 0.6211813 0.7834817 0.008057653 0.5305371 0.8476234 0.01466828 0.5372458 0.8432982 0.006667137 0.4417668 0.8971051 0.01215851 0.4475815 0.8941605 0.005185782 0.3484387 0.9373172 0.00953412 0.3531698 0.9355107 0.003643155 0.2514936 0.9678521 0.00680381 0.2549781 0.9669229 0.002059698 0.1519393 0.9883877 0.00399214 0.1540699 0.9880519 4.68523e-4 0.05083984 0.9987067 0.001120328 0.05154967 0.9986698 0.1076311 0.8520703 0.512242 0.08266353 0.839596 0.5368848 0.07276844 0.8015388 0.5934984 0.08569943 0.8184978 0.5680819 0.06731802 0.7396231 0.6696462 0.079032 0.7569802 0.6486408 0.06114232 0.670535 0.7393541 0.07161295 0.6876227 0.722528 0.05431735 0.5949446 0.8019294 0.06350833 0.6111349 0.7889745 0.04691916 0.5135824 0.8567565 0.0547837 0.5282908 0.8472943 0.03902035 0.4272198 0.9033054 0.04552328 0.4399526 0.8968665 0.03070855 0.3366919 0.941114 0.0358206 0.3470442 0.9371644 0.02208006 0.2428842 0.9698039 0.02575957 0.2505072 0.967772 0.01322233 0.1467108 0.989091 0.01543349 0.1513511 0.9883596 0.004223227 0.04908704 0.9987856 0.004962265 0.0506435 0.9987045 0.1996588 0.819769 0.5367636 0.170555 0.8104676 0.5604045 0.1574565 0.7732353 0.6142596 0.1696264 0.7867122 0.5935578 0.1451506 0.7122261 0.686779 0.1563696 0.7259799 0.6697027 0.131462 0.6446954 0.7530509 0.141638 0.6581931 0.7394055 0.1165227 0.5712576 0.8124575 0.1255692 0.5840117 0.8019742 0.1004768 0.4925759 0.8644497 0.1083157 0.5041551 0.8567937 0.08348476 0.4093779 0.9085373 0.09002745 0.419383 0.9033344 0.06569504 0.3223885 0.9443251 0.07088232 0.3305161 0.9411348 0.04729628 0.2324458 0.9714587 0.05105668 0.2384276 0.9698172 0.02845591 0.1403596 0.9896916 0.03073877 0.1440159 0.9890978 0.009356021 0.04697746 0.9988521 0.01010853 0.04818129 0.9987875 0.2882707 0.7795019 0.5561266 0.2547518 0.7767316 0.5760119 0.237682 0.7388055 0.6306138 0.2485105 0.7489076 0.6143125 0.218696 0.6795649 0.7002596 0.2288069 0.6898649 0.6868288 0.1977669 0.6143949 0.7638109 0.2070327 0.6244869 0.7530961 0.1750692 0.5438405 0.8207243 0.1833863 0.5533705 0.8124965 0.1508191 0.468533 0.8704772 0.1580714 0.4771628 0.8644819 0.1252177 0.3890978 0.9126464 0.1313292 0.3965698 0.9085621 0.09852176 0.3062681 0.9468333 0.1033683 0.3123003 0.9443429 0.07093352 0.2207218 0.972754 0.07447093 0.2251673 0.9714699 0.04274046 0.13327 0.9901577 0.04487687 0.1359605 0.9896973 0.01414942 0.04459124 0.9989051 0.01487386 0.04549902 0.9988536 0.372852 0.7316704 0.5706486 0.3366746 0.7406027 0.5815135 0.3134667 0.6989092 0.6428567 0.3224252 0.7059111 0.6306596 0.2880759 0.64221 0.710337 0.2965162 0.6493492 0.7003026 0.2602323 0.5800995 0.7718573 0.2680381 0.5871028 0.7638494 0.2301753 0.5130937 0.8268943 0.2372196 0.5196962 0.8207573 0.1981546 0.4417524 0.8749797 0.2043399 0.4477362 0.8705042 0.1644489 0.3666736 0.9157003 0.1696602 0.371825 0.9126673 0.1293411 0.2884958 0.948705 0.1335077 0.2926682 0.946848 0.09312689 0.2078496 0.9737175 0.09616816 0.210911 0.9727632 0.0561347 0.1254585 0.9905095 0.05800306 0.1273354 0.9901623 0.01867747 0.04199129 0.9989435 0.01928359 0.04259473 0.9989063 0.4131654 0.7021159 0.5799376 0.4200285 0.7061334 0.5700454 0.3848997 0.6540209 0.6512365 0.3915346 0.6583211 0.642895 0.3534462 0.600543 0.7172335 0.3597477 0.60494 0.7103726 0.3190867 0.5421489 0.7773405 0.3249282 0.5464507 0.7718895 0.2820637 0.4792696 0.8311082 0.2873766 0.4833376 0.8269217 0.2427152 0.4124432 0.8780546 0.2474012 0.41613 0.875002 0.2013755 0.342237 0.9177808 0.2053285 0.3454014 0.9157172 0.1583462 0.2691801 0.9499834 0.1615242 0.2717468 0.9487168 0.1140164 0.1938978 0.9743736 0.1163334 0.1957712 0.973725 0.0687493 0.1170204 0.990747 0.07016301 0.1181564 0.9905131 0.02290976 0.03915309 0.9989705 0.02339327 0.03953647 0.9989443 0.4870936 0.6479852 0.5855383 0.4870303 0.6479562 0.585623 0.4520983 0.6044534 0.6559293 0.456035 0.6065333 0.6512676 0.414987 0.5548242 0.7210797 0.4187349 0.5569522 0.7172625 0.3744988 0.500701 0.780416 0.3780124 0.5028009 0.777366 0.3309566 0.442495 0.8334662 0.3341583 0.4444785 0.83113 0.2847434 0.380723 0.8797563 0.287545 0.3825007 0.8780723 0.2361772 0.315829 0.9189518 0.2385875 0.3173796 0.9177942 0.1857051 0.2483627 0.9506995 0.1876374 0.2496121 0.9499926 0.1337288 0.1788843 0.9747394 0.1351331 0.1797896 0.9743792 0.08064997 0.1079347 0.9908812 0.08151876 0.1084886 0.9907497 0.02692729 0.03610491 0.9989851 0.02720844 0.03628081 0.9989712 0.03078353 0.03286916 0.9989855 0.03071677 0.03283691 0.9989886 0.09211629 0.09831357 0.9908829 0.09189456 0.09820371 0.9909145 0.1526986 0.1629679 0.9747433 0.1523621 0.1627984 0.9748243 0.212029 0.2262772 0.9507063 0.2115703 0.2260443 0.9508638 0.2696424 0.2877539 0.9189617 0.269047 0.2874519 0.9192307 0.3250616 0.3469015 0.8797695 0.3243734 0.3465561 0.8801596 0.3778104 0.4031942 0.8334829 0.3770378 0.4028145 0.8340162 0.4275151 0.4562355 0.7804358 0.4266676 0.4558333 0.7811343 0.473734 0.5055575 0.7211018 0.472828 0.505149 0.7219821 0.5161093 0.5507779 0.6559534 0.5151702 0.5503846 0.6570209 0.6593059 0.4733197 0.5841953 0.6159053 0.5289914 0.5838056 0.5741524 0.4918584 0.6545413 0.5719054 0.4911465 0.6570383 0.5270748 0.4515257 0.7199422 0.5248984 0.4507777 0.721998 0.4756971 0.4075086 0.7795184 0.4736537 0.4067671 0.7811483 0.4204326 0.3601546 0.8327816 0.41856 0.3594509 0.834028 0.361763 0.3098816 0.8792616 0.3600991 0.3092437 0.8801687 0.3001142 0.2570565 0.9186149 0.2986788 0.2565022 0.9192374 0.2360212 0.2021479 0.9504895 0.2348714 0.2017056 0.9508682 0.1699819 0.1455707 0.974636 0.1691548 0.1452573 0.9748266 0.1025657 0.08780974 0.9908429 0.1020331 0.08761304 0.9909153 0.03428375 0.02932858 0.9989817 0.03412824 0.02927327 0.9989886 0.5989444 0.4901136 0.6332885 0.5965831 0.5470001 0.5872644 0.5536735 0.5908706 0.5867859 0.5472213 0.5712231 0.6117622 0.5275873 0.614961 0.586067 0.6885632 0.4392084 0.5770413 0.6533775 0.4470693 0.6109229 0.6290001 0.4288311 0.648431 0.623465 0.4276134 0.6545519 0.5777041 0.3938469 0.7149423 0.5723444 0.3925444 0.7199519 0.5216399 0.3555968 0.7755274 0.5165504 0.3542789 0.7795269 0.4612287 0.3143854 0.8297168 0.4565289 0.3131207 0.8327886 0.3969882 0.2705685 0.8770365 0.3928115 0.2694229 0.8792669 0.3294297 0.2244856 0.9171054 0.3258621 0.2235038 0.9186185 0.2591378 0.176544 0.9495682 0.2562678 0.1757632 0.9504915 0.1866784 0.1271306 0.9741607 0.1845622 0.1265696 0.9746367 0.112658 0.07666891 0.9906715 0.1113665 0.07634037 0.9908429 0.03769332 0.02557682 0.998962 0.03724509 0.0254693 0.9989815 0.7428914 0.358386 0.5653952 0.7084072 0.3792245 0.5952713 0.6795321 0.3611765 0.6385825 0.6707339 0.360066 0.6484354 0.6246514 0.3319715 0.7068278 0.6160231 0.330707 0.7149464 0.5644277 0.2999296 0.7690667 0.5562201 0.2986158 0.7755306 0.4993683 0.2653106 0.8247675 0.4917836 0.2640352 0.8297194 0.4300498 0.2284278 0.8734288 0.4232672 0.2272638 0.8770382 0.3570257 0.189582 0.9146537 0.3512135 0.188588 0.9171062 0.2809271 0.1491133 0.9480745 0.2762556 0.1483348 0.9495682 0.2024337 0.1073784 0.9733912 0.1989951 0.106833 0.97416 0.1222088 0.0647459 0.9903903 0.1200825 0.06443357 0.9906708 0.04087501 0.02155756 0.9989317 0.04018706 0.02146714 0.9989615 0.7899972 0.2728675 0.5490427 0.7618024 0.3074782 0.5701879 0.7254623 0.2887531 0.6247608 0.7134893 0.288352 0.6385814 0.6676366 0.2656877 0.695465 0.6558446 0.2650741 0.7068264 0.6038879 0.2402548 0.7599981 0.5925897 0.2395327 0.7690653 0.5347555 0.2126797 0.8178042 0.5242546 0.2119393 0.8247659 0.4608541 0.1832139 0.8683583 0.4514508 0.1825307 0.873427 0.382831 0.1521121 0.9112092 0.3747639 0.1515403 0.9146516 0.3013824 0.1196614 0.945965 0.2948591 0.1192345 0.9480724 0.2172552 0.08616799 0.9723041 0.2124502 0.08589684 0.9733893 0.1311765 0.05192798 0.9899981 0.1282455 0.05179965 0.9903888 0.04388403 0.01723498 0.998888 0.04290318 0.01720815 0.9989311 0.8294103 0.1832965 0.527713 0.8106882 0.2298768 0.538462 0.7662867 0.2114127 0.6067201 0.7514031 0.2123091 0.6247544 0.7062969 0.1947894 0.6805893 0.6914824 0.1954207 0.6954588 0.6396971 0.1763415 0.7481253 0.6254242 0.1767949 0.7599922 0.5671048 0.1562373 0.8086916 0.5537927 0.1565859 0.8177985 0.4892037 0.1346732 0.8617093 0.4772266 0.1349728 0.8683531 0.4067037 0.1118541 0.9066867 0.3963977 0.1121398 0.9112045 0.3203775 0.08800154 0.9431935 0.3120316 0.08828574 0.9459609 0.23105 0.06335198 0.9708771 0.2249076 0.06362217 0.9723007 0.1395219 0.03813123 0.9894846 0.1357865 0.03834635 0.9899957 0.0466932 0.01258987 0.99883 0.04542851 0.01268488 0.9988871 0.8546586 0.1377551 0.5005819 0.8379845 0.1408436 0.527205 0.8013115 0.1290723 0.5841577 0.7839198 0.1318095 0.6067092 0.7400176 0.1190997 0.6619587 0.7225231 0.1215444 0.6805787 0.6713613 0.1079391 0.7332279 0.6543652 0.110136 0.7481152 0.5960549 0.09571135 0.7972189 0.5800762 0.09769648 0.8086822 0.5147719 0.08253765 0.8533449 0.5003616 0.08432024 0.861701 0.4283993 0.06855529 0.9009851 0.4159485 0.07013815 0.9066793 0.3377178 0.05391162 0.9397022 0.3276326 0.05526572 0.9431874 0.2436818 0.03876137 0.9690803 0.2362618 0.03983801 0.9708725 0.1472015 0.02326148 0.988833 0.1426571 0.02398753 0.9894815 0.0492621 0.007587432 0.9987571 0.047742 0.007858932 0.9988288 0.8824422 0.04455447 0.4683061 0.8642604 0.04985862 0.5005679 0.8296397 0.04177594 0.5567339 0.8102989 0.04682332 0.5841432 0.7680164 0.03854888 0.6392689 0.7483003 0.0433219 0.661944 0.6982154 0.0349093 0.7150361 0.6788563 0.03938484 0.7332141 0.6209747 0.03090536 0.7832211 0.6026895 0.03504133 0.7972061 0.5371139 0.02657604 0.843091 0.5204821 0.03033417 0.8533336 0.4475064 0.02199018 0.8940103 0.4331324 0.02529484 0.9009753 0.3531337 0.01719021 0.9354149 0.341432 0.01997238 0.9396943 0.2549648 0.01225173 0.9668727 0.246348 0.01440173 0.9690744 0.154067 0.007228672 0.9880338 0.148804 0.008625388 0.9888291 0.05154961 0.002192378 0.9986681 0.04979807 0.002692878 0.9987557 0.9989959 0.002046585 -0.04475826 0.9983844 -0.01169884 -0.05560368 0.9697661 0.01010972 -0.2438267 0.9797291 0.0100677 -0.2000738 0.9861205 -0.01344138 -0.1654858 0.9894096 0.005864679 -0.1450319 0.9949188 0.004855334 -0.1005631 0.9536782 -0.02581363 -0.2997192 0.9620476 0.01606339 -0.2724087 0.940257 0.01471096 -0.3401477 0.9260745 0.001946866 -0.3773357 0.9197538 0.02129495 -0.3919177 0.9279513 0.01010674 -0.3725642 0.9260784 0.002394795 -0.3773236 0.9630171 0.007521688 -0.2693355 0.9620556 0.001865446 -0.2728468 0.9866324 0.004843115 -0.1628898 0.9862827 0.001311123 -0.16506 0.998511 0.00203669 -0.05451422 0.9984737 8.52578e-4 -0.0552234 -0.2238882 0.8056582 0.5484423 -0.3111588 0.7642037 0.564954 -0.3944974 0.7153074 0.5768077 -0.676661 0.4528492 0.5805665 -0.7601829 0.3365042 0.555776 -0.8061379 0.2494385 0.5365837 -0.8441779 0.1582258 0.51218 -0.8737346 0.06354635 0.482234 -0.8759473 0.01288765 0.4822345 -0.8830451 0.02491837 0.468626 -0.8225001 0.0122804 0.5686324 -0.8301409 0.02321493 0.5570701 -0.7605541 0.01147049 0.6491731 -0.7684128 0.02133041 0.6395989 -0.6907551 0.01048642 0.7230128 -0.6985116 0.01926857 0.7153393 -0.6138222 0.00934261 0.789389 -0.6211813 0.01703953 0.7834817 -0.5305371 0.008057653 0.8476234 -0.5372458 0.01466828 0.8432982 -0.4417668 0.006667137 0.8971051 -0.4475815 0.01215851 0.8941605 -0.3484387 0.005185782 0.9373172 -0.3531698 0.00953412 0.9355107 -0.2514936 0.003643155 0.9678521 -0.2549781 0.00680381 0.9669229 -0.1519393 0.002059698 0.9883877 -0.1540699 0.00399214 0.9880519 -0.05083984 4.68523e-4 0.9987067 -0.05154967 0.001120328 0.9986698 -0.8520703 0.1076311 0.512242 -0.839596 0.08266353 0.5368848 -0.8015388 0.07276844 0.5934984 -0.8184978 0.08569943 0.5680819 -0.7396231 0.06731802 0.6696462 -0.7569802 0.079032 0.6486408 -0.670535 0.06114232 0.7393541 -0.6876227 0.07161295 0.722528 -0.5949446 0.05431735 0.8019294 -0.6111349 0.06350833 0.7889745 -0.5135824 0.04691916 0.8567565 -0.5282908 0.0547837 0.8472943 -0.4272198 0.03902035 0.9033054 -0.4399526 0.04552328 0.8968665 -0.3366919 0.03070855 0.941114 -0.3470442 0.0358206 0.9371644 -0.2428842 0.02208006 0.9698039 -0.2505072 0.02575957 0.967772 -0.1467108 0.01322233 0.989091 -0.1513511 0.01543349 0.9883596 -0.04908704 0.004223227 0.9987856 -0.0506435 0.004962265 0.9987045 -0.819769 0.1996588 0.5367636 -0.8104676 0.170555 0.5604045 -0.7732353 0.1574565 0.6142596 -0.7867122 0.1696264 0.5935578 -0.7122261 0.1451506 0.686779 -0.7259799 0.1563696 0.6697027 -0.6446954 0.131462 0.7530509 -0.6581931 0.141638 0.7394055 -0.5712576 0.1165227 0.8124575 -0.5840117 0.1255692 0.8019742 -0.4925759 0.1004768 0.8644497 -0.5041551 0.1083157 0.8567937 -0.4093779 0.08348476 0.9085373 -0.419383 0.09002745 0.9033344 -0.3223885 0.06569504 0.9443251 -0.3305161 0.07088232 0.9411348 -0.2324458 0.04729628 0.9714587 -0.2384276 0.05105668 0.9698172 -0.1403596 0.02845591 0.9896916 -0.1440159 0.03073877 0.9890978 -0.04697746 0.009356021 0.9988521 -0.04818129 0.01010853 0.9987875 -0.7795019 0.2882707 0.5561266 -0.7767316 0.2547518 0.5760119 -0.7388055 0.237682 0.6306138 -0.7489076 0.2485105 0.6143125 -0.6795649 0.218696 0.7002596 -0.6898649 0.2288069 0.6868288 -0.6143949 0.1977669 0.7638109 -0.6244869 0.2070327 0.7530961 -0.5438405 0.1750692 0.8207243 -0.5533705 0.1833863 0.8124965 -0.468533 0.1508191 0.8704772 -0.4771628 0.1580714 0.8644819 -0.3890978 0.1252177 0.9126464 -0.3965698 0.1313292 0.9085621 -0.3062681 0.09852176 0.9468333 -0.3123003 0.1033683 0.9443429 -0.2207218 0.07093352 0.972754 -0.2251673 0.07447093 0.9714699 -0.13327 0.04274046 0.9901577 -0.1359605 0.04487687 0.9896973 -0.04459124 0.01414942 0.9989051 -0.04549902 0.01487386 0.9988536 -0.7316704 0.372852 0.5706486 -0.7406027 0.3366746 0.5815135 -0.6989092 0.3134667 0.6428567 -0.7059111 0.3224252 0.6306596 -0.64221 0.2880759 0.710337 -0.6493492 0.2965162 0.7003026 -0.5800995 0.2602323 0.7718573 -0.5871028 0.2680381 0.7638494 -0.5130937 0.2301753 0.8268943 -0.5196962 0.2372196 0.8207573 -0.4417524 0.1981546 0.8749797 -0.4477362 0.2043399 0.8705042 -0.3666736 0.1644489 0.9157003 -0.371825 0.1696602 0.9126673 -0.2884958 0.1293411 0.948705 -0.2926682 0.1335077 0.946848 -0.2078496 0.09312689 0.9737175 -0.210911 0.09616816 0.9727632 -0.1254585 0.0561347 0.9905095 -0.1273354 0.05800306 0.9901623 -0.04199129 0.01867747 0.9989435 -0.04259473 0.01928359 0.9989063 -0.7021159 0.4131654 0.5799376 -0.7061334 0.4200285 0.5700454 -0.6540209 0.3848997 0.6512365 -0.6583211 0.3915346 0.642895 -0.600543 0.3534462 0.7172335 -0.60494 0.3597477 0.7103726 -0.5421489 0.3190867 0.7773405 -0.5464507 0.3249282 0.7718895 -0.4792696 0.2820637 0.8311082 -0.4833376 0.2873766 0.8269217 -0.4124432 0.2427152 0.8780546 -0.41613 0.2474012 0.875002 -0.342237 0.2013755 0.9177808 -0.3454014 0.2053285 0.9157172 -0.2691801 0.1583462 0.9499834 -0.2717468 0.1615242 0.9487168 -0.1938978 0.1140164 0.9743736 -0.1957712 0.1163334 0.973725 -0.1170204 0.0687493 0.990747 -0.1181564 0.07016301 0.9905131 -0.03915309 0.02290976 0.9989705 -0.03953647 0.02339327 0.9989443 -0.6479852 0.4870936 0.5855383 -0.6479562 0.4870303 0.585623 -0.6044534 0.4520983 0.6559293 -0.6065333 0.456035 0.6512676 -0.5548242 0.414987 0.7210797 -0.5569522 0.4187349 0.7172625 -0.500701 0.3744988 0.780416 -0.5028009 0.3780124 0.777366 -0.442495 0.3309566 0.8334662 -0.4444785 0.3341583 0.83113 -0.380723 0.2847434 0.8797563 -0.3825007 0.287545 0.8780723 -0.315829 0.2361772 0.9189518 -0.3173796 0.2385875 0.9177942 -0.2483627 0.1857051 0.9506995 -0.2496121 0.1876374 0.9499926 -0.1788843 0.1337288 0.9747394 -0.1797896 0.1351331 0.9743792 -0.1079347 0.08064997 0.9908812 -0.1084886 0.08151876 0.9907497 -0.03610491 0.02692729 0.9989851 -0.03628081 0.02720844 0.9989712 -0.03286916 0.03078353 0.9989855 -0.03283691 0.03071677 0.9989886 -0.09831357 0.09211629 0.9908829 -0.09820371 0.09189456 0.9909145 -0.1629679 0.1526986 0.9747433 -0.1627984 0.1523621 0.9748243 -0.2262772 0.212029 0.9507063 -0.2260443 0.2115703 0.9508638 -0.2877539 0.2696424 0.9189617 -0.2874519 0.269047 0.9192307 -0.3469015 0.3250616 0.8797695 -0.3465561 0.3243734 0.8801596 -0.4031942 0.3778104 0.8334829 -0.4028145 0.3770378 0.8340162 -0.4562355 0.4275151 0.7804358 -0.4558333 0.4266676 0.7811343 -0.5055575 0.473734 0.7211018 -0.505149 0.472828 0.7219821 -0.5507779 0.5161093 0.6559534 -0.5503846 0.5151702 0.6570209 -0.4733197 0.6593059 0.5841953 -0.5289914 0.6159053 0.5838056 -0.4918584 0.5741524 0.6545413 -0.4911465 0.5719054 0.6570383 -0.4515257 0.5270748 0.7199422 -0.4507777 0.5248984 0.721998 -0.4075086 0.4756971 0.7795184 -0.4067671 0.4736537 0.7811483 -0.3601546 0.4204326 0.8327816 -0.3594509 0.41856 0.834028 -0.3098816 0.361763 0.8792616 -0.3092437 0.3600991 0.8801687 -0.2570565 0.3001142 0.9186149 -0.2565022 0.2986788 0.9192374 -0.2021479 0.2360212 0.9504895 -0.2017056 0.2348714 0.9508682 -0.1455707 0.1699819 0.974636 -0.1452573 0.1691548 0.9748266 -0.08780974 0.1025657 0.9908429 -0.08761304 0.1020331 0.9909153 -0.02932858 0.03428375 0.9989817 -0.02927327 0.03412824 0.9989886 -0.4901136 0.5989444 0.6332885 -0.5470001 0.5965831 0.5872644 -0.5908706 0.5536735 0.5867859 -0.5712231 0.5472213 0.6117622 -0.614961 0.5275873 0.586067 -0.4392084 0.6885632 0.5770413 -0.4470693 0.6533775 0.6109229 -0.4288311 0.6290001 0.648431 -0.4276134 0.623465 0.6545519 -0.3938469 0.5777041 0.7149423 -0.3925444 0.5723444 0.7199519 -0.3555968 0.5216399 0.7755274 -0.3542789 0.5165504 0.7795269 -0.3143854 0.4612287 0.8297168 -0.3131207 0.4565289 0.8327886 -0.2705685 0.3969882 0.8770365 -0.2694229 0.3928115 0.8792669 -0.2244856 0.3294297 0.9171054 -0.2235038 0.3258621 0.9186185 -0.176544 0.2591378 0.9495682 -0.1757632 0.2562678 0.9504915 -0.1271306 0.1866784 0.9741607 -0.1265696 0.1845622 0.9746367 -0.07666891 0.112658 0.9906715 -0.07634037 0.1113665 0.9908429 -0.02557682 0.03769332 0.998962 -0.0254693 0.03724509 0.9989815 -0.358386 0.7428914 0.5653952 -0.3792245 0.7084072 0.5952713 -0.3611765 0.6795321 0.6385825 -0.360066 0.6707339 0.6484354 -0.3319715 0.6246514 0.7068278 -0.330707 0.6160231 0.7149464 -0.2999296 0.5644277 0.7690667 -0.2986158 0.5562201 0.7755306 -0.2653106 0.4993683 0.8247675 -0.2640352 0.4917836 0.8297194 -0.2284278 0.4300498 0.8734288 -0.2272638 0.4232672 0.8770382 -0.189582 0.3570257 0.9146537 -0.188588 0.3512135 0.9171062 -0.1491133 0.2809271 0.9480745 -0.1483348 0.2762556 0.9495682 -0.1073784 0.2024337 0.9733912 -0.106833 0.1989951 0.97416 -0.0647459 0.1222088 0.9903903 -0.06443357 0.1200825 0.9906708 -0.02155756 0.04087501 0.9989317 -0.02146714 0.04018706 0.9989615 -0.2728675 0.7899972 0.5490427 -0.3074782 0.7618024 0.5701879 -0.2887531 0.7254623 0.6247608 -0.288352 0.7134893 0.6385814 -0.2656877 0.6676366 0.695465 -0.2650741 0.6558446 0.7068264 -0.2402548 0.6038879 0.7599981 -0.2395327 0.5925897 0.7690653 -0.2126797 0.5347555 0.8178042 -0.2119393 0.5242546 0.8247659 -0.1832139 0.4608541 0.8683583 -0.1825307 0.4514508 0.873427 -0.1521121 0.382831 0.9112092 -0.1515403 0.3747639 0.9146516 -0.1196614 0.3013824 0.945965 -0.1192345 0.2948591 0.9480724 -0.08616799 0.2172552 0.9723041 -0.08589684 0.2124502 0.9733893 -0.05192798 0.1311765 0.9899981 -0.05179965 0.1282455 0.9903888 -0.01723498 0.04388403 0.998888 -0.01720815 0.04290318 0.9989311 -0.1832965 0.8294103 0.527713 -0.2298768 0.8106882 0.538462 -0.2114127 0.7662867 0.6067201 -0.2123091 0.7514031 0.6247544 -0.1947894 0.7062969 0.6805893 -0.1954207 0.6914824 0.6954588 -0.1763415 0.6396971 0.7481253 -0.1767949 0.6254242 0.7599922 -0.1562373 0.5671048 0.8086916 -0.1565859 0.5537927 0.8177985 -0.1346732 0.4892037 0.8617093 -0.1349728 0.4772266 0.8683531 -0.1118541 0.4067037 0.9066867 -0.1121398 0.3963977 0.9112045 -0.08800154 0.3203775 0.9431935 -0.08828574 0.3120316 0.9459609 -0.06335198 0.23105 0.9708771 -0.06362217 0.2249076 0.9723007 -0.03813123 0.1395219 0.9894846 -0.03834635 0.1357865 0.9899957 -0.01258987 0.0466932 0.99883 -0.01268488 0.04542851 0.9988871 -0.1377551 0.8546586 0.5005819 -0.1408436 0.8379845 0.527205 -0.1290723 0.8013115 0.5841577 -0.1318095 0.7839198 0.6067092 -0.1190997 0.7400176 0.6619587 -0.1215444 0.7225231 0.6805787 -0.1079391 0.6713613 0.7332279 -0.110136 0.6543652 0.7481152 -0.09571135 0.5960549 0.7972189 -0.09769648 0.5800762 0.8086822 -0.08253765 0.5147719 0.8533449 -0.08432024 0.5003616 0.861701 -0.06855529 0.4283993 0.9009851 -0.07013815 0.4159485 0.9066793 -0.05391162 0.3377178 0.9397022 -0.05526572 0.3276326 0.9431874 -0.03876137 0.2436818 0.9690803 -0.03983801 0.2362618 0.9708725 -0.02326148 0.1472015 0.988833 -0.02398753 0.1426571 0.9894815 -0.007587432 0.0492621 0.9987571 -0.007858932 0.047742 0.9988288 -0.04455447 0.8824422 0.4683061 -0.04985862 0.8642604 0.5005679 -0.04177594 0.8296397 0.5567339 -0.04682332 0.8102989 0.5841432 -0.03854888 0.7680164 0.6392689 -0.0433219 0.7483003 0.661944 -0.0349093 0.6982154 0.7150361 -0.03938484 0.6788563 0.7332141 -0.03090536 0.6209747 0.7832211 -0.03504133 0.6026895 0.7972061 -0.02657604 0.5371139 0.843091 -0.03033417 0.5204821 0.8533336 -0.02199018 0.4475064 0.8940103 -0.02529484 0.4331324 0.9009753 -0.01719021 0.3531337 0.9354149 -0.01997238 0.341432 0.9396943 -0.01225173 0.2549648 0.9668727 -0.01440173 0.246348 0.9690744 -0.007228672 0.154067 0.9880338 -0.008625388 0.148804 0.9888291 -0.002192378 0.05154961 0.9986681 -0.002692878 0.04979807 0.9987557 0.2022334 -8.57466e-6 0.9793373 0.05154973 0 0.9986705 0.05202013 1.10567e-4 0.9986461 0.154071 -1.09135e-4 0.9880598 0.1260672 -0.003552854 0.9920153 0.254984 9.48211e-5 0.9669452 0.2381377 0.001317918 0.9712306 0.2641677 3.16767e-4 0.9644767 0.2564855 -6.07879e-4 0.9665479 0.2377921 -0.001347541 0.9713152 0.254984 -1.04806e-4 0.9669453 0.2014579 1.04933e-5 0.9794972 0.1575033 -3.14469e-4 0.9875184 0.05154973 0 0.9986705 0.05212867 -1.36085e-4 0.9986404 0.1540711 1.32999e-4 0.9880598 0.1271966 0.003417789 0.9918717 0.1594077 2.50829e-4 0.9872128 0.275659 0 0.9612556 0.3531858 0 0.9355531 0.3531858 0 0.9355531 0.4476147 0 0.8942266 0.4476147 0 0.8942266 0.5373036 0 0.8433889 0.5373036 0 0.8433889 0.6212714 0 0.7835955 0.6212714 0 0.7835955 0.6986413 0 0.7154722 0.6986413 0 0.7154722 0.7685877 0 0.6397445 0.7685877 0 0.6397445 0.8303647 0 0.5572203 0.8303647 0 0.5572203 0.8833194 0 0.4687716 0.8833194 0 0.4687716 -0.2022334 8.57466e-6 0.9793373 -0.05154973 0 0.9986705 -0.05202013 -1.10567e-4 0.9986461 -0.154071 1.09135e-4 0.9880598 -0.1260672 0.003552854 0.9920153 -0.254984 -9.48211e-5 0.9669452 -0.2381377 -0.001317918 0.9712306 -0.2641677 -3.16767e-4 0.9644767 -0.2564855 6.07879e-4 0.9665479 -0.2377921 0.001347541 0.9713152 -0.254984 1.04806e-4 0.9669453 -0.2014579 -1.04933e-5 0.9794972 -0.1575033 3.14469e-4 0.9875184 -0.05154973 0 0.9986705 -0.05212867 1.36085e-4 0.9986404 -0.1540711 -1.32999e-4 0.9880598 -0.1271966 -0.003417789 0.9918717 -0.1594077 -2.50829e-4 0.9872128 -0.275659 0 0.9612556 -0.3531858 0 0.9355531 -0.3531858 0 0.9355531 -0.4476147 0 0.8942266 -0.4476147 0 0.8942266 -0.5373036 0 0.8433889 -0.5373036 0 0.8433889 -0.6212714 0 0.7835955 -0.6212714 0 0.7835955 -0.6986413 0 0.7154722 -0.6986413 0 0.7154722 -0.7685877 0 0.6397445 -0.7685877 0 0.6397445 -0.8303647 0 0.5572203 -0.8303647 0 0.5572203 -0.8833194 0 0.4687716 -0.8833194 0 0.4687716 0.02129495 0.9197538 -0.3919177 0.001946866 0.9260745 -0.3773357 0.01006776 0.9797291 -0.2000738 0.01010972 0.9697661 -0.2438267 -0.008630156 0.961937 -0.2731353 0.01557523 0.9545965 -0.2974946 0.01471096 0.940257 -0.3401477 -0.0259965 0.9888129 -0.1468781 0.006314098 0.9862889 -0.1649074 0.004855334 0.9949188 -0.1005631 -0.01169884 0.9983844 -0.05560368 0.002046585 0.9989959 -0.04475826 8.4163e-4 0.9985126 -0.05451428 0.002032399 0.998474 -0.05518716 0.001325666 0.986643 -0.1628916 0.004788279 0.9862896 -0.1649544 0.001962184 0.9630424 -0.2693427 0.007366657 0.9620756 -0.2726836 0.002625584 0.9279956 -0.372582 0.009804725 0.9261161 -0.3771114 0.2238882 -0.8056582 0.5484423 0.3111588 -0.7642037 0.564954 0.3944974 -0.7153074 0.5768077 0.676661 -0.4528492 0.5805665 0.7601829 -0.3365042 0.555776 0.8061379 -0.2494385 0.5365837 0.8441779 -0.1582258 0.51218 0.8737346 -0.06354635 0.482234 0.8759473 -0.01288765 0.4822345 0.8830451 -0.02491837 0.468626 0.8225001 -0.0122804 0.5686324 0.8301409 -0.02321493 0.5570701 0.7605541 -0.01147049 0.6491731 0.7684128 -0.02133041 0.6395989 0.6907551 -0.01048642 0.7230128 0.6985116 -0.01926857 0.7153393 0.6138222 -0.00934261 0.789389 0.6211813 -0.01703953 0.7834817 0.5305371 -0.008057653 0.8476234 0.5372458 -0.01466828 0.8432982 0.4417668 -0.006667137 0.8971051 0.4475815 -0.01215851 0.8941605 0.3484387 -0.005185782 0.9373172 0.3531698 -0.00953412 0.9355107 0.2514936 -0.003643155 0.9678521 0.2549781 -0.00680381 0.9669229 0.1519393 -0.002059698 0.9883877 0.1540699 -0.00399214 0.9880519 0.05083984 -4.68523e-4 0.9987067 0.05154967 -0.001120328 0.9986698 0.8520703 -0.1076311 0.512242 0.839596 -0.08266353 0.5368848 0.8015388 -0.07276844 0.5934984 0.8184978 -0.08569943 0.5680819 0.7396231 -0.06731802 0.6696462 0.7569802 -0.079032 0.6486408 0.670535 -0.06114232 0.7393541 0.6876227 -0.07161295 0.722528 0.5949446 -0.05431735 0.8019294 0.6111349 -0.06350833 0.7889745 0.5135824 -0.04691916 0.8567565 0.5282908 -0.0547837 0.8472943 0.4272198 -0.03902035 0.9033054 0.4399526 -0.04552328 0.8968665 0.3366919 -0.03070855 0.941114 0.3470442 -0.0358206 0.9371644 0.2428842 -0.02208006 0.9698039 0.2505072 -0.02575957 0.967772 0.1467108 -0.01322233 0.989091 0.1513511 -0.01543349 0.9883596 0.04908704 -0.004223227 0.9987856 0.0506435 -0.004962265 0.9987045 0.819769 -0.1996588 0.5367636 0.8104676 -0.170555 0.5604045 0.7732353 -0.1574565 0.6142596 0.7867122 -0.1696264 0.5935578 0.7122261 -0.1451506 0.686779 0.7259799 -0.1563696 0.6697027 0.6446954 -0.131462 0.7530509 0.6581931 -0.141638 0.7394055 0.5712576 -0.1165227 0.8124575 0.5840117 -0.1255692 0.8019742 0.4925759 -0.1004768 0.8644497 0.5041551 -0.1083157 0.8567937 0.4093779 -0.08348476 0.9085373 0.419383 -0.09002745 0.9033344 0.3223885 -0.06569504 0.9443251 0.3305161 -0.07088232 0.9411348 0.2324458 -0.04729628 0.9714587 0.2384276 -0.05105668 0.9698172 0.1403596 -0.02845591 0.9896916 0.1440159 -0.03073877 0.9890978 0.04697746 -0.009356021 0.9988521 0.04818129 -0.01010853 0.9987875 0.7795019 -0.2882707 0.5561266 0.7767316 -0.2547518 0.5760119 0.7388055 -0.237682 0.6306138 0.7489076 -0.2485105 0.6143125 0.6795649 -0.218696 0.7002596 0.6898649 -0.2288069 0.6868288 0.6143949 -0.1977669 0.7638109 0.6244869 -0.2070327 0.7530961 0.5438405 -0.1750692 0.8207243 0.5533705 -0.1833863 0.8124965 0.468533 -0.1508191 0.8704772 0.4771628 -0.1580714 0.8644819 0.3890978 -0.1252177 0.9126464 0.3965698 -0.1313292 0.9085621 0.3062681 -0.09852176 0.9468333 0.3123003 -0.1033683 0.9443429 0.2207218 -0.07093352 0.972754 0.2251673 -0.07447093 0.9714699 0.13327 -0.04274046 0.9901577 0.1359605 -0.04487687 0.9896973 0.04459124 -0.01414942 0.9989051 0.04549902 -0.01487386 0.9988536 0.7316704 -0.372852 0.5706486 0.7406027 -0.3366746 0.5815135 0.6989092 -0.3134667 0.6428567 0.7059111 -0.3224252 0.6306596 0.64221 -0.2880759 0.710337 0.6493492 -0.2965162 0.7003026 0.5800995 -0.2602323 0.7718573 0.5871028 -0.2680381 0.7638494 0.5130937 -0.2301753 0.8268943 0.5196962 -0.2372196 0.8207573 0.4417524 -0.1981546 0.8749797 0.4477362 -0.2043399 0.8705042 0.3666736 -0.1644489 0.9157003 0.371825 -0.1696602 0.9126673 0.2884958 -0.1293411 0.948705 0.2926682 -0.1335077 0.946848 0.2078496 -0.09312689 0.9737175 0.210911 -0.09616816 0.9727632 0.1254585 -0.0561347 0.9905095 0.1273354 -0.05800306 0.9901623 0.04199129 -0.01867747 0.9989435 0.04259473 -0.01928359 0.9989063 0.7021159 -0.4131654 0.5799376 0.7061334 -0.4200285 0.5700454 0.6540209 -0.3848997 0.6512365 0.6583211 -0.3915346 0.642895 0.600543 -0.3534462 0.7172335 0.60494 -0.3597477 0.7103726 0.5421489 -0.3190867 0.7773405 0.5464507 -0.3249282 0.7718895 0.4792696 -0.2820637 0.8311082 0.4833376 -0.2873766 0.8269217 0.4124432 -0.2427152 0.8780546 0.41613 -0.2474012 0.875002 0.342237 -0.2013755 0.9177808 0.3454014 -0.2053285 0.9157172 0.2691801 -0.1583462 0.9499834 0.2717468 -0.1615242 0.9487168 0.1938978 -0.1140164 0.9743736 0.1957712 -0.1163334 0.973725 0.1170204 -0.0687493 0.990747 0.1181564 -0.07016301 0.9905131 0.03915309 -0.02290976 0.9989705 0.03953647 -0.02339327 0.9989443 0.6479852 -0.4870936 0.5855383 0.6479562 -0.4870303 0.585623 0.6044534 -0.4520983 0.6559293 0.6065333 -0.456035 0.6512676 0.5548242 -0.414987 0.7210797 0.5569522 -0.4187349 0.7172625 0.500701 -0.3744988 0.780416 0.5028009 -0.3780124 0.777366 0.442495 -0.3309566 0.8334662 0.4444785 -0.3341583 0.83113 0.380723 -0.2847434 0.8797563 0.3825007 -0.287545 0.8780723 0.315829 -0.2361772 0.9189518 0.3173796 -0.2385875 0.9177942 0.2483627 -0.1857051 0.9506995 0.2496121 -0.1876374 0.9499926 0.1788843 -0.1337288 0.9747394 0.1797896 -0.1351331 0.9743792 0.1079347 -0.08064997 0.9908812 0.1084886 -0.08151876 0.9907497 0.03610491 -0.02692729 0.9989851 0.03628081 -0.02720844 0.9989712 0.03286916 -0.03078353 0.9989855 0.03283691 -0.03071677 0.9989886 0.09831357 -0.09211629 0.9908829 0.09820371 -0.09189456 0.9909145 0.1629679 -0.1526986 0.9747433 0.1627984 -0.1523621 0.9748243 0.2262772 -0.212029 0.9507063 0.2260443 -0.2115703 0.9508638 0.2877539 -0.2696424 0.9189617 0.2874519 -0.269047 0.9192307 0.3469015 -0.3250616 0.8797695 0.3465561 -0.3243734 0.8801596 0.4031942 -0.3778104 0.8334829 0.4028145 -0.3770378 0.8340162 0.4562355 -0.4275151 0.7804358 0.4558333 -0.4266676 0.7811343 0.5055575 -0.473734 0.7211018 0.505149 -0.472828 0.7219821 0.5507779 -0.5161093 0.6559534 0.5503846 -0.5151702 0.6570209 0.4733197 -0.6593059 0.5841953 0.5289914 -0.6159053 0.5838056 0.4918584 -0.5741524 0.6545413 0.4911465 -0.5719054 0.6570383 0.4515257 -0.5270748 0.7199422 0.4507777 -0.5248984 0.721998 0.4075086 -0.4756971 0.7795184 0.4067671 -0.4736537 0.7811483 0.3601546 -0.4204326 0.8327816 0.3594509 -0.41856 0.834028 0.3098816 -0.361763 0.8792616 0.3092437 -0.3600991 0.8801687 0.2570565 -0.3001142 0.9186149 0.2565022 -0.2986788 0.9192374 0.2021479 -0.2360212 0.9504895 0.2017056 -0.2348714 0.9508682 0.1455707 -0.1699819 0.974636 0.1452573 -0.1691548 0.9748266 0.08780974 -0.1025657 0.9908429 0.08761304 -0.1020331 0.9909153 0.02932858 -0.03428375 0.9989817 0.02927327 -0.03412824 0.9989886 0.4901136 -0.5989444 0.6332885 0.5470001 -0.5965831 0.5872644 0.5908706 -0.5536735 0.5867859 0.5712231 -0.5472213 0.6117622 0.614961 -0.5275873 0.586067 0.4392084 -0.6885632 0.5770413 0.4470693 -0.6533775 0.6109229 0.4288311 -0.6290001 0.648431 0.4276134 -0.623465 0.6545519 0.3938469 -0.5777041 0.7149423 0.3925444 -0.5723444 0.7199519 0.3555968 -0.5216399 0.7755274 0.3542789 -0.5165504 0.7795269 0.3143854 -0.4612287 0.8297168 0.3131207 -0.4565289 0.8327886 0.2705685 -0.3969882 0.8770365 0.2694229 -0.3928115 0.8792669 0.2244856 -0.3294297 0.9171054 0.2235038 -0.3258621 0.9186185 0.176544 -0.2591378 0.9495682 0.1757632 -0.2562678 0.9504915 0.1271306 -0.1866784 0.9741607 0.1265696 -0.1845622 0.9746367 0.07666891 -0.112658 0.9906715 0.07634037 -0.1113665 0.9908429 0.02557682 -0.03769332 0.998962 0.0254693 -0.03724509 0.9989815 0.358386 -0.7428914 0.5653952 0.3792245 -0.7084072 0.5952713 0.3611765 -0.6795321 0.6385825 0.360066 -0.6707339 0.6484354 0.3319715 -0.6246514 0.7068278 0.330707 -0.6160231 0.7149464 0.2999296 -0.5644277 0.7690667 0.2986158 -0.5562201 0.7755306 0.2653106 -0.4993683 0.8247675 0.2640352 -0.4917836 0.8297194 0.2284278 -0.4300498 0.8734288 0.2272638 -0.4232672 0.8770382 0.189582 -0.3570257 0.9146537 0.188588 -0.3512135 0.9171062 0.1491133 -0.2809271 0.9480745 0.1483348 -0.2762556 0.9495682 0.1073784 -0.2024337 0.9733912 0.106833 -0.1989951 0.97416 0.0647459 -0.1222088 0.9903903 0.06443357 -0.1200825 0.9906708 0.02155756 -0.04087501 0.9989317 0.02146714 -0.04018706 0.9989615 0.2728675 -0.7899972 0.5490427 0.3074782 -0.7618024 0.5701879 0.2887531 -0.7254623 0.6247608 0.288352 -0.7134893 0.6385814 0.2656877 -0.6676366 0.695465 0.2650741 -0.6558446 0.7068264 0.2402548 -0.6038879 0.7599981 0.2395327 -0.5925897 0.7690653 0.2126797 -0.5347555 0.8178042 0.2119393 -0.5242546 0.8247659 0.1832139 -0.4608541 0.8683583 0.1825307 -0.4514508 0.873427 0.1521121 -0.382831 0.9112092 0.1515403 -0.3747639 0.9146516 0.1196614 -0.3013824 0.945965 0.1192345 -0.2948591 0.9480724 0.08616799 -0.2172552 0.9723041 0.08589684 -0.2124502 0.9733893 0.05192798 -0.1311765 0.9899981 0.05179965 -0.1282455 0.9903888 0.01723498 -0.04388403 0.998888 0.01720815 -0.04290318 0.9989311 0.1832965 -0.8294103 0.527713 0.2298768 -0.8106882 0.538462 0.2114127 -0.7662867 0.6067201 0.2123091 -0.7514031 0.6247544 0.1947894 -0.7062969 0.6805893 0.1954207 -0.6914824 0.6954588 0.1763415 -0.6396971 0.7481253 0.1767949 -0.6254242 0.7599922 0.1562373 -0.5671048 0.8086916 0.1565859 -0.5537927 0.8177985 0.1346732 -0.4892037 0.8617093 0.1349728 -0.4772266 0.8683531 0.1118541 -0.4067037 0.9066867 0.1121398 -0.3963977 0.9112045 0.08800154 -0.3203775 0.9431935 0.08828574 -0.3120316 0.9459609 0.06335198 -0.23105 0.9708771 0.06362217 -0.2249076 0.9723007 0.03813123 -0.1395219 0.9894846 0.03834635 -0.1357865 0.9899957 0.01258987 -0.0466932 0.99883 0.01268488 -0.04542851 0.9988871 0.1377551 -0.8546586 0.5005819 0.1408436 -0.8379845 0.527205 0.1290723 -0.8013115 0.5841577 0.1318095 -0.7839198 0.6067092 0.1190997 -0.7400176 0.6619587 0.1215444 -0.7225231 0.6805787 0.1079391 -0.6713613 0.7332279 0.110136 -0.6543652 0.7481152 0.09571135 -0.5960549 0.7972189 0.09769648 -0.5800762 0.8086822 0.08253765 -0.5147719 0.8533449 0.08432024 -0.5003616 0.861701 0.06855529 -0.4283993 0.9009851 0.07013815 -0.4159485 0.9066793 0.05391162 -0.3377178 0.9397022 0.05526572 -0.3276326 0.9431874 0.03876137 -0.2436818 0.9690803 0.03983801 -0.2362618 0.9708725 0.02326148 -0.1472015 0.988833 0.02398753 -0.1426571 0.9894815 0.007587432 -0.0492621 0.9987571 0.007858932 -0.047742 0.9988288 0.04455447 -0.8824422 0.4683061 0.04985862 -0.8642604 0.5005679 0.04177594 -0.8296397 0.5567339 0.04682332 -0.8102989 0.5841432 0.03854888 -0.7680164 0.6392689 0.0433219 -0.7483003 0.661944 0.0349093 -0.6982154 0.7150361 0.03938484 -0.6788563 0.7332141 0.03090536 -0.6209747 0.7832211 0.03504133 -0.6026895 0.7972061 0.02657604 -0.5371139 0.843091 0.03033417 -0.5204821 0.8533336 0.02199018 -0.4475064 0.8940103 0.02529484 -0.4331324 0.9009753 0.01719021 -0.3531337 0.9354149 0.01997238 -0.341432 0.9396943 0.01225173 -0.2549648 0.9668727 0.01440173 -0.246348 0.9690744 0.007228672 -0.154067 0.9880338 0.008625388 -0.148804 0.9888291 0.002192378 -0.05154961 0.9986681 0.002692878 -0.04979807 0.9987557 0.9261161 -0.009804725 -0.3771114 0.9985126 -8.4163e-4 -0.05451428 0.998474 -0.002032399 -0.05518716 0.986643 -0.001325666 -0.1628916 0.9862896 -0.004788279 -0.1649544 0.9630424 -0.001962184 -0.2693427 0.9989959 -0.002046585 -0.04475826 0.9983844 0.01169884 -0.05560368 0.9949188 -0.004855334 -0.1005631 0.9862889 -0.006314098 -0.1649074 0.9888129 0.0259965 -0.1468781 0.9797291 -0.0100677 -0.2000738 0.9697661 -0.01010972 -0.2438267 0.961937 0.008630156 -0.2731353 0.9620756 -0.007366657 -0.2726836 0.9279956 -0.002625584 -0.372582 0.9197538 -0.02129495 -0.3919177 0.9260745 -0.001946866 -0.3773357 0.940257 -0.01471096 -0.3401477 0.9545965 -0.01557523 -0.2974946 -0.8056582 -0.2238882 0.5484423 -0.7642037 -0.3111588 0.564954 -0.7153074 -0.3944974 0.5768077 -0.4528492 -0.676661 0.5805665 -0.3365042 -0.7601829 0.555776 -0.2494385 -0.8061379 0.5365837 -0.1582258 -0.8441779 0.51218 -0.06354635 -0.8737346 0.482234 -0.01288765 -0.8759473 0.4822345 -0.02491837 -0.8830451 0.468626 -0.0122804 -0.8225001 0.5686324 -0.02321493 -0.8301409 0.5570701 -0.01147049 -0.7605541 0.6491731 -0.02133041 -0.7684128 0.6395989 -0.01048642 -0.6907551 0.7230128 -0.01926857 -0.6985116 0.7153393 -0.00934261 -0.6138222 0.789389 -0.01703953 -0.6211813 0.7834817 -0.008057653 -0.5305371 0.8476234 -0.01466828 -0.5372458 0.8432982 -0.006667137 -0.4417668 0.8971051 -0.01215851 -0.4475815 0.8941605 -0.005185782 -0.3484387 0.9373172 -0.00953412 -0.3531698 0.9355107 -0.003643155 -0.2514936 0.9678521 -0.00680381 -0.2549781 0.9669229 -0.002059698 -0.1519393 0.9883877 -0.00399214 -0.1540699 0.9880519 -4.68523e-4 -0.05083984 0.9987067 -0.001120328 -0.05154967 0.9986698 -0.1076311 -0.8520703 0.512242 -0.08266353 -0.839596 0.5368848 -0.07276844 -0.8015388 0.5934984 -0.08569943 -0.8184978 0.5680819 -0.06731802 -0.7396231 0.6696462 -0.079032 -0.7569802 0.6486408 -0.06114232 -0.670535 0.7393541 -0.07161295 -0.6876227 0.722528 -0.05431735 -0.5949446 0.8019294 -0.06350833 -0.6111349 0.7889745 -0.04691916 -0.5135824 0.8567565 -0.0547837 -0.5282908 0.8472943 -0.03902035 -0.4272198 0.9033054 -0.04552328 -0.4399526 0.8968665 -0.03070855 -0.3366919 0.941114 -0.0358206 -0.3470442 0.9371644 -0.02208006 -0.2428842 0.9698039 -0.02575957 -0.2505072 0.967772 -0.01322233 -0.1467108 0.989091 -0.01543349 -0.1513511 0.9883596 -0.004223227 -0.04908704 0.9987856 -0.004962265 -0.0506435 0.9987045 -0.1996588 -0.819769 0.5367636 -0.170555 -0.8104676 0.5604045 -0.1574565 -0.7732353 0.6142596 -0.1696264 -0.7867122 0.5935578 -0.1451506 -0.7122261 0.686779 -0.1563696 -0.7259799 0.6697027 -0.131462 -0.6446954 0.7530509 -0.141638 -0.6581931 0.7394055 -0.1165227 -0.5712576 0.8124575 -0.1255692 -0.5840117 0.8019742 -0.1004768 -0.4925759 0.8644497 -0.1083157 -0.5041551 0.8567937 -0.08348476 -0.4093779 0.9085373 -0.09002745 -0.419383 0.9033344 -0.06569504 -0.3223885 0.9443251 -0.07088232 -0.3305161 0.9411348 -0.04729628 -0.2324458 0.9714587 -0.05105668 -0.2384276 0.9698172 -0.02845591 -0.1403596 0.9896916 -0.03073877 -0.1440159 0.9890978 -0.009356021 -0.04697746 0.9988521 -0.01010853 -0.04818129 0.9987875 -0.2882707 -0.7795019 0.5561266 -0.2547518 -0.7767316 0.5760119 -0.237682 -0.7388055 0.6306138 -0.2485105 -0.7489076 0.6143125 -0.218696 -0.6795649 0.7002596 -0.2288069 -0.6898649 0.6868288 -0.1977669 -0.6143949 0.7638109 -0.2070327 -0.6244869 0.7530961 -0.1750692 -0.5438405 0.8207243 -0.1833863 -0.5533705 0.8124965 -0.1508191 -0.468533 0.8704772 -0.1580714 -0.4771628 0.8644819 -0.1252177 -0.3890978 0.9126464 -0.1313292 -0.3965698 0.9085621 -0.09852176 -0.3062681 0.9468333 -0.1033683 -0.3123003 0.9443429 -0.07093352 -0.2207218 0.972754 -0.07447093 -0.2251673 0.9714699 -0.04274046 -0.13327 0.9901577 -0.04487687 -0.1359605 0.9896973 -0.01414942 -0.04459124 0.9989051 -0.01487386 -0.04549902 0.9988536 -0.372852 -0.7316704 0.5706486 -0.3366746 -0.7406027 0.5815135 -0.3134667 -0.6989092 0.6428567 -0.3224252 -0.7059111 0.6306596 -0.2880759 -0.64221 0.710337 -0.2965162 -0.6493492 0.7003026 -0.2602323 -0.5800995 0.7718573 -0.2680381 -0.5871028 0.7638494 -0.2301753 -0.5130937 0.8268943 -0.2372196 -0.5196962 0.8207573 -0.1981546 -0.4417524 0.8749797 -0.2043399 -0.4477362 0.8705042 -0.1644489 -0.3666736 0.9157003 -0.1696602 -0.371825 0.9126673 -0.1293411 -0.2884958 0.948705 -0.1335077 -0.2926682 0.946848 -0.09312689 -0.2078496 0.9737175 -0.09616816 -0.210911 0.9727632 -0.0561347 -0.1254585 0.9905095 -0.05800306 -0.1273354 0.9901623 -0.01867747 -0.04199129 0.9989435 -0.01928359 -0.04259473 0.9989063 -0.4131654 -0.7021159 0.5799376 -0.4200285 -0.7061334 0.5700454 -0.3848997 -0.6540209 0.6512365 -0.3915346 -0.6583211 0.642895 -0.3534462 -0.600543 0.7172335 -0.3597477 -0.60494 0.7103726 -0.3190867 -0.5421489 0.7773405 -0.3249282 -0.5464507 0.7718895 -0.2820637 -0.4792696 0.8311082 -0.2873766 -0.4833376 0.8269217 -0.2427152 -0.4124432 0.8780546 -0.2474012 -0.41613 0.875002 -0.2013755 -0.342237 0.9177808 -0.2053285 -0.3454014 0.9157172 -0.1583462 -0.2691801 0.9499834 -0.1615242 -0.2717468 0.9487168 -0.1140164 -0.1938978 0.9743736 -0.1163334 -0.1957712 0.973725 -0.0687493 -0.1170204 0.990747 -0.07016301 -0.1181564 0.9905131 -0.02290976 -0.03915309 0.9989705 -0.02339327 -0.03953647 0.9989443 -0.4870936 -0.6479852 0.5855383 -0.4870303 -0.6479562 0.585623 -0.4520983 -0.6044534 0.6559293 -0.456035 -0.6065333 0.6512676 -0.414987 -0.5548242 0.7210797 -0.4187349 -0.5569522 0.7172625 -0.3744988 -0.500701 0.780416 -0.3780124 -0.5028009 0.777366 -0.3309566 -0.442495 0.8334662 -0.3341583 -0.4444785 0.83113 -0.2847434 -0.380723 0.8797563 -0.287545 -0.3825007 0.8780723 -0.2361772 -0.315829 0.9189518 -0.2385875 -0.3173796 0.9177942 -0.1857051 -0.2483627 0.9506995 -0.1876374 -0.2496121 0.9499926 -0.1337288 -0.1788843 0.9747394 -0.1351331 -0.1797896 0.9743792 -0.08064997 -0.1079347 0.9908812 -0.08151876 -0.1084886 0.9907497 -0.02692729 -0.03610491 0.9989851 -0.02720844 -0.03628081 0.9989712 -0.03078353 -0.03286916 0.9989855 -0.03071677 -0.03283691 0.9989886 -0.09211629 -0.09831357 0.9908829 -0.09189456 -0.09820371 0.9909145 -0.1526986 -0.1629679 0.9747433 -0.1523621 -0.1627984 0.9748243 -0.212029 -0.2262772 0.9507063 -0.2115703 -0.2260443 0.9508638 -0.2696424 -0.2877539 0.9189617 -0.269047 -0.2874519 0.9192307 -0.3250616 -0.3469015 0.8797695 -0.3243734 -0.3465561 0.8801596 -0.3778104 -0.4031942 0.8334829 -0.3770378 -0.4028145 0.8340162 -0.4275151 -0.4562355 0.7804358 -0.4266676 -0.4558333 0.7811343 -0.473734 -0.5055575 0.7211018 -0.472828 -0.505149 0.7219821 -0.5161093 -0.5507779 0.6559534 -0.5151702 -0.5503846 0.6570209 -0.6593059 -0.4733197 0.5841953 -0.6159053 -0.5289914 0.5838056 -0.5741524 -0.4918584 0.6545413 -0.5719054 -0.4911465 0.6570383 -0.5270748 -0.4515257 0.7199422 -0.5248984 -0.4507777 0.721998 -0.4756971 -0.4075086 0.7795184 -0.4736537 -0.4067671 0.7811483 -0.4204326 -0.3601546 0.8327816 -0.41856 -0.3594509 0.834028 -0.361763 -0.3098816 0.8792616 -0.3600991 -0.3092437 0.8801687 -0.3001142 -0.2570565 0.9186149 -0.2986788 -0.2565022 0.9192374 -0.2360212 -0.2021479 0.9504895 -0.2348714 -0.2017056 0.9508682 -0.1699819 -0.1455707 0.974636 -0.1691548 -0.1452573 0.9748266 -0.1025657 -0.08780974 0.9908429 -0.1020331 -0.08761304 0.9909153 -0.03428375 -0.02932858 0.9989817 -0.03412824 -0.02927327 0.9989886 -0.5989444 -0.4901136 0.6332885 -0.5965831 -0.5470001 0.5872644 -0.5536735 -0.5908706 0.5867859 -0.5472213 -0.5712231 0.6117622 -0.5275873 -0.614961 0.586067 -0.6885632 -0.4392084 0.5770413 -0.6533775 -0.4470693 0.6109229 -0.6290001 -0.4288311 0.648431 -0.623465 -0.4276134 0.6545519 -0.5777041 -0.3938469 0.7149423 -0.5723444 -0.3925444 0.7199519 -0.5216399 -0.3555968 0.7755274 -0.5165504 -0.3542789 0.7795269 -0.4612287 -0.3143854 0.8297168 -0.4565289 -0.3131207 0.8327886 -0.3969882 -0.2705685 0.8770365 -0.3928115 -0.2694229 0.8792669 -0.3294297 -0.2244856 0.9171054 -0.3258621 -0.2235038 0.9186185 -0.2591378 -0.176544 0.9495682 -0.2562678 -0.1757632 0.9504915 -0.1866784 -0.1271306 0.9741607 -0.1845622 -0.1265696 0.9746367 -0.112658 -0.07666891 0.9906715 -0.1113665 -0.07634037 0.9908429 -0.03769332 -0.02557682 0.998962 -0.03724509 -0.0254693 0.9989815 -0.7428914 -0.358386 0.5653952 -0.7084072 -0.3792245 0.5952713 -0.6795321 -0.3611765 0.6385825 -0.6707339 -0.360066 0.6484354 -0.6246514 -0.3319715 0.7068278 -0.6160231 -0.330707 0.7149464 -0.5644277 -0.2999296 0.7690667 -0.5562201 -0.2986158 0.7755306 -0.4993683 -0.2653106 0.8247675 -0.4917836 -0.2640352 0.8297194 -0.4300498 -0.2284278 0.8734288 -0.4232672 -0.2272638 0.8770382 -0.3570257 -0.189582 0.9146537 -0.3512135 -0.188588 0.9171062 -0.2809271 -0.1491133 0.9480745 -0.2762556 -0.1483348 0.9495682 -0.2024337 -0.1073784 0.9733912 -0.1989951 -0.106833 0.97416 -0.1222088 -0.0647459 0.9903903 -0.1200825 -0.06443357 0.9906708 -0.04087501 -0.02155756 0.9989317 -0.04018706 -0.02146714 0.9989615 -0.7899972 -0.2728675 0.5490427 -0.7618024 -0.3074782 0.5701879 -0.7254623 -0.2887531 0.6247608 -0.7134893 -0.288352 0.6385814 -0.6676366 -0.2656877 0.695465 -0.6558446 -0.2650741 0.7068264 -0.6038879 -0.2402548 0.7599981 -0.5925897 -0.2395327 0.7690653 -0.5347555 -0.2126797 0.8178042 -0.5242546 -0.2119393 0.8247659 -0.4608541 -0.1832139 0.8683583 -0.4514508 -0.1825307 0.873427 -0.382831 -0.1521121 0.9112092 -0.3747639 -0.1515403 0.9146516 -0.3013824 -0.1196614 0.945965 -0.2948591 -0.1192345 0.9480724 -0.2172552 -0.08616799 0.9723041 -0.2124502 -0.08589684 0.9733893 -0.1311765 -0.05192798 0.9899981 -0.1282455 -0.05179965 0.9903888 -0.04388403 -0.01723498 0.998888 -0.04290318 -0.01720815 0.9989311 -0.8294103 -0.1832965 0.527713 -0.8106882 -0.2298768 0.538462 -0.7662867 -0.2114127 0.6067201 -0.7514031 -0.2123091 0.6247544 -0.7062969 -0.1947894 0.6805893 -0.6914824 -0.1954207 0.6954588 -0.6396971 -0.1763415 0.7481253 -0.6254242 -0.1767949 0.7599922 -0.5671048 -0.1562373 0.8086916 -0.5537927 -0.1565859 0.8177985 -0.4892037 -0.1346732 0.8617093 -0.4772266 -0.1349728 0.8683531 -0.4067037 -0.1118541 0.9066867 -0.3963977 -0.1121398 0.9112045 -0.3203775 -0.08800154 0.9431935 -0.3120316 -0.08828574 0.9459609 -0.23105 -0.06335198 0.9708771 -0.2249076 -0.06362217 0.9723007 -0.1395219 -0.03813123 0.9894846 -0.1357865 -0.03834635 0.9899957 -0.0466932 -0.01258987 0.99883 -0.04542851 -0.01268488 0.9988871 -0.8546586 -0.1377551 0.5005819 -0.8379845 -0.1408436 0.527205 -0.8013115 -0.1290723 0.5841577 -0.7839198 -0.1318095 0.6067092 -0.7400176 -0.1190997 0.6619587 -0.7225231 -0.1215444 0.6805787 -0.6713613 -0.1079391 0.7332279 -0.6543652 -0.110136 0.7481152 -0.5960549 -0.09571135 0.7972189 -0.5800762 -0.09769648 0.8086822 -0.5147719 -0.08253765 0.8533449 -0.5003616 -0.08432024 0.861701 -0.4283993 -0.06855529 0.9009851 -0.4159485 -0.07013815 0.9066793 -0.3377178 -0.05391162 0.9397022 -0.3276326 -0.05526572 0.9431874 -0.2436818 -0.03876137 0.9690803 -0.2362618 -0.03983801 0.9708725 -0.1472015 -0.02326148 0.988833 -0.1426571 -0.02398753 0.9894815 -0.0492621 -0.007587432 0.9987571 -0.047742 -0.007858932 0.9988288 -0.8824422 -0.04455447 0.4683061 -0.8642604 -0.04985862 0.5005679 -0.8296397 -0.04177594 0.5567339 -0.8102989 -0.04682332 0.5841432 -0.7680164 -0.03854888 0.6392689 -0.7483003 -0.0433219 0.661944 -0.6982154 -0.0349093 0.7150361 -0.6788563 -0.03938484 0.7332141 -0.6209747 -0.03090536 0.7832211 -0.6026895 -0.03504133 0.7972061 -0.5371139 -0.02657604 0.843091 -0.5204821 -0.03033417 0.8533336 -0.4475064 -0.02199018 0.8940103 -0.4331324 -0.02529484 0.9009753 -0.3531337 -0.01719021 0.9354149 -0.341432 -0.01997238 0.9396943 -0.2549648 -0.01225173 0.9668727 -0.246348 -0.01440173 0.9690744 -0.154067 -0.007228672 0.9880338 -0.148804 -0.008625388 0.9888291 -0.05154961 -0.002192378 0.9986681 -0.04979807 -0.002692878 0.9987557 -8.57466e-6 -0.2022334 0.9793373 0 -0.05154973 0.9986705 1.10567e-4 -0.05202013 0.9986461 -1.09135e-4 -0.154071 0.9880598 -0.003552854 -0.1260672 0.9920153 9.48211e-5 -0.254984 0.9669452 0.001317918 -0.2381377 0.9712306 3.16767e-4 -0.2641677 0.9644767 -6.07879e-4 -0.2564855 0.9665479 -0.001347541 -0.2377921 0.9713152 -1.04806e-4 -0.254984 0.9669453 1.04933e-5 -0.2014579 0.9794972 -3.14469e-4 -0.1575033 0.9875184 0 -0.05154973 0.9986705 -1.36085e-4 -0.05212867 0.9986404 1.32999e-4 -0.1540711 0.9880598 0.003417789 -0.1271966 0.9918717 2.50829e-4 -0.1594077 0.9872128 0 -0.275659 0.9612556 0 -0.3531858 0.9355531 0 -0.3531858 0.9355531 0 -0.4476147 0.8942266 0 -0.4476147 0.8942266 0 -0.5373036 0.8433889 0 -0.5373036 0.8433889 0 -0.6212714 0.7835955 0 -0.6212714 0.7835955 0 -0.6986413 0.7154722 0 -0.6986413 0.7154722 0 -0.7685877 0.6397445 0 -0.7685877 0.6397445 0 -0.8303647 0.5572203 0 -0.8303647 0.5572203 0 -0.8833194 0.4687716 0 -0.8833194 0.4687716 0.9279987 0 -0.3725833 0.9279987 0 -0.3725833 0.9630443 0 -0.2693431 0.9630443 0 -0.2693431 0.986644 0 -0.1628917 0.986644 0 -0.1628917 0.998513 0 -0.05451434 0.998513 0 -0.05451434 0.01605528 0.8832095 -0.4687038 0.01880115 0.7864711 -0.6173409 0.01404684 0.6736143 -0.7389496 0.01745629 0.7107078 -0.7032707 0.01266193 0.5847759 -0.8110961 0.01576018 0.6256628 -0.7799344 0.008131861 0.4425018 -0.8967307 0.01092654 0.4879653 -0.8727947 0.01722174 0.537209 -0.8432734 0.008891522 0.3850311 -0.9228608 0.004560053 0.2271745 -0.9738433 0.006598114 0.2770761 -0.9608253 0.00237596 0.114431 -0.9934283 0.003972351 0.165375 -0.9862228 0.001119911 0.05153167 -0.9986708 0.01975142 0.8518798 -0.5233649 0.02624297 0.8700743 -0.4922215 0.08968895 0.8661934 -0.4915941 0.05133873 0.808939 -0.5856467 0.1077565 0.8463597 -0.5215973 0.1791096 0.8345082 -0.5210717 0.1424311 0.7889946 -0.5976629 0.1989067 0.8140212 -0.5457158 0.2634297 0.7958623 -0.5451679 0.2333282 0.7648831 -0.6004264 0.2866827 0.7738873 -0.5647225 0.3343446 0.75479 -0.5643632 0.3334836 0.7338705 -0.5917963 0.3704973 0.7262961 -0.5789868 0.414248 0.7026927 -0.5784649 0.4129031 0.6953773 -0.5881849 0.4496378 0.6717314 -0.5887297 0.4829649 0.6427953 -0.5946083 0.483674 0.6431844 -0.5936104 0.5238014 0.6104394 -0.5941346 0.5375511 0.5738474 -0.6178495 0.5560646 0.5802723 -0.5950432 0.5922098 0.5430392 -0.5953117 0.5910269 0.5070822 -0.6273397 0.6228706 0.5111145 -0.5922788 0.6647674 0.4557409 -0.5919329 0.6205723 0.4441564 -0.6462315 0.683521 0.4361978 -0.5852611 0.7148022 0.3834649 -0.5848184 0.6901408 0.3795914 -0.6161299 0.7374985 0.3560998 -0.5738369 0.7597349 0.3067334 -0.5733389 0.7523823 0.3063319 -0.5831652 0.7337735 0.2015282 -0.6488165 0.705362 0.2853853 -0.6488603 0.696675 0.2767714 -0.6618471 0.6604217 0.3546163 -0.661884 0.6547086 0.3477592 -0.6711335 0.6113598 0.4192594 -0.6711637 0.6081835 0.4146084 -0.676914 0.5584239 0.4794983 -0.6769373 0.5573094 0.4774751 -0.6792818 0.5017621 0.5355265 -0.6792983 0.5021513 0.5364278 -0.6782988 0.4413782 0.587437 -0.6783089 0.4426824 0.5914843 -0.6739277 0.3771852 0.6352535 -0.673932 0.3787766 0.6425274 -0.6660982 0.3090203 0.6788389 -0.6660963 0.3102703 0.6893419 -0.6546298 0.2367081 0.7179402 -0.6546229 0.236987 0.731545 -0.63928 0.1600888 0.7521355 -0.6392682 0.1587909 0.7685259 -0.6198011 0.07904136 0.7807807 -0.6197853 0.07561224 0.7995421 -0.5958315 0.02622163 0.8023321 -0.5963017 0.01577478 0.8238201 -0.5666318 0.7843842 0.2713655 -0.5577653 0.7998707 0.2230535 -0.5571841 0.804295 0.2273871 -0.5490033 0.8236949 0.1826381 -0.5368146 0.8336668 0.132586 -0.5361163 0.7808095 0.1322928 -0.6106023 0.01929098 0.631151 -0.77542 0.05933243 0.6291039 -0.7750535 0.06195318 0.611486 -0.7888261 0.1242296 0.6019122 -0.7888402 0.1249329 0.5868328 -0.800012 0.1848182 0.5707946 -0.8000224 0.1841623 0.5585385 -0.8087763 0.2413242 0.5363144 -0.8087828 0.239883 0.5269684 -0.8153284 0.2940019 0.4987976 -0.8153306 0.2923575 0.4924218 -0.8197853 0.3431301 0.4584949 -0.819783 0.3418356 0.4549708 -0.8222834 0.3889128 0.415462 -0.8222762 0.3885375 0.4146891 -0.8228436 0.4315607 0.3697344 -0.8228316 0.4326223 0.3714554 -0.8214979 0.4711632 0.3212082 -0.8214808 0.4741654 0.3251248 -0.818206 0.5077594 0.2697335 -0.8181835 0.5131381 0.275438 -0.8129103 0.5412561 0.2150909 -0.8128824 0.5494201 0.222139 -0.8054761 0.571483 0.1570658 -0.8054425 0.5827351 0.1649161 -0.7957527 0.5981068 0.09544086 -0.7957131 0.6126554 0.103503 -0.7835436 0.01748168 0.4209463 -0.9069172 0.03939205 0.4198965 -0.9067167 0.04124265 0.4068558 -0.9125609 0.08249455 0.400511 -0.9125708 0.08292955 0.3894785 -0.9172945 0.1225323 0.3788706 -0.917302 0.1219817 0.3699738 -0.9209994 0.1597624 0.355284 -0.9210045 0.1586578 0.3485692 -0.9237572 0.1944194 0.3299538 -0.9237595 0.1931843 0.3253967 -0.9256332 0.226714 0.3029925 -0.925633 0.2257592 0.3005086 -0.9266754 0.2568659 0.2744053 -0.9266724 0.2565847 0.2738516 -0.926914 0.2850056 0.2441592 -0.9269078 0.2857913 0.2453736 -0.9263451 0.3112607 0.2121754 -0.9263361 0.3134614 0.2148993 -0.924965 0.3356769 0.1782793 -0.9249528 0.3396469 0.1822452 -0.9227278 0.3582502 0.1423348 -0.9227121 0.3642728 0.1471806 -0.9195886 0.3788821 0.1041169 -0.9195694 0.3871772 0.1094263 -0.9154888 0.3973679 0.06341183 -0.9154658 0.4081702 0.06877195 -0.9103118 0.01298868 0.1849258 -0.9826666 0.01710557 0.1847407 -0.9826384 0.01803249 0.1786913 -0.9837399 0.03603464 0.1759212 -0.9837445 0.03628677 0.170839 -0.9846306 0.0535975 0.1662014 -0.9846342 0.05338114 0.1621196 -0.9853262 0.06989693 0.1556975 -0.9853287 0.06941783 0.1526501 -0.9858393 0.0850526 0.1445114 -0.985841 0.08449321 0.1424059 -0.9861954 0.09916907 0.1326 -0.9861961 0.09873288 0.1314564 -0.9863929 0.112349 0.1200309 -0.9863926 0.1122217 0.1197806 -0.9864375 0.1246709 0.1067757 -0.9864361 0.1250395 0.1073412 -0.986328 0.1362047 0.09278982 -0.9863257 0.1371996 0.0940048 -0.9860727 0.1469358 0.077959 -0.9860691 0.1487475 0.07973307 -0.9856556 0.1569053 0.0622366 -0.9856507 0.1596853 0.06441193 -0.9850644 0.1660946 0.04552763 -0.9850583 0.1699363 0.04789435 -0.9842905 0.17441 0.0277087 -0.9842832 0.179399 0.03005552 -0.9833172 0.8824073 0.04552984 -0.4682781 0.8586581 0.04989051 -0.5101149 0.8480758 0.1439434 -0.5099488 0.7654775 0.1219287 -0.6318049 0.7457206 0.2113297 -0.6318548 0.8510675 0.04791158 -0.5228658 0.8231559 0.04313129 -0.5661749 0.790471 0.04603344 -0.6107673 0.785824 0.04469591 -0.6168329 0.7531197 0.04002088 -0.656665 0.710627 0.04089856 -0.7023792 0.7019618 0.1187582 -0.7022436 0.6865778 0.1094754 -0.7187671 0.6688993 0.1894235 -0.7188133 0.6569883 0.1805232 -0.7319685 0.6315945 0.2554454 -0.7320082 0.6229462 0.2475329 -0.7420685 0.5905624 0.3170506 -0.7421017 0.5848485 0.3106716 -0.7492899 0.5461437 0.3745012 -0.749317 0.5429763 0.3701692 -0.7537584 0.4985613 0.4280813 -0.7537792 0.4974467 0.4261899 -0.7555851 0.4478639 0.4780031 -0.7555997 0.4482632 0.4788644 -0.7548172 0.394003 0.5244042 -0.7548257 0.3953387 0.52823 -0.7514522 0.3368377 0.567323 -0.7514553 0.3385227 0.5742732 -0.7453944 0.2761848 0.6067223 -0.7453925 0.2776074 0.6168419 -0.7365055 0.211815 0.6424205 -0.7364987 0.2123572 0.6556501 -0.7245878 0.1434896 0.6740921 -0.7245762 0.1425428 0.6902064 -0.709434 0.07101386 0.7012005 -0.7094188 0.06800198 0.719883 -0.6907563 0.02392524 0.7222695 -0.6911978 0.01509684 0.7536377 -0.6571166 0.710225 0.04077291 -0.702793 0.6732381 0.03624212 -0.738537 0.6202756 0.03451192 -0.7836244 0.62533 0.03621733 -0.7795195 0.5845258 0.03186202 -0.8107493 0.01224458 0.530371 -0.8476773 0.04973858 0.5285771 -0.8474268 0.05198091 0.5128711 -0.8568904 0.1041088 0.5048554 -0.8569028 0.1046506 0.4915045 -0.8645644 0.1547278 0.4780918 -0.8645735 0.1540794 0.4673067 -0.8705653 0.2018649 0.4487276 -0.8705712 0.2005444 0.4405674 -0.8750328 0.245768 0.417027 -0.8750352 0.2442731 0.41143 -0.878098 0.2866871 0.3830888 -0.8780965 0.2855436 0.3800687 -0.8797799 0.3248769 0.3470605 -0.8797749 0.3245338 0.346374 -0.8801721 0.3604729 0.3088244 -0.880163 0.3614178 0.310311 -0.8792521 0.3936169 0.2683368 -0.8792389 0.3962814 0.271703 -0.8770054 0.4243569 0.2254175 -0.876988 0.4291271 0.2302982 -0.8733915 0.4526297 0.1798676 -0.8733693 0.4598842 0.1858751 -0.868307 0.4783368 0.1314678 -0.86828 0.4883852 0.1381344 -0.8616257 0.5012534 0.08000451 -0.8615941 0.5142676 0.08677136 -0.8532289 0.5208278 0.02692002 -0.8532372 0.5369994 0.03281378 -0.8429442 0.487818 0.02688455 -0.8725312 0.4424027 0.0226702 -0.8965299 0.4129079 0.02589857 -0.9104046 0.3849577 0.02144742 -0.922685 0.3370227 0.017502 -0.9413338 0.2992814 0.01998639 -0.9539555 0.2959982 0.04977673 -0.9538906 0.2879157 0.04589527 -0.9565554 0.2805333 0.07921534 -0.9565699 0.2742916 0.07531559 -0.9586927 0.2637135 0.106489 -0.958705 0.2592352 0.1029515 -0.9603114 0.2457702 0.1318334 -0.9603212 0.242817 0.1289249 -0.9614667 0.2267405 0.1554221 -0.9614742 0.2251027 0.1534168 -0.9621809 0.2066753 0.1774345 -0.9621862 0.2060976 0.1765489 -0.962473 0.1855377 0.1980277 -0.9624764 0.1857424 0.1984285 -0.9623543 0.163245 0.2173064 -0.9623559 0.1639627 0.2191697 -0.9618113 0.1397095 0.2353749 -0.9618108 0.1406147 0.238722 -0.9608535 0.1147668 0.2521768 -0.9608514 0.1155833 0.2571899 -0.9594237 0.08827656 0.2678078 -0.9594197 0.08867096 0.2744456 -0.9575057 0.06003499 0.2821169 -0.9574998 0.05968701 0.2903011 -0.9550721 0.0298689 0.2948882 -0.9550648 0.02844971 0.3046446 -0.9520411 0.0164017 0.3052042 -0.9521457 0.00645864 0.3370674 -0.9414584 0.2770485 0.01558268 -0.9607296 0.2271606 0.01195651 -0.9737838 0.1812591 0.01312261 -0.9833478 0.1653691 0.00933218 -0.9861876 0.1144291 0.006101429 -0.9934127 0.00711137 0.06182152 -0.9980618 0.005538046 0.06189054 -0.9980676 0.005868375 0.05989146 -0.9981877 0.01190334 0.0589627 -0.9981892 0.01200824 0.05723565 -0.9982885 0.01781356 0.05568021 -0.9982898 0.01775527 0.05431342 -0.9983661 0.02329689 0.05215847 -0.9983671 0.02314388 0.05112171 -0.9984242 0.02839696 0.04838716 -0.9984248 0.02821809 0.04769057 -0.9984635 0.03315389 0.04439258 -0.9984638 0.03301727 0.04402667 -0.9984847 0.03760021 0.04018115 -0.9984847 0.03756415 0.04010921 -0.9984889 0.04175025 0.03573626 -0.9984888 0.04185837 0.03590375 -0.9984782 0.04561507 0.03100788 -0.9984777 0.04595506 0.03142541 -0.9984491 0.04923164 0.02602559 -0.9984483 0.04984247 0.02662491 -0.9984021 0.05258595 0.0207414 -0.998401 0.05350744 0.02146154 -0.9983368 0.05566179 0.01511472 -0.9983353 0.05694276 0.01589995 -0.9982509 0.05844604 0.009118556 -0.9982489 0.0601139 0.009895443 -0.9981425 0.06061178 0.005351722 -0.9981471 0.05153149 0.002786636 -0.9986675 -0.998513 0 -0.05451434 -0.998513 0 -0.05451434 -0.986644 0 -0.1628917 -0.986644 0 -0.1628917 -0.9630443 0 -0.2693431 -0.9630443 0 -0.2693431 -0.9279987 0 -0.3725833 -0.9279987 0 -0.3725833 -0.8832095 0.01605528 -0.4687038 -0.7864711 0.01880115 -0.6173409 -0.6736143 0.01404684 -0.7389496 -0.7107078 0.01745629 -0.7032707 -0.5847759 0.01266193 -0.8110961 -0.6256628 0.01576018 -0.7799344 -0.4425018 0.008131861 -0.8967307 -0.4879653 0.01092654 -0.8727947 -0.537209 0.01722174 -0.8432734 -0.3850311 0.008891522 -0.9228608 -0.2271745 0.004560053 -0.9738433 -0.2770761 0.006598114 -0.9608253 -0.114431 0.00237596 -0.9934283 -0.165375 0.003972351 -0.9862228 -0.05153167 0.001119911 -0.9986708 -0.8518798 0.01975142 -0.5233649 -0.8700743 0.02624297 -0.4922215 -0.8661934 0.08968895 -0.4915941 -0.808939 0.05133873 -0.5856467 -0.8463597 0.1077565 -0.5215973 -0.8345082 0.1791096 -0.5210717 -0.7889946 0.1424311 -0.5976629 -0.8140212 0.1989067 -0.5457158 -0.7958623 0.2634297 -0.5451679 -0.7648831 0.2333282 -0.6004264 -0.7738873 0.2866827 -0.5647225 -0.75479 0.3343446 -0.5643632 -0.7338705 0.3334836 -0.5917963 -0.7262961 0.3704973 -0.5789868 -0.7026927 0.414248 -0.5784649 -0.6953773 0.4129031 -0.5881849 -0.6717314 0.4496378 -0.5887297 -0.6427953 0.4829649 -0.5946083 -0.6431844 0.483674 -0.5936104 -0.6104394 0.5238014 -0.5941346 -0.5738474 0.5375511 -0.6178495 -0.5802723 0.5560646 -0.5950432 -0.5430392 0.5922098 -0.5953117 -0.5070822 0.5910269 -0.6273397 -0.5111145 0.6228706 -0.5922788 -0.4557409 0.6647674 -0.5919329 -0.4441564 0.6205723 -0.6462315 -0.4361978 0.683521 -0.5852611 -0.3834649 0.7148022 -0.5848184 -0.3795914 0.6901408 -0.6161299 -0.3560998 0.7374985 -0.5738369 -0.3067334 0.7597349 -0.5733389 -0.3063319 0.7523823 -0.5831652 -0.2015282 0.7337735 -0.6488165 -0.2853853 0.705362 -0.6488603 -0.2767714 0.696675 -0.6618471 -0.3546163 0.6604217 -0.661884 -0.3477592 0.6547086 -0.6711335 -0.4192594 0.6113598 -0.6711637 -0.4146084 0.6081835 -0.676914 -0.4794983 0.5584239 -0.6769373 -0.4774751 0.5573094 -0.6792818 -0.5355265 0.5017621 -0.6792983 -0.5364278 0.5021513 -0.6782988 -0.587437 0.4413782 -0.6783089 -0.5914843 0.4426824 -0.6739277 -0.6352535 0.3771852 -0.673932 -0.6425274 0.3787766 -0.6660982 -0.6788389 0.3090203 -0.6660963 -0.6893419 0.3102703 -0.6546298 -0.7179402 0.2367081 -0.6546229 -0.731545 0.236987 -0.63928 -0.7521355 0.1600888 -0.6392682 -0.7685259 0.1587909 -0.6198011 -0.7807807 0.07904136 -0.6197853 -0.7995421 0.07561224 -0.5958315 -0.8023321 0.02622163 -0.5963017 -0.8238201 0.01577478 -0.5666318 -0.2713655 0.7843842 -0.5577653 -0.2230535 0.7998707 -0.5571841 -0.2273871 0.804295 -0.5490033 -0.1826381 0.8236949 -0.5368146 -0.132586 0.8336668 -0.5361163 -0.1322928 0.7808095 -0.6106023 -0.631151 0.01929098 -0.77542 -0.6291039 0.05933243 -0.7750535 -0.611486 0.06195318 -0.7888261 -0.6019122 0.1242296 -0.7888402 -0.5868328 0.1249329 -0.800012 -0.5707946 0.1848182 -0.8000224 -0.5585385 0.1841623 -0.8087763 -0.5363144 0.2413242 -0.8087828 -0.5269684 0.239883 -0.8153284 -0.4987976 0.2940019 -0.8153306 -0.4924218 0.2923575 -0.8197853 -0.4584949 0.3431301 -0.819783 -0.4549708 0.3418356 -0.8222834 -0.415462 0.3889128 -0.8222762 -0.4146891 0.3885375 -0.8228436 -0.3697344 0.4315607 -0.8228316 -0.3714554 0.4326223 -0.8214979 -0.3212082 0.4711632 -0.8214808 -0.3251248 0.4741654 -0.818206 -0.2697335 0.5077594 -0.8181835 -0.275438 0.5131381 -0.8129103 -0.2150909 0.5412561 -0.8128824 -0.222139 0.5494201 -0.8054761 -0.1570658 0.571483 -0.8054425 -0.1649161 0.5827351 -0.7957527 -0.09544086 0.5981068 -0.7957131 -0.103503 0.6126554 -0.7835436 -0.4209463 0.01748168 -0.9069172 -0.4198965 0.03939205 -0.9067167 -0.4068558 0.04124265 -0.9125609 -0.400511 0.08249455 -0.9125708 -0.3894785 0.08292955 -0.9172945 -0.3788706 0.1225323 -0.917302 -0.3699738 0.1219817 -0.9209994 -0.355284 0.1597624 -0.9210045 -0.3485692 0.1586578 -0.9237572 -0.3299538 0.1944194 -0.9237595 -0.3253967 0.1931843 -0.9256332 -0.3029925 0.226714 -0.925633 -0.3005086 0.2257592 -0.9266754 -0.2744053 0.2568659 -0.9266724 -0.2738516 0.2565847 -0.926914 -0.2441592 0.2850056 -0.9269078 -0.2453736 0.2857913 -0.9263451 -0.2121754 0.3112607 -0.9263361 -0.2148993 0.3134614 -0.924965 -0.1782793 0.3356769 -0.9249528 -0.1822452 0.3396469 -0.9227278 -0.1423348 0.3582502 -0.9227121 -0.1471806 0.3642728 -0.9195886 -0.1041169 0.3788821 -0.9195694 -0.1094263 0.3871772 -0.9154888 -0.06341183 0.3973679 -0.9154658 -0.06877195 0.4081702 -0.9103118 -0.1849258 0.01298868 -0.9826666 -0.1847407 0.01710557 -0.9826384 -0.1786913 0.01803249 -0.9837399 -0.1759212 0.03603464 -0.9837445 -0.170839 0.03628677 -0.9846306 -0.1662014 0.0535975 -0.9846342 -0.1621196 0.05338114 -0.9853262 -0.1556975 0.06989693 -0.9853287 -0.1526501 0.06941783 -0.9858393 -0.1445114 0.0850526 -0.985841 -0.1424059 0.08449321 -0.9861954 -0.1326 0.09916907 -0.9861961 -0.1314564 0.09873288 -0.9863929 -0.1200309 0.112349 -0.9863926 -0.1197806 0.1122217 -0.9864375 -0.1067757 0.1246709 -0.9864361 -0.1073412 0.1250395 -0.986328 -0.09278982 0.1362047 -0.9863257 -0.0940048 0.1371996 -0.9860727 -0.077959 0.1469358 -0.9860691 -0.07973307 0.1487475 -0.9856556 -0.0622366 0.1569053 -0.9856507 -0.06441193 0.1596853 -0.9850644 -0.04552763 0.1660946 -0.9850583 -0.04789435 0.1699363 -0.9842905 -0.0277087 0.17441 -0.9842832 -0.03005552 0.179399 -0.9833172 -0.04552984 0.8824073 -0.4682781 -0.04989051 0.8586581 -0.5101149 -0.1439434 0.8480758 -0.5099488 -0.1219287 0.7654775 -0.6318049 -0.2113297 0.7457206 -0.6318548 -0.04791158 0.8510675 -0.5228658 -0.04313129 0.8231559 -0.5661749 -0.04603344 0.790471 -0.6107673 -0.04469591 0.785824 -0.6168329 -0.04002088 0.7531197 -0.656665 -0.04089856 0.710627 -0.7023792 -0.1187582 0.7019618 -0.7022436 -0.1094754 0.6865778 -0.7187671 -0.1894235 0.6688993 -0.7188133 -0.1805232 0.6569883 -0.7319685 -0.2554454 0.6315945 -0.7320082 -0.2475329 0.6229462 -0.7420685 -0.3170506 0.5905624 -0.7421017 -0.3106716 0.5848485 -0.7492899 -0.3745012 0.5461437 -0.749317 -0.3701692 0.5429763 -0.7537584 -0.4280813 0.4985613 -0.7537792 -0.4261899 0.4974467 -0.7555851 -0.4780031 0.4478639 -0.7555997 -0.4788644 0.4482632 -0.7548172 -0.5244042 0.394003 -0.7548257 -0.52823 0.3953387 -0.7514522 -0.567323 0.3368377 -0.7514553 -0.5742732 0.3385227 -0.7453944 -0.6067223 0.2761848 -0.7453925 -0.6168419 0.2776074 -0.7365055 -0.6424205 0.211815 -0.7364987 -0.6556501 0.2123572 -0.7245878 -0.6740921 0.1434896 -0.7245762 -0.6902064 0.1425428 -0.709434 -0.7012005 0.07101386 -0.7094188 -0.719883 0.06800198 -0.6907563 -0.7222695 0.02392524 -0.6911978 -0.7536377 0.01509684 -0.6571166 -0.04077291 0.710225 -0.702793 -0.03624212 0.6732381 -0.738537 -0.03451192 0.6202756 -0.7836244 -0.03621733 0.62533 -0.7795195 -0.03186202 0.5845258 -0.8107493 -0.530371 0.01224458 -0.8476773 -0.5285771 0.04973858 -0.8474268 -0.5128711 0.05198091 -0.8568904 -0.5048554 0.1041088 -0.8569028 -0.4915045 0.1046506 -0.8645644 -0.4780918 0.1547278 -0.8645735 -0.4673067 0.1540794 -0.8705653 -0.4487276 0.2018649 -0.8705712 -0.4405674 0.2005444 -0.8750328 -0.417027 0.245768 -0.8750352 -0.41143 0.2442731 -0.878098 -0.3830888 0.2866871 -0.8780965 -0.3800687 0.2855436 -0.8797799 -0.3470605 0.3248769 -0.8797749 -0.346374 0.3245338 -0.8801721 -0.3088244 0.3604729 -0.880163 -0.310311 0.3614178 -0.8792521 -0.2683368 0.3936169 -0.8792389 -0.271703 0.3962814 -0.8770054 -0.2254175 0.4243569 -0.876988 -0.2302982 0.4291271 -0.8733915 -0.1798676 0.4526297 -0.8733693 -0.1858751 0.4598842 -0.868307 -0.1314678 0.4783368 -0.86828 -0.1381344 0.4883852 -0.8616257 -0.08000451 0.5012534 -0.8615941 -0.08677136 0.5142676 -0.8532289 -0.02692002 0.5208278 -0.8532372 -0.03281378 0.5369994 -0.8429442 -0.02688455 0.487818 -0.8725312 -0.0226702 0.4424027 -0.8965299 -0.02589857 0.4129079 -0.9104046 -0.02144742 0.3849577 -0.922685 -0.017502 0.3370227 -0.9413338 -0.01998639 0.2992814 -0.9539555 -0.04977673 0.2959982 -0.9538906 -0.04589527 0.2879157 -0.9565554 -0.07921534 0.2805333 -0.9565699 -0.07531559 0.2742916 -0.9586927 -0.106489 0.2637135 -0.958705 -0.1029515 0.2592352 -0.9603114 -0.1318334 0.2457702 -0.9603212 -0.1289249 0.242817 -0.9614667 -0.1554221 0.2267405 -0.9614742 -0.1534168 0.2251027 -0.9621809 -0.1774345 0.2066753 -0.9621862 -0.1765489 0.2060976 -0.962473 -0.1980277 0.1855377 -0.9624764 -0.1984285 0.1857424 -0.9623543 -0.2173064 0.163245 -0.9623559 -0.2191697 0.1639627 -0.9618113 -0.2353749 0.1397095 -0.9618108 -0.238722 0.1406147 -0.9608535 -0.2521768 0.1147668 -0.9608514 -0.2571899 0.1155833 -0.9594237 -0.2678078 0.08827656 -0.9594197 -0.2744456 0.08867096 -0.9575057 -0.2821169 0.06003499 -0.9574998 -0.2903011 0.05968701 -0.9550721 -0.2948882 0.0298689 -0.9550648 -0.3046446 0.02844971 -0.9520411 -0.3052042 0.0164017 -0.9521457 -0.3370674 0.00645864 -0.9414584 -0.01558268 0.2770485 -0.9607296 -0.01195651 0.2271606 -0.9737838 -0.01312261 0.1812591 -0.9833478 -0.00933218 0.1653691 -0.9861876 -0.006101429 0.1144291 -0.9934127 -0.06182152 0.00711137 -0.9980618 -0.06189054 0.005538046 -0.9980676 -0.05989146 0.005868375 -0.9981877 -0.0589627 0.01190334 -0.9981892 -0.05723565 0.01200824 -0.9982885 -0.05568021 0.01781356 -0.9982898 -0.05431342 0.01775527 -0.9983661 -0.05215847 0.02329689 -0.9983671 -0.05112171 0.02314388 -0.9984242 -0.04838716 0.02839696 -0.9984248 -0.04769057 0.02821809 -0.9984635 -0.04439258 0.03315389 -0.9984638 -0.04402667 0.03301727 -0.9984847 -0.04018115 0.03760021 -0.9984847 -0.04010921 0.03756415 -0.9984889 -0.03573626 0.04175025 -0.9984888 -0.03590375 0.04185837 -0.9984782 -0.03100788 0.04561507 -0.9984777 -0.03142541 0.04595506 -0.9984491 -0.02602559 0.04923164 -0.9984483 -0.02662491 0.04984247 -0.9984021 -0.0207414 0.05258595 -0.998401 -0.02146154 0.05350744 -0.9983368 -0.01511472 0.05566179 -0.9983353 -0.01589995 0.05694276 -0.9982509 -0.009118556 0.05844604 -0.9982489 -0.009895443 0.0601139 -0.9981425 -0.005351722 0.06061178 -0.9981471 -0.002786636 0.05153149 -0.9986675 0.06663113 -0.1499053 0.9864526 0.2434154 -0.1081953 0.9638686 0.4274475 -0.1899953 0.8838497 0.7274869 -0.323274 0.6051915 0.3420113 -0.7749089 0.5315492 0.4755705 -0.8245782 0.3064366 0.3619416 -0.926322 0.1045265 0.9161882 -0.3868917 0.1044698 0.9136933 -0.4063817 -0.004281222 0.8924305 -0.3966642 0.2150009 0.8735099 -0.4842362 -0.04995805 0.8175584 -0.5748148 -0.03444266 0.7520613 -0.6588223 -0.01889514 0.6778022 -0.7352369 -0.003328144 0.595675 -0.8031338 0.01214009 0.5498299 -0.8288532 0.1033903 0.4969574 -0.86161 0.1032551 0.5066698 -0.8616886 0.02789789 0.458509 -0.882643 0.1034937 0.8242342 -0.475387 0.3076444 0.8686885 -0.3882234 0.3076734 0.8630875 -0.382432 0.3298873 0.3849553 -0.8619824 0.3298421 0.3858345 -0.8701902 0.3064323 0.3966642 -0.8924305 0.2150009 0.4041022 -0.9088557 0.1033571 0.4118406 -0.9101414 0.04505443 0.7846218 -0.3490509 0.5123788 0.7935497 -0.3512116 0.4969199 0.7518684 -0.4332731 0.4969589 0.750442 -0.4328264 0.4994978 0.7009986 -0.5090215 0.4994978 0.6349058 -0.7656341 0.1034369 0.5844227 -0.8048468 0.103304 0.5591004 -0.769954 0.3075345 0.4752825 -0.8243363 0.3075325 0.4332672 -0.7509222 0.4983927 0.3548933 -0.7909445 0.4984552 0.2844439 -0.6478091 0.7067072 0.6455995 -0.2897914 0.7065566 0.6822305 -0.3008253 0.6663826 0.6458359 -0.372493 0.666442 0.6439681 -0.3718013 0.6686322 0.6017016 -0.4369184 0.6686236 0.6017025 -0.4369189 0.6686225 0.5526481 -0.4975181 0.6686223 0.7127723 -0.6937268 0.103435 0.6654855 -0.7392275 0.1033042 0.6366283 -0.7071726 0.3075897 0.5590848 -0.7699436 0.3075891 0.5090214 -0.7009987 0.4994978 0.4328265 -0.7504419 0.4994979 0.371518 -0.6441444 0.6686198 0.3058404 -0.6776949 0.6687237 0.2259566 -0.5164627 0.82596 0.5152353 -0.2290159 0.8258841 0.5386293 -0.2368441 0.8085687 0.5096284 -0.2939343 0.8086295 0.5096315 -0.2939356 0.808627 0.4760539 -0.3456805 0.808627 0.4760519 -0.3456794 0.8086287 0.437241 -0.393624 0.8086287 0.4372431 -0.3936254 0.808627 0.3936256 -0.4372428 0.808627 0.8434338 -0.5271822 0.1034325 0.804843 -0.5844273 0.1033072 0.7699433 -0.5590842 0.3075907 0.7071725 -0.6366281 0.3075902 0.643849 -0.5796214 0.4994972 0.5796213 -0.643849 0.4994974 0.4975181 -0.5526481 0.6686223 0.436919 -0.6017023 0.6686226 0.3456807 -0.4760537 0.808627 0.2939361 -0.5096314 0.8086269 0.2034518 -0.3527482 0.9133324 0.3406181 -0.1514009 0.9279316 0.3732767 -0.1630564 0.9132782 0.3527483 -0.2034516 0.9133324 0.3527467 -0.2034509 0.9133332 0.3295059 -0.2392666 0.9133331 0.3295066 -0.2392671 0.9133327 0.3026431 -0.2724527 0.9133328 0.3026422 -0.2724521 0.9133332 0.272452 -0.3026423 0.9133332 0.2724528 -0.3026431 0.9133327 0.2392671 -0.3295066 0.9133327 0.7825474 -0.6139394 0.1034308 0.7392277 -0.6654856 0.1033021 0.7071724 -0.6366281 0.3075903 0.6366282 -0.7071727 0.3075897 0.5796219 -0.6438495 0.4994959 0.5090222 -0.7009994 0.4994959 0.4369183 -0.6017016 0.6686236 0.3715158 -0.6441417 0.6686235 0.2939339 -0.5096285 0.8086295 0.2389582 -0.5376032 0.8086296 0.1653991 -0.3721116 0.9133324 0.183236 -0.4301127 0.883984 0.1514009 -0.3406181 0.9279316 0.1499053 -0.06663113 0.9864526 0.1914896 -0.08209729 0.978055 0.1803442 -0.1040157 0.9780883 0.1803448 -0.1040159 0.9780882 0.1684626 -0.1223271 0.9780882 0.1684629 -0.1223273 0.978088 0.1547288 -0.1392937 0.978088 0.1547287 -0.1392936 0.9780882 0.1392936 -0.1547287 0.9780881 0.1392937 -0.1547288 0.978088 0.1223273 -0.1684629 0.978088 0.122327 -0.1684626 0.9780882 0.104016 -0.1803447 0.9780882 0.8947395 -0.4344344 0.1034794 0.8616037 -0.4969471 0.1033565 0.8242515 -0.47539 0.3075937 0.7699427 -0.5590841 0.3075929 0.7009996 -0.509022 0.4994959 0.6438496 -0.5796218 0.4994961 0.5526476 -0.4975178 0.668623 0.4975176 -0.5526476 0.668623 0.3936238 -0.4372413 0.8086287 0.3456792 -0.4760521 0.8086287 0.2392665 -0.3295059 0.9133331 0.2034507 -0.3527469 0.9133332 0.1040156 -0.1803442 0.9780883 0.08456122 -0.1902438 0.9780883 0.1022326 -0.245719 0.963935 0.02127915 -0.04787337 0.9986267 0.02127921 -0.04787349 0.9986267 0.02617478 -0.04538238 0.9986267 0.02617478 -0.04538232 0.9986267 0.03078258 -0.04239219 0.9986267 0.03078252 -0.04239213 0.9986267 0.03505194 -0.03893601 0.9986267 0.035052 -0.03893613 0.9986267 0.03893613 -0.035052 0.9986267 0.03893601 -0.03505194 0.9986267 0.04239213 -0.03078252 0.9986267 0.04239225 -0.03078258 0.9986267 0.04538232 -0.02617478 0.9986267 0.04538238 -0.02617478 0.9986267 0.04787355 -0.02127921 0.9986267 0.04787337 -0.02127915 0.9986267 0 0 -1 0 0 -1 0 0 -1 0 0 -1 0 0 -1 0 0 -1 0 0 -1 0 0 -1 0 0 -1 0 0 -1 0 0 -1 0 0 -1 0 0 -1 0 0 -1 0 0 -1 0 0 -1 0 0 -1 0 0 -1 0 0 -1 0 0 -1 0 0 -1 0 0 -1 0 0 -1 0 0 -1 0 0 -1 0 0 -1 0 0 -1 0 0 -1 0 0 -1 0 0 -1 0 0 -1 0 0 -1 0 0 -1 0 0 -1 0 0 -1 0 0 -1 0 0 -1 0 0 -1 0 0 -1 0 0 -1 0 0 -1 0 0 -1 0 0 -1 0 0 -1 0 0 -1 0 0 -1 0 0 -1 0 0 -1 0 0 -1 0 0 -1 0 0 -1 0 0 -1 0 0 -1 0 0 -1 0 0 -1 0 0 -1 0 0 -1 0 0 -1 0 0 -1 0 0 -1 0 0 -1 0 0 -1 0 0 -1 0 0 -1 0 0 -1 0 0 -1 0 0 -1 0 0 -1 0 0 -1 0 0 -1 0 0 -1 0 0 -1 0 0 -1 0 0 -1 0 0 -1 0 0 -1 0 0 -1 0 0 -1 0 0 -1 0 0 -1 0 0 -1 0 0 -1 0 0 -1 0 0 -1 0 0 -1 0 0 -1 0 0 -1 0 0 -1 0 0 -1 0 0 -1 0 0 -1 0 0 -1 0 0 -1 0 0 -1 0 0 -1 0 0 -1 0 0 -1 0 0 -1 0 0 -1 0 0 -1 0 0 -1 0 0 -1 0 0 -1 0 0 -1 0 0 -1 0 0 -1 0 0 -1 0 0 -1 0 0 -1 0 0 -1 0 0 -1 0 0 -1 0 0 -1 0 0 -1 0 0 -1 0 0 -1 8.57466e-6 0.2022334 0.9793373 0 0.05154973 0.9986705 -1.10567e-4 0.05202013 0.9986461 1.09135e-4 0.154071 0.9880598 0.003552854 0.1260672 0.9920153 -9.48211e-5 0.254984 0.9669452 -0.001317918 0.2381377 0.9712306 -3.16767e-4 0.2641677 0.9644767 6.07879e-4 0.2564855 0.9665479 0.001347541 0.2377921 0.9713152 1.04806e-4 0.254984 0.9669453 -1.04933e-5 0.2014579 0.9794972 3.14469e-4 0.1575033 0.9875184 0 0.05154973 0.9986705 1.36085e-4 0.05212867 0.9986404 -1.32999e-4 0.1540711 0.9880598 -0.003417789 0.1271966 0.9918717 -2.50829e-4 0.1594077 0.9872128 0 0.275659 0.9612556 0 0.3531858 0.9355531 0 0.3531858 0.9355531 0 0.4476147 0.8942266 0 0.4476147 0.8942266 0 0.5373036 0.8433889 0 0.5373036 0.8433889 0 0.6212714 0.7835955 0 0.6212714 0.7835955 0 0.6986413 0.7154722 0 0.6986413 0.7154722 0 0.7685877 0.6397445 0 0.7685877 0.6397445 0 0.8303647 0.5572203 0 0.8303647 0.5572203 0 0.8833194 0.4687716 0 0.8833194 0.4687716 -0.9985334 0.05413901 0 -0.9868265 0.1617817 0 -0.9868265 0.1617817 0 -0.96355 0.2675282 0 -0.96355 0.2675282 0 -0.9289767 0.3701383 0 -0.9289767 0.3701383 0 -0.883512 0.4684085 0 -0.883512 0.4684085 0 -0.8276888 0.5611875 0 -0.8276888 0.5611875 0 -0.7621623 0.647386 0 -0.7621623 0.647386 0 -0.6876993 0.7259957 0 -0.6876993 0.7259957 0 -0.6051744 0.7960929 0 -0.6051744 0.7960929 0 -0.515554 0.8568571 0 -0.515554 0.8568571 0 -0.4198886 0.9075756 0 -0.4198886 0.9075756 0 -0.3193016 0.9476532 0 -0.3193016 0.9476532 0 -0.2149709 0.9766205 0 -0.2149709 0.9766205 0 -0.108119 0.994138 0 -0.108119 0.994138 0 0 1 0 0 1 0 0.108119 0.994138 0 0.108119 0.994138 0 0.2149709 0.9766205 0 0.2149709 0.9766205 0 0.3193016 0.9476532 0 0.3193016 0.9476532 0 0.4198886 0.9075756 0 0.4198886 0.9075756 0 0.515554 0.8568571 0 0.515554 0.8568571 0 0.6051744 0.7960929 0 0.6051744 0.7960929 0 0.6876993 0.7259957 0 0.6876993 0.7259957 0 0.7621623 0.647386 0 0.7621623 0.647386 0 0.8276888 0.5611875 0 0.8276888 0.5611875 0 0.883512 0.4684085 0 0.883512 0.4684085 0 0.9289767 0.3701383 0 0.9289767 0.3701383 0 0.96355 0.2675282 0 0.96355 0.2675282 0 0.9868265 0.1617817 0 0.9868265 0.1617817 0 0.9985334 0.05413901 0 0.9985334 0.05413901 0 0.9985334 -0.05413901 0 0.9985334 -0.05413901 0 0.9868265 -0.1617817 0 0.9868265 -0.1617817 0 0.96355 -0.2675282 0 0.96355 -0.2675282 0 0.9289767 -0.3701383 0 0.9289767 -0.3701383 0 0.883512 -0.4684085 0 0.883512 -0.4684085 0 0.8276888 -0.5611875 0 0.8276888 -0.5611875 0 0.7621623 -0.647386 0 0.7621623 -0.647386 0 0.6876993 -0.7259957 0 0.6876993 -0.7259957 0 0.6051744 -0.7960929 0 0.6051744 -0.7960929 0 0.515554 -0.8568571 0 0.515554 -0.8568571 0 0.4198886 -0.9075756 0 0.4198886 -0.9075756 0 0.3193016 -0.9476532 0 0.3193016 -0.9476532 0 0.2149709 -0.9766205 0 0.2149709 -0.9766205 0 0.108119 -0.994138 0 0.108119 -0.994138 0 0 -1 0 0 -1 0 -0.108119 -0.994138 0 -0.108119 -0.994138 0 -0.2149709 -0.9766205 0 -0.2149709 -0.9766205 0 -0.3193016 -0.9476532 0 -0.3193016 -0.9476532 0 -0.4198886 -0.9075756 0 -0.4198886 -0.9075756 0 -0.515554 -0.8568571 0 -0.515554 -0.8568571 0 -0.6051744 -0.7960929 0 -0.6051744 -0.7960929 0 -0.6876993 -0.7259957 0 -0.6876993 -0.7259957 0 -0.7621623 -0.647386 0 -0.7621623 -0.647386 0 -0.8276888 -0.5611875 0 -0.8276888 -0.5611875 0 -0.883512 -0.4684085 0 -0.883512 -0.4684085 0 -0.9289767 -0.3701383 0 -0.9289767 -0.3701383 0 -0.96355 -0.2675282 0 -0.96355 -0.2675282 0 -0.9868265 -0.1617817 0 -0.9868265 -0.1617817 0 -0.9985334 -0.05413901 0 -0.9985334 -0.05413901 0 -0.9985334 0.05413901 0 1 0 0 1 0 0 1 0 0 1 0 0 1 0 0 1 0 0 1 0 0 1 0 0 1 0 0 1 0 0 1 0 0 1 0 0 1 0 0 1 0 0 1 0 0 1 0 0 1 0 0 1 0 0 -1 0 0 -1 0 0 -1 0 0 -1 0 0 -1 0 0 -1 0 0 -1 0 0 -1 0 0 -1 0 0 -1 0 0 -1 0 0 -1 0 0 -1 0 0 -1 0 0 -1 0 0 -1 0 0 -1 0 0 -1 0 0 0 1 0 0 1 0 0 1 0 0 1 0 0 1 0 0 1 0 0 1 0 0 1 0 0 1 0 0 1 0 0 1 0 0 1 0 0 1 0 0 1 0 0 1 0 0 1 0 0 1 0 0 1 0 0 0 -1 0 0 -1 0 0 -1 0 0 -1 0 0 -1 0 0 -1 0 0 -1 0 0 -1 0 0 -1 0 0 -1 0 0 -1 0 0 -1 0 0 -1 0 0 -1 0 0 -1 0 0 -1 0 0 -1 0 0 -1 0 0 -1 0 0 -1 0 0 -1 0 0 -1 0 0 -1 0 0 -1 0 0 -1 0 0 -1 0 0 -1 0 0 -1 0 0 -1 0 0 -1 0 0 -1 0 0 -1 0 0 -1 0 0 -1 0 0 -1 0 0 -1 0 0 -1 0 0 -1 0 0 -1 0 0 -1 0 0 -1 0 0 -1 0 0 -1 0 0 -1 0 0 -1 0 0 -1 0 0 -1 0 0 -1 0 0 -1 0 0 -1 0 0 -1 0 0 -1 0 0 -1 0 0 -1 0 0 -1 0 0 -1 0 0 -1 0 0 -1 0 0 -1 0 0 -1 0 0 -1 0 0 -1 0 0 1 0 0 1 0 0 1 0 0 1 0 0 1 0 0 1 0 0 1 0 0 1 0 0 1 0 0 1 0 0 1 0 0 1 0 0 1 0 0 1 0 0 1 0 0 1 0 0 1 0 0 1 0 0 1 0 0 1 0 0 1 0 0 1 0 0 1 0 0 1 0 0 1 0 0 1 0 0 1 0 0 1 0 0 1 0 0 1 0 0 1 0 0 1 0 0 1 0 0 1 0 0 1 0 0 1 0 0 1 0 0 1 0 0 1 0 0 1 0 0 1 0 0 1 0 0 1 0 0 1 0 0 1 0 0 1 0 0 1 0 0 1 0 0 1 0 0 1 0 0 1 0 0 1 0 0 1 0 0 1 0 0 1 0 0 1 0 0 1 0 0 1 0 0 1 0 0 1 0 0 1 0 0 1 0 0 1 0 0 1 0 0 1 0 0 1 0 0 1 0 0 1 0 0 1 0 -1 0 0 -1 0 0 -1 0 0 -1 0 0 -1 0 0 -1 0 0 -1 0 0 -1 0 0 -1 0 0 -1 0 0 -1 0 0 -1 0 0 -1 0 0 -1 0 0 -1 0 0 -1 0 0 -1 0 0 -1 0 0 -0.9279987 -0.3725833 0 -0.9279987 -0.3725833 0 -0.9630443 -0.2693431 0 -0.9630443 -0.2693431 0 -0.986644 -0.1628917 0 -0.986644 -0.1628917 0 -0.998513 -0.05451434 0 -0.998513 -0.05451434 0.8832095 -0.01605528 -0.4687038 0.7864711 -0.01880115 -0.6173409 0.6736143 -0.01404684 -0.7389496 0.7107078 -0.01745629 -0.7032707 0.5847759 -0.01266193 -0.8110961 0.6256628 -0.01576018 -0.7799344 0.4425018 -0.008131861 -0.8967307 0.4879653 -0.01092654 -0.8727947 0.537209 -0.01722174 -0.8432734 0.3850311 -0.008891522 -0.9228608 0.2271745 -0.004560053 -0.9738433 0.2770761 -0.006598114 -0.9608253 0.114431 -0.00237596 -0.9934283 0.165375 -0.003972351 -0.9862228 0.05153167 -0.001119911 -0.9986708 0.8518798 -0.01975142 -0.5233649 0.8700743 -0.02624297 -0.4922215 0.8661934 -0.08968895 -0.4915941 0.808939 -0.05133873 -0.5856467 0.8463597 -0.1077565 -0.5215973 0.8345082 -0.1791096 -0.5210717 0.7889946 -0.1424311 -0.5976629 0.8140212 -0.1989067 -0.5457158 0.7958623 -0.2634297 -0.5451679 0.7648831 -0.2333282 -0.6004264 0.7738873 -0.2866827 -0.5647225 0.75479 -0.3343446 -0.5643632 0.7338705 -0.3334836 -0.5917963 0.7262961 -0.3704973 -0.5789868 0.7026927 -0.414248 -0.5784649 0.6953773 -0.4129031 -0.5881849 0.6717314 -0.4496378 -0.5887297 0.6427953 -0.4829649 -0.5946083 0.6431844 -0.483674 -0.5936104 0.6104394 -0.5238014 -0.5941346 0.5738474 -0.5375511 -0.6178495 0.5802723 -0.5560646 -0.5950432 0.5430392 -0.5922098 -0.5953117 0.5070822 -0.5910269 -0.6273397 0.5111145 -0.6228706 -0.5922788 0.4557409 -0.6647674 -0.5919329 0.4441564 -0.6205723 -0.6462315 0.4361978 -0.683521 -0.5852611 0.3834649 -0.7148022 -0.5848184 0.3795914 -0.6901408 -0.6161299 0.3560998 -0.7374985 -0.5738369 0.3067334 -0.7597349 -0.5733389 0.3063319 -0.7523823 -0.5831652 0.2015282 -0.7337735 -0.6488165 0.2853853 -0.705362 -0.6488603 0.2767714 -0.696675 -0.6618471 0.3546163 -0.6604217 -0.661884 0.3477592 -0.6547086 -0.6711335 0.4192594 -0.6113598 -0.6711637 0.4146084 -0.6081835 -0.676914 0.4794983 -0.5584239 -0.6769373 0.4774751 -0.5573094 -0.6792818 0.5355265 -0.5017621 -0.6792983 0.5364278 -0.5021513 -0.6782988 0.587437 -0.4413782 -0.6783089 0.5914843 -0.4426824 -0.6739277 0.6352535 -0.3771852 -0.673932 0.6425274 -0.3787766 -0.6660982 0.6788389 -0.3090203 -0.6660963 0.6893419 -0.3102703 -0.6546298 0.7179402 -0.2367081 -0.6546229 0.731545 -0.236987 -0.63928 0.7521355 -0.1600888 -0.6392682 0.7685259 -0.1587909 -0.6198011 0.7807807 -0.07904136 -0.6197853 0.7995421 -0.07561224 -0.5958315 0.8023321 -0.02622163 -0.5963017 0.8238201 -0.01577478 -0.5666318 0.2713655 -0.7843842 -0.5577653 0.2230535 -0.7998707 -0.5571841 0.2273871 -0.804295 -0.5490033 0.1826381 -0.8236949 -0.5368146 0.132586 -0.8336668 -0.5361163 0.1322928 -0.7808095 -0.6106023 0.631151 -0.01929098 -0.77542 0.6291039 -0.05933243 -0.7750535 0.611486 -0.06195318 -0.7888261 0.6019122 -0.1242296 -0.7888402 0.5868328 -0.1249329 -0.800012 0.5707946 -0.1848182 -0.8000224 0.5585385 -0.1841623 -0.8087763 0.5363144 -0.2413242 -0.8087828 0.5269684 -0.239883 -0.8153284 0.4987976 -0.2940019 -0.8153306 0.4924218 -0.2923575 -0.8197853 0.4584949 -0.3431301 -0.819783 0.4549708 -0.3418356 -0.8222834 0.415462 -0.3889128 -0.8222762 0.4146891 -0.3885375 -0.8228436 0.3697344 -0.4315607 -0.8228316 0.3714554 -0.4326223 -0.8214979 0.3212082 -0.4711632 -0.8214808 0.3251248 -0.4741654 -0.818206 0.2697335 -0.5077594 -0.8181835 0.275438 -0.5131381 -0.8129103 0.2150909 -0.5412561 -0.8128824 0.222139 -0.5494201 -0.8054761 0.1570658 -0.571483 -0.8054425 0.1649161 -0.5827351 -0.7957527 0.09544086 -0.5981068 -0.7957131 0.103503 -0.6126554 -0.7835436 0.4209463 -0.01748168 -0.9069172 0.4198965 -0.03939205 -0.9067167 0.4068558 -0.04124265 -0.9125609 0.400511 -0.08249455 -0.9125708 0.3894785 -0.08292955 -0.9172945 0.3788706 -0.1225323 -0.917302 0.3699738 -0.1219817 -0.9209994 0.355284 -0.1597624 -0.9210045 0.3485692 -0.1586578 -0.9237572 0.3299538 -0.1944194 -0.9237595 0.3253967 -0.1931843 -0.9256332 0.3029925 -0.226714 -0.925633 0.3005086 -0.2257592 -0.9266754 0.2744053 -0.2568659 -0.9266724 0.2738516 -0.2565847 -0.926914 0.2441592 -0.2850056 -0.9269078 0.2453736 -0.2857913 -0.9263451 0.2121754 -0.3112607 -0.9263361 0.2148993 -0.3134614 -0.924965 0.1782793 -0.3356769 -0.9249528 0.1822452 -0.3396469 -0.9227278 0.1423348 -0.3582502 -0.9227121 0.1471806 -0.3642728 -0.9195886 0.1041169 -0.3788821 -0.9195694 0.1094263 -0.3871772 -0.9154888 0.06341183 -0.3973679 -0.9154658 0.06877195 -0.4081702 -0.9103118 0.1849258 -0.01298868 -0.9826666 0.1847407 -0.01710557 -0.9826384 0.1786913 -0.01803249 -0.9837399 0.1759212 -0.03603464 -0.9837445 0.170839 -0.03628677 -0.9846306 0.1662014 -0.0535975 -0.9846342 0.1621196 -0.05338114 -0.9853262 0.1556975 -0.06989693 -0.9853287 0.1526501 -0.06941783 -0.9858393 0.1445114 -0.0850526 -0.985841 0.1424059 -0.08449321 -0.9861954 0.1326 -0.09916907 -0.9861961 0.1314564 -0.09873288 -0.9863929 0.1200309 -0.112349 -0.9863926 0.1197806 -0.1122217 -0.9864375 0.1067757 -0.1246709 -0.9864361 0.1073412 -0.1250395 -0.986328 0.09278982 -0.1362047 -0.9863257 0.0940048 -0.1371996 -0.9860727 0.077959 -0.1469358 -0.9860691 0.07973307 -0.1487475 -0.9856556 0.0622366 -0.1569053 -0.9856507 0.06441193 -0.1596853 -0.9850644 0.04552763 -0.1660946 -0.9850583 0.04789435 -0.1699363 -0.9842905 0.0277087 -0.17441 -0.9842832 0.03005552 -0.179399 -0.9833172 0.04552984 -0.8824073 -0.4682781 0.04989051 -0.8586581 -0.5101149 0.1439434 -0.8480758 -0.5099488 0.1219287 -0.7654775 -0.6318049 0.2113297 -0.7457206 -0.6318548 0.04791158 -0.8510675 -0.5228658 0.04313129 -0.8231559 -0.5661749 0.04603344 -0.790471 -0.6107673 0.04469591 -0.785824 -0.6168329 0.04002088 -0.7531197 -0.656665 0.04089856 -0.710627 -0.7023792 0.1187582 -0.7019618 -0.7022436 0.1094754 -0.6865778 -0.7187671 0.1894235 -0.6688993 -0.7188133 0.1805232 -0.6569883 -0.7319685 0.2554454 -0.6315945 -0.7320082 0.2475329 -0.6229462 -0.7420685 0.3170506 -0.5905624 -0.7421017 0.3106716 -0.5848485 -0.7492899 0.3745012 -0.5461437 -0.749317 0.3701692 -0.5429763 -0.7537584 0.4280813 -0.4985613 -0.7537792 0.4261899 -0.4974467 -0.7555851 0.4780031 -0.4478639 -0.7555997 0.4788644 -0.4482632 -0.7548172 0.5244042 -0.394003 -0.7548257 0.52823 -0.3953387 -0.7514522 0.567323 -0.3368377 -0.7514553 0.5742732 -0.3385227 -0.7453944 0.6067223 -0.2761848 -0.7453925 0.6168419 -0.2776074 -0.7365055 0.6424205 -0.211815 -0.7364987 0.6556501 -0.2123572 -0.7245878 0.6740921 -0.1434896 -0.7245762 0.6902064 -0.1425428 -0.709434 0.7012005 -0.07101386 -0.7094188 0.719883 -0.06800198 -0.6907563 0.7222695 -0.02392524 -0.6911978 0.7536377 -0.01509684 -0.6571166 0.04077291 -0.710225 -0.702793 0.03624212 -0.6732381 -0.738537 0.03451192 -0.6202756 -0.7836244 0.03621733 -0.62533 -0.7795195 0.03186202 -0.5845258 -0.8107493 0.530371 -0.01224458 -0.8476773 0.5285771 -0.04973858 -0.8474268 0.5128711 -0.05198091 -0.8568904 0.5048554 -0.1041088 -0.8569028 0.4915045 -0.1046506 -0.8645644 0.4780918 -0.1547278 -0.8645735 0.4673067 -0.1540794 -0.8705653 0.4487276 -0.2018649 -0.8705712 0.4405674 -0.2005444 -0.8750328 0.417027 -0.245768 -0.8750352 0.41143 -0.2442731 -0.878098 0.3830888 -0.2866871 -0.8780965 0.3800687 -0.2855436 -0.8797799 0.3470605 -0.3248769 -0.8797749 0.346374 -0.3245338 -0.8801721 0.3088244 -0.3604729 -0.880163 0.310311 -0.3614178 -0.8792521 0.2683368 -0.3936169 -0.8792389 0.271703 -0.3962814 -0.8770054 0.2254175 -0.4243569 -0.876988 0.2302982 -0.4291271 -0.8733915 0.1798676 -0.4526297 -0.8733693 0.1858751 -0.4598842 -0.868307 0.1314678 -0.4783368 -0.86828 0.1381344 -0.4883852 -0.8616257 0.08000451 -0.5012534 -0.8615941 0.08677136 -0.5142676 -0.8532289 0.02692002 -0.5208278 -0.8532372 0.03281378 -0.5369994 -0.8429442 0.02688455 -0.487818 -0.8725312 0.0226702 -0.4424027 -0.8965299 0.02589857 -0.4129079 -0.9104046 0.02144742 -0.3849577 -0.922685 0.017502 -0.3370227 -0.9413338 0.01998639 -0.2992814 -0.9539555 0.04977673 -0.2959982 -0.9538906 0.04589527 -0.2879157 -0.9565554 0.07921534 -0.2805333 -0.9565699 0.07531559 -0.2742916 -0.9586927 0.106489 -0.2637135 -0.958705 0.1029515 -0.2592352 -0.9603114 0.1318334 -0.2457702 -0.9603212 0.1289249 -0.242817 -0.9614667 0.1554221 -0.2267405 -0.9614742 0.1534168 -0.2251027 -0.9621809 0.1774345 -0.2066753 -0.9621862 0.1765489 -0.2060976 -0.962473 0.1980277 -0.1855377 -0.9624764 0.1984285 -0.1857424 -0.9623543 0.2173064 -0.163245 -0.9623559 0.2191697 -0.1639627 -0.9618113 0.2353749 -0.1397095 -0.9618108 0.238722 -0.1406147 -0.9608535 0.2521768 -0.1147668 -0.9608514 0.2571899 -0.1155833 -0.9594237 0.2678078 -0.08827656 -0.9594197 0.2744456 -0.08867096 -0.9575057 0.2821169 -0.06003499 -0.9574998 0.2903011 -0.05968701 -0.9550721 0.2948882 -0.0298689 -0.9550648 0.3046446 -0.02844971 -0.9520411 0.3052042 -0.0164017 -0.9521457 0.3370674 -0.00645864 -0.9414584 0.01558268 -0.2770485 -0.9607296 0.01195651 -0.2271606 -0.9737838 0.01312261 -0.1812591 -0.9833478 0.00933218 -0.1653691 -0.9861876 0.006101429 -0.1144291 -0.9934127 0.06182152 -0.00711137 -0.9980618 0.06189054 -0.005538046 -0.9980676 0.05989146 -0.005868375 -0.9981877 0.0589627 -0.01190334 -0.9981892 0.05723565 -0.01200824 -0.9982885 0.05568021 -0.01781356 -0.9982898 0.05431342 -0.01775527 -0.9983661 0.05215847 -0.02329689 -0.9983671 0.05112171 -0.02314388 -0.9984242 0.04838716 -0.02839696 -0.9984248 0.04769057 -0.02821809 -0.9984635 0.04439258 -0.03315389 -0.9984638 0.04402667 -0.03301727 -0.9984847 0.04018115 -0.03760021 -0.9984847 0.04010921 -0.03756415 -0.9984889 0.03573626 -0.04175025 -0.9984888 0.03590375 -0.04185837 -0.9984782 0.03100788 -0.04561507 -0.9984777 0.03142541 -0.04595506 -0.9984491 0.02602559 -0.04923164 -0.9984483 0.02662491 -0.04984247 -0.9984021 0.0207414 -0.05258595 -0.998401 0.02146154 -0.05350744 -0.9983368 0.01511472 -0.05566179 -0.9983353 0.01589995 -0.05694276 -0.9982509 0.009118556 -0.05844604 -0.9982489 0.009895443 -0.0601139 -0.9981425 0.005351722 -0.06061178 -0.9981471 0.002786636 -0.05153149 -0.9986675 -0.9063078 0 0.4226182 -0.9063078 0 0.4226182 0 0 1 0 0 1 0 0 1 0 0 1 0 0 1 0 0 1 0 0 1 0 0 1 0 0 1 0 0 1 0 0 1 0 0 1 0 0 1 0 0 1 0 0 1 0 0 1 0 0 1 0 0 1 0 0 1 0 0 1 0 0 1 0 0 1 0 0 1 0 0 1 0 0 1 0 0 1 0 0 1 0 0 1 0 0 1 0 0 1 0 0 1 0 0 1 0 0 1 0 0 1 0 0 1 0 0 1 0 0 1 0 0 1 0 0 1 0 0 1 0 0 1 0 0 1 0 0 1 0 0 1 0 0 1 0 0 1 0 0 1 0 0 1 0 0 1 0 0 1 0 0 1 0 0 1 0 0 1 0 0 1 0 0 1 0 0 1 0 0 1 0 0 1 0 0 1 0 0 1 0 0 1 0 0 1 0 0 1 0 0 1 0 0 1 0 0 1 0 0 1 0 0 1 0 0 1 0 0 1 0 0 1 0 0 1 0 0 1 0 0 1 0 0 1 0 0 1 0 0 1 0 0 1 0 0 1 0 0 1 0 0 1 0.05231767 0.002836525 0.9986264 0.05170428 0.008476436 0.9986265 0.05170375 0.008476436 0.9986265 0.05048424 0.01401686 0.9986265 0.05048459 0.01401692 0.9986265 0.04867315 0.01939314 0.9986265 0.04867309 0.01939314 0.9986264 0.04629099 0.02454191 0.9986265 0.04629081 0.02454179 0.9986265 0.04336601 0.02940285 0.9986265 0.04336595 0.02940285 0.9986265 0.03993272 0.03391915 0.9986265 0.03993296 0.03391933 0.9986265 0.03603154 0.03803801 0.9986265 0.03603154 0.03803801 0.9986265 0.03170764 0.04171073 0.9986265 0.03170764 0.04171067 0.9986265 0.02701205 0.04489439 0.9986265 0.0270121 0.04489445 0.9986265 0.02199983 0.04755181 0.9986265 0.02199977 0.04755175 0.9986265 0.01672959 0.04965156 0.9986265 0.01672947 0.04965132 0.9986265 0.01126313 0.05116903 0.9986265 0.01126319 0.05116927 0.9986265 0.005664765 0.05208706 0.9986265 0.005664765 0.05208706 0.9986265 0 0.05239421 0.9986265 0 0.05239421 0.9986265 -0.005664765 0.05208706 0.9986265 -0.005664765 0.05208706 0.9986265 -0.01126319 0.05116927 0.9986265 -0.01126319 0.05116903 0.9986265 -0.01672947 0.04965132 0.9986265 -0.01672953 0.04965162 0.9986265 -0.02199977 0.04755175 0.9986265 -0.02199977 0.04755181 0.9986264 -0.0270121 0.04489445 0.9986265 -0.02701205 0.04489439 0.9986265 -0.03170764 0.04171067 0.9986265 -0.03170764 0.04171073 0.9986265 -0.03603154 0.03803801 0.9986265 -0.03603154 0.03803801 0.9986264 -0.0399329 0.03391933 0.9986265 -0.03993272 0.03391915 0.9986265 -0.04336595 0.02940279 0.9986265 -0.04336601 0.02940285 0.9986265 -0.04629081 0.02454179 0.9986265 -0.04629099 0.02454191 0.9986265 -0.04867309 0.01939314 0.9986265 -0.04867315 0.01939314 0.9986265 -0.05048459 0.01401698 0.9986265 -0.05048424 0.0140168 0.9986265 -0.05170375 0.008476376 0.9986265 -0.05170428 0.008476495 0.9986265 -0.05231767 0.002836585 0.9986265 -0.05231714 0.002836525 0.9986265 -0.05231714 -0.002836525 0.9986265 -0.05231767 -0.002836525 0.9986264 -0.05170428 -0.008476436 0.9986265 -0.05170375 -0.008476436 0.9986265 -0.05048424 -0.01401686 0.9986265 -0.05048459 -0.01401692 0.9986265 -0.04867315 -0.01939314 0.9986265 -0.04867309 -0.01939314 0.9986264 -0.04629099 -0.02454191 0.9986265 -0.04629081 -0.02454179 0.9986265 -0.04336601 -0.02940285 0.9986265 -0.04336595 -0.02940285 0.9986265 -0.03993272 -0.03391915 0.9986265 -0.03993296 -0.03391933 0.9986265 -0.03603154 -0.03803801 0.9986265 -0.03603154 -0.03803801 0.9986265 -0.03170764 -0.04171073 0.9986265 -0.03170764 -0.04171067 0.9986265 -0.02701205 -0.04489439 0.9986265 -0.0270121 -0.04489445 0.9986265 -0.02199983 -0.04755181 0.9986265 -0.02199977 -0.04755175 0.9986265 -0.01672959 -0.04965156 0.9986265 -0.01672947 -0.04965132 0.9986265 -0.01126313 -0.05116903 0.9986265 -0.01126319 -0.05116927 0.9986265 -0.005664765 -0.05208706 0.9986265 -0.005664765 -0.05208706 0.9986265 0 -0.05239421 0.9986265 0 -0.05239421 0.9986265 0.005664765 -0.05208706 0.9986265 0.005664765 -0.05208706 0.9986265 0.01126319 -0.05116927 0.9986265 0.01126319 -0.05116903 0.9986265 0.01672947 -0.04965132 0.9986265 0.01672953 -0.04965162 0.9986265 0.02199977 -0.04755175 0.9986265 0.02199977 -0.04755181 0.9986264 0.0270121 -0.04489445 0.9986265 0.02701205 -0.04489439 0.9986265 0.03170764 -0.04171067 0.9986265 0.03170764 -0.04171073 0.9986265 0.03603154 -0.03803801 0.9986265 0.03603154 -0.03803801 0.9986264 0.0399329 -0.03391933 0.9986265 0.03993272 -0.03391915 0.9986265 0.04336595 -0.02940279 0.9986265 0.04336601 -0.02940285 0.9986265 0.04629081 -0.02454179 0.9986265 0.04629099 -0.02454191 0.9986265 0.04867309 -0.01939314 0.9986265 0.04867315 -0.01939314 0.9986265 0.05048459 -0.01401698 0.9986265 0.05048424 -0.0140168 0.9986265 0.05170375 -0.008476376 0.9986265 0.05170428 -0.008476495 0.9986265 0.05231767 -0.002836585 0.9986265 0.05231714 -0.002836525 0.9986265 0.05231714 0.002836525 0.9986265 0.1564484 0.008482456 0.9876497 0.1546142 0.02534759 0.9876497 0.1546134 0.02534753 0.9876498 0.1509665 0.04191571 0.9876498 0.1509671 0.04191583 0.9876498 0.1455501 0.05799251 0.9876497 0.1455503 0.05799251 0.9876498 0.138427 0.07338929 0.9876497 0.138427 0.07338929 0.9876497 0.1296807 0.08792573 0.9876497 0.129681 0.08792585 0.9876497 0.1194143 0.1014314 0.9876497 0.1194139 0.1014311 0.9876498 0.1077473 0.1137474 0.9876497 0.1077474 0.1137475 0.9876497 0.09481757 0.1247304 0.9876497 0.09481739 0.1247302 0.9876498 0.08077591 0.1342507 0.9876497 0.08077591 0.1342507 0.9876497 0.06578737 0.142197 0.9876497 0.06578731 0.142197 0.9876498 0.05002743 0.1484763 0.9876497 0.0500279 0.1484773 0.9876496 0.03368139 0.1530159 0.9876496 0.03368127 0.1530157 0.9876496 0.01694005 0.1557603 0.9876496 0.01693958 0.1557583 0.9876499 0 0.1566767 0.9876499 0 0.1566767 0.9876499 -0.01693981 0.1557583 0.9876499 -0.01693981 0.1557603 0.9876496 -0.03368133 0.1530157 0.9876496 -0.03368133 0.1530159 0.9876496 -0.05002778 0.1484774 0.9876496 -0.05002754 0.1484762 0.9876498 -0.06578731 0.142197 0.9876497 -0.06578737 0.142197 0.9876498 -0.08077591 0.1342507 0.9876497 -0.08077591 0.1342507 0.9876498 -0.09481739 0.1247302 0.9876497 -0.09481751 0.1247304 0.9876497 -0.1077474 0.1137476 0.9876497 -0.1077473 0.1137474 0.9876497 -0.1194139 0.1014311 0.9876497 -0.1194142 0.1014314 0.9876497 -0.1296809 0.08792585 0.9876497 -0.1296807 0.08792567 0.9876497 -0.138427 0.07338929 0.9876497 -0.138427 0.07338929 0.9876498 -0.1455503 0.05799251 0.9876497 -0.1455502 0.05799251 0.9876498 -0.1509671 0.04191589 0.9876497 -0.1509665 0.04191565 0.9876498 -0.1546135 0.02534747 0.9876498 -0.1546142 0.02534765 0.9876497 -0.1564484 0.008482456 0.9876497 -0.1564481 0.008482396 0.9876498 -0.1564481 -0.008482456 0.9876497 -0.1564484 -0.008482456 0.9876497 -0.1546142 -0.02534759 0.9876497 -0.1546134 -0.02534753 0.9876498 -0.1509665 -0.04191571 0.9876498 -0.1509671 -0.04191583 0.9876498 -0.1455501 -0.05799251 0.9876497 -0.1455503 -0.05799251 0.9876498 -0.138427 -0.07338929 0.9876497 -0.138427 -0.07338929 0.9876497 -0.1296807 -0.08792573 0.9876497 -0.129681 -0.08792585 0.9876497 -0.1194143 -0.1014314 0.9876497 -0.1194139 -0.1014311 0.9876498 -0.1077473 -0.1137474 0.9876497 -0.1077474 -0.1137475 0.9876497 -0.09481757 -0.1247304 0.9876497 -0.09481739 -0.1247302 0.9876498 -0.08077591 -0.1342507 0.9876497 -0.08077591 -0.1342507 0.9876497 -0.06578737 -0.142197 0.9876497 -0.06578731 -0.142197 0.9876498 -0.05002743 -0.1484763 0.9876497 -0.0500279 -0.1484773 0.9876496 -0.03368139 -0.1530159 0.9876496 -0.03368127 -0.1530157 0.9876496 -0.01694005 -0.1557603 0.9876496 -0.01693958 -0.1557583 0.9876499 0 -0.1566767 0.9876499 0 -0.1566767 0.9876499 0.01693981 -0.1557583 0.9876499 0.01693981 -0.1557603 0.9876496 0.03368133 -0.1530157 0.9876496 0.03368133 -0.1530159 0.9876496 0.05002778 -0.1484774 0.9876496 0.05002754 -0.1484762 0.9876498 0.06578731 -0.142197 0.9876497 0.06578737 -0.142197 0.9876498 0.08077591 -0.1342507 0.9876497 0.08077591 -0.1342507 0.9876498 0.09481739 -0.1247302 0.9876497 0.09481751 -0.1247304 0.9876497 0.1077474 -0.1137476 0.9876497 0.1077473 -0.1137474 0.9876497 0.1194139 -0.1014311 0.9876497 0.1194142 -0.1014314 0.9876497 0.1296809 -0.08792585 0.9876497 0.1296807 -0.08792567 0.9876497 0.138427 -0.07338929 0.9876497 0.138427 -0.07338929 0.9876498 0.1455503 -0.05799251 0.9876497 0.1455502 -0.05799251 0.9876498 0.1509671 -0.04191589 0.9876497 0.1509665 -0.04191565 0.9876498 0.1546135 -0.02534747 0.9876498 0.1546142 -0.02534765 0.9876497 0.1564484 -0.008482456 0.9876497 0.1564481 -0.008482396 0.9876498 0.1564481 0.008482456 0.9876497 0.2587858 0.01403111 0.9658328 0.2557517 0.04192823 0.9658328 0.2557525 0.04192829 0.9658326 0.2497199 0.06933456 0.9658326 0.2497203 0.06933462 0.9658325 0.2407602 0.09592747 0.9658325 0.2407585 0.095927 0.965833 0.2289757 0.1213952 0.965833 0.2289766 0.1213956 0.9658327 0.2145091 0.1454408 0.9658327 0.2145093 0.1454409 0.9658327 0.1975269 0.1677808 0.9658327 0.1975266 0.1677806 0.9658327 0.1782283 0.1881535 0.9658328 0.1782288 0.1881539 0.9658326 0.1568411 0.2063208 0.9658325 0.1568408 0.2063205 0.9658327 0.1336141 0.2220685 0.9658328 0.1336142 0.2220687 0.9658327 0.1088213 0.2352131 0.9658327 0.1088209 0.2352125 0.9658328 0.08275187 0.2455994 0.9658328 0.08275216 0.2456001 0.9658327 0.05571317 0.2531074 0.9658327 0.05571317 0.2531073 0.9658327 0.02802073 0.2576472 0.9658327 0.02802121 0.2576493 0.9658321 0 0.2591685 0.9658321 0 0.2591685 0.9658322 -0.02802097 0.2576493 0.9658321 -0.02802097 0.2576472 0.9658327 -0.05571317 0.2531073 0.9658327 -0.05571317 0.2531074 0.9658327 -0.0827521 0.2456001 0.9658327 -0.08275198 0.2455993 0.9658328 -0.108821 0.2352125 0.9658329 -0.1088212 0.2352132 0.9658327 -0.1336143 0.2220687 0.9658327 -0.1336141 0.2220685 0.9658327 -0.1568408 0.2063205 0.9658327 -0.156841 0.2063208 0.9658326 -0.1782287 0.1881539 0.9658327 -0.1782284 0.1881535 0.9658327 -0.1975266 0.1677805 0.9658328 -0.1975269 0.1677809 0.9658326 -0.2145092 0.1454409 0.9658327 -0.2145091 0.1454408 0.9658327 -0.2289765 0.1213957 0.9658327 -0.2289758 0.1213952 0.9658329 -0.2407586 0.09592682 0.965833 -0.2407602 0.09592765 0.9658325 -0.2497204 0.06933468 0.9658325 -0.24972 0.0693345 0.9658326 -0.2557525 0.04192835 0.9658327 -0.2557518 0.04192817 0.9658328 -0.2587858 0.01403105 0.9658328 -0.2587867 0.01403117 0.9658326 -0.2587866 -0.01403105 0.9658327 -0.2587858 -0.01403111 0.9658328 -0.2557517 -0.04192823 0.9658328 -0.2557525 -0.04192829 0.9658326 -0.2497199 -0.06933456 0.9658326 -0.2497203 -0.06933462 0.9658325 -0.2407602 -0.09592747 0.9658325 -0.2407585 -0.095927 0.965833 -0.2289757 -0.1213952 0.965833 -0.2289766 -0.1213956 0.9658327 -0.2145091 -0.1454408 0.9658327 -0.2145093 -0.1454409 0.9658327 -0.1975269 -0.1677808 0.9658327 -0.1975266 -0.1677806 0.9658327 -0.1782283 -0.1881535 0.9658328 -0.1782288 -0.1881539 0.9658326 -0.1568411 -0.2063208 0.9658325 -0.1568408 -0.2063205 0.9658327 -0.1336141 -0.2220685 0.9658328 -0.1336142 -0.2220687 0.9658327 -0.1088213 -0.2352131 0.9658327 -0.1088209 -0.2352125 0.9658328 -0.08275187 -0.2455994 0.9658328 -0.08275216 -0.2456001 0.9658327 -0.05571317 -0.2531074 0.9658327 -0.05571317 -0.2531073 0.9658327 -0.02802073 -0.2576472 0.9658327 -0.02802121 -0.2576493 0.9658321 0 -0.2591685 0.9658321 0 -0.2591685 0.9658322 0.02802097 -0.2576493 0.9658321 0.02802097 -0.2576472 0.9658327 0.05571317 -0.2531073 0.9658327 0.05571317 -0.2531074 0.9658327 0.0827521 -0.2456001 0.9658327 0.08275198 -0.2455993 0.9658328 0.108821 -0.2352125 0.9658329 0.1088212 -0.2352132 0.9658327 0.1336143 -0.2220687 0.9658327 0.1336141 -0.2220685 0.9658327 0.1568408 -0.2063205 0.9658327 0.156841 -0.2063208 0.9658326 0.1782287 -0.1881539 0.9658327 0.1782284 -0.1881535 0.9658327 0.1975266 -0.1677805 0.9658328 0.1975269 -0.1677809 0.9658326 0.2145092 -0.1454409 0.9658327 0.2145091 -0.1454408 0.9658327 0.2289765 -0.1213957 0.9658327 0.2289758 -0.1213952 0.9658329 0.2407586 -0.09592682 0.965833 0.2407602 -0.09592765 0.9658325 0.2497204 -0.06933468 0.9658325 0.24972 -0.0693345 0.9658326 0.2557525 -0.04192835 0.9658327 0.2557518 -0.04192817 0.9658328 0.2587858 -0.01403105 0.9658328 0.2587867 -0.01403117 0.9658326 0.2587866 0.01403105 0.9658327 0.3582898 0.01942604 0.9334083 0.3540892 0.05805015 0.9334083 0.3540921 0.05805027 0.9334071 0.34574 0.09599405 0.9334072 0.3457361 0.09599339 0.9334087 0.3333309 0.1328112 0.9334086 0.3333331 0.1328118 0.9334078 0.3170195 0.1680732 0.9334078 0.3170199 0.1680733 0.9334076 0.2969896 0.2013639 0.9334076 0.2969891 0.2013636 0.9334079 0.2734768 0.2322933 0.9334079 0.2734768 0.2322933 0.9334079 0.2467582 0.2604997 0.9334079 0.2467581 0.2604995 0.933408 0.2171467 0.2856516 0.933408 0.2171472 0.2856522 0.9334076 0.1849896 0.3074554 0.9334077 0.1849897 0.3074555 0.9334077 0.1506636 0.3256541 0.9334077 0.1506642 0.325655 0.9334073 0.1145716 0.3400357 0.9334073 0.1145699 0.3400322 0.9334087 0.07713454 0.3504259 0.9334088 0.07713484 0.3504268 0.9334084 0.03879457 0.3567124 0.9334084 0.03879481 0.3567132 0.933408 0 0.3588167 0.933408 0 0.3588167 0.9334081 -0.03879469 0.3567133 0.933408 -0.03879469 0.3567123 0.9334084 -0.07713472 0.3504268 0.9334084 -0.07713466 0.3504259 0.9334087 -0.1145703 0.3400321 0.9334087 -0.1145712 0.3400358 0.9334073 -0.150664 0.3256549 0.9334073 -0.1506637 0.325654 0.9334077 -0.1849898 0.3074556 0.9334077 -0.1849896 0.3074554 0.9334077 -0.2171471 0.2856522 0.9334077 -0.2171468 0.2856516 0.933408 -0.2467581 0.2604995 0.933408 -0.2467582 0.2604996 0.9334079 -0.2734768 0.2322933 0.9334079 -0.2734768 0.2322933 0.9334079 -0.2969892 0.2013636 0.9334079 -0.2969896 0.2013639 0.9334076 -0.3170199 0.1680734 0.9334076 -0.3170195 0.1680731 0.9334077 -0.333333 0.132812 0.9334078 -0.333331 0.132811 0.9334087 -0.3457363 0.09599298 0.9334087 -0.3457399 0.09599447 0.9334072 -0.354092 0.05805063 0.9334072 -0.3540893 0.05804985 0.9334083 -0.3582899 0.01942569 0.9334083 -0.3582931 0.01942622 0.933407 -0.3582931 -0.01942586 0.9334071 -0.3582898 -0.01942604 0.9334083 -0.3540892 -0.05805015 0.9334083 -0.3540921 -0.05805027 0.9334071 -0.34574 -0.09599405 0.9334072 -0.3457361 -0.09599339 0.9334087 -0.3333309 -0.1328112 0.9334086 -0.3333331 -0.1328118 0.9334078 -0.3170195 -0.1680732 0.9334078 -0.3170199 -0.1680733 0.9334076 -0.2969896 -0.2013639 0.9334076 -0.2969891 -0.2013636 0.9334079 -0.2734768 -0.2322933 0.9334079 -0.2734768 -0.2322933 0.9334079 -0.2467582 -0.2604997 0.9334079 -0.2467581 -0.2604995 0.933408 -0.2171467 -0.2856516 0.933408 -0.2171472 -0.2856522 0.9334076 -0.1849896 -0.3074554 0.9334077 -0.1849897 -0.3074555 0.9334077 -0.1506636 -0.3256541 0.9334077 -0.1506642 -0.325655 0.9334073 -0.1145716 -0.3400357 0.9334073 -0.1145699 -0.3400322 0.9334087 -0.07713454 -0.3504259 0.9334088 -0.07713484 -0.3504268 0.9334084 -0.03879457 -0.3567124 0.9334084 -0.03879481 -0.3567132 0.933408 0 -0.3588167 0.933408 0 -0.3588167 0.9334081 0.03879469 -0.3567133 0.933408 0.03879469 -0.3567123 0.9334084 0.07713472 -0.3504268 0.9334084 0.07713466 -0.3504259 0.9334087 0.1145703 -0.3400321 0.9334087 0.1145712 -0.3400358 0.9334073 0.150664 -0.3256549 0.9334073 0.1506637 -0.325654 0.9334077 0.1849898 -0.3074556 0.9334077 0.1849896 -0.3074554 0.9334077 0.2171471 -0.2856522 0.9334077 0.2171468 -0.2856516 0.933408 0.2467581 -0.2604995 0.933408 0.2467582 -0.2604996 0.9334079 0.2734768 -0.2322933 0.9334079 0.2734768 -0.2322933 0.9334079 0.2969892 -0.2013636 0.9334079 0.2969896 -0.2013639 0.9334076 0.3170199 -0.1680734 0.9334076 0.3170195 -0.1680731 0.9334077 0.333333 -0.132812 0.9334078 0.333331 -0.132811 0.9334087 0.3457363 -0.09599298 0.9334087 0.3457399 -0.09599447 0.9334072 0.354092 -0.05805063 0.9334072 0.3540893 -0.05804985 0.9334083 0.3582899 -0.01942569 0.9334083 0.3582931 -0.01942622 0.933407 0.3582931 0.01942586 0.9334071 0.4538538 0.02460694 0.8907364 0.4485328 0.07353293 0.8907364 0.4485284 0.0735327 0.8907385 0.437949 0.1215962 0.8907385 0.4379528 0.1215968 0.8907365 0.4222384 0.168235 0.8907366 0.422237 0.1682347 0.8907374 0.4015724 0.2129004 0.8907374 0.4015727 0.2129005 0.8907371 0.3762001 0.25507 0.8907372 0.3762004 0.2550702 0.8907371 0.3464171 0.2942493 0.8907371 0.3464171 0.2942493 0.890737 0.3125725 0.3299788 0.890737 0.312572 0.3299783 0.8907374 0.2750627 0.3618388 0.8907375 0.2750627 0.3618388 0.8907374 0.2343288 0.3894572 0.8907374 0.2343273 0.3894554 0.8907386 0.1908463 0.4125075 0.8907386 0.1908464 0.4125077 0.8907385 0.1451274 0.4307236 0.8907386 0.1451292 0.4307271 0.8907366 0.09770834 0.4438935 0.8907366 0.09770828 0.4438933 0.8907367 0.04914224 0.4518553 0.8907367 0.0491417 0.451853 0.8907378 0 0.4545174 0.8907378 0 0.4545173 0.8907378 -0.049142 0.4518529 0.8907379 -0.04914194 0.4518554 0.8907366 -0.09770828 0.4438933 0.8907367 -0.09770834 0.4438935 0.8907365 -0.1451287 0.4307273 0.8907366 -0.1451279 0.4307234 0.8907386 -0.1908463 0.4125076 0.8907386 -0.1908463 0.4125075 0.8907386 -0.2343276 0.3894553 0.8907386 -0.2343286 0.3894575 0.8907373 -0.2750627 0.3618388 0.8907375 -0.2750627 0.3618388 0.8907374 -0.312572 0.3299782 0.8907374 -0.3125724 0.3299788 0.8907371 -0.3464172 0.2942494 0.890737 -0.3464171 0.2942493 0.890737 -0.3762004 0.2550702 0.8907371 -0.3762001 0.2550699 0.8907372 -0.4015727 0.2129005 0.8907372 -0.4015723 0.2129003 0.8907374 -0.422237 0.1682345 0.8907374 -0.4222384 0.1682352 0.8907366 -0.4379527 0.1215972 0.8907365 -0.4379491 0.1215957 0.8907385 -0.4485285 0.07353222 0.8907386 -0.4485327 0.07353341 0.8907364 -0.4538537 0.02460736 0.8907364 -0.4538503 0.02460676 0.8907381 -0.4538503 -0.02460718 0.8907381 -0.4538538 -0.02460694 0.8907364 -0.4485328 -0.07353293 0.8907364 -0.4485284 -0.0735327 0.8907385 -0.437949 -0.1215962 0.8907385 -0.4379528 -0.1215968 0.8907365 -0.4222384 -0.168235 0.8907366 -0.422237 -0.1682347 0.8907374 -0.4015724 -0.2129004 0.8907374 -0.4015727 -0.2129005 0.8907371 -0.3762001 -0.25507 0.8907372 -0.3762004 -0.2550702 0.8907371 -0.3464171 -0.2942493 0.8907371 -0.3464171 -0.2942493 0.890737 -0.3125725 -0.3299788 0.890737 -0.312572 -0.3299783 0.8907374 -0.2750627 -0.3618388 0.8907375 -0.2750627 -0.3618388 0.8907374 -0.2343288 -0.3894572 0.8907374 -0.2343273 -0.3894554 0.8907386 -0.1908463 -0.4125075 0.8907386 -0.1908464 -0.4125077 0.8907385 -0.1451274 -0.4307236 0.8907386 -0.1451292 -0.4307271 0.8907366 -0.09770834 -0.4438935 0.8907366 -0.09770828 -0.4438933 0.8907367 -0.04914224 -0.4518553 0.8907367 -0.0491417 -0.451853 0.8907378 0 -0.4545174 0.8907378 0 -0.4545173 0.8907378 0.049142 -0.4518529 0.8907379 0.04914194 -0.4518554 0.8907366 0.09770828 -0.4438933 0.8907367 0.09770834 -0.4438935 0.8907365 0.1451287 -0.4307273 0.8907366 0.1451279 -0.4307234 0.8907386 0.1908463 -0.4125076 0.8907386 0.1908463 -0.4125075 0.8907386 0.2343276 -0.3894553 0.8907386 0.2343286 -0.3894575 0.8907373 0.2750627 -0.3618388 0.8907375 0.2750627 -0.3618388 0.8907374 0.312572 -0.3299782 0.8907374 0.3125724 -0.3299788 0.8907371 0.3464172 -0.2942494 0.890737 0.3464171 -0.2942493 0.890737 0.3762004 -0.2550702 0.8907371 0.3762001 -0.2550699 0.8907372 0.4015727 -0.2129005 0.8907372 0.4015723 -0.2129003 0.8907374 0.422237 -0.1682345 0.8907374 0.4222384 -0.1682352 0.8907366 0.4379527 -0.1215972 0.8907365 0.4379491 -0.1215957 0.8907385 0.4485285 -0.07353222 0.8907386 0.4485327 -0.07353341 0.8907364 0.4538537 -0.02460736 0.8907364 0.4538503 -0.02460676 0.8907381 0.4538503 0.02460718 0.8907381 0.5444254 0.029518 0.8382897 0.5380426 0.08820718 0.8382898 0.5380418 0.08820712 0.8382902 0.5253507 0.145863 0.8382903 0.5253494 0.1458628 0.8382911 0.5064995 0.2018079 0.8382911 0.5065007 0.2018082 0.8382902 0.4817124 0.2553876 0.8382902 0.4817097 0.2553865 0.838292 0.451274 0.3059716 0.8382918 0.4512753 0.3059722 0.8382909 0.4155484 0.3529701 0.8382909 0.4155494 0.3529708 0.8382901 0.3749507 0.3958305 0.83829 0.3749499 0.3958299 0.8382908 0.3299551 0.4340488 0.8382907 0.3299559 0.4340496 0.83829 0.2810929 0.4671794 0.83829 0.2810922 0.4671785 0.8382907 0.2289332 0.4948313 0.8382909 0.228934 0.4948326 0.8382899 0.174091 0.5166842 0.8382899 0.1740906 0.5166834 0.8382903 0.1172071 0.532477 0.8382903 0.1172071 0.5324772 0.8382902 0.05894893 0.5420283 0.8382902 0.05894935 0.5420301 0.8382889 0 0.5452263 0.838289 0 0.5452262 0.8382889 -0.05894911 0.5420302 0.838289 -0.05894917 0.5420281 0.8382902 -0.1172071 0.5324773 0.8382902 -0.1172071 0.5324771 0.8382903 -0.1740908 0.5166834 0.8382903 -0.1740909 0.5166842 0.8382897 -0.2289338 0.4948328 0.8382899 -0.2289333 0.4948313 0.8382908 -0.2810923 0.4671784 0.8382908 -0.2810928 0.4671794 0.83829 -0.3299557 0.4340496 0.83829 -0.3299553 0.4340487 0.8382907 -0.37495 0.3958297 0.8382907 -0.3749506 0.3958306 0.83829 -0.4155495 0.352971 0.83829 -0.4155485 0.35297 0.8382909 -0.4512751 0.3059723 0.8382911 -0.451274 0.3059713 0.8382919 -0.48171 0.2553863 0.8382919 -0.4817122 0.2553879 0.8382902 -0.5065006 0.2018083 0.8382902 -0.5064995 0.2018077 0.8382911 -0.5253494 0.1458626 0.8382911 -0.5253506 0.1458632 0.8382903 -0.5380418 0.08820706 0.8382903 -0.5380426 0.08820724 0.8382897 -0.5444253 0.02951824 0.8382897 -0.5444235 0.02951788 0.8382909 -0.5444235 -0.02951812 0.8382909 -0.5444254 -0.029518 0.8382897 -0.5380426 -0.08820718 0.8382898 -0.5380418 -0.08820712 0.8382902 -0.5253507 -0.145863 0.8382903 -0.5253494 -0.1458628 0.8382911 -0.5064995 -0.2018079 0.8382911 -0.5065007 -0.2018082 0.8382902 -0.4817124 -0.2553876 0.8382902 -0.4817097 -0.2553865 0.838292 -0.451274 -0.3059716 0.8382918 -0.4512753 -0.3059722 0.8382909 -0.4155484 -0.3529701 0.8382909 -0.4155494 -0.3529708 0.8382901 -0.3749507 -0.3958305 0.83829 -0.3749499 -0.3958299 0.8382908 -0.3299551 -0.4340488 0.8382907 -0.3299559 -0.4340496 0.83829 -0.2810929 -0.4671794 0.83829 -0.2810922 -0.4671785 0.8382907 -0.2289332 -0.4948313 0.8382909 -0.228934 -0.4948326 0.8382899 -0.174091 -0.5166842 0.8382899 -0.1740906 -0.5166834 0.8382903 -0.1172071 -0.532477 0.8382903 -0.1172071 -0.5324772 0.8382902 -0.05894893 -0.5420283 0.8382902 -0.05894935 -0.5420301 0.8382889 0 -0.5452263 0.838289 0 -0.5452262 0.8382889 0.05894911 -0.5420302 0.838289 0.05894917 -0.5420281 0.8382902 0.1172071 -0.5324773 0.8382902 0.1172071 -0.5324771 0.8382903 0.1740908 -0.5166834 0.8382903 0.1740909 -0.5166842 0.8382897 0.2289338 -0.4948328 0.8382899 0.2289333 -0.4948313 0.8382908 0.2810923 -0.4671784 0.8382908 0.2810928 -0.4671794 0.83829 0.3299557 -0.4340496 0.83829 0.3299553 -0.4340487 0.8382907 0.37495 -0.3958297 0.8382907 0.3749506 -0.3958306 0.83829 0.4155495 -0.352971 0.83829 0.4155485 -0.35297 0.8382909 0.4512751 -0.3059723 0.8382911 0.451274 -0.3059713 0.8382919 0.48171 -0.2553863 0.8382919 0.4817122 -0.2553879 0.8382902 0.5065006 -0.2018083 0.8382902 0.5064995 -0.2018077 0.8382911 0.5253494 -0.1458626 0.8382911 0.5253506 -0.1458632 0.8382903 0.5380418 -0.08820706 0.8382903 0.5380426 -0.08820724 0.8382897 0.5444253 -0.02951824 0.8382897 0.5444235 -0.02951788 0.8382909 0.5444235 0.02951812 0.8382909 0.6289448 0.03410083 0.7767018 0.621571 0.1019014 0.7767018 0.6215752 0.1019016 0.7766984 0.606914 0.1685082 0.7766984 0.6069089 0.1685075 0.7767025 0.5851321 0.2331382 0.7767027 0.5851339 0.2331386 0.7767011 0.556497 0.2950359 0.7767013 0.5564978 0.2950363 0.7767006 0.5213364 0.3534747 0.7767007 0.5213348 0.353474 0.7767022 0.4800615 0.407768 0.7767021 0.4800614 0.4077679 0.7767024 0.4331596 0.4572814 0.7767024 0.4331616 0.457283 0.7767003 0.3811813 0.5014353 0.7767003 0.3811802 0.5014342 0.7767016 0.3247313 0.5397076 0.7767016 0.3247326 0.5397091 0.7766999 0.2644757 0.5716553 0.7767 0.2644756 0.571655 0.7767002 0.2011186 0.5968989 0.7767001 0.2011182 0.5968983 0.7767007 0.1354033 0.6151439 0.7767007 0.1354035 0.6151443 0.7767004 0.06810098 0.6261779 0.7767003 0.06810051 0.6261758 0.7767021 0 0.6298682 0.776702 0 0.6298682 0.7767021 -0.06810075 0.6261758 0.7767021 -0.06810075 0.626178 0.7767004 -0.1354034 0.6151443 0.7767004 -0.1354034 0.6151438 0.7767007 -0.2011184 0.5968981 0.7767007 -0.2011185 0.596899 0.7767 -0.2644756 0.571655 0.7767001 -0.2644757 0.5716553 0.7766999 -0.3247324 0.5397093 0.7766999 -0.3247316 0.5397075 0.7767015 -0.3811803 0.501434 0.7767018 -0.3811812 0.5014355 0.7767002 -0.4331614 0.4572832 0.7767003 -0.43316 0.4572812 0.7767023 -0.4800612 0.4077678 0.7767025 -0.4800614 0.407768 0.7767022 -0.5213349 0.3534738 0.7767022 -0.5213363 0.353475 0.7767007 -0.5564977 0.2950363 0.7767007 -0.5564971 0.2950359 0.7767012 -0.5851339 0.2331389 0.7767011 -0.5851323 0.233138 0.7767025 -0.606909 0.1685069 0.7767025 -0.6069139 0.168509 0.7766984 -0.6215752 0.1019021 0.7766982 -0.6215711 0.1019009 0.7767018 -0.6289448 0.03410077 0.7767018 -0.6289449 0.03410083 0.7767017 -0.6289448 -0.03410077 0.7767016 -0.6289448 -0.03410083 0.7767018 -0.621571 -0.1019014 0.7767018 -0.6215752 -0.1019016 0.7766984 -0.606914 -0.1685082 0.7766984 -0.6069089 -0.1685075 0.7767025 -0.5851321 -0.2331382 0.7767027 -0.5851339 -0.2331386 0.7767011 -0.556497 -0.2950359 0.7767013 -0.5564978 -0.2950363 0.7767006 -0.5213364 -0.3534747 0.7767007 -0.5213348 -0.353474 0.7767022 -0.4800615 -0.407768 0.7767021 -0.4800614 -0.4077679 0.7767024 -0.4331596 -0.4572814 0.7767024 -0.4331616 -0.457283 0.7767003 -0.3811813 -0.5014353 0.7767003 -0.3811802 -0.5014342 0.7767016 -0.3247313 -0.5397076 0.7767016 -0.3247326 -0.5397091 0.7766999 -0.2644757 -0.5716553 0.7767 -0.2644756 -0.571655 0.7767002 -0.2011186 -0.5968989 0.7767001 -0.2011182 -0.5968983 0.7767007 -0.1354033 -0.6151439 0.7767007 -0.1354035 -0.6151443 0.7767004 -0.06810098 -0.6261779 0.7767003 -0.06810051 -0.6261758 0.7767021 0 -0.6298682 0.776702 0 -0.6298682 0.7767021 0.06810075 -0.6261758 0.7767021 0.06810075 -0.626178 0.7767004 0.1354034 -0.6151443 0.7767004 0.1354034 -0.6151438 0.7767007 0.2011184 -0.5968981 0.7767007 0.2011185 -0.596899 0.7767 0.2644756 -0.571655 0.7767001 0.2644757 -0.5716553 0.7766999 0.3247324 -0.5397093 0.7766999 0.3247316 -0.5397075 0.7767015 0.3811803 -0.501434 0.7767018 0.3811812 -0.5014355 0.7767002 0.4331614 -0.4572832 0.7767003 0.43316 -0.4572812 0.7767023 0.4800612 -0.4077678 0.7767025 0.4800614 -0.407768 0.7767022 0.5213349 -0.3534738 0.7767022 0.5213363 -0.353475 0.7767007 0.5564977 -0.2950363 0.7767007 0.5564971 -0.2950359 0.7767012 0.5851339 -0.2331389 0.7767011 0.5851323 -0.233138 0.7767025 0.606909 -0.1685069 0.7767025 0.6069139 -0.168509 0.7766984 0.6215752 -0.1019021 0.7766982 0.6215711 -0.1019009 0.7767018 0.6289448 -0.03410077 0.7767018 0.6289449 -0.03410083 0.7767017 0.6289448 0.03410077 0.7767016 0.7065838 0.03831028 0.7065916 0.6982998 0.1144804 0.7065916 0.6982992 0.1144804 0.7065922 0.6818283 0.1893087 0.7065922 0.6818323 0.1893092 0.7065882 0.6573672 0.2619193 0.7065881 0.6573668 0.2619192 0.7065885 0.6251949 0.3314575 0.7065885 0.6251964 0.331458 0.7065869 0.5856946 0.3971107 0.7065868 0.585694 0.3971104 0.7065875 0.5393252 0.4581072 0.7065876 0.5393257 0.4581075 0.7065871 0.486634 0.513733 0.7065874 0.4866316 0.5137311 0.7065905 0.4282346 0.5633338 0.7065905 0.4282372 0.5633363 0.706587 0.3648199 0.6063343 0.706587 0.3648179 0.606332 0.7065901 0.297123 0.6422215 0.7065901 0.2971236 0.6422224 0.7065889 0.2259457 0.6705821 0.7065891 0.2259448 0.6705806 0.7065909 0.1521179 0.6910784 0.706591 0.1521176 0.6910775 0.7065919 0.07650715 0.7034733 0.7065919 0.07650756 0.7034749 0.7065901 0 0.707623 0.7065902 0 0.7076231 0.7065902 -0.07650732 0.703475 0.7065902 -0.07650738 0.7034733 0.7065919 -0.1521177 0.6910775 0.7065919 -0.1521178 0.6910784 0.706591 -0.2259451 0.6705805 0.7065908 -0.2259454 0.6705822 0.7065891 -0.2971234 0.6422224 0.706589 -0.2971231 0.6422214 0.7065901 -0.3648183 0.6063317 0.70659 -0.3648195 0.6063346 0.706587 -0.4282368 0.5633366 0.706587 -0.4282351 0.5633335 0.7065904 -0.4866321 0.5137309 0.7065903 -0.4866338 0.5137334 0.7065872 -0.5393258 0.4581077 0.7065868 -0.5393253 0.4581072 0.7065876 -0.585694 0.3971102 0.7065876 -0.5856945 0.3971107 0.7065869 -0.6251963 0.3314582 0.7065869 -0.625195 0.3314573 0.7065885 -0.6573668 0.2619191 0.7065885 -0.6573671 0.2619193 0.706588 -0.6818322 0.1893097 0.706588 -0.6818284 0.1893081 0.7065922 -0.6982992 0.1144803 0.7065923 -0.6982998 0.1144805 0.7065916 -0.7065838 0.03830975 0.7065916 -0.7065877 0.03831052 0.7065877 -0.7065877 -0.03830999 0.7065877 -0.7065838 -0.03831028 0.7065916 -0.6982998 -0.1144804 0.7065916 -0.6982992 -0.1144804 0.7065922 -0.6818283 -0.1893087 0.7065922 -0.6818323 -0.1893092 0.7065882 -0.6573672 -0.2619193 0.7065881 -0.6573668 -0.2619192 0.7065885 -0.6251949 -0.3314575 0.7065885 -0.6251964 -0.331458 0.7065869 -0.5856946 -0.3971107 0.7065868 -0.585694 -0.3971104 0.7065875 -0.5393252 -0.4581072 0.7065876 -0.5393257 -0.4581075 0.7065871 -0.486634 -0.513733 0.7065874 -0.4866316 -0.5137311 0.7065905 -0.4282346 -0.5633338 0.7065905 -0.4282372 -0.5633363 0.706587 -0.3648199 -0.6063343 0.706587 -0.3648179 -0.606332 0.7065901 -0.297123 -0.6422215 0.7065901 -0.2971236 -0.6422224 0.7065889 -0.2259457 -0.6705821 0.7065891 -0.2259448 -0.6705806 0.7065909 -0.1521179 -0.6910784 0.706591 -0.1521176 -0.6910775 0.7065919 -0.07650715 -0.7034733 0.7065919 -0.07650756 -0.7034749 0.7065901 0 -0.707623 0.7065902 0 -0.7076231 0.7065902 0.07650732 -0.703475 0.7065902 0.07650738 -0.7034733 0.7065919 0.1521177 -0.6910775 0.7065919 0.1521178 -0.6910784 0.706591 0.2259451 -0.6705805 0.7065908 0.2259454 -0.6705822 0.7065891 0.2971234 -0.6422224 0.706589 0.2971231 -0.6422214 0.7065901 0.3648183 -0.6063317 0.70659 0.3648195 -0.6063346 0.706587 0.4282368 -0.5633366 0.706587 0.4282351 -0.5633335 0.7065904 0.4866321 -0.5137309 0.7065903 0.4866338 -0.5137334 0.7065872 0.5393258 -0.4581077 0.7065868 0.5393253 -0.4581072 0.7065876 0.585694 -0.3971102 0.7065876 0.5856945 -0.3971107 0.7065869 0.6251963 -0.3314582 0.7065869 0.625195 -0.3314573 0.7065885 0.6573668 -0.2619191 0.7065885 0.6573671 -0.2619193 0.706588 0.6818322 -0.1893097 0.706588 0.6818284 -0.1893081 0.7065922 0.6982992 -0.1144803 0.7065923 0.6982998 -0.1144805 0.7065916 0.7065838 -0.03830975 0.7065916 0.7065877 -0.03831052 0.7065877 0.7065877 0.03830999 0.7065877 0.7764577 0.04209822 0.6287616 0.7673545 0.1258013 0.6287616 0.7673544 0.1258013 0.6287616 0.7492547 0.2080296 0.6287615 0.7492553 0.2080297 0.6287608 0.7223713 0.2878188 0.6287607 0.7223685 0.2878182 0.6287642 0.6870154 0.3642331 0.6287639 0.6870177 0.3642339 0.6287609 0.6436099 0.4363781 0.6287612 0.6436095 0.4363779 0.6287615 0.5926558 0.5034064 0.6287615 0.5926548 0.5034057 0.6287631 0.534753 0.5645316 0.6287634 0.5347536 0.5645321 0.6287623 0.4705821 0.61904 0.6287623 0.4705794 0.6190374 0.6287669 0.4008911 0.666287 0.6287671 0.4008949 0.6662914 0.6287599 0.3265055 0.7057305 0.6287596 0.326505 0.7057297 0.6287609 0.2482884 0.7368938 0.6287609 0.2482891 0.7368952 0.628759 0.1671615 0.7594202 0.628759 0.1671605 0.7594178 0.6287623 0.08407288 0.7730392 0.6287624 0.08407288 0.7730393 0.6287623 0 0.7775976 0.6287623 0 0.7775976 0.6287623 -0.08407288 0.7730393 0.6287622 -0.08407288 0.7730392 0.6287624 -0.167161 0.7594177 0.6287623 -0.1671611 0.7594203 0.628759 -0.2482889 0.7368952 0.6287592 -0.2482886 0.7368938 0.6287608 -0.326505 0.7057296 0.6287609 -0.3265053 0.7057306 0.6287597 -0.4008942 0.666292 0.6287599 -0.400892 0.6662865 0.6287669 -0.47058 0.6190372 0.6287667 -0.4705816 0.6190403 0.6287623 -0.5347535 0.5645322 0.6287624 -0.5347532 0.5645317 0.6287631 -0.5926549 0.5034056 0.6287631 -0.5926558 0.5034067 0.6287614 -0.6436094 0.4363777 0.6287618 -0.6436099 0.4363781 0.6287611 -0.6870175 0.3642342 0.6287611 -0.6870156 0.3642327 0.6287639 -0.7223688 0.2878178 0.628764 -0.7223711 0.2878192 0.6287607 -0.7492553 0.2080298 0.6287608 -0.7492547 0.2080295 0.6287616 -0.7673544 0.1258013 0.6287616 -0.7673544 0.1258013 0.6287616 -0.7764577 0.0420978 0.6287616 -0.7764604 0.04209834 0.6287583 -0.7764604 -0.04209792 0.6287583 -0.7764577 -0.04209822 0.6287616 -0.7673545 -0.1258013 0.6287616 -0.7673544 -0.1258013 0.6287616 -0.7492547 -0.2080296 0.6287615 -0.7492553 -0.2080297 0.6287608 -0.7223713 -0.2878188 0.6287607 -0.7223685 -0.2878182 0.6287642 -0.6870154 -0.3642331 0.6287639 -0.6870177 -0.3642339 0.6287609 -0.6436099 -0.4363781 0.6287612 -0.6436095 -0.4363779 0.6287615 -0.5926558 -0.5034064 0.6287615 -0.5926548 -0.5034057 0.6287631 -0.534753 -0.5645316 0.6287634 -0.5347536 -0.5645321 0.6287623 -0.4705821 -0.61904 0.6287623 -0.4705794 -0.6190374 0.6287669 -0.4008911 -0.666287 0.6287671 -0.4008949 -0.6662914 0.6287599 -0.3265055 -0.7057305 0.6287596 -0.326505 -0.7057297 0.6287609 -0.2482884 -0.7368938 0.6287609 -0.2482891 -0.7368952 0.628759 -0.1671615 -0.7594202 0.628759 -0.1671605 -0.7594178 0.6287623 -0.08407288 -0.7730392 0.6287624 -0.08407288 -0.7730393 0.6287623 0 -0.7775976 0.6287623 0 -0.7775976 0.6287623 0.08407288 -0.7730393 0.6287622 0.08407288 -0.7730392 0.6287624 0.167161 -0.7594177 0.6287623 0.1671611 -0.7594203 0.628759 0.2482889 -0.7368952 0.6287592 0.2482886 -0.7368938 0.6287608 0.326505 -0.7057296 0.6287609 0.3265053 -0.7057306 0.6287597 0.4008942 -0.666292 0.6287599 0.400892 -0.6662865 0.6287669 0.47058 -0.6190372 0.6287667 0.4705816 -0.6190403 0.6287623 0.5347535 -0.5645322 0.6287624 0.5347532 -0.5645317 0.6287631 0.5926549 -0.5034056 0.6287631 0.5926558 -0.5034067 0.6287614 0.6436094 -0.4363777 0.6287618 0.6436099 -0.4363781 0.6287611 0.6870175 -0.3642342 0.6287611 0.6870156 -0.3642327 0.6287639 0.7223688 -0.2878178 0.628764 0.7223711 -0.2878192 0.6287607 0.7492553 -0.2080298 0.6287608 0.7492547 -0.2080295 0.6287616 0.7673544 -0.1258013 0.6287616 0.7673544 -0.1258013 0.6287616 0.7764577 -0.0420978 0.6287616 0.7764604 -0.04209834 0.6287583 0.7764604 0.04209792 0.6287583 0.8378103 0.04542416 0.5440685 0.8279877 0.1357415 0.5440686 0.8279867 0.1357415 0.5440702 0.8084568 0.2244668 0.5440702 0.808456 0.2244668 0.5440714 0.7794475 0.3105606 0.5440714 0.7794502 0.3105611 0.5440672 0.7413035 0.3930136 0.5440675 0.7412977 0.3930118 0.5440767 0.6944602 0.4708563 0.5440767 0.6944641 0.470858 0.5440701 0.6394844 0.5431827 0.5440701 0.6394836 0.5431822 0.5440714 0.5770068 0.6091385 0.5440713 0.5770071 0.6091388 0.5440706 0.5077649 0.6679537 0.5440706 0.5077663 0.667955 0.5440676 0.4325714 0.7189385 0.5440675 0.4325689 0.7189359 0.544073 0.3523026 0.7614904 0.5440729 0.3523027 0.7614905 0.5440726 0.2679066 0.795117 0.5440727 0.2679053 0.7951146 0.5440767 0.1803677 0.8194192 0.5440769 0.180369 0.8194223 0.5440719 0.09071534 0.8341202 0.544072 0.09071606 0.8341225 0.5440682 0 0.839041 0.5440682 0 0.839041 0.5440682 -0.09071558 0.8341227 0.5440682 -0.09071582 0.8341202 0.5440719 -0.1803684 0.8194224 0.5440718 -0.1803683 0.8194191 0.5440769 -0.2679058 0.7951144 0.5440768 -0.2679061 0.7951171 0.5440726 -0.3523027 0.7614905 0.5440726 -0.3523027 0.7614903 0.544073 -0.4325695 0.7189355 0.544073 -0.4325708 0.718939 0.5440673 -0.507766 0.6679551 0.5440676 -0.5077652 0.6679534 0.5440705 -0.5770071 0.6091389 0.5440706 -0.5770068 0.6091384 0.5440714 -0.6394837 0.5431821 0.5440715 -0.6394843 0.5431828 0.5440702 -0.6944637 0.4708587 0.5440701 -0.6944606 0.4708557 0.5440766 -0.7412982 0.3930108 0.5440768 -0.741303 0.3930146 0.5440675 -0.77945 0.3105615 0.5440673 -0.7794477 0.3105601 0.5440715 -0.808456 0.2244666 0.5440714 -0.8084567 0.224467 0.5440702 -0.8279867 0.1357413 0.5440703 -0.8279877 0.1357417 0.5440686 -0.8378102 0.04542505 0.5440685 -0.8378055 0.04542392 0.5440759 -0.8378056 -0.04542481 0.5440759 -0.8378103 -0.04542416 0.5440685 -0.8279877 -0.1357415 0.5440686 -0.8279867 -0.1357415 0.5440702 -0.8084568 -0.2244668 0.5440702 -0.808456 -0.2244668 0.5440714 -0.7794475 -0.3105606 0.5440714 -0.7794502 -0.3105611 0.5440672 -0.7413035 -0.3930136 0.5440675 -0.7412977 -0.3930118 0.5440767 -0.6944602 -0.4708563 0.5440767 -0.6944641 -0.470858 0.5440701 -0.6394844 -0.5431827 0.5440701 -0.6394836 -0.5431822 0.5440714 -0.5770068 -0.6091385 0.5440713 -0.5770071 -0.6091388 0.5440706 -0.5077649 -0.6679537 0.5440706 -0.5077663 -0.667955 0.5440676 -0.4325714 -0.7189385 0.5440675 -0.4325689 -0.7189359 0.544073 -0.3523026 -0.7614904 0.5440729 -0.3523027 -0.7614905 0.5440726 -0.2679066 -0.795117 0.5440727 -0.2679053 -0.7951146 0.5440767 -0.1803677 -0.8194192 0.5440769 -0.180369 -0.8194223 0.5440719 -0.09071534 -0.8341202 0.544072 -0.09071606 -0.8341225 0.5440682 0 -0.839041 0.5440682 0 -0.839041 0.5440682 0.09071558 -0.8341227 0.5440682 0.09071582 -0.8341202 0.5440719 0.1803684 -0.8194224 0.5440718 0.1803683 -0.8194191 0.5440769 0.2679058 -0.7951144 0.5440768 0.2679061 -0.7951171 0.5440726 0.3523027 -0.7614905 0.5440726 0.3523027 -0.7614903 0.544073 0.4325695 -0.7189355 0.544073 0.4325708 -0.718939 0.5440673 0.507766 -0.6679551 0.5440676 0.5077652 -0.6679534 0.5440705 0.5770071 -0.6091389 0.5440706 0.5770068 -0.6091384 0.5440714 0.6394837 -0.5431821 0.5440715 0.6394843 -0.5431828 0.5440702 0.6944637 -0.4708587 0.5440701 0.6944606 -0.4708557 0.5440766 0.7412982 -0.3930108 0.5440768 0.741303 -0.3930146 0.5440675 0.77945 -0.3105615 0.5440673 0.7794477 -0.3105601 0.5440715 0.808456 -0.2244666 0.5440714 0.8084567 -0.224467 0.5440702 0.8279867 -0.1357413 0.5440703 0.8279877 -0.1357417 0.5440686 0.8378102 -0.04542505 0.5440685 0.8378055 -0.04542392 0.5440759 0.8378056 0.04542481 0.5440759 0.8899678 0.04825294 0.4534633 0.8795338 0.1441922 0.4534634 0.8795344 0.1441921 0.4534621 0.8587886 0.2384414 0.4534621 0.8587884 0.2384414 0.4534626 0.827974 0.3298946 0.4534627 0.8279711 0.3298942 0.4534685 0.7874498 0.4174798 0.4534682 0.7874537 0.4174809 0.4534603 0.7376996 0.5001727 0.4534606 0.7376971 0.5001718 0.4534658 0.679295 0.5769981 0.4534661 0.6792952 0.5769982 0.4534657 0.6129284 0.6470609 0.4534655 0.6129292 0.6470614 0.4534636 0.5393766 0.7095374 0.453464 0.539375 0.709536 0.4534682 0.4594984 0.7636933 0.4534686 0.4595013 0.7636964 0.4534603 0.3742379 0.8089003 0.4534604 0.3742351 0.8088966 0.4534692 0.2845842 0.8446167 0.4534693 0.2845862 0.8446202 0.4534617 0.1915982 0.8704383 0.4534615 0.1915977 0.8704372 0.4534638 0.09636354 0.8860501 0.4534637 0.09636276 0.8860477 0.4534685 0 0.8912724 0.4534684 0 0.8912724 0.4534684 -0.0963633 0.8860478 0.4534683 -0.096363 0.8860501 0.4534637 -0.1915979 0.8704372 0.4534638 -0.1915979 0.8704383 0.4534615 -0.2845854 0.8446205 0.4534615 -0.284585 0.8446165 0.4534692 -0.3742361 0.8088963 0.4534692 -0.3742371 0.8089007 0.4534603 -0.4595006 0.763697 0.4534602 -0.4594992 0.7636929 0.4534685 -0.5393754 0.7095357 0.453468 -0.5393762 0.7095377 0.453464 -0.6129291 0.6470617 0.4534635 -0.6129285 0.6470606 0.4534657 -0.6792951 0.5769982 0.4534657 -0.679295 0.5769981 0.453466 -0.7376974 0.5001712 0.4534659 -0.7376994 0.5001733 0.4534603 -0.7874533 0.4174817 0.4534605 -0.7874502 0.417479 0.4534682 -0.8279713 0.3298936 0.4534685 -0.8279738 0.3298953 0.4534627 -0.8587883 0.2384412 0.4534627 -0.8587886 0.2384414 0.4534621 -0.8795344 0.1441923 0.453462 -0.8795338 0.144192 0.4534633 -0.8899678 0.04825288 0.4534633 -0.8899682 0.04825299 0.4534625 -0.8899682 -0.04825288 0.4534625 -0.8899678 -0.04825294 0.4534633 -0.8795338 -0.1441922 0.4534634 -0.8795344 -0.1441921 0.4534621 -0.8587886 -0.2384414 0.4534621 -0.8587884 -0.2384414 0.4534626 -0.827974 -0.3298946 0.4534627 -0.8279711 -0.3298942 0.4534685 -0.7874498 -0.4174798 0.4534682 -0.7874537 -0.4174809 0.4534603 -0.7376996 -0.5001727 0.4534606 -0.7376971 -0.5001718 0.4534658 -0.679295 -0.5769981 0.4534661 -0.6792952 -0.5769982 0.4534657 -0.6129284 -0.6470609 0.4534655 -0.6129292 -0.6470614 0.4534636 -0.5393766 -0.7095374 0.453464 -0.539375 -0.709536 0.4534682 -0.4594984 -0.7636933 0.4534686 -0.4595013 -0.7636964 0.4534603 -0.3742379 -0.8089003 0.4534604 -0.3742351 -0.8088966 0.4534692 -0.2845842 -0.8446167 0.4534693 -0.2845862 -0.8446202 0.4534617 -0.1915982 -0.8704383 0.4534615 -0.1915977 -0.8704372 0.4534638 -0.09636354 -0.8860501 0.4534637 -0.09636276 -0.8860477 0.4534685 0 -0.8912724 0.4534684 0 -0.8912724 0.4534684 0.0963633 -0.8860478 0.4534683 0.096363 -0.8860501 0.4534637 0.1915979 -0.8704372 0.4534638 0.1915979 -0.8704383 0.4534615 0.2845854 -0.8446205 0.4534615 0.284585 -0.8446165 0.4534692 0.3742361 -0.8088963 0.4534692 0.3742371 -0.8089007 0.4534603 0.4595006 -0.763697 0.4534602 0.4594992 -0.7636929 0.4534685 0.5393754 -0.7095357 0.453468 0.5393762 -0.7095377 0.453464 0.6129291 -0.6470617 0.4534635 0.6129285 -0.6470606 0.4534657 0.6792951 -0.5769982 0.4534657 0.679295 -0.5769981 0.453466 0.7376974 -0.5001712 0.4534659 0.7376994 -0.5001733 0.4534603 0.7874533 -0.4174817 0.4534605 0.7874502 -0.417479 0.4534682 0.8279713 -0.3298936 0.4534685 0.8279738 -0.3298953 0.4534627 0.8587883 -0.2384412 0.4534627 0.8587886 -0.2384414 0.4534621 0.8795344 -0.1441923 0.453462 0.8795338 -0.144192 0.4534633 0.8899678 -0.04825288 0.4534633 0.8899682 -0.04825299 0.4534625 0.8899682 0.04825288 0.4534625 0.9323851 0.05055266 0.357914 0.9214538 0.1510641 0.357914 0.9214521 0.1510643 0.3579184 0.8997175 0.2498055 0.3579184 0.8997185 0.2498055 0.357916 0.8674355 0.3456181 0.3579159 0.8674376 0.3456184 0.3579106 0.8249845 0.4373788 0.3579109 0.8249827 0.4373785 0.3579159 0.7728576 0.5240106 0.3579161 0.7728583 0.5240108 0.3579145 0.7116724 0.6044998 0.357914 0.7116724 0.6044998 0.3579138 0.6421424 0.6779017 0.3579139 0.6421424 0.6779018 0.3579139 0.5650845 0.7433554 0.3579139 0.5650842 0.7433552 0.3579146 0.4814004 0.8000941 0.3579148 0.4813994 0.8000932 0.3579181 0.3920725 0.8474512 0.3579185 0.3920747 0.8474537 0.3579102 0.2981498 0.8848769 0.3579102 0.2981489 0.8848756 0.357914 0.2007294 0.911924 0.357914 0.2007302 0.9119253 0.3579102 0.1009569 0.9282823 0.3579102 0.1009564 0.928281 0.3579137 0 0.9337547 0.3579137 0 0.9337546 0.3579137 -0.1009568 0.928281 0.3579137 -0.1009566 0.9282824 0.35791 -0.2007297 0.9119254 0.3579102 -0.2007299 0.9119239 0.357914 -0.2981493 0.8848755 0.357914 -0.2981494 0.884877 0.3579102 -0.3920738 0.847454 0.3579102 -0.3920733 0.8474508 0.3579185 -0.4813997 0.800093 0.3579182 -0.4814001 0.8000944 0.3579146 -0.5650844 0.7433552 0.3579143 -0.5650845 0.7433555 0.3579136 -0.6421425 0.6779018 0.3579135 -0.6421424 0.6779018 0.3579138 -0.7116725 0.6044999 0.3579135 -0.7116723 0.6044997 0.3579143 -0.7728581 0.5240109 0.3579148 -0.7728579 0.5240106 0.3579157 -0.8249829 0.437378 0.3579156 -0.8249843 0.4373794 0.3579108 -0.8674374 0.3456189 0.3579105 -0.8674357 0.3456176 0.3579159 -0.8997184 0.2498057 0.3579162 -0.8997176 0.2498052 0.3579184 -0.9214522 0.1510639 0.3579183 -0.9214537 0.1510646 0.3579141 -0.9323851 0.0505526 0.3579141 -0.9323855 0.05055272 0.3579132 -0.9323855 -0.0505526 0.3579132 -0.9323851 -0.05055266 0.357914 -0.9214538 -0.1510641 0.357914 -0.9214521 -0.1510643 0.3579184 -0.8997175 -0.2498055 0.3579184 -0.8997185 -0.2498055 0.357916 -0.8674355 -0.3456181 0.3579159 -0.8674376 -0.3456184 0.3579106 -0.8249845 -0.4373788 0.3579109 -0.8249827 -0.4373785 0.3579159 -0.7728576 -0.5240106 0.3579161 -0.7728583 -0.5240108 0.3579145 -0.7116724 -0.6044998 0.357914 -0.7116724 -0.6044998 0.3579138 -0.6421424 -0.6779017 0.3579139 -0.6421424 -0.6779018 0.3579139 -0.5650845 -0.7433554 0.3579139 -0.5650842 -0.7433552 0.3579146 -0.4814004 -0.8000941 0.3579148 -0.4813994 -0.8000932 0.3579181 -0.3920725 -0.8474512 0.3579185 -0.3920747 -0.8474537 0.3579102 -0.2981498 -0.8848769 0.3579102 -0.2981489 -0.8848756 0.357914 -0.2007294 -0.911924 0.357914 -0.2007302 -0.9119253 0.3579102 -0.1009569 -0.9282823 0.3579102 -0.1009564 -0.928281 0.3579137 0 -0.9337547 0.3579137 0 -0.9337546 0.3579137 0.1009568 -0.928281 0.3579137 0.1009566 -0.9282824 0.35791 0.2007297 -0.9119254 0.3579102 0.2007299 -0.9119239 0.357914 0.2981493 -0.8848755 0.357914 0.2981494 -0.884877 0.3579102 0.3920738 -0.847454 0.3579102 0.3920733 -0.8474508 0.3579185 0.4813997 -0.800093 0.3579182 0.4814001 -0.8000944 0.3579146 0.5650844 -0.7433552 0.3579143 0.5650845 -0.7433555 0.3579136 0.6421425 -0.6779018 0.3579135 0.6421424 -0.6779018 0.3579138 0.7116725 -0.6044999 0.3579135 0.7116723 -0.6044997 0.3579143 0.7728581 -0.5240109 0.3579148 0.7728579 -0.5240106 0.3579157 0.8249829 -0.437378 0.3579156 0.8249843 -0.4373794 0.3579108 0.8674374 -0.3456189 0.3579105 0.8674357 -0.3456176 0.3579159 0.8997184 -0.2498057 0.3579162 0.8997176 -0.2498052 0.3579184 0.9214522 -0.1510639 0.3579183 0.9214537 -0.1510646 0.3579141 0.9323851 -0.0505526 0.3579141 0.9323855 -0.05055272 0.3579132 0.9323855 0.0505526 0.3579132 0.9646042 0.05229949 0.2584639 0.9532951 0.1562846 0.2584637 0.9532961 0.1562844 0.2584602 0.9308103 0.2584387 0.25846 0.9308112 0.2584387 0.258457 0.8974128 0.3575615 0.2584569 0.897411 0.3575614 0.2584633 0.8534913 0.4524926 0.258463 0.8534924 0.4524928 0.2584589 0.799566 0.5421192 0.258459 0.7995659 0.5421192 0.2584596 0.7362655 0.6253894 0.2584595 0.7362654 0.6253893 0.2584597 0.6643328 0.7013278 0.2584595 0.6643326 0.7013276 0.2584604 0.5846115 0.7690435 0.25846 0.5846125 0.769044 0.2584559 0.4980368 0.827744 0.2584556 0.4980367 0.8277439 0.258456 0.4056228 0.8767387 0.2584557 0.405622 0.876738 0.2584597 0.3084526 0.9154537 0.2584597 0.3084523 0.9154534 0.2584615 0.2076658 0.9434365 0.2584617 0.2076659 0.9434367 0.2584611 0.104445 0.9603588 0.2584612 0.1044456 0.9603599 0.2584567 0 0.9660229 0.2584568 0 0.9660229 0.2584568 -0.1044452 0.96036 0.2584568 -0.1044455 0.9603588 0.2584612 -0.2076658 0.9434366 0.2584611 -0.2076659 0.9434365 0.2584617 -0.3084524 0.9154533 0.2584616 -0.3084524 0.9154539 0.2584597 -0.4056224 0.8767377 0.2584598 -0.4056225 0.8767389 0.2584558 -0.4980368 0.8277438 0.2584561 -0.4980368 0.8277441 0.2584555 -0.5846123 0.7690444 0.2584557 -0.5846118 0.7690431 0.2584602 -0.6643327 0.7013277 0.25846 -0.6643327 0.7013278 0.2584597 -0.7362655 0.6253894 0.2584595 -0.7362654 0.6253893 0.2584597 -0.7995658 0.5421191 0.2584599 -0.7995659 0.5421193 0.258459 -0.8534922 0.4524931 0.258459 -0.8534914 0.4524923 0.2584629 -0.8974112 0.3575608 0.2584633 -0.8974126 0.3575621 0.2584569 -0.9308111 0.258439 0.2584569 -0.9308104 0.2584384 0.2584602 -0.9532961 0.1562848 0.2584602 -0.9532952 0.1562842 0.2584637 -0.9646042 0.05229902 0.2584639 -0.9646053 0.05229955 0.2584595 -0.9646053 -0.05229908 0.2584595 -0.9646042 -0.05229949 0.2584639 -0.9532951 -0.1562846 0.2584637 -0.9532961 -0.1562844 0.2584602 -0.9308103 -0.2584387 0.25846 -0.9308112 -0.2584387 0.258457 -0.8974128 -0.3575615 0.2584569 -0.897411 -0.3575614 0.2584633 -0.8534913 -0.4524926 0.258463 -0.8534924 -0.4524928 0.2584589 -0.799566 -0.5421192 0.258459 -0.7995659 -0.5421192 0.2584596 -0.7362655 -0.6253894 0.2584595 -0.7362654 -0.6253893 0.2584597 -0.6643328 -0.7013278 0.2584595 -0.6643326 -0.7013276 0.2584604 -0.5846115 -0.7690435 0.25846 -0.5846125 -0.769044 0.2584559 -0.4980368 -0.827744 0.2584556 -0.4980367 -0.8277439 0.258456 -0.4056228 -0.8767387 0.2584557 -0.405622 -0.876738 0.2584597 -0.3084526 -0.9154537 0.2584597 -0.3084523 -0.9154534 0.2584615 -0.2076658 -0.9434365 0.2584617 -0.2076659 -0.9434367 0.2584611 -0.104445 -0.9603588 0.2584612 -0.1044456 -0.9603599 0.2584567 0 -0.9660229 0.2584568 0 -0.9660229 0.2584568 0.1044452 -0.96036 0.2584568 0.1044455 -0.9603588 0.2584612 0.2076658 -0.9434366 0.2584611 0.2076659 -0.9434365 0.2584617 0.3084524 -0.9154533 0.2584616 0.3084524 -0.9154539 0.2584597 0.4056224 -0.8767377 0.2584598 0.4056225 -0.8767389 0.2584558 0.4980368 -0.8277438 0.2584561 0.4980368 -0.8277441 0.2584555 0.5846123 -0.7690444 0.2584557 0.5846118 -0.7690431 0.2584602 0.6643327 -0.7013277 0.25846 0.6643327 -0.7013278 0.2584597 0.7362655 -0.6253894 0.2584595 0.7362654 -0.6253893 0.2584597 0.7995658 -0.5421191 0.2584599 0.7995659 -0.5421193 0.258459 0.8534922 -0.4524931 0.258459 0.8534914 -0.4524923 0.2584629 0.8974112 -0.3575608 0.2584633 0.8974126 -0.3575621 0.2584569 0.9308111 -0.258439 0.2584569 0.9308104 -0.2584384 0.2584602 0.9532961 -0.1562848 0.2584602 0.9532952 -0.1562842 0.2584637 0.9646042 -0.05229902 0.2584639 0.9646053 -0.05229955 0.2584595 0.9646053 0.05229908 0.2584595 0.9862756 0.053474 0.1562085 0.9747124 0.1597958 0.1562086 0.9747124 0.1597958 0.1562084 0.9517217 0.2642436 0.1562085 0.9517197 0.2642441 0.1562197 0.9175708 0.3655943 0.1562198 0.9175729 0.365594 0.1562086 0.8726662 0.4626579 0.156209 0.8726652 0.4626581 0.1562147 0.8175276 0.5542973 0.1562149 0.8175273 0.5542973 0.1562165 0.7528047 0.6394384 0.1562164 0.7528054 0.6394385 0.1562129 0.6792567 0.7170829 0.156213 0.6792569 0.7170829 0.1562125 0.5977447 0.7863199 0.1562125 0.5977447 0.7863199 0.1562122 0.509225 0.8463379 0.1562124 0.5092241 0.8463374 0.156217 0.414734 0.8964329 0.1562172 0.4147345 0.8964332 0.1562135 0.3153812 0.9360193 0.1562137 0.3153821 0.93602 0.1562075 0.2123319 0.9646318 0.1562071 0.2123311 0.964631 0.1562135 0.1067916 0.9819332 0.1562133 0.1067914 0.9819331 0.1562148 0 0.9877232 0.1562148 0 0.9877231 0.1562148 -0.1067915 0.981933 0.1562148 -0.1067914 0.9819332 0.1562134 -0.2123317 0.9646309 0.1562135 -0.2123313 0.964632 0.1562071 -0.3153815 0.9360201 0.1562075 -0.3153818 0.936019 0.1562137 -0.4147342 0.8964334 0.1562134 -0.4147343 0.8964328 0.1562171 -0.5092246 0.8463373 0.1562169 -0.5092245 0.8463381 0.1562122 -0.5977447 0.78632 0.1562119 -0.5977447 0.7863199 0.1562125 -0.6792568 0.7170829 0.1562125 -0.6792567 0.7170827 0.1562131 -0.7528052 0.6394388 0.1562129 -0.752805 0.6394382 0.1562163 -0.8175274 0.5542972 0.1562164 -0.8175275 0.5542975 0.1562149 -0.8726655 0.4626575 0.1562144 -0.872666 0.4626584 0.1562091 -0.9175724 0.365595 0.1562086 -0.9175713 0.3655933 0.1562197 -0.95172 0.2642431 0.1562197 -0.9517214 0.2642447 0.1562085 -0.9747124 0.1597958 0.1562083 -0.9747123 0.1597958 0.1562085 -0.9862755 0.05347484 0.1562085 -0.9862742 0.05347394 0.1562166 -0.9862742 -0.05347478 0.1562166 -0.9862756 -0.053474 0.1562085 -0.9747124 -0.1597958 0.1562086 -0.9747124 -0.1597958 0.1562084 -0.9517217 -0.2642436 0.1562085 -0.9517197 -0.2642441 0.1562197 -0.9175708 -0.3655943 0.1562198 -0.9175729 -0.365594 0.1562086 -0.8726662 -0.4626579 0.156209 -0.8726652 -0.4626581 0.1562147 -0.8175276 -0.5542973 0.1562149 -0.8175273 -0.5542973 0.1562165 -0.7528047 -0.6394384 0.1562164 -0.7528054 -0.6394385 0.1562129 -0.6792567 -0.7170829 0.156213 -0.6792569 -0.7170829 0.1562125 -0.5977447 -0.7863199 0.1562125 -0.5977447 -0.7863199 0.1562122 -0.509225 -0.8463379 0.1562124 -0.5092241 -0.8463374 0.156217 -0.414734 -0.8964329 0.1562172 -0.4147345 -0.8964332 0.1562135 -0.3153812 -0.9360193 0.1562137 -0.3153821 -0.93602 0.1562075 -0.2123319 -0.9646318 0.1562071 -0.2123311 -0.964631 0.1562135 -0.1067916 -0.9819332 0.1562133 -0.1067914 -0.9819331 0.1562148 0 -0.9877232 0.1562148 0 -0.9877231 0.1562148 0.1067915 -0.981933 0.1562148 0.1067914 -0.9819332 0.1562134 0.2123317 -0.9646309 0.1562135 0.2123313 -0.964632 0.1562071 0.3153815 -0.9360201 0.1562075 0.3153818 -0.936019 0.1562137 0.4147342 -0.8964334 0.1562134 0.4147343 -0.8964328 0.1562171 0.5092246 -0.8463373 0.1562169 0.5092245 -0.8463381 0.1562122 0.5977447 -0.78632 0.1562119 0.5977447 -0.7863199 0.1562125 0.6792568 -0.7170829 0.1562125 0.6792567 -0.7170827 0.1562131 0.7528052 -0.6394388 0.1562129 0.752805 -0.6394382 0.1562163 0.8175274 -0.5542972 0.1562164 0.8175275 -0.5542975 0.1562149 0.8726655 -0.4626575 0.1562144 0.872666 -0.4626584 0.1562091 0.9175724 -0.365595 0.1562086 0.9175713 -0.3655933 0.1562197 0.95172 -0.2642431 0.1562197 0.9517214 -0.2642447 0.1562085 0.9747124 -0.1597958 0.1562083 0.9747123 -0.1597958 0.1562085 0.9862755 -0.05347484 0.1562085 0.9862742 -0.05347394 0.1562166 0.9862742 0.05347478 0.1562166 0.9971687 0.05406546 0.05226331 0.9854779 0.1615607 0.05226325 0.9854779 0.1615607 0.05226361 0.9622332 0.2671627 0.05226361 0.9622336 0.2671622 0.05225789 0.9277074 0.3696326 0.05225777 0.9277069 0.3696329 0.05226337 0.8823047 0.4677683 0.05226284 0.882305 0.467768 0.05225878 0.8265578 0.5604206 0.05225902 0.8265582 0.5604203 0.05225384 0.761121 0.6465016 0.05225396 0.7611204 0.6465018 0.0522601 0.6867595 0.7250036 0.0522601 0.6867597 0.7250036 0.05225926 0.6043475 0.7950051 0.05225902 0.6043471 0.7950052 0.05226331 0.5148494 0.8556861 0.05226361 0.5148496 0.8556861 0.05226188 0.4193149 0.9063354 0.05226159 0.4193153 0.9063354 0.05225747 0.3188654 0.9463583 0.05225729 0.3188648 0.9463582 0.05226212 0.2146771 0.9752858 0.05226224 0.214677 0.9752858 0.05226308 0.1079713 0.9927793 0.05226325 0.1079711 0.9927793 0.05226457 0 0.9986333 0.05226457 0 0.9986333 0.05226457 -0.1079713 0.9927793 0.05226457 -0.1079711 0.9927793 0.0522632 -0.2146771 0.9752858 0.05226314 -0.214677 0.9752858 0.0522623 -0.3188653 0.9463581 0.05226212 -0.3188649 0.9463585 0.05225729 -0.4193149 0.9063355 0.05225729 -0.4193152 0.9063352 0.05226171 -0.5148495 0.8556862 0.05226159 -0.5148495 0.855686 0.05226355 -0.6043474 0.7950049 0.05226361 -0.6043472 0.7950054 0.05225914 -0.6867596 0.7250036 0.05225908 -0.6867597 0.7250036 0.05225992 -0.7611209 0.6465014 0.0522601 -0.7611207 0.646502 0.05225408 -0.826558 0.5604207 0.05225396 -0.8265581 0.5604202 0.05225884 -0.8823048 0.4677684 0.05225902 -0.8823047 0.467768 0.05226284 -0.9277071 0.3696324 0.05226337 -0.9277071 0.369633 0.05225783 -0.9622334 0.2671627 0.05225777 -0.9622333 0.2671621 0.05226355 -0.9854779 0.1615607 0.05226361 -0.9854779 0.1615607 0.05226331 -0.9971687 0.05406504 0.05226331 -0.997169 0.05406546 0.05225902 -0.997169 -0.05406504 0.05225902 -0.9971687 -0.05406546 0.05226331 -0.9854779 -0.1615607 0.05226325 -0.9854779 -0.1615607 0.05226361 -0.9622332 -0.2671627 0.05226361 -0.9622336 -0.2671622 0.05225789 -0.9277074 -0.3696326 0.05225777 -0.9277069 -0.3696329 0.05226337 -0.8823047 -0.4677683 0.05226284 -0.882305 -0.467768 0.05225878 -0.8265578 -0.5604206 0.05225902 -0.8265582 -0.5604203 0.05225384 -0.761121 -0.6465016 0.05225396 -0.7611204 -0.6465018 0.0522601 -0.6867595 -0.7250036 0.0522601 -0.6867597 -0.7250036 0.05225926 -0.6043475 -0.7950051 0.05225902 -0.6043471 -0.7950052 0.05226331 -0.5148494 -0.8556861 0.05226361 -0.5148496 -0.8556861 0.05226188 -0.4193149 -0.9063354 0.05226159 -0.4193153 -0.9063354 0.05225747 -0.3188654 -0.9463583 0.05225729 -0.3188648 -0.9463582 0.05226212 -0.2146771 -0.9752858 0.05226224 -0.214677 -0.9752858 0.05226308 -0.1079713 -0.9927793 0.05226325 -0.1079711 -0.9927793 0.05226457 0 -0.9986333 0.05226457 0 -0.9986333 0.05226457 0.1079713 -0.9927793 0.05226457 0.1079711 -0.9927793 0.0522632 0.2146771 -0.9752858 0.05226314 0.214677 -0.9752858 0.0522623 0.3188653 -0.9463581 0.05226212 0.3188649 -0.9463585 0.05225729 0.4193149 -0.9063355 0.05225729 0.4193152 -0.9063352 0.05226171 0.5148495 -0.8556862 0.05226159 0.5148495 -0.855686 0.05226355 0.6043474 -0.7950049 0.05226361 0.6043472 -0.7950054 0.05225914 0.6867596 -0.7250036 0.05225908 0.6867597 -0.7250036 0.05225992 0.7611209 -0.6465014 0.0522601 0.7611207 -0.646502 0.05225408 0.826558 -0.5604207 0.05225396 0.8265581 -0.5604202 0.05225884 0.8823048 -0.4677684 0.05225902 0.8823047 -0.467768 0.05226284 0.9277071 -0.3696324 0.05226337 0.9277071 -0.369633 0.05225783 0.9622334 -0.2671627 0.05225777 0.9622333 -0.2671621 0.05226355 0.9854779 -0.1615607 0.05226361 0.9854779 -0.1615607 0.05226331 0.9971687 -0.05406504 0.05226331 0.997169 -0.05406546 0.05225902 0.997169 0.05406504 0.05225902 -0.2640248 0.9645159 1.38511e-7 -0.9409407 0.3385715 -6.27439e-7 0.2640248 -0.9645159 1.38511e-7 0.9409407 -0.3385715 -6.27439e-7 0.928967 0.3701344 0.004577994 0.9635391 0.2675253 0.0047549 0.9570118 0.2900491 5.73622e-7 0.9409411 0.3385702 -8.00565e-7 0.9868153 0.1617797 0.004767656 0.9817637 0.1901053 1.19578e-7 0.9713104 0.2378153 0 0.9985235 0.05413883 0.004452109 0.9961327 0.08786135 -3.53527e-7 0.9906155 0.1366784 5.90045e-7 0.9959338 -0.09008759 0 0.9986451 -0.05184441 0.004495024 0.9985257 -0.05413895 0.003927052 0.9998739 -0.01588195 0 0.9994286 0.03379946 1.48687e-7 0.9904344 -0.1379841 7.79054e-7 0.9868156 -0.1617797 0.004728555 0.9815124 -0.1913981 0 0.96355 -0.2675282 1.26407e-6 0.9566226 -0.2911952 0.008862376 0.9709672 -0.2392129 -1.86781e-7 0.9212043 -0.3890098 0.007343769 0.9289767 -0.3701383 0 0.8995687 -0.4367792 0 0.8835034 -0.468404 0.004406213 0.8746019 -0.4848417 0 0.847982 -0.530025 0 0.8276817 -0.5611822 0.004194915 0.8180437 -0.575156 0 0.7867671 -0.61725 0 0.7621563 -0.6473811 0.003944754 0.7521955 -0.65894 0 0.716616 -0.6974679 0 0.6876947 -0.7259908 0.003655135 0.6778059 -0.7352409 0 0.6383298 -0.7697631 0 0.6051709 -0.7960887 0.003326594 0.5957189 -0.803193 0 0.5527923 -0.833319 0 0.5155512 -0.8568537 0.002958655 0.5068672 -0.8620242 0 0.4609844 -0.8874082 0 0.4198878 -0.9075724 0.002551972 0.4122592 -0.9110667 0 0.319302 -0.947653 -2.11158e-7 0.3129276 -0.949774 0.002403199 0.3639352 -0.9314243 0 0.2130342 -0.977044 0.001257658 0.2149707 -0.9766204 5.78985e-4 0.1634358 -0.986554 -3.11273e-7 0.1148009 -0.9933886 -4.23986e-7 0.1081179 -0.9941359 0.002062916 0.06084847 -0.998147 1.41033e-7 0.01119959 -0.9999373 0 0 -0.9999952 0.003107726 -0.04295498 -0.999077 0 -0.06308788 -0.998008 1.40882e-7 -0.1081178 -0.9941346 0.002620697 -0.1170234 -0.9931292 -2.43895e-7 -0.164759 -0.9863339 0 -0.2149707 -0.97662 0.001004159 -0.215745 -0.9764494 7.39457e-4 -0.3193013 -0.9476509 0.002105653 -0.3129709 -0.9497627 0 -0.2654141 -0.9641345 0 -0.4198878 -0.9075725 0.002551972 -0.4122592 -0.9110667 0 -0.3639352 -0.9314243 0 -0.5155512 -0.8568537 0.002958655 -0.5068672 -0.8620242 0 -0.4609844 -0.8874082 0 -0.6051709 -0.7960887 0.003326594 -0.5957189 -0.803193 0 -0.5527923 -0.833319 0 -0.6876947 -0.7259908 0.003655135 -0.6778059 -0.7352409 0 -0.6383298 -0.7697631 0 -0.7621563 -0.6473811 0.003944754 -0.7521955 -0.65894 0 -0.716616 -0.6974679 0 -0.8276817 -0.5611822 0.004194974 -0.8180437 -0.575156 0 -0.7867671 -0.61725 0 -0.8835034 -0.468404 0.004406213 -0.8746019 -0.4848417 0 -0.847982 -0.530025 0 -0.928967 -0.3701345 0.004577994 -0.9212291 -0.3890203 0 -0.8995687 -0.4367792 0 -0.9635391 -0.2675253 0.0047549 -0.9570118 -0.2900491 5.73622e-7 -0.9409411 -0.3385702 -8.00565e-7 -0.9868153 -0.1617797 0.004767656 -0.9817637 -0.1901053 1.19578e-7 -0.9713104 -0.2378153 0 -0.9985235 -0.05413883 0.004452109 -0.9961327 -0.08786135 -3.53527e-7 -0.9906155 -0.1366784 5.90045e-7 -0.9959338 0.09008759 0 -0.9986451 0.05184441 0.004495024 -0.9985257 0.05413895 0.003927052 -0.9998739 0.01588195 0 -0.9994286 -0.03379946 1.48687e-7 -0.9904344 0.1379841 7.79054e-7 -0.9868156 0.1617797 0.004728555 -0.9815124 0.1913981 0 -0.96355 0.2675282 1.26407e-6 -0.9566226 0.2911952 0.008862376 -0.9709672 0.2392129 -1.86781e-7 -0.9212043 0.3890098 0.007343769 -0.9289767 0.3701383 0 -0.8995687 0.4367792 0 -0.8835034 0.468404 0.004406213 -0.8746019 0.4848417 0 -0.847982 0.530025 0 -0.8276817 0.5611822 0.004194915 -0.8180437 0.575156 0 -0.7867671 0.61725 0 -0.7621563 0.6473811 0.003944754 -0.7521955 0.65894 0 -0.716616 0.6974679 0 -0.6876947 0.7259908 0.003655135 -0.6778059 0.7352409 0 -0.6383298 0.7697631 0 -0.6051709 0.7960887 0.003326594 -0.5957189 0.803193 0 -0.5527923 0.833319 0 -0.5155512 0.8568537 0.002958655 -0.5068672 0.8620242 0 -0.4609844 0.8874082 0 -0.4198878 0.9075724 0.002551972 -0.4122592 0.9110667 0 -0.319302 0.947653 -2.11158e-7 -0.3129276 0.949774 0.002403199 -0.3639352 0.9314243 0 -0.2130342 0.977044 0.001257658 -0.2149707 0.9766204 5.78985e-4 -0.1634358 0.986554 -3.11273e-7 -0.1148009 0.9933886 -4.23986e-7 -0.1081179 0.9941359 0.002062916 -0.06084847 0.998147 1.41033e-7 -0.01119959 0.9999373 0 0 0.9999952 0.003107726 0.04295498 0.999077 0 0.06308788 0.998008 1.40882e-7 0.1081178 0.9941346 0.002620697 0.1170234 0.9931292 -2.43895e-7 0.164759 0.9863339 0 0.2149707 0.97662 0.001004159 0.215745 0.9764494 7.39457e-4 0.3193013 0.9476509 0.002105653 0.3129709 0.9497627 0 0.2654141 0.9641345 0 0.4198878 0.9075725 0.002551972 0.4122592 0.9110667 0 0.3639352 0.9314243 0 0.5155512 0.8568537 0.002958655 0.5068672 0.8620242 0 0.4609844 0.8874082 0 0.6051709 0.7960887 0.003326594 0.5957189 0.803193 0 0.5527923 0.833319 0 0.6876947 0.7259908 0.003655135 0.6778059 0.7352409 0 0.6383298 0.7697631 0 0.7621563 0.6473811 0.003944754 0.7521955 0.65894 0 0.716616 0.6974679 0 0.8276817 0.5611822 0.004194974 0.8180437 0.575156 0 0.7867671 0.61725 0 0.9212291 0.3890203 0 0.8995687 0.4367792 0 0.8835034 0.468404 0.004406213 0.8746019 0.4848417 0 0.847982 0.530025 0 0.386621 0.7535566 -0.5316736 0.01961618 0.9025987 -0.4300358 0.06908982 0.8928493 -0.4450244 0.006144881 0.9022273 -0.4312173 0.01950049 0.9004342 -0.434555 0.1612022 0.8635318 -0.4778353 0.1650851 0.8623689 -0.4786093 0.1123738 0.8793576 -0.4627119 0.1163074 0.8782809 -0.4637835 0.07781195 0.8891704 -0.4509115 0.04170888 0.8968577 -0.4403482 0.1957656 0.8467479 -0.4946652 0.2583103 0.8250788 -0.5025145 0.2101635 0.8448647 -0.4919704 0.2127066 0.8412414 -0.4970601 0.2598631 0.8230812 -0.5049838 0.3004568 0.8030738 -0.5145854 0.2963025 0.8051341 -0.5137742 0.346771 0.7780498 -0.523821 0.3384134 0.7821376 -0.5231991 0.3784227 0.7587033 -0.5302504 0.4293493 0.7255939 -0.5377479 0.4139828 0.7345654 -0.5376169 0.4681841 0.6972194 -0.5428524 0.4579023 0.7046053 -0.5420857 0.4721179 0.6938859 -0.543716 0.5038337 0.6684938 -0.5470536 0.5079389 0.6654872 -0.546923 0.5444452 0.6337754 -0.5494618 0.5459583 0.6324416 -0.5494972 0.5777321 0.6026933 -0.550442 0.5773656 0.6030144 -0.5504748 0.6152941 0.5645745 -0.5501534 0.6149411 0.5649303 -0.550183 0.6443061 0.5326162 -0.5488074 0.6458419 0.5307247 -0.5488349 0.6709926 0.501136 -0.5464721 0.6879768 0.4789809 -0.5452204 0.6801115 0.489754 -0.5455175 0.7138151 0.4453232 -0.5405139 0.7083277 0.453581 -0.5408661 0.7435485 0.4013043 -0.5348743 0.7384766 0.409807 -0.5354536 0.7664006 0.3658698 -0.5279861 0.7635325 0.3708923 -0.528637 0.7923493 0.3199905 -0.5194119 0.7898703 0.3251873 -0.5199597 0.8120071 0.28284 -0.5105351 0.8228446 0.2596337 -0.5054872 0.8121903 0.2839142 -0.5096467 0.8397413 0.2196627 -0.4965711 0.8337361 0.2363899 -0.499003 0.8554382 0.1833113 -0.4843783 0.8521157 0.1924706 -0.4866764 0.871906 0.1344966 -0.4708403 0.8696811 0.1431537 -0.4724001 0.9051124 0.006563365 -0.4251219 0.8960108 0.0483908 -0.4413875 0.9005128 0.01950836 -0.4343917 0.8931586 0.06221878 -0.4454174 0 -0.9063078 0.4226182 0 -0.9063078 0.4226182 0.8833234 0 -0.4687641 0.8833234 0 -0.4687641 0.852046 0 -0.523467 0.852046 0 -0.523467 0.8239226 0 -0.5667023 0.8239226 0 -0.5667023 0.7866102 0 -0.61745 0.7866102 0 -0.61745 0.7537236 0 -0.6571916 0.7537236 0 -0.6571916 0.7108161 0 -0.7033779 0.7108161 0 -0.7033779 0.6736807 0 -0.7390224 0.6736807 0 -0.7390224 0.6257405 0 -0.7800313 0.6257405 0 -0.7800313 0.5848227 0 -0.8111612 0.5848227 0 -0.8111612 0.5372887 0 -0.8433983 0.5372887 0 -0.8433983 0.4879944 0 -0.8728467 0.4879944 0 -0.8728467 0.4425165 0 -0.8967604 0.4425165 0 -0.8967604 0.3850463 0 -0.9228972 0.3850463 0 -0.9228972 0.3370744 0 -0.9414781 0.3370744 0 -0.9414781 0.2770822 0 -0.9608463 0.2770822 0 -0.9608463 0.2271769 0 -0.9738535 0.2271769 0 -0.9738535 0.1653763 0 -0.9862306 0.1653763 0 -0.9862306 0.1144313 0 -0.9934312 0.1144313 0 -0.9934312 0.05153173 0 -0.9986714 0.05153173 0 -0.9986714 0 -0.9063078 -0.4226183 0 -0.9063078 -0.4226182 -0.8833234 0 -0.4687641 -0.8833234 0 -0.4687641 -0.852046 0 -0.523467 -0.852046 0 -0.523467 -0.8239226 0 -0.5667023 -0.8239226 0 -0.5667023 -0.7866102 0 -0.61745 -0.7866102 0 -0.61745 -0.7537236 0 -0.6571916 -0.7537236 0 -0.6571916 -0.7108161 0 -0.7033779 -0.7108161 0 -0.7033779 -0.6736807 0 -0.7390224 -0.6736807 0 -0.7390224 -0.6257405 0 -0.7800313 -0.6257405 0 -0.7800313 -0.5848227 0 -0.8111612 -0.5848227 0 -0.8111612 -0.5372887 0 -0.8433983 -0.5372887 0 -0.8433983 -0.4879944 0 -0.8728467 -0.4879944 0 -0.8728467 -0.4425165 0 -0.8967604 -0.4425165 0 -0.8967604 -0.3850463 0 -0.9228972 -0.3850463 0 -0.9228972 -0.3370744 0 -0.9414781 -0.3370744 0 -0.9414781 -0.2770822 0 -0.9608463 -0.2770822 0 -0.9608463 -0.2271769 0 -0.9738535 -0.2271769 0 -0.9738535 -0.1653763 0 -0.9862306 -0.1653763 0 -0.9862306 -0.1144313 0 -0.9934312 -0.1144313 0 -0.9934312 -0.05153173 0 -0.9986714 -0.05153173 0 -0.9986714 0 0.9063078 -0.4226183 0 0.9063078 -0.4226182 0.7535566 -0.386621 -0.5316736 0.9025987 -0.01961618 -0.4300358 0.8928493 -0.06908982 -0.4450244 0.9022273 -0.006144881 -0.4312173 0.9004342 -0.01950049 -0.434555 0.8635318 -0.1612022 -0.4778353 0.8623689 -0.1650851 -0.4786093 0.8793576 -0.1123738 -0.4627119 0.8782809 -0.1163074 -0.4637835 0.8891704 -0.07781195 -0.4509115 0.8968577 -0.04170888 -0.4403482 0.8467479 -0.1957656 -0.4946652 0.8250788 -0.2583103 -0.5025145 0.8448647 -0.2101635 -0.4919704 0.8412414 -0.2127066 -0.4970601 0.8230812 -0.2598631 -0.5049838 0.8030738 -0.3004568 -0.5145854 0.8051341 -0.2963025 -0.5137742 0.7780498 -0.346771 -0.523821 0.7821376 -0.3384134 -0.5231991 0.7587033 -0.3784227 -0.5302504 0.7255939 -0.4293493 -0.5377479 0.7345654 -0.4139828 -0.5376169 0.6972194 -0.4681841 -0.5428524 0.7046053 -0.4579023 -0.5420857 0.6938859 -0.4721179 -0.543716 0.6684938 -0.5038337 -0.5470536 0.6654872 -0.5079389 -0.546923 0.6337754 -0.5444452 -0.5494618 0.6324416 -0.5459583 -0.5494972 0.6026933 -0.5777321 -0.550442 0.6030144 -0.5773656 -0.5504748 0.5645745 -0.6152941 -0.5501534 0.5649303 -0.6149411 -0.550183 0.5326162 -0.6443061 -0.5488074 0.5307247 -0.6458419 -0.5488349 0.501136 -0.6709926 -0.5464721 0.4789809 -0.6879768 -0.5452204 0.489754 -0.6801115 -0.5455175 0.4453232 -0.7138151 -0.5405139 0.453581 -0.7083277 -0.5408661 0.4013043 -0.7435485 -0.5348743 0.409807 -0.7384766 -0.5354536 0.3658698 -0.7664006 -0.5279861 0.3708923 -0.7635325 -0.528637 0.3199905 -0.7923493 -0.5194119 0.3251873 -0.7898703 -0.5199597 0.28284 -0.8120071 -0.5105351 0.2596337 -0.8228446 -0.5054872 0.2839142 -0.8121903 -0.5096467 0.2196627 -0.8397413 -0.4965711 0.2363899 -0.8337361 -0.499003 0.1833113 -0.8554382 -0.4843783 0.1924706 -0.8521157 -0.4866764 0.1344966 -0.871906 -0.4708403 0.1431537 -0.8696811 -0.4724001 0.006563365 -0.9051124 -0.4251219 0.0483908 -0.8960108 -0.4413875 0.01950836 -0.9005128 -0.4343917 0.06221878 -0.8931586 -0.4454174 -0.07384872 0.890215 0.4495148 -0.1715016 0.8598291 0.4809168 -0.236395 0.8337311 0.4990088 -0.8982744 0.03707408 0.4378682 -0.8916853 0.06884628 0.4473896 -0.9039187 0.01233047 0.4275265 -0.9025977 0.0196225 0.4300376 -0.8902002 0.07385307 0.4495435 -0.8782774 0.1163155 0.4637882 -0.8763778 0.1228014 0.4657057 -0.8620531 0.1649851 0.4792123 -0.8597879 0.1716236 0.4809472 -0.8448562 0.2101822 0.491977 -0.8487482 0.2002276 0.4894235 -0.8243431 0.2580192 0.5038697 -0.8407469 0.2173417 0.4958903 -0.763684 0.3703413 0.5288044 -0.7784389 0.344936 0.5244541 -0.7924993 0.3185874 0.5200452 -0.7778501 0.3466717 0.5241832 -0.8043149 0.2980099 0.5140699 -0.8030667 0.3004721 0.5145876 -0.8171765 0.2722809 0.5080214 -0.8309634 0.2414991 0.5011767 -0.7535687 0.3866017 0.5316703 -0.7254286 0.4292435 0.5380553 -0.745692 0.3968161 0.5352387 -0.6975778 0.4685904 0.5420408 -0.7277976 0.4247278 0.5384393 -0.6339499 0.5446032 0.5491036 -0.6770225 0.492988 0.5464462 -0.6686338 0.5039429 0.5467818 -0.6977315 0.4670686 0.5431553 -0.7094287 0.4512856 0.5413431 -0.5783451 0.6021615 0.5503802 -0.6019989 0.5782273 0.5506818 -0.602572 0.5776174 0.5506953 -0.6205459 0.558943 0.5500049 -0.6430326 0.5340674 0.5488908 -0.5588862 0.6204782 0.5501391 -0.5645696 0.6152806 0.5501735 -0.5340676 0.6430327 0.5488904 -0.5307392 0.6458578 0.5488021 -0.4932034 0.677447 0.5457253 -0.4897566 0.6801093 0.545518 -0.4670532 0.6977426 0.5431544 -0.4098058 0.7384769 0.5354541 -0.3969502 0.7465443 0.5339495 -0.4535582 0.7082638 0.5409688 -0.4247066 0.7278121 0.5384365 -0.4512664 0.7094429 0.5413403 -0.2984054 0.8024317 0.5167762 -0.3186042 0.792491 0.5200476 -0.3449257 0.7784451 0.5244517 -0.3703412 0.7636841 0.5288043 -0.2843787 0.8130531 0.5080094 -0.2013878 0.8466811 0.4925181 -0.2173432 0.8407459 0.4958913 -0.3715494 0.7645851 0.5266503 -0.3251931 0.7898664 0.519962 -0.2722813 0.8171762 0.5080216 -0.2414995 0.8309628 0.5011774 -0.1233596 0.8751713 0.467822 -0.1930562 0.85361 0.4838172 -0.1431581 0.8696966 0.4723701 -0.04847449 0.8963941 0.4405993 -0.01240301 0.9027236 0.4300422 -0.03706812 0.8983089 0.4377979 0.9063078 0 0.4226182 0.9063078 0 0.4226182 -0.7535566 0.386621 -0.5316736 -0.9025987 0.01961618 -0.4300358 -0.8928493 0.06908982 -0.4450244 -0.9022273 0.006144881 -0.4312173 -0.9004342 0.01950049 -0.434555 -0.8635318 0.1612022 -0.4778353 -0.8623689 0.1650851 -0.4786093 -0.8793576 0.1123738 -0.4627119 -0.8782809 0.1163074 -0.4637835 -0.8891704 0.07781195 -0.4509115 -0.8968577 0.04170888 -0.4403482 -0.8467479 0.1957656 -0.4946652 -0.8250788 0.2583103 -0.5025145 -0.8448647 0.2101635 -0.4919704 -0.8412414 0.2127066 -0.4970601 -0.8230812 0.2598631 -0.5049838 -0.8030738 0.3004568 -0.5145854 -0.8051341 0.2963025 -0.5137742 -0.7780498 0.346771 -0.523821 -0.7821376 0.3384134 -0.5231991 -0.7587033 0.3784227 -0.5302504 -0.7255939 0.4293493 -0.5377479 -0.7345654 0.4139828 -0.5376169 -0.6972194 0.4681841 -0.5428524 -0.7046053 0.4579023 -0.5420857 -0.6938859 0.4721179 -0.543716 -0.6684938 0.5038337 -0.5470536 -0.6654872 0.5079389 -0.546923 -0.6337754 0.5444452 -0.5494618 -0.6324416 0.5459583 -0.5494972 -0.6026933 0.5777321 -0.550442 -0.6030144 0.5773656 -0.5504748 -0.5645745 0.6152941 -0.5501534 -0.5649303 0.6149411 -0.550183 -0.5326162 0.6443061 -0.5488074 -0.5307247 0.6458419 -0.5488349 -0.501136 0.6709926 -0.5464721 -0.4789809 0.6879768 -0.5452204 -0.489754 0.6801115 -0.5455175 -0.4453232 0.7138151 -0.5405139 -0.453581 0.7083277 -0.5408661 -0.4013043 0.7435485 -0.5348743 -0.409807 0.7384766 -0.5354536 -0.3658698 0.7664006 -0.5279861 -0.3708923 0.7635325 -0.528637 -0.3199905 0.7923493 -0.5194119 -0.3251873 0.7898703 -0.5199597 -0.28284 0.8120071 -0.5105351 -0.2596337 0.8228446 -0.5054872 -0.2839142 0.8121903 -0.5096467 -0.2196627 0.8397413 -0.4965711 -0.2363899 0.8337361 -0.499003 -0.1833113 0.8554382 -0.4843783 -0.1924706 0.8521157 -0.4866764 -0.1344966 0.871906 -0.4708403 -0.1431537 0.8696811 -0.4724001 -0.006563365 0.9051124 -0.4251219 -0.0483908 0.8960108 -0.4413875 -0.01950836 0.9005128 -0.4343917 -0.06221878 0.8931586 -0.4454174 0 0.9063078 0.4226182 0 0.9063078 0.4226182 -0.386621 -0.7535566 -0.5316736 -0.01961618 -0.9025987 -0.4300358 -0.06908982 -0.8928493 -0.4450244 -0.006144881 -0.9022273 -0.4312173 -0.01950049 -0.9004342 -0.434555 -0.1612022 -0.8635318 -0.4778353 -0.1650851 -0.8623689 -0.4786093 -0.1123738 -0.8793576 -0.4627119 -0.1163074 -0.8782809 -0.4637835 -0.07781195 -0.8891704 -0.4509115 -0.04170888 -0.8968577 -0.4403482 -0.1957656 -0.8467479 -0.4946652 -0.2583103 -0.8250788 -0.5025145 -0.2101635 -0.8448647 -0.4919704 -0.2127066 -0.8412414 -0.4970601 -0.2598631 -0.8230812 -0.5049838 -0.3004568 -0.8030738 -0.5145854 -0.2963025 -0.8051341 -0.5137742 -0.346771 -0.7780498 -0.523821 -0.3384134 -0.7821376 -0.5231991 -0.3784227 -0.7587033 -0.5302504 -0.4293493 -0.7255939 -0.5377479 -0.4139828 -0.7345654 -0.5376169 -0.4681841 -0.6972194 -0.5428524 -0.4579023 -0.7046053 -0.5420857 -0.4721179 -0.6938859 -0.543716 -0.5038337 -0.6684938 -0.5470536 -0.5079389 -0.6654872 -0.546923 -0.5444452 -0.6337754 -0.5494618 -0.5459583 -0.6324416 -0.5494972 -0.5777321 -0.6026933 -0.550442 -0.5773656 -0.6030144 -0.5504748 -0.6152941 -0.5645745 -0.5501534 -0.6149411 -0.5649303 -0.550183 -0.6443061 -0.5326162 -0.5488074 -0.6458419 -0.5307247 -0.5488349 -0.6709926 -0.501136 -0.5464721 -0.6879768 -0.4789809 -0.5452204 -0.6801115 -0.489754 -0.5455175 -0.7138151 -0.4453232 -0.5405139 -0.7083277 -0.453581 -0.5408661 -0.7435485 -0.4013043 -0.5348743 -0.7384766 -0.409807 -0.5354536 -0.7664006 -0.3658698 -0.5279861 -0.7635325 -0.3708923 -0.528637 -0.7923493 -0.3199905 -0.5194119 -0.7898703 -0.3251873 -0.5199597 -0.8120071 -0.28284 -0.5105351 -0.8228446 -0.2596337 -0.5054872 -0.8121903 -0.2839142 -0.5096467 -0.8397413 -0.2196627 -0.4965711 -0.8337361 -0.2363899 -0.499003 -0.8554382 -0.1833113 -0.4843783 -0.8521157 -0.1924706 -0.4866764 -0.871906 -0.1344966 -0.4708403 -0.8696811 -0.1431537 -0.4724001 -0.9051124 -0.006563365 -0.4251219 -0.8960108 -0.0483908 -0.4413875 -0.9005128 -0.01950836 -0.4343917 -0.8931586 -0.06221878 -0.4454174 0.07384872 -0.890215 0.4495148 0.1715016 -0.8598291 0.4809168 0.236395 -0.8337311 0.4990088 0.8982744 -0.03707408 0.4378682 0.8916853 -0.06884628 0.4473896 0.9039187 -0.01233047 0.4275265 0.9025977 -0.0196225 0.4300376 0.8902002 -0.07385307 0.4495435 0.8782774 -0.1163155 0.4637882 0.8763778 -0.1228014 0.4657057 0.8620531 -0.1649851 0.4792123 0.8597879 -0.1716236 0.4809472 0.8448562 -0.2101822 0.491977 0.8487482 -0.2002276 0.4894235 0.8243431 -0.2580192 0.5038697 0.8407469 -0.2173417 0.4958903 0.763684 -0.3703413 0.5288044 0.7784389 -0.344936 0.5244541 0.7924993 -0.3185874 0.5200452 0.7778501 -0.3466717 0.5241832 0.8043149 -0.2980099 0.5140699 0.8030667 -0.3004721 0.5145876 0.8171765 -0.2722809 0.5080214 0.8309634 -0.2414991 0.5011767 0.7535687 -0.3866017 0.5316703 0.7254286 -0.4292435 0.5380553 0.745692 -0.3968161 0.5352387 0.6975778 -0.4685904 0.5420408 0.7277976 -0.4247278 0.5384393 0.6339499 -0.5446032 0.5491036 0.6770225 -0.492988 0.5464462 0.6686338 -0.5039429 0.5467818 0.6977315 -0.4670686 0.5431553 0.7094287 -0.4512856 0.5413431 0.5783451 -0.6021615 0.5503802 0.6019989 -0.5782273 0.5506818 0.602572 -0.5776174 0.5506953 0.6205459 -0.558943 0.5500049 0.6430326 -0.5340674 0.5488908 0.5588862 -0.6204782 0.5501391 0.5645696 -0.6152806 0.5501735 0.5340676 -0.6430327 0.5488904 0.5307392 -0.6458578 0.5488021 0.4932034 -0.677447 0.5457253 0.4897566 -0.6801093 0.545518 0.4670532 -0.6977426 0.5431544 0.4098058 -0.7384769 0.5354541 0.3969502 -0.7465443 0.5339495 0.4535582 -0.7082638 0.5409688 0.4247066 -0.7278121 0.5384365 0.4512664 -0.7094429 0.5413403 0.2984054 -0.8024317 0.5167762 0.3186042 -0.792491 0.5200476 0.3449257 -0.7784451 0.5244517 0.3703412 -0.7636841 0.5288043 0.2843787 -0.8130531 0.5080094 0.2013878 -0.8466811 0.4925181 0.2173432 -0.8407459 0.4958913 0.3715494 -0.7645851 0.5266503 0.3251931 -0.7898664 0.519962 0.2722813 -0.8171762 0.5080216 0.2414995 -0.8309628 0.5011774 0.1233596 -0.8751713 0.467822 0.1930562 -0.85361 0.4838172 0.1431581 -0.8696966 0.4723701 0.04847449 -0.8963941 0.4405993 0.01240301 -0.9027236 0.4300422 0.03706812 -0.8983089 0.4377979 0.9996598 0.02608025 0 0.9988088 0.04879575 -8.26611e-5 0.9969248 0.0783649 1.12534e-5 0.9948865 0.1009998 0 0.9898868 0.1418592 0 0.9888007 0.1492418 -3.9263e-5 0.9811049 0.1934764 7.60075e-6 0.9796342 0.2007902 0 0.9724098 0.2332793 0 0.9588803 0.2838107 -1.90487e-4 0.9686969 0.2482464 8.01996e-5 0.9543763 0.2986065 0 0.9434608 0.3314843 0 0.9248303 0.38038 -1.73993e-4 0.9480879 0.3180082 3.14971e-4 0.9301477 0.3671857 0 0.9026086 0.4304621 0 0.9106241 0.4132357 6.96891e-5 0.8788519 0.4770948 -1.20591e-4 0.8877494 0.460327 0 0.8633805 0.5045534 0 0.8640037 0.5034855 9.16939e-7 0.8357922 0.549046 -8.42595e-6 0.8361225 0.5485428 -4.33872e-6 0.7867869 0.6172248 3.28189e-6 0.7974759 0.6033508 9.25e-5 0.7534064 0.6575551 -8.5824e-5 0.7652222 0.6437662 0 0.7253894 0.6883388 0 0.732114 0.6811822 3.60939e-5 0.6883664 0.7253632 -4.9734e-5 0.5490465 0.8357918 0 0.6172246 0.786787 0 0.6190179 0.7853769 -1.18242e-5 0.6575571 0.7534047 4.22934e-6 0.6592744 0.7519025 0 0.6954617 0.7185631 0 0.5798451 0.8147267 2.46694e-4 0.5548776 0.831932 8.78958e-5 0.5045524 0.8633811 -5.19155e-5 0.518965 0.8547955 0 0.477146 0.8788241 0 0.4755747 0.8796753 -6.56546e-6 0.4304997 0.9025908 6.11199e-6 0.4288865 0.9033583 0 0.380405 0.92482 0 0.3314482 0.9434734 -2.10372e-4 0.3839327 0.923361 2.01965e-4 0.335078 0.9421904 0 0.2886805 0.9574254 2.28044e-4 0.2331979 0.9724293 -1.93405e-4 0.2838694 0.958863 0 0.07836121 0.9969251 0 0.1418592 0.9898868 0 0.2486651 0.9685895 4.7336e-5 0.2184913 0.9758389 0 0.1934167 0.9811167 0 0.1717122 0.9851471 -4.56232e-5 0.1199157 0.9927841 1.16425e-4 0.02600187 0.9996619 -1.92056e-4 0.07358628 0.9972888 1.55202e-4 0.02129316 0.9997733 0 -0.9063078 0 -0.4226183 -0.9063078 0 -0.4226182 0 0.8833234 -0.4687641 0 0.8833234 -0.4687641 0 0.852046 -0.523467 0 0.852046 -0.523467 0 0.8239226 -0.5667023 0 0.8239226 -0.5667023 0 0.7866102 -0.61745 0 0.7866102 -0.61745 0 0.7537236 -0.6571916 0 0.7537236 -0.6571916 0 0.7108161 -0.7033779 0 0.7108161 -0.7033779 0 0.6736807 -0.7390224 0 0.6736807 -0.7390224 0 0.6257405 -0.7800313 0 0.6257405 -0.7800313 0 0.5848227 -0.8111612 0 0.5848227 -0.8111612 0 0.5372887 -0.8433983 0 0.5372887 -0.8433983 0 0.4879944 -0.8728467 0 0.4879944 -0.8728467 0 0.4425165 -0.8967604 0 0.4425165 -0.8967604 0 0.3850463 -0.9228972 0 0.3850463 -0.9228972 0 0.3370744 -0.9414781 0 0.3370744 -0.9414781 0 0.2770822 -0.9608463 0 0.2770822 -0.9608463 0 0.2271769 -0.9738535 0 0.2271769 -0.9738535 0 0.1653763 -0.9862306 0 0.1653763 -0.9862306 0 0.1144313 -0.9934312 0 0.1144313 -0.9934312 0 0.05153173 -0.9986714 0 0.05153173 -0.9986714 -0.890215 -0.07384872 0.4495148 -0.8598291 -0.1715016 0.4809168 -0.8337311 -0.236395 0.4990088 -0.03707408 -0.8982744 0.4378682 -0.06884628 -0.8916853 0.4473896 -0.01233047 -0.9039187 0.4275265 -0.0196225 -0.9025977 0.4300376 -0.07385307 -0.8902002 0.4495435 -0.1163155 -0.8782774 0.4637882 -0.1228014 -0.8763778 0.4657057 -0.1649851 -0.8620531 0.4792123 -0.1716236 -0.8597879 0.4809472 -0.2101822 -0.8448562 0.491977 -0.2002276 -0.8487482 0.4894235 -0.2580192 -0.8243431 0.5038697 -0.2173417 -0.8407469 0.4958903 -0.3703413 -0.763684 0.5288044 -0.344936 -0.7784389 0.5244541 -0.3185874 -0.7924993 0.5200452 -0.3466717 -0.7778501 0.5241832 -0.2980099 -0.8043149 0.5140699 -0.3004721 -0.8030667 0.5145876 -0.2722809 -0.8171765 0.5080214 -0.2414991 -0.8309634 0.5011767 -0.3866017 -0.7535687 0.5316703 -0.4292435 -0.7254286 0.5380553 -0.3968161 -0.745692 0.5352387 -0.4685904 -0.6975778 0.5420408 -0.4247278 -0.7277976 0.5384393 -0.5446032 -0.6339499 0.5491036 -0.492988 -0.6770225 0.5464462 -0.5039429 -0.6686338 0.5467818 -0.4670686 -0.6977315 0.5431553 -0.4512856 -0.7094287 0.5413431 -0.6021615 -0.5783451 0.5503802 -0.5782273 -0.6019989 0.5506818 -0.5776174 -0.602572 0.5506953 -0.558943 -0.6205459 0.5500049 -0.5340674 -0.6430326 0.5488908 -0.6204782 -0.5588862 0.5501391 -0.6152806 -0.5645696 0.5501735 -0.6430327 -0.5340676 0.5488904 -0.6458578 -0.5307392 0.5488021 -0.677447 -0.4932034 0.5457253 -0.6801093 -0.4897566 0.545518 -0.6977426 -0.4670532 0.5431544 -0.7384769 -0.4098058 0.5354541 -0.7465443 -0.3969502 0.5339495 -0.7082638 -0.4535582 0.5409688 -0.7278121 -0.4247066 0.5384365 -0.7094429 -0.4512664 0.5413403 -0.8024317 -0.2984054 0.5167762 -0.792491 -0.3186042 0.5200476 -0.7784451 -0.3449257 0.5244517 -0.7636841 -0.3703412 0.5288043 -0.8130531 -0.2843787 0.5080094 -0.8466811 -0.2013878 0.4925181 -0.8407459 -0.2173432 0.4958913 -0.7645851 -0.3715494 0.5266503 -0.7898664 -0.3251931 0.519962 -0.8171762 -0.2722813 0.5080216 -0.8309628 -0.2414995 0.5011774 -0.8751713 -0.1233596 0.467822 -0.85361 -0.1930562 0.4838172 -0.8696966 -0.1431581 0.4723701 -0.8963941 -0.04847449 0.4405993 -0.9027236 -0.01240301 0.4300422 -0.8983089 -0.03706812 0.4377979 -0.02608025 0.9996598 0 -0.04879575 0.9988088 -8.26611e-5 -0.0783649 0.9969248 1.12534e-5 -0.1009998 0.9948865 0 -0.1418592 0.9898868 0 -0.1492418 0.9888007 -3.9263e-5 -0.1934764 0.9811049 7.60075e-6 -0.2007902 0.9796342 0 -0.2332793 0.9724098 0 -0.2838107 0.9588803 -1.90487e-4 -0.2482464 0.9686969 8.01996e-5 -0.2986065 0.9543763 0 -0.3314843 0.9434608 0 -0.38038 0.9248303 -1.73993e-4 -0.3180082 0.9480879 3.14971e-4 -0.3671857 0.9301477 0 -0.4304621 0.9026086 0 -0.4132357 0.9106241 6.96891e-5 -0.4770948 0.8788519 -1.20591e-4 -0.460327 0.8877494 0 -0.5045534 0.8633805 0 -0.5034855 0.8640037 9.16939e-7 -0.549046 0.8357922 -8.42595e-6 -0.5485428 0.8361225 -4.33872e-6 -0.6172248 0.7867869 3.28189e-6 -0.6033508 0.7974759 9.25e-5 -0.6575551 0.7534064 -8.5824e-5 -0.6437662 0.7652222 0 -0.6883388 0.7253894 0 -0.6811822 0.732114 3.60939e-5 -0.7253632 0.6883664 -4.9734e-5 -0.8357918 0.5490465 0 -0.786787 0.6172246 0 -0.7853769 0.6190179 -1.18242e-5 -0.7534047 0.6575571 4.22934e-6 -0.7519025 0.6592744 0 -0.7185631 0.6954617 0 -0.8147267 0.5798451 2.46694e-4 -0.831932 0.5548776 8.78958e-5 -0.8633811 0.5045524 -5.19155e-5 -0.8547955 0.518965 0 -0.8788241 0.477146 0 -0.8796753 0.4755747 -6.56546e-6 -0.9025908 0.4304997 6.11199e-6 -0.9033583 0.4288865 0 -0.92482 0.380405 0 -0.9434734 0.3314482 -2.10372e-4 -0.923361 0.3839327 2.01965e-4 -0.9421904 0.335078 0 -0.9574254 0.2886805 2.28044e-4 -0.9724293 0.2331979 -1.93405e-4 -0.958863 0.2838694 0 -0.9969251 0.07836121 0 -0.9898868 0.1418592 0 -0.9685895 0.2486651 4.7336e-5 -0.9758389 0.2184913 0 -0.9811167 0.1934167 0 -0.9851471 0.1717122 -4.56232e-5 -0.9927841 0.1199157 1.16425e-4 -0.9996619 0.02600187 -1.92056e-4 -0.9972888 0.07358628 1.55202e-4 -0.9997733 0.02129316 0 0.890215 0.07384872 0.4495148 0.8598291 0.1715016 0.4809168 0.8337311 0.236395 0.4990088 0.03707408 0.8982744 0.4378682 0.06884628 0.8916853 0.4473896 0.01233047 0.9039187 0.4275265 0.0196225 0.9025977 0.4300376 0.07385307 0.8902002 0.4495435 0.1163155 0.8782774 0.4637882 0.1228014 0.8763778 0.4657057 0.1649851 0.8620531 0.4792123 0.1716236 0.8597879 0.4809472 0.2101822 0.8448562 0.491977 0.2002276 0.8487482 0.4894235 0.2580192 0.8243431 0.5038697 0.2173417 0.8407469 0.4958903 0.3703413 0.763684 0.5288044 0.344936 0.7784389 0.5244541 0.3185874 0.7924993 0.5200452 0.3466717 0.7778501 0.5241832 0.2980099 0.8043149 0.5140699 0.3004721 0.8030667 0.5145876 0.2722809 0.8171765 0.5080214 0.2414991 0.8309634 0.5011767 0.3866017 0.7535687 0.5316703 0.4292435 0.7254286 0.5380553 0.3968161 0.745692 0.5352387 0.4685904 0.6975778 0.5420408 0.4247278 0.7277976 0.5384393 0.5446032 0.6339499 0.5491036 0.492988 0.6770225 0.5464462 0.5039429 0.6686338 0.5467818 0.4670686 0.6977315 0.5431553 0.4512856 0.7094287 0.5413431 0.6021615 0.5783451 0.5503802 0.5782273 0.6019989 0.5506818 0.5776174 0.602572 0.5506953 0.558943 0.6205459 0.5500049 0.5340674 0.6430326 0.5488908 0.6204782 0.5588862 0.5501391 0.6152806 0.5645696 0.5501735 0.6430327 0.5340676 0.5488904 0.6458578 0.5307392 0.5488021 0.677447 0.4932034 0.5457253 0.6801093 0.4897566 0.545518 0.6977426 0.4670532 0.5431544 0.7384769 0.4098058 0.5354541 0.7465443 0.3969502 0.5339495 0.7082638 0.4535582 0.5409688 0.7278121 0.4247066 0.5384365 0.7094429 0.4512664 0.5413403 0.8024317 0.2984054 0.5167762 0.792491 0.3186042 0.5200476 0.7784451 0.3449257 0.5244517 0.7636841 0.3703412 0.5288043 0.8130531 0.2843787 0.5080094 0.8466811 0.2013878 0.4925181 0.8407459 0.2173432 0.4958913 0.7645851 0.3715494 0.5266503 0.7898664 0.3251931 0.519962 0.8171762 0.2722813 0.5080216 0.8309628 0.2414995 0.5011774 0.8751713 0.1233596 0.467822 0.85361 0.1930562 0.4838172 0.8696966 0.1431581 0.4723701 0.8963941 0.04847449 0.4405993 0.9027236 0.01240301 0.4300422 0.8983089 0.03706812 0.4377979 -0.9996598 -0.02608025 0 -0.9988088 -0.04879575 -8.26611e-5 -0.9969248 -0.0783649 1.12534e-5 -0.9948865 -0.1009998 0 -0.9898868 -0.1418592 0 -0.9888007 -0.1492418 -3.9263e-5 -0.9811049 -0.1934764 7.60075e-6 -0.9796342 -0.2007902 0 -0.9724098 -0.2332793 0 -0.9588803 -0.2838107 -1.90487e-4 -0.9686969 -0.2482464 8.01996e-5 -0.9543763 -0.2986065 0 -0.9434608 -0.3314843 0 -0.9248303 -0.38038 -1.73993e-4 -0.9480879 -0.3180082 3.14971e-4 -0.9301477 -0.3671857 0 -0.9026086 -0.4304621 0 -0.9106241 -0.4132357 6.96891e-5 -0.8788519 -0.4770948 -1.20591e-4 -0.8877494 -0.460327 0 -0.8633805 -0.5045534 0 -0.8640037 -0.5034855 9.16939e-7 -0.8357922 -0.549046 -8.42595e-6 -0.8361225 -0.5485428 -4.33872e-6 -0.7867869 -0.6172248 3.28189e-6 -0.7974759 -0.6033508 9.25e-5 -0.7534064 -0.6575551 -8.5824e-5 -0.7652222 -0.6437662 0 -0.7253894 -0.6883388 0 -0.732114 -0.6811822 3.60939e-5 -0.6883664 -0.7253632 -4.9734e-5 -0.5490465 -0.8357918 0 -0.6172246 -0.786787 0 -0.6190179 -0.7853769 -1.18242e-5 -0.6575571 -0.7534047 4.22934e-6 -0.6592744 -0.7519025 0 -0.6954617 -0.7185631 0 -0.5798451 -0.8147267 2.46694e-4 -0.5548776 -0.831932 8.78958e-5 -0.5045524 -0.8633811 -5.19155e-5 -0.518965 -0.8547955 0 -0.477146 -0.8788241 0 -0.4755747 -0.8796753 -6.56546e-6 -0.4304997 -0.9025908 6.11199e-6 -0.4288865 -0.9033583 0 -0.380405 -0.92482 0 -0.3314482 -0.9434734 -2.10372e-4 -0.3839327 -0.923361 2.01965e-4 -0.335078 -0.9421904 0 -0.2886805 -0.9574254 2.28044e-4 -0.2331979 -0.9724293 -1.93405e-4 -0.2838694 -0.958863 0 -0.07836121 -0.9969251 0 -0.1418592 -0.9898868 0 -0.2486651 -0.9685895 4.7336e-5 -0.2184913 -0.9758389 0 -0.1934167 -0.9811167 0 -0.1717122 -0.9851471 -4.56232e-5 -0.1199157 -0.9927841 1.16425e-4 -0.02600187 -0.9996619 -1.92056e-4 -0.07358628 -0.9972888 1.55202e-4 -0.02129316 -0.9997733 0 0.02608025 -0.9996598 0 0.04879575 -0.9988088 -8.26611e-5 0.0783649 -0.9969248 1.12534e-5 0.1009998 -0.9948865 0 0.1418592 -0.9898868 0 0.1492418 -0.9888007 -3.9263e-5 0.1934764 -0.9811049 7.60075e-6 0.2007902 -0.9796342 0 0.2332793 -0.9724098 0 0.2838107 -0.9588803 -1.90487e-4 0.2482464 -0.9686969 8.01996e-5 0.2986065 -0.9543763 0 0.3314843 -0.9434608 0 0.38038 -0.9248303 -1.73993e-4 0.3180082 -0.9480879 3.14971e-4 0.3671857 -0.9301477 0 0.4304621 -0.9026086 0 0.4132357 -0.9106241 6.96891e-5 0.4770948 -0.8788519 -1.20591e-4 0.460327 -0.8877494 0 0.5045534 -0.8633805 0 0.5034855 -0.8640037 9.16939e-7 0.549046 -0.8357922 -8.42595e-6 0.5485428 -0.8361225 -4.33872e-6 0.6172248 -0.7867869 3.28189e-6 0.6033508 -0.7974759 9.25e-5 0.6575551 -0.7534064 -8.5824e-5 0.6437662 -0.7652222 0 0.6883388 -0.7253894 0 0.6811822 -0.732114 3.60939e-5 0.7253632 -0.6883664 -4.9734e-5 0.8357918 -0.5490465 0 0.786787 -0.6172246 0 0.7853769 -0.6190179 -1.18242e-5 0.7534047 -0.6575571 4.22934e-6 0.7519025 -0.6592744 0 0.7185631 -0.6954617 0 0.8147267 -0.5798451 2.46694e-4 0.831932 -0.5548776 8.78958e-5 0.8633811 -0.5045524 -5.19155e-5 0.8547955 -0.518965 0 0.8788241 -0.477146 0 0.8796753 -0.4755747 -6.56546e-6 0.9025908 -0.4304997 6.11199e-6 0.9033583 -0.4288865 0 0.92482 -0.380405 0 0.9434734 -0.3314482 -2.10372e-4 0.923361 -0.3839327 2.01965e-4 0.9421904 -0.335078 0 0.9574254 -0.2886805 2.28044e-4 0.9724293 -0.2331979 -1.93405e-4 0.958863 -0.2838694 0 0.9969251 -0.07836121 0 0.9898868 -0.1418592 0 0.9685895 -0.2486651 4.7336e-5 0.9758389 -0.2184913 0 0.9811167 -0.1934167 0 0.9851471 -0.1717122 -4.56232e-5 0.9927841 -0.1199157 1.16425e-4 0.9996619 -0.02600187 -1.92056e-4 0.9972888 -0.07358628 1.55202e-4 0.9997733 -0.02129316 0 0.9063078 0 -0.4226183 0.9063078 0 -0.4226182 0 -0.8833234 -0.4687641 0 -0.8833234 -0.4687641 0 -0.852046 -0.523467 0 -0.852046 -0.523467 0 -0.8239226 -0.5667023 0 -0.8239226 -0.5667023 0 -0.7866102 -0.61745 0 -0.7866102 -0.61745 0 -0.7537236 -0.6571916 0 -0.7537236 -0.6571916 0 -0.7108161 -0.7033779 0 -0.7108161 -0.7033779 0 -0.6736807 -0.7390224 0 -0.6736807 -0.7390224 0 -0.6257405 -0.7800313 0 -0.6257405 -0.7800313 0 -0.5848227 -0.8111612 0 -0.5848227 -0.8111612 0 -0.5372887 -0.8433983 0 -0.5372887 -0.8433983 0 -0.4879944 -0.8728467 0 -0.4879944 -0.8728467 0 -0.4425165 -0.8967604 0 -0.4425165 -0.8967604 0 -0.3850463 -0.9228972 0 -0.3850463 -0.9228972 0 -0.3370744 -0.9414781 0 -0.3370744 -0.9414781 0 -0.2770822 -0.9608463 0 -0.2770822 -0.9608463 0 -0.2271769 -0.9738535 0 -0.2271769 -0.9738535 0 -0.1653763 -0.9862306 0 -0.1653763 -0.9862306 0 -0.1144313 -0.9934312 0 -0.1144313 -0.9934312 0 -0.05153173 -0.9986714 0 -0.05153173 -0.9986714 0 0.998513 -0.05451434 0 0.998513 -0.05451434 0 0.986644 -0.1628917 0 0.986644 -0.1628917 0 0.9630443 -0.2693431 0 0.9630443 -0.2693431 0 0.9279987 -0.3725833 0 0.9279987 -0.3725833 -0.01605528 -0.8832095 -0.4687038 -0.01880115 -0.7864711 -0.6173409 -0.01404684 -0.6736143 -0.7389496 -0.01745629 -0.7107078 -0.7032707 -0.01266193 -0.5847759 -0.8110961 -0.01576018 -0.6256628 -0.7799344 -0.008131861 -0.4425018 -0.8967307 -0.01092654 -0.4879653 -0.8727947 -0.01722174 -0.537209 -0.8432734 -0.008891522 -0.3850311 -0.9228608 -0.004560053 -0.2271745 -0.9738433 -0.006598114 -0.2770761 -0.9608253 -0.00237596 -0.114431 -0.9934283 -0.003972351 -0.165375 -0.9862228 -0.001119911 -0.05153167 -0.9986708 -0.01975142 -0.8518798 -0.5233649 -0.02624297 -0.8700743 -0.4922215 -0.08968895 -0.8661934 -0.4915941 -0.05133873 -0.808939 -0.5856467 -0.1077565 -0.8463597 -0.5215973 -0.1791096 -0.8345082 -0.5210717 -0.1424311 -0.7889946 -0.5976629 -0.1989067 -0.8140212 -0.5457158 -0.2634297 -0.7958623 -0.5451679 -0.2333282 -0.7648831 -0.6004264 -0.2866827 -0.7738873 -0.5647225 -0.3343446 -0.75479 -0.5643632 -0.3334836 -0.7338705 -0.5917963 -0.3704973 -0.7262961 -0.5789868 -0.414248 -0.7026927 -0.5784649 -0.4129031 -0.6953773 -0.5881849 -0.4496378 -0.6717314 -0.5887297 -0.4829649 -0.6427953 -0.5946083 -0.483674 -0.6431844 -0.5936104 -0.5238014 -0.6104394 -0.5941346 -0.5375511 -0.5738474 -0.6178495 -0.5560646 -0.5802723 -0.5950432 -0.5922098 -0.5430392 -0.5953117 -0.5910269 -0.5070822 -0.6273397 -0.6228706 -0.5111145 -0.5922788 -0.6647674 -0.4557409 -0.5919329 -0.6205723 -0.4441564 -0.6462315 -0.683521 -0.4361978 -0.5852611 -0.7148022 -0.3834649 -0.5848184 -0.6901408 -0.3795914 -0.6161299 -0.7374985 -0.3560998 -0.5738369 -0.7597349 -0.3067334 -0.5733389 -0.7523823 -0.3063319 -0.5831652 -0.7337735 -0.2015282 -0.6488165 -0.705362 -0.2853853 -0.6488603 -0.696675 -0.2767714 -0.6618471 -0.6604217 -0.3546163 -0.661884 -0.6547086 -0.3477592 -0.6711335 -0.6113598 -0.4192594 -0.6711637 -0.6081835 -0.4146084 -0.676914 -0.5584239 -0.4794983 -0.6769373 -0.5573094 -0.4774751 -0.6792818 -0.5017621 -0.5355265 -0.6792983 -0.5021513 -0.5364278 -0.6782988 -0.4413782 -0.587437 -0.6783089 -0.4426824 -0.5914843 -0.6739277 -0.3771852 -0.6352535 -0.673932 -0.3787766 -0.6425274 -0.6660982 -0.3090203 -0.6788389 -0.6660963 -0.3102703 -0.6893419 -0.6546298 -0.2367081 -0.7179402 -0.6546229 -0.236987 -0.731545 -0.63928 -0.1600888 -0.7521355 -0.6392682 -0.1587909 -0.7685259 -0.6198011 -0.07904136 -0.7807807 -0.6197853 -0.07561224 -0.7995421 -0.5958315 -0.02622163 -0.8023321 -0.5963017 -0.01577478 -0.8238201 -0.5666318 -0.7843842 -0.2713655 -0.5577653 -0.7998707 -0.2230535 -0.5571841 -0.804295 -0.2273871 -0.5490033 -0.8236949 -0.1826381 -0.5368146 -0.8336668 -0.132586 -0.5361163 -0.7808095 -0.1322928 -0.6106023 -0.01929098 -0.631151 -0.77542 -0.05933243 -0.6291039 -0.7750535 -0.06195318 -0.611486 -0.7888261 -0.1242296 -0.6019122 -0.7888402 -0.1249329 -0.5868328 -0.800012 -0.1848182 -0.5707946 -0.8000224 -0.1841623 -0.5585385 -0.8087763 -0.2413242 -0.5363144 -0.8087828 -0.239883 -0.5269684 -0.8153284 -0.2940019 -0.4987976 -0.8153306 -0.2923575 -0.4924218 -0.8197853 -0.3431301 -0.4584949 -0.819783 -0.3418356 -0.4549708 -0.8222834 -0.3889128 -0.415462 -0.8222762 -0.3885375 -0.4146891 -0.8228436 -0.4315607 -0.3697344 -0.8228316 -0.4326223 -0.3714554 -0.8214979 -0.4711632 -0.3212082 -0.8214808 -0.4741654 -0.3251248 -0.818206 -0.5077594 -0.2697335 -0.8181835 -0.5131381 -0.275438 -0.8129103 -0.5412561 -0.2150909 -0.8128824 -0.5494201 -0.222139 -0.8054761 -0.571483 -0.1570658 -0.8054425 -0.5827351 -0.1649161 -0.7957527 -0.5981068 -0.09544086 -0.7957131 -0.6126554 -0.103503 -0.7835436 -0.01748168 -0.4209463 -0.9069172 -0.03939205 -0.4198965 -0.9067167 -0.04124265 -0.4068558 -0.9125609 -0.08249455 -0.400511 -0.9125708 -0.08292955 -0.3894785 -0.9172945 -0.1225323 -0.3788706 -0.917302 -0.1219817 -0.3699738 -0.9209994 -0.1597624 -0.355284 -0.9210045 -0.1586578 -0.3485692 -0.9237572 -0.1944194 -0.3299538 -0.9237595 -0.1931843 -0.3253967 -0.9256332 -0.226714 -0.3029925 -0.925633 -0.2257592 -0.3005086 -0.9266754 -0.2568659 -0.2744053 -0.9266724 -0.2565847 -0.2738516 -0.926914 -0.2850056 -0.2441592 -0.9269078 -0.2857913 -0.2453736 -0.9263451 -0.3112607 -0.2121754 -0.9263361 -0.3134614 -0.2148993 -0.924965 -0.3356769 -0.1782793 -0.9249528 -0.3396469 -0.1822452 -0.9227278 -0.3582502 -0.1423348 -0.9227121 -0.3642728 -0.1471806 -0.9195886 -0.3788821 -0.1041169 -0.9195694 -0.3871772 -0.1094263 -0.9154888 -0.3973679 -0.06341183 -0.9154658 -0.4081702 -0.06877195 -0.9103118 -0.01298868 -0.1849258 -0.9826666 -0.01710557 -0.1847407 -0.9826384 -0.01803249 -0.1786913 -0.9837399 -0.03603464 -0.1759212 -0.9837445 -0.03628677 -0.170839 -0.9846306 -0.0535975 -0.1662014 -0.9846342 -0.05338114 -0.1621196 -0.9853262 -0.06989693 -0.1556975 -0.9853287 -0.06941783 -0.1526501 -0.9858393 -0.0850526 -0.1445114 -0.985841 -0.08449321 -0.1424059 -0.9861954 -0.09916907 -0.1326 -0.9861961 -0.09873288 -0.1314564 -0.9863929 -0.112349 -0.1200309 -0.9863926 -0.1122217 -0.1197806 -0.9864375 -0.1246709 -0.1067757 -0.9864361 -0.1250395 -0.1073412 -0.986328 -0.1362047 -0.09278982 -0.9863257 -0.1371996 -0.0940048 -0.9860727 -0.1469358 -0.077959 -0.9860691 -0.1487475 -0.07973307 -0.9856556 -0.1569053 -0.0622366 -0.9856507 -0.1596853 -0.06441193 -0.9850644 -0.1660946 -0.04552763 -0.9850583 -0.1699363 -0.04789435 -0.9842905 -0.17441 -0.0277087 -0.9842832 -0.179399 -0.03005552 -0.9833172 -0.8824073 -0.04552984 -0.4682781 -0.8586581 -0.04989051 -0.5101149 -0.8480758 -0.1439434 -0.5099488 -0.7654775 -0.1219287 -0.6318049 -0.7457206 -0.2113297 -0.6318548 -0.8510675 -0.04791158 -0.5228658 -0.8231559 -0.04313129 -0.5661749 -0.790471 -0.04603344 -0.6107673 -0.785824 -0.04469591 -0.6168329 -0.7531197 -0.04002088 -0.656665 -0.710627 -0.04089856 -0.7023792 -0.7019618 -0.1187582 -0.7022436 -0.6865778 -0.1094754 -0.7187671 -0.6688993 -0.1894235 -0.7188133 -0.6569883 -0.1805232 -0.7319685 -0.6315945 -0.2554454 -0.7320082 -0.6229462 -0.2475329 -0.7420685 -0.5905624 -0.3170506 -0.7421017 -0.5848485 -0.3106716 -0.7492899 -0.5461437 -0.3745012 -0.749317 -0.5429763 -0.3701692 -0.7537584 -0.4985613 -0.4280813 -0.7537792 -0.4974467 -0.4261899 -0.7555851 -0.4478639 -0.4780031 -0.7555997 -0.4482632 -0.4788644 -0.7548172 -0.394003 -0.5244042 -0.7548257 -0.3953387 -0.52823 -0.7514522 -0.3368377 -0.567323 -0.7514553 -0.3385227 -0.5742732 -0.7453944 -0.2761848 -0.6067223 -0.7453925 -0.2776074 -0.6168419 -0.7365055 -0.211815 -0.6424205 -0.7364987 -0.2123572 -0.6556501 -0.7245878 -0.1434896 -0.6740921 -0.7245762 -0.1425428 -0.6902064 -0.709434 -0.07101386 -0.7012005 -0.7094188 -0.06800198 -0.719883 -0.6907563 -0.02392524 -0.7222695 -0.6911978 -0.01509684 -0.7536377 -0.6571166 -0.710225 -0.04077291 -0.702793 -0.6732381 -0.03624212 -0.738537 -0.6202756 -0.03451192 -0.7836244 -0.62533 -0.03621733 -0.7795195 -0.5845258 -0.03186202 -0.8107493 -0.01224458 -0.530371 -0.8476773 -0.04973858 -0.5285771 -0.8474268 -0.05198091 -0.5128711 -0.8568904 -0.1041088 -0.5048554 -0.8569028 -0.1046506 -0.4915045 -0.8645644 -0.1547278 -0.4780918 -0.8645735 -0.1540794 -0.4673067 -0.8705653 -0.2018649 -0.4487276 -0.8705712 -0.2005444 -0.4405674 -0.8750328 -0.245768 -0.417027 -0.8750352 -0.2442731 -0.41143 -0.878098 -0.2866871 -0.3830888 -0.8780965 -0.2855436 -0.3800687 -0.8797799 -0.3248769 -0.3470605 -0.8797749 -0.3245338 -0.346374 -0.8801721 -0.3604729 -0.3088244 -0.880163 -0.3614178 -0.310311 -0.8792521 -0.3936169 -0.2683368 -0.8792389 -0.3962814 -0.271703 -0.8770054 -0.4243569 -0.2254175 -0.876988 -0.4291271 -0.2302982 -0.8733915 -0.4526297 -0.1798676 -0.8733693 -0.4598842 -0.1858751 -0.868307 -0.4783368 -0.1314678 -0.86828 -0.4883852 -0.1381344 -0.8616257 -0.5012534 -0.08000451 -0.8615941 -0.5142676 -0.08677136 -0.8532289 -0.5208278 -0.02692002 -0.8532372 -0.5369994 -0.03281378 -0.8429442 -0.487818 -0.02688455 -0.8725312 -0.4424027 -0.0226702 -0.8965299 -0.4129079 -0.02589857 -0.9104046 -0.3849577 -0.02144742 -0.922685 -0.3370227 -0.017502 -0.9413338 -0.2992814 -0.01998639 -0.9539555 -0.2959982 -0.04977673 -0.9538906 -0.2879157 -0.04589527 -0.9565554 -0.2805333 -0.07921534 -0.9565699 -0.2742916 -0.07531559 -0.9586927 -0.2637135 -0.106489 -0.958705 -0.2592352 -0.1029515 -0.9603114 -0.2457702 -0.1318334 -0.9603212 -0.242817 -0.1289249 -0.9614667 -0.2267405 -0.1554221 -0.9614742 -0.2251027 -0.1534168 -0.9621809 -0.2066753 -0.1774345 -0.9621862 -0.2060976 -0.1765489 -0.962473 -0.1855377 -0.1980277 -0.9624764 -0.1857424 -0.1984285 -0.9623543 -0.163245 -0.2173064 -0.9623559 -0.1639627 -0.2191697 -0.9618113 -0.1397095 -0.2353749 -0.9618108 -0.1406147 -0.238722 -0.9608535 -0.1147668 -0.2521768 -0.9608514 -0.1155833 -0.2571899 -0.9594237 -0.08827656 -0.2678078 -0.9594197 -0.08867096 -0.2744456 -0.9575057 -0.06003499 -0.2821169 -0.9574998 -0.05968701 -0.2903011 -0.9550721 -0.0298689 -0.2948882 -0.9550648 -0.02844971 -0.3046446 -0.9520411 -0.0164017 -0.3052042 -0.9521457 -0.00645864 -0.3370674 -0.9414584 -0.2770485 -0.01558268 -0.9607296 -0.2271606 -0.01195651 -0.9737838 -0.1812591 -0.01312261 -0.9833478 -0.1653691 -0.00933218 -0.9861876 -0.1144291 -0.006101429 -0.9934127 -0.00711137 -0.06182152 -0.9980618 -0.005538046 -0.06189054 -0.9980676 -0.005868375 -0.05989146 -0.9981877 -0.01190334 -0.0589627 -0.9981892 -0.01200824 -0.05723565 -0.9982885 -0.01781356 -0.05568021 -0.9982898 -0.01775527 -0.05431342 -0.9983661 -0.02329689 -0.05215847 -0.9983671 -0.02314388 -0.05112171 -0.9984242 -0.02839696 -0.04838716 -0.9984248 -0.02821809 -0.04769057 -0.9984635 -0.03315389 -0.04439258 -0.9984638 -0.03301727 -0.04402667 -0.9984847 -0.03760021 -0.04018115 -0.9984847 -0.03756415 -0.04010921 -0.9984889 -0.04175025 -0.03573626 -0.9984888 -0.04185837 -0.03590375 -0.9984782 -0.04561507 -0.03100788 -0.9984777 -0.04595506 -0.03142541 -0.9984491 -0.04923164 -0.02602559 -0.9984483 -0.04984247 -0.02662491 -0.9984021 -0.05258595 -0.0207414 -0.998401 -0.05350744 -0.02146154 -0.9983368 -0.05566179 -0.01511472 -0.9983353 -0.05694276 -0.01589995 -0.9982509 -0.05844604 -0.009118556 -0.9982489 -0.0601139 -0.009895443 -0.9981425 -0.06061178 -0.005351722 -0.9981471 -0.05153149 -0.002786636 -0.9986675</float_array>
          <technique_common>
            <accessor source="#bottle-mesh-normals-array" count="9170" stride="3">
              <param name="X" type="float"/>
              <param name="Y" type="float"/>
              <param name="Z" type="float"/>
            </accessor>
          </technique_common>
        </source>
        <vertices id="bottle-mesh-vertices">
          <input semantic="POSITION" source="#bottle-mesh-positions"/>
        </vertices>
        <triangles material="bottle-material" count="9170">
          <input semantic="VERTEX" source="#bottle-mesh-vertices" offset="0"/>
          <input semantic="NORMAL" source="#bottle-mesh-normals" offset="1"/>
          <p>0 0 1 0 2 0 3 1 4 1 5 1 6 2 7 2 8 2 9 3 10 3 11 3 12 4 13 4 14 4 15 5 16 5 14 5 16 6 17 6 14 6 14 7 17 7 12 7 18 8 19 8 20 8 21 9 22 9 23 9 13 10 24 10 14 10 24 11 25 11 14 11 14 12 25 12 26 12 23 13 27 13 21 13 27 14 28 14 21 14 21 15 28 15 29 15 28 16 30 16 29 16 31 17 15 17 32 17 15 18 14 18 32 18 32 19 14 19 33 19 14 20 26 20 33 20 33 21 26 21 34 21 35 22 36 22 30 22 36 23 37 23 30 23 30 24 37 24 29 24 19 25 31 25 20 25 31 26 32 26 20 26 20 27 32 27 38 27 32 28 33 28 38 28 38 29 33 29 39 29 33 30 34 30 39 30 39 31 34 31 40 31 41 32 18 32 42 32 18 33 20 33 42 33 42 34 20 34 43 34 20 35 38 35 43 35 43 36 38 36 44 36 38 37 39 37 44 37 44 38 39 38 45 38 39 39 40 39 45 39 45 40 40 40 46 40 30 41 47 41 35 41 47 42 48 42 35 42 35 43 48 43 49 43 48 44 50 44 49 44 51 45 52 45 3 45 52 46 53 46 3 46 3 47 53 47 4 47 10 48 41 48 11 48 41 49 42 49 11 49 11 50 42 50 54 50 42 51 43 51 54 51 54 52 43 52 55 52 43 53 44 53 55 53 55 54 44 54 56 54 44 55 45 55 56 55 56 56 45 56 57 56 45 57 46 57 57 57 57 58 46 58 58 58 53 59 59 59 4 59 59 60 60 60 4 60 4 61 60 61 61 61 27 62 9 62 28 62 9 63 11 63 28 63 28 64 11 64 30 64 11 65 54 65 30 65 30 66 54 66 47 66 54 67 55 67 47 67 47 68 55 68 48 68 55 69 56 69 48 69 48 70 56 70 50 70 56 71 57 71 50 71 50 72 57 72 62 72 57 73 58 73 62 73 62 74 58 74 63 74 64 75 65 75 66 75 67 76 5 76 68 76 5 77 4 77 68 77 68 78 4 78 69 78 4 79 61 79 69 79 69 80 61 80 64 80 64 81 66 81 69 81 66 82 70 82 69 82 69 83 70 83 68 83 70 84 71 84 68 84 68 85 71 85 67 85 71 86 72 86 67 86 67 87 72 87 73 87 74 88 51 88 75 88 51 89 3 89 75 89 75 90 3 90 76 90 3 91 5 91 76 91 76 92 5 92 77 92 5 93 67 93 77 93 77 94 67 94 78 94 67 95 73 95 78 95 78 96 73 96 79 96 7 97 74 97 8 97 74 98 75 98 8 98 8 99 75 99 80 99 75 100 76 100 80 100 80 101 76 101 81 101 76 102 77 102 81 102 81 103 77 103 82 103 77 104 78 104 82 104 82 105 78 105 2 105 78 106 79 106 2 106 2 107 79 107 0 107 25 108 6 108 26 108 6 109 8 109 26 109 26 110 8 110 34 110 8 111 80 111 34 111 34 112 80 112 40 112 80 113 81 113 40 113 40 114 81 114 46 114 81 115 82 115 46 115 46 116 82 116 58 116 82 117 2 117 58 117 58 118 2 118 63 118 2 119 1 119 63 119 63 120 1 120 83 120 84 121 85 121 63 121 85 122 86 122 63 122 63 123 86 123 62 123 86 124 87 124 62 124 62 125 87 125 50 125 87 126 88 126 50 126 50 127 88 127 49 127 89 128 84 128 90 128 84 129 63 129 90 129 90 130 63 130 91 130 63 131 83 131 91 131 27 132 23 132 92 132 93 133 94 133 95 133 96 134 97 134 98 134 99 135 18 135 41 135 100 136 15 136 31 136 101 137 102 137 100 137 103 138 12 138 17 138 104 139 105 139 106 139 105 140 107 140 106 140 106 141 107 141 108 141 109 142 110 142 111 142 112 143 113 143 114 143 115 144 116 144 117 144 118 145 119 145 120 145 121 146 122 146 101 146 122 147 123 147 101 147 101 148 123 148 102 148 123 149 124 149 102 149 102 150 124 150 125 150 126 151 127 151 107 151 127 152 128 152 107 152 107 153 128 153 108 153 15 154 100 154 16 154 100 155 102 155 16 155 16 156 102 156 17 156 102 157 125 157 17 157 17 158 125 158 103 158 129 159 128 159 130 159 128 160 127 160 130 160 130 161 127 161 131 161 127 162 126 162 131 162 131 163 126 163 132 163 116 164 118 164 117 164 118 165 120 165 117 165 117 166 120 166 133 166 120 167 134 167 133 167 133 168 134 168 135 168 134 169 136 169 135 169 135 170 136 170 99 170 137 171 129 171 138 171 129 172 130 172 138 172 138 173 130 173 139 173 130 174 131 174 139 174 139 175 131 175 140 175 131 176 132 176 140 176 140 177 132 177 141 177 119 178 121 178 120 178 121 179 101 179 120 179 120 180 101 180 134 180 101 181 100 181 134 181 134 182 100 182 136 182 100 183 31 183 136 183 136 184 31 184 99 184 31 185 19 185 99 185 99 186 19 186 18 186 97 187 137 187 98 187 137 188 138 188 98 188 98 189 138 189 142 189 138 190 139 190 142 190 142 191 139 191 143 191 139 192 140 192 143 192 143 193 140 193 144 193 140 194 141 194 144 194 144 195 141 195 145 195 110 196 112 196 111 196 112 197 114 197 111 197 111 198 114 198 146 198 114 199 147 199 146 199 146 200 147 200 148 200 147 201 149 201 148 201 148 202 149 202 150 202 149 203 151 203 150 203 150 204 151 204 152 204 151 205 153 205 152 205 152 206 153 206 154 206 94 207 96 207 95 207 96 208 98 208 95 208 95 209 98 209 155 209 98 210 142 210 155 210 155 211 142 211 156 211 142 212 143 212 156 212 156 213 143 213 157 213 143 214 144 214 157 214 157 215 144 215 158 215 144 216 145 216 158 216 158 217 145 217 159 217 113 218 115 218 114 218 115 219 117 219 114 219 114 220 117 220 147 220 117 221 133 221 147 221 147 222 133 222 149 222 133 223 135 223 149 223 149 224 135 224 151 224 135 225 99 225 151 225 151 226 99 226 153 226 99 227 41 227 153 227 153 228 41 228 154 228 41 229 10 229 154 229 154 230 10 230 9 230 160 231 93 231 161 231 93 232 95 232 161 232 161 233 95 233 162 233 95 234 155 234 162 234 162 235 155 235 163 235 155 236 156 236 163 236 163 237 156 237 164 237 156 238 157 238 164 238 164 239 157 239 165 239 157 240 158 240 165 240 165 241 158 241 166 241 158 242 159 242 166 242 166 243 159 243 92 243 105 244 109 244 107 244 109 245 111 245 107 245 107 246 111 246 126 246 111 247 146 247 126 247 126 248 146 248 132 248 146 249 148 249 132 249 132 250 148 250 141 250 148 251 150 251 141 251 141 252 150 252 145 252 150 253 152 253 145 253 145 254 152 254 159 254 152 255 154 255 159 255 159 256 154 256 92 256 154 257 9 257 92 257 92 258 9 258 27 258 23 259 22 259 92 259 22 260 167 260 92 260 92 261 167 261 166 261 167 262 168 262 166 262 166 263 168 263 165 263 168 264 169 264 165 264 165 265 169 265 164 265 169 266 170 266 164 266 164 267 170 267 163 267 170 268 171 268 163 268 163 269 171 269 162 269 171 270 172 270 162 270 162 271 172 271 161 271 172 272 173 272 161 272 161 273 173 273 160 273 173 274 174 274 160 274 175 275 176 275 177 275 178 276 179 276 180 276 181 277 182 277 183 277 184 278 185 278 186 278 187 279 188 279 189 279 188 280 190 280 189 280 189 281 190 281 191 281 190 282 192 282 191 282 193 283 194 283 195 283 196 284 197 284 198 284 199 285 200 285 201 285 200 286 190 286 201 286 201 287 190 287 202 287 190 288 188 288 202 288 198 289 203 289 196 289 203 290 204 290 196 290 196 291 204 291 205 291 204 292 206 292 205 292 207 293 192 293 208 293 192 294 190 294 208 294 208 295 190 295 209 295 190 296 200 296 209 296 209 297 200 297 210 297 211 298 212 298 206 298 212 299 213 299 206 299 206 300 213 300 205 300 194 301 207 301 195 301 207 302 208 302 195 302 195 303 208 303 214 303 208 304 209 304 214 304 214 305 209 305 215 305 209 306 210 306 215 306 215 307 210 307 216 307 217 308 193 308 218 308 193 309 195 309 218 309 218 310 195 310 219 310 195 311 214 311 219 311 219 312 214 312 220 312 214 313 215 313 220 313 220 314 215 314 221 314 215 315 216 315 221 315 221 316 216 316 222 316 206 317 223 317 211 317 223 318 224 318 211 318 211 319 224 319 225 319 224 320 226 320 225 320 185 321 217 321 186 321 217 322 218 322 186 322 186 323 218 323 227 323 218 324 219 324 227 324 227 325 219 325 228 325 219 326 220 326 228 326 228 327 220 327 229 327 220 328 221 328 229 328 229 329 221 329 230 329 221 330 222 330 230 330 230 331 222 331 231 331 232 332 233 332 234 332 233 333 175 333 234 333 234 334 175 334 235 334 175 335 177 335 235 335 235 336 177 336 236 336 179 337 232 337 180 337 232 338 234 338 180 338 180 339 234 339 237 339 234 340 235 340 237 340 237 341 235 341 238 341 235 342 236 342 238 342 238 343 236 343 239 343 182 344 178 344 183 344 178 345 180 345 183 345 183 346 180 346 240 346 180 347 237 347 240 347 240 348 237 348 241 348 237 349 238 349 241 349 241 350 238 350 242 350 238 351 239 351 242 351 242 352 239 352 243 352 203 353 184 353 204 353 184 354 186 354 204 354 204 355 186 355 206 355 186 356 227 356 206 356 206 357 227 357 223 357 227 358 228 358 223 358 223 359 228 359 224 359 228 360 229 360 224 360 224 361 229 361 226 361 229 362 230 362 226 362 226 363 230 363 244 363 230 364 231 364 244 364 244 365 231 365 245 365 246 366 104 366 106 366 233 367 247 367 175 367 247 368 248 368 175 368 175 369 248 369 176 369 248 370 249 370 176 370 176 371 249 371 246 371 246 372 106 372 176 372 106 373 108 373 176 373 176 374 108 374 177 374 108 375 128 375 177 375 177 376 128 376 236 376 128 377 129 377 236 377 236 378 129 378 239 378 129 379 137 379 239 379 239 380 137 380 243 380 137 381 97 381 243 381 243 382 97 382 96 382 199 383 181 383 200 383 181 384 183 384 200 384 200 385 183 385 210 385 183 386 240 386 210 386 210 387 240 387 216 387 240 388 241 388 216 388 216 389 241 389 222 389 241 390 242 390 222 390 222 391 242 391 231 391 242 392 243 392 231 392 231 393 243 393 245 393 243 394 96 394 245 394 245 395 96 395 94 395 250 396 251 396 245 396 251 397 252 397 245 397 245 398 252 398 244 398 252 399 253 399 244 399 244 400 253 400 226 400 253 401 254 401 226 401 226 402 254 402 225 402 174 403 250 403 160 403 250 404 245 404 160 404 160 405 245 405 93 405 245 406 94 406 93 406 255 407 256 407 257 407 258 408 259 408 260 408 261 409 262 409 263 409 264 410 265 410 266 410 267 411 268 411 269 411 270 412 271 412 272 412 271 413 273 413 272 413 272 414 273 414 274 414 273 415 275 415 274 415 276 416 277 416 278 416 279 417 280 417 281 417 280 418 273 418 281 418 281 419 273 419 282 419 273 420 271 420 282 420 278 421 283 421 276 421 283 422 284 422 276 422 276 423 284 423 285 423 284 424 286 424 285 424 287 425 275 425 288 425 275 426 273 426 288 426 288 427 273 427 289 427 273 428 280 428 289 428 289 429 280 429 290 429 291 430 292 430 286 430 292 431 293 431 286 431 286 432 293 432 285 432 294 433 287 433 295 433 287 434 288 434 295 434 295 435 288 435 296 435 288 436 289 436 296 436 296 437 289 437 297 437 289 438 290 438 297 438 297 439 290 439 298 439 299 440 294 440 300 440 294 441 295 441 300 441 300 442 295 442 301 442 295 443 296 443 301 443 301 444 296 444 302 444 296 445 297 445 302 445 302 446 297 446 303 446 297 447 298 447 303 447 303 448 298 448 304 448 286 449 305 449 291 449 305 450 306 450 291 450 291 451 306 451 307 451 306 452 308 452 307 452 268 453 299 453 269 453 299 454 300 454 269 454 269 455 300 455 309 455 300 456 301 456 309 456 309 457 301 457 310 457 301 458 302 458 310 458 310 459 302 459 311 459 302 460 303 460 311 460 311 461 303 461 312 461 303 462 304 462 312 462 312 463 304 463 313 463 314 464 315 464 316 464 315 465 258 465 316 465 316 466 258 466 317 466 258 467 260 467 317 467 317 468 260 468 318 468 283 469 267 469 284 469 267 470 269 470 284 470 284 471 269 471 286 471 269 472 309 472 286 472 286 473 309 473 305 473 309 474 310 474 305 474 305 475 310 475 306 475 310 476 311 476 306 476 306 477 311 477 308 477 311 478 312 478 308 478 308 479 312 479 319 479 312 480 313 480 319 480 319 481 313 481 320 481 321 482 322 482 323 482 315 483 324 483 258 483 324 484 325 484 258 484 258 485 325 485 259 485 325 486 326 486 259 486 259 487 326 487 321 487 321 488 323 488 259 488 323 489 327 489 259 489 259 490 327 490 260 490 327 491 328 491 260 491 260 492 328 492 318 492 328 493 329 493 318 493 318 494 329 494 330 494 262 495 314 495 263 495 314 496 316 496 263 496 263 497 316 497 331 497 316 498 317 498 331 498 331 499 317 499 332 499 317 500 318 500 332 500 332 501 318 501 333 501 318 502 330 502 333 502 333 503 330 503 334 503 265 504 261 504 266 504 261 505 263 505 266 505 266 506 263 506 335 506 263 507 331 507 335 507 335 508 331 508 336 508 331 509 332 509 336 509 336 510 332 510 337 510 332 511 333 511 337 511 337 512 333 512 257 512 333 513 334 513 257 513 257 514 334 514 255 514 279 515 264 515 280 515 264 516 266 516 280 516 280 517 266 517 290 517 266 518 335 518 290 518 290 519 335 519 298 519 335 520 336 520 298 520 298 521 336 521 304 521 336 522 337 522 304 522 304 523 337 523 313 523 337 524 257 524 313 524 313 525 257 525 320 525 257 526 256 526 320 526 320 527 256 527 338 527 339 528 340 528 320 528 340 529 341 529 320 529 320 530 341 530 319 530 341 531 342 531 319 531 319 532 342 532 308 532 342 533 343 533 308 533 308 534 343 534 307 534 344 535 339 535 345 535 339 536 320 536 345 536 345 537 320 537 346 537 320 538 338 538 346 538 203 539 198 539 347 539 348 540 349 540 350 540 351 541 352 541 353 541 354 542 193 542 217 542 355 543 192 543 207 543 356 544 357 544 355 544 358 545 359 545 360 545 361 546 362 546 363 546 364 547 365 547 366 547 367 548 368 548 369 548 370 549 371 549 372 549 373 550 360 550 374 550 360 551 359 551 374 551 374 552 359 552 375 552 376 553 377 553 356 553 377 554 378 554 356 554 356 555 378 555 357 555 378 556 379 556 357 556 357 557 379 557 380 557 381 558 382 558 360 558 382 559 383 559 360 559 360 560 383 560 358 560 192 561 355 561 191 561 355 562 357 562 191 562 191 563 357 563 189 563 357 564 380 564 189 564 189 565 380 565 187 565 384 566 383 566 385 566 383 567 382 567 385 567 385 568 382 568 386 568 382 569 381 569 386 569 386 570 381 570 387 570 365 571 361 571 366 571 361 572 363 572 366 572 366 573 363 573 388 573 363 574 389 574 388 574 388 575 389 575 390 575 389 576 391 576 390 576 390 577 391 577 354 577 392 578 384 578 393 578 384 579 385 579 393 579 393 580 385 580 394 580 385 581 386 581 394 581 394 582 386 582 395 582 386 583 387 583 395 583 395 584 387 584 396 584 362 585 376 585 363 585 376 586 356 586 363 586 363 587 356 587 389 587 356 588 355 588 389 588 389 589 355 589 391 589 355 590 207 590 391 590 391 591 207 591 354 591 207 592 194 592 354 592 354 593 194 593 193 593 352 594 392 594 353 594 392 595 393 595 353 595 353 596 393 596 397 596 393 597 394 597 397 597 397 598 394 598 398 598 394 599 395 599 398 599 398 600 395 600 399 600 395 601 396 601 399 601 399 602 396 602 400 602 371 603 367 603 372 603 367 604 369 604 372 604 372 605 369 605 401 605 369 606 402 606 401 606 401 607 402 607 403 607 402 608 404 608 403 608 403 609 404 609 405 609 404 610 406 610 405 610 405 611 406 611 407 611 406 612 408 612 407 612 407 613 408 613 409 613 349 614 351 614 350 614 351 615 353 615 350 615 350 616 353 616 410 616 353 617 397 617 410 617 410 618 397 618 411 618 397 619 398 619 411 619 411 620 398 620 412 620 398 621 399 621 412 621 412 622 399 622 413 622 399 623 400 623 413 623 413 624 400 624 414 624 368 625 364 625 369 625 364 626 366 626 369 626 369 627 366 627 402 627 366 628 388 628 402 628 402 629 388 629 404 629 388 630 390 630 404 630 404 631 390 631 406 631 390 632 354 632 406 632 406 633 354 633 408 633 354 634 217 634 408 634 408 635 217 635 409 635 217 636 185 636 409 636 409 637 185 637 184 637 415 638 348 638 416 638 348 639 350 639 416 639 416 640 350 640 417 640 350 641 410 641 417 641 417 642 410 642 418 642 410 643 411 643 418 643 418 644 411 644 419 644 411 645 412 645 419 645 419 646 412 646 420 646 412 647 413 647 420 647 420 648 413 648 421 648 413 649 414 649 421 649 421 650 414 650 347 650 373 651 370 651 360 651 370 652 372 652 360 652 360 653 372 653 381 653 372 654 401 654 381 654 381 655 401 655 387 655 401 656 403 656 387 656 387 657 403 657 396 657 403 658 405 658 396 658 396 659 405 659 400 659 405 660 407 660 400 660 400 661 407 661 414 661 407 662 409 662 414 662 414 663 409 663 347 663 409 664 184 664 347 664 347 665 184 665 203 665 198 666 197 666 347 666 197 667 422 667 347 667 347 668 422 668 421 668 422 669 423 669 421 669 421 670 423 670 420 670 423 671 424 671 420 671 420 672 424 672 419 672 424 673 425 673 419 673 419 674 425 674 418 674 425 675 426 675 418 675 418 676 426 676 417 676 426 677 427 677 417 677 417 678 427 678 416 678 427 679 428 679 416 679 416 680 428 680 415 680 428 681 429 681 415 681 430 682 431 682 432 682 433 683 434 683 435 683 436 684 437 684 438 684 439 685 440 685 441 685 442 686 443 686 441 686 443 687 444 687 441 687 441 688 444 688 439 688 445 689 446 689 447 689 440 690 448 690 441 690 448 691 449 691 441 691 441 692 449 692 450 692 447 693 451 693 445 693 451 694 452 694 445 694 445 695 452 695 453 695 452 696 454 696 453 696 455 697 442 697 456 697 442 698 441 698 456 698 456 699 441 699 457 699 441 700 450 700 457 700 457 701 450 701 458 701 459 702 460 702 454 702 460 703 461 703 454 703 454 704 461 704 453 704 462 705 455 705 463 705 455 706 456 706 463 706 463 707 456 707 464 707 456 708 457 708 464 708 464 709 457 709 465 709 457 710 458 710 465 710 465 711 458 711 466 711 467 712 462 712 468 712 462 713 463 713 468 713 468 714 463 714 469 714 463 715 464 715 469 715 469 716 464 716 470 716 464 717 465 717 470 717 470 718 465 718 471 718 465 719 466 719 471 719 471 720 466 720 472 720 454 721 473 721 459 721 473 722 474 722 459 722 459 723 474 723 475 723 474 724 476 724 475 724 477 725 478 725 430 725 478 726 479 726 430 726 430 727 479 727 431 727 480 728 477 728 481 728 477 729 430 729 481 729 481 730 430 730 482 730 430 731 432 731 482 731 482 732 432 732 483 732 434 733 480 733 435 733 480 734 481 734 435 734 435 735 481 735 484 735 481 736 482 736 484 736 484 737 482 737 485 737 482 738 483 738 485 738 485 739 483 739 486 739 437 740 467 740 438 740 467 741 468 741 438 741 438 742 468 742 487 742 468 743 469 743 487 743 487 744 469 744 488 744 469 745 470 745 488 745 488 746 470 746 489 746 470 747 471 747 489 747 489 748 471 748 490 748 471 749 472 749 490 749 490 750 472 750 491 750 479 751 492 751 431 751 492 752 493 752 431 752 431 753 493 753 494 753 451 754 436 754 452 754 436 755 438 755 452 755 452 756 438 756 454 756 438 757 487 757 454 757 454 758 487 758 473 758 487 759 488 759 473 759 473 760 488 760 474 760 488 761 489 761 474 761 474 762 489 762 476 762 489 763 490 763 476 763 476 764 490 764 495 764 490 765 491 765 495 765 495 766 491 766 496 766 497 767 375 767 359 767 498 768 486 768 499 768 486 769 483 769 499 769 499 770 483 770 500 770 483 771 432 771 500 771 500 772 432 772 501 772 432 773 431 773 501 773 501 774 431 774 502 774 431 775 494 775 502 775 502 776 494 776 497 776 497 777 359 777 502 777 359 778 358 778 502 778 502 779 358 779 501 779 358 780 383 780 501 780 501 781 383 781 500 781 383 782 384 782 500 782 500 783 384 783 499 783 384 784 392 784 499 784 499 785 392 785 498 785 392 786 352 786 498 786 498 787 352 787 351 787 449 788 433 788 450 788 433 789 435 789 450 789 450 790 435 790 458 790 435 791 484 791 458 791 458 792 484 792 466 792 484 793 485 793 466 793 466 794 485 794 472 794 485 795 486 795 472 795 472 796 486 796 491 796 486 797 498 797 491 797 491 798 498 798 496 798 498 799 351 799 496 799 496 800 351 800 349 800 503 801 504 801 496 801 504 802 505 802 496 802 496 803 505 803 495 803 505 804 506 804 495 804 495 805 506 805 476 805 506 806 507 806 476 806 476 807 507 807 475 807 429 808 503 808 415 808 503 809 496 809 415 809 415 810 496 810 348 810 496 811 349 811 348 811 283 812 278 812 508 812 91 813 83 813 509 813 1 814 0 814 510 814 73 815 72 815 511 815 512 816 275 816 287 816 513 817 514 817 512 817 70 818 66 818 515 818 516 819 517 819 518 819 519 820 520 820 521 820 522 821 523 821 524 821 525 822 526 822 527 822 528 823 515 823 529 823 515 824 66 824 529 824 529 825 66 825 65 825 530 826 531 826 513 826 531 827 532 827 513 827 513 828 532 828 514 828 532 829 533 829 514 829 514 830 533 830 534 830 535 831 536 831 515 831 536 832 71 832 515 832 515 833 71 833 70 833 275 834 512 834 274 834 512 835 514 835 274 835 274 836 514 836 272 836 514 837 534 837 272 837 272 838 534 838 270 838 72 839 71 839 511 839 71 840 536 840 511 840 511 841 536 841 537 841 536 842 535 842 537 842 537 843 535 843 538 843 517 844 530 844 518 844 530 845 513 845 518 845 518 846 513 846 539 846 513 847 512 847 539 847 539 848 512 848 540 848 512 849 287 849 540 849 540 850 287 850 294 850 79 851 73 851 541 851 73 852 511 852 541 852 541 853 511 853 542 853 511 854 537 854 542 854 542 855 537 855 543 855 537 856 538 856 543 856 543 857 538 857 544 857 520 858 516 858 521 858 516 859 518 859 521 859 521 860 518 860 545 860 518 861 539 861 545 861 545 862 539 862 546 862 539 863 540 863 546 863 546 864 540 864 547 864 540 865 294 865 547 865 547 866 294 866 299 866 0 867 79 867 510 867 79 868 541 868 510 868 510 869 541 869 548 869 541 870 542 870 548 870 548 871 542 871 549 871 542 872 543 872 549 872 549 873 543 873 550 873 543 874 544 874 550 874 550 875 544 875 551 875 526 876 522 876 527 876 522 877 524 877 527 877 527 878 524 878 552 878 524 879 553 879 552 879 552 880 553 880 554 880 553 881 555 881 554 881 554 882 555 882 556 882 555 883 557 883 556 883 556 884 557 884 558 884 557 885 559 885 558 885 558 886 559 886 560 886 83 887 1 887 509 887 1 888 510 888 509 888 509 889 510 889 561 889 510 890 548 890 561 890 561 891 548 891 562 891 548 892 549 892 562 892 562 893 549 893 563 893 549 894 550 894 563 894 563 895 550 895 564 895 550 896 551 896 564 896 564 897 551 897 565 897 523 898 519 898 524 898 519 899 521 899 524 899 524 900 521 900 553 900 521 901 545 901 553 901 553 902 545 902 555 902 545 903 546 903 555 903 555 904 546 904 557 904 546 905 547 905 557 905 557 906 547 906 559 906 547 907 299 907 559 907 559 908 299 908 560 908 299 909 268 909 560 909 560 910 268 910 267 910 90 911 91 911 566 911 91 912 509 912 566 912 566 913 509 913 567 913 509 914 561 914 567 914 567 915 561 915 568 915 561 916 562 916 568 916 568 917 562 917 569 917 562 918 563 918 569 918 569 919 563 919 570 919 563 920 564 920 570 920 570 921 564 921 571 921 564 922 565 922 571 922 571 923 565 923 508 923 528 924 525 924 515 924 525 925 527 925 515 925 515 926 527 926 535 926 527 927 552 927 535 927 535 928 552 928 538 928 552 929 554 929 538 929 538 930 554 930 544 930 554 931 556 931 544 931 544 932 556 932 551 932 556 933 558 933 551 933 551 934 558 934 565 934 558 935 560 935 565 935 565 936 560 936 508 936 560 937 267 937 508 937 508 938 267 938 283 938 278 939 277 939 508 939 277 940 572 940 508 940 508 941 572 941 571 941 572 942 573 942 571 942 571 943 573 943 570 943 573 944 574 944 570 944 570 945 574 945 569 945 574 946 575 946 569 946 569 947 575 947 568 947 575 948 576 948 568 948 568 949 576 949 567 949 576 950 577 950 567 950 567 951 577 951 566 951 577 952 578 952 566 952 566 953 578 953 90 953 578 954 89 954 90 954 579 955 580 955 581 955 580 956 582 956 581 956 581 957 582 957 583 957 582 958 584 958 583 958 583 959 584 959 585 959 584 960 586 960 585 960 585 961 586 961 587 961 586 962 588 962 587 962 587 963 588 963 589 963 588 964 590 964 589 964 589 965 590 965 591 965 590 966 592 966 591 966 591 967 592 967 593 967 592 968 594 968 593 968 593 969 594 969 595 969 594 970 596 970 595 970 595 971 596 971 597 971 596 972 598 972 597 972 597 973 598 973 599 973 598 974 600 974 599 974 599 975 600 975 601 975 600 976 602 976 601 976 601 977 602 977 603 977 602 978 604 978 603 978 603 979 604 979 605 979 604 980 606 980 605 980 605 981 606 981 607 981 606 982 608 982 607 982 607 983 608 983 609 983 608 984 610 984 609 984 609 985 610 985 611 985 610 986 612 986 611 986 611 987 612 987 613 987 612 988 614 988 613 988 613 989 614 989 615 989 614 990 616 990 615 990 615 991 616 991 617 991 616 992 618 992 617 992 617 993 618 993 619 993 618 994 620 994 619 994 619 995 620 995 621 995 620 996 622 996 621 996 621 997 622 997 623 997 622 998 624 998 623 998 623 999 624 999 625 999 624 1000 626 1000 625 1000 625 1001 626 1001 627 1001 626 1002 628 1002 627 1002 627 1003 628 1003 629 1003 628 1004 630 1004 629 1004 629 1005 630 1005 631 1005 630 1006 632 1006 631 1006 631 1007 632 1007 633 1007 632 1008 634 1008 633 1008 633 1009 634 1009 635 1009 634 1010 636 1010 635 1010 635 1011 636 1011 637 1011 636 1012 638 1012 637 1012 637 1013 638 1013 639 1013 638 1014 640 1014 639 1014 639 1015 640 1015 641 1015 640 1016 642 1016 641 1016 641 1017 642 1017 643 1017 642 1018 644 1018 643 1018 643 1019 644 1019 645 1019 644 1020 646 1020 645 1020 645 1021 646 1021 647 1021 646 1022 648 1022 647 1022 647 1023 648 1023 649 1023 648 1024 650 1024 649 1024 649 1025 650 1025 651 1025 650 1026 652 1026 651 1026 651 1027 652 1027 653 1027 652 1028 654 1028 653 1028 653 1029 654 1029 655 1029 654 1030 656 1030 655 1030 655 1031 656 1031 657 1031 656 1032 658 1032 657 1032 657 1033 658 1033 659 1033 658 1034 660 1034 659 1034 659 1035 660 1035 661 1035 660 1036 662 1036 661 1036 661 1037 662 1037 663 1037 662 1038 664 1038 663 1038 663 1039 664 1039 665 1039 664 1040 666 1040 665 1040 665 1041 666 1041 667 1041 666 1042 668 1042 667 1042 667 1043 668 1043 669 1043 668 1044 670 1044 669 1044 669 1045 670 1045 671 1045 670 1046 672 1046 671 1046 671 1047 672 1047 673 1047 672 1048 674 1048 673 1048 673 1049 674 1049 675 1049 674 1050 676 1050 675 1050 675 1051 676 1051 677 1051 676 1052 678 1052 677 1052 677 1053 678 1053 679 1053 678 1054 680 1054 679 1054 679 1055 680 1055 681 1055 680 1056 682 1056 681 1056 681 1057 682 1057 683 1057 682 1058 684 1058 683 1058 683 1059 684 1059 685 1059 684 1060 686 1060 685 1060 685 1061 686 1061 687 1061 686 1062 688 1062 687 1062 687 1063 688 1063 689 1063 688 1064 690 1064 689 1064 689 1065 690 1065 691 1065 690 1066 692 1066 691 1066 691 1067 692 1067 693 1067 692 1068 694 1068 693 1068 693 1069 694 1069 579 1069 694 1070 580 1070 579 1070 694 1071 695 1071 580 1071 695 1072 696 1072 580 1072 580 1073 696 1073 582 1073 696 1074 697 1074 582 1074 582 1075 697 1075 584 1075 697 1076 698 1076 584 1076 584 1077 698 1077 586 1077 698 1078 699 1078 586 1078 586 1079 699 1079 588 1079 699 1080 700 1080 588 1080 588 1081 700 1081 590 1081 700 1082 701 1082 590 1082 590 1083 701 1083 592 1083 701 1084 702 1084 592 1084 592 1085 702 1085 594 1085 702 1086 703 1086 594 1086 594 1087 703 1087 596 1087 703 1088 704 1088 596 1088 596 1089 704 1089 598 1089 704 1090 705 1090 598 1090 598 1091 705 1091 600 1091 705 1092 706 1092 600 1092 600 1093 706 1093 602 1093 706 1094 707 1094 602 1094 602 1095 707 1095 604 1095 707 1096 708 1096 604 1096 604 1097 708 1097 606 1097 708 1098 709 1098 606 1098 606 1099 709 1099 608 1099 709 1100 710 1100 608 1100 608 1101 710 1101 610 1101 710 1102 711 1102 610 1102 610 1103 711 1103 612 1103 711 1104 712 1104 612 1104 612 1105 712 1105 614 1105 712 1106 713 1106 614 1106 614 1107 713 1107 616 1107 713 1108 714 1108 616 1108 616 1109 714 1109 618 1109 714 1110 715 1110 618 1110 618 1111 715 1111 620 1111 715 1112 716 1112 620 1112 620 1113 716 1113 622 1113 716 1114 717 1114 622 1114 622 1115 717 1115 624 1115 717 1116 718 1116 624 1116 624 1117 718 1117 626 1117 718 1118 719 1118 626 1118 626 1119 719 1119 628 1119 719 1120 720 1120 628 1120 628 1121 720 1121 630 1121 720 1122 721 1122 630 1122 630 1123 721 1123 632 1123 721 1124 722 1124 632 1124 632 1125 722 1125 634 1125 722 1126 723 1126 634 1126 634 1127 723 1127 636 1127 723 1128 724 1128 636 1128 636 1129 724 1129 638 1129 724 1130 725 1130 638 1130 638 1131 725 1131 640 1131 725 1132 726 1132 640 1132 640 1133 726 1133 642 1133 726 1134 727 1134 642 1134 642 1135 727 1135 644 1135 727 1136 728 1136 644 1136 644 1137 728 1137 646 1137 728 1138 729 1138 646 1138 646 1139 729 1139 648 1139 729 1140 730 1140 648 1140 648 1141 730 1141 650 1141 730 1142 731 1142 650 1142 650 1143 731 1143 652 1143 731 1144 732 1144 652 1144 652 1145 732 1145 654 1145 732 1146 733 1146 654 1146 654 1147 733 1147 656 1147 733 1148 734 1148 656 1148 656 1149 734 1149 658 1149 734 1150 735 1150 658 1150 658 1151 735 1151 660 1151 735 1152 736 1152 660 1152 660 1153 736 1153 662 1153 736 1154 737 1154 662 1154 662 1155 737 1155 664 1155 737 1156 738 1156 664 1156 664 1157 738 1157 666 1157 738 1158 739 1158 666 1158 666 1159 739 1159 668 1159 739 1160 740 1160 668 1160 668 1161 740 1161 670 1161 740 1162 741 1162 670 1162 670 1163 741 1163 672 1163 741 1164 742 1164 672 1164 672 1165 742 1165 674 1165 742 1166 743 1166 674 1166 674 1167 743 1167 676 1167 743 1168 744 1168 676 1168 676 1169 744 1169 678 1169 744 1170 745 1170 678 1170 678 1171 745 1171 680 1171 745 1172 746 1172 680 1172 680 1173 746 1173 682 1173 746 1174 747 1174 682 1174 682 1175 747 1175 684 1175 747 1176 748 1176 684 1176 684 1177 748 1177 686 1177 748 1178 749 1178 686 1178 686 1179 749 1179 688 1179 749 1180 750 1180 688 1180 688 1181 750 1181 690 1181 750 1182 751 1182 690 1182 690 1183 751 1183 692 1183 751 1184 752 1184 692 1184 692 1185 752 1185 694 1185 752 1186 695 1186 694 1186 752 1187 753 1187 695 1187 753 1188 754 1188 695 1188 695 1189 754 1189 696 1189 754 1190 755 1190 696 1190 696 1191 755 1191 697 1191 755 1192 756 1192 697 1192 697 1193 756 1193 698 1193 756 1194 757 1194 698 1194 698 1195 757 1195 699 1195 757 1196 758 1196 699 1196 699 1197 758 1197 700 1197 758 1198 759 1198 700 1198 700 1199 759 1199 701 1199 759 1200 760 1200 701 1200 701 1201 760 1201 702 1201 760 1202 761 1202 702 1202 702 1203 761 1203 703 1203 761 1204 762 1204 703 1204 703 1205 762 1205 704 1205 762 1206 763 1206 704 1206 704 1207 763 1207 705 1207 763 1208 764 1208 705 1208 705 1209 764 1209 706 1209 764 1210 765 1210 706 1210 706 1211 765 1211 707 1211 765 1212 766 1212 707 1212 707 1213 766 1213 708 1213 766 1214 767 1214 708 1214 708 1215 767 1215 709 1215 767 1216 768 1216 709 1216 709 1217 768 1217 710 1217 768 1218 769 1218 710 1218 710 1219 769 1219 711 1219 769 1220 770 1220 711 1220 711 1221 770 1221 712 1221 770 1222 771 1222 712 1222 712 1223 771 1223 713 1223 771 1224 772 1224 713 1224 713 1225 772 1225 714 1225 772 1226 773 1226 714 1226 714 1227 773 1227 715 1227 773 1228 774 1228 715 1228 715 1229 774 1229 716 1229 774 1230 775 1230 716 1230 716 1231 775 1231 717 1231 775 1232 776 1232 717 1232 717 1233 776 1233 718 1233 776 1234 777 1234 718 1234 718 1235 777 1235 719 1235 777 1236 778 1236 719 1236 719 1237 778 1237 720 1237 778 1238 779 1238 720 1238 720 1239 779 1239 721 1239 779 1240 780 1240 721 1240 721 1241 780 1241 722 1241 780 1242 781 1242 722 1242 722 1243 781 1243 723 1243 781 1244 782 1244 723 1244 723 1245 782 1245 724 1245 782 1246 783 1246 724 1246 724 1247 783 1247 725 1247 783 1248 784 1248 725 1248 725 1249 784 1249 726 1249 784 1250 785 1250 726 1250 726 1251 785 1251 727 1251 785 1252 786 1252 727 1252 727 1253 786 1253 728 1253 786 1254 787 1254 728 1254 728 1255 787 1255 729 1255 787 1256 788 1256 729 1256 729 1257 788 1257 730 1257 788 1258 789 1258 730 1258 730 1259 789 1259 731 1259 789 1260 790 1260 731 1260 731 1261 790 1261 732 1261 790 1262 791 1262 732 1262 732 1263 791 1263 733 1263 791 1264 792 1264 733 1264 733 1265 792 1265 734 1265 792 1266 793 1266 734 1266 734 1267 793 1267 735 1267 793 1268 794 1268 735 1268 735 1269 794 1269 736 1269 794 1270 795 1270 736 1270 736 1271 795 1271 737 1271 795 1272 796 1272 737 1272 737 1273 796 1273 738 1273 796 1274 797 1274 738 1274 738 1275 797 1275 739 1275 797 1276 798 1276 739 1276 739 1277 798 1277 740 1277 798 1278 799 1278 740 1278 740 1279 799 1279 741 1279 799 1280 800 1280 741 1280 741 1281 800 1281 742 1281 800 1282 801 1282 742 1282 742 1283 801 1283 743 1283 801 1284 802 1284 743 1284 743 1285 802 1285 744 1285 802 1286 803 1286 744 1286 744 1287 803 1287 745 1287 803 1288 804 1288 745 1288 745 1289 804 1289 746 1289 804 1290 805 1290 746 1290 746 1291 805 1291 747 1291 805 1292 806 1292 747 1292 747 1293 806 1293 748 1293 806 1294 807 1294 748 1294 748 1295 807 1295 749 1295 807 1296 808 1296 749 1296 749 1297 808 1297 750 1297 808 1298 809 1298 750 1298 750 1299 809 1299 751 1299 809 1300 810 1300 751 1300 751 1301 810 1301 752 1301 810 1302 753 1302 752 1302 810 1303 811 1303 753 1303 811 1304 812 1304 753 1304 753 1305 812 1305 754 1305 812 1306 813 1306 754 1306 754 1307 813 1307 755 1307 813 1308 814 1308 755 1308 755 1309 814 1309 756 1309 814 1310 815 1310 756 1310 756 1311 815 1311 757 1311 815 1312 816 1312 757 1312 757 1313 816 1313 758 1313 816 1314 817 1314 758 1314 758 1315 817 1315 759 1315 817 1316 818 1316 759 1316 759 1317 818 1317 760 1317 818 1318 819 1318 760 1318 760 1319 819 1319 761 1319 819 1320 820 1320 761 1320 761 1321 820 1321 762 1321 820 1322 821 1322 762 1322 762 1323 821 1323 763 1323 821 1324 822 1324 763 1324 763 1325 822 1325 764 1325 822 1326 823 1326 764 1326 764 1327 823 1327 765 1327 823 1328 824 1328 765 1328 765 1329 824 1329 766 1329 824 1330 825 1330 766 1330 766 1331 825 1331 767 1331 825 1332 826 1332 767 1332 767 1333 826 1333 768 1333 826 1334 827 1334 768 1334 768 1335 827 1335 769 1335 827 1336 828 1336 769 1336 769 1337 828 1337 770 1337 828 1338 829 1338 770 1338 770 1339 829 1339 771 1339 829 1340 830 1340 771 1340 771 1341 830 1341 772 1341 830 1342 831 1342 772 1342 772 1343 831 1343 773 1343 831 1344 832 1344 773 1344 773 1345 832 1345 774 1345 832 1346 833 1346 774 1346 774 1347 833 1347 775 1347 833 1348 834 1348 775 1348 775 1349 834 1349 776 1349 834 1350 835 1350 776 1350 776 1351 835 1351 777 1351 835 1352 836 1352 777 1352 777 1353 836 1353 778 1353 836 1354 837 1354 778 1354 778 1355 837 1355 779 1355 837 1356 838 1356 779 1356 779 1357 838 1357 780 1357 838 1358 839 1358 780 1358 780 1359 839 1359 781 1359 839 1360 840 1360 781 1360 781 1361 840 1361 782 1361 840 1362 841 1362 782 1362 782 1363 841 1363 783 1363 841 1364 842 1364 783 1364 783 1365 842 1365 784 1365 842 1366 843 1366 784 1366 784 1367 843 1367 785 1367 843 1368 844 1368 785 1368 785 1369 844 1369 786 1369 844 1370 845 1370 786 1370 786 1371 845 1371 787 1371 845 1372 846 1372 787 1372 787 1373 846 1373 788 1373 846 1374 847 1374 788 1374 788 1375 847 1375 789 1375 847 1376 848 1376 789 1376 789 1377 848 1377 790 1377 848 1378 849 1378 790 1378 790 1379 849 1379 791 1379 849 1380 850 1380 791 1380 791 1381 850 1381 792 1381 850 1382 851 1382 792 1382 792 1383 851 1383 793 1383 851 1384 852 1384 793 1384 793 1385 852 1385 794 1385 852 1386 853 1386 794 1386 794 1387 853 1387 795 1387 853 1388 854 1388 795 1388 795 1389 854 1389 796 1389 854 1390 855 1390 796 1390 796 1391 855 1391 797 1391 855 1392 856 1392 797 1392 797 1393 856 1393 798 1393 856 1394 857 1394 798 1394 798 1395 857 1395 799 1395 857 1396 858 1396 799 1396 799 1397 858 1397 800 1397 858 1398 859 1398 800 1398 800 1399 859 1399 801 1399 859 1400 860 1400 801 1400 801 1401 860 1401 802 1401 860 1402 861 1402 802 1402 802 1403 861 1403 803 1403 861 1404 862 1404 803 1404 803 1405 862 1405 804 1405 862 1406 863 1406 804 1406 804 1407 863 1407 805 1407 863 1408 864 1408 805 1408 805 1409 864 1409 806 1409 864 1410 865 1410 806 1410 806 1411 865 1411 807 1411 865 1412 866 1412 807 1412 807 1413 866 1413 808 1413 866 1414 867 1414 808 1414 808 1415 867 1415 809 1415 867 1416 868 1416 809 1416 809 1417 868 1417 810 1417 868 1418 811 1418 810 1418 868 1419 869 1419 811 1419 869 1420 870 1420 811 1420 811 1421 870 1421 812 1421 870 1422 871 1422 812 1422 812 1423 871 1423 813 1423 871 1424 872 1424 813 1424 813 1425 872 1425 814 1425 872 1426 873 1426 814 1426 814 1427 873 1427 815 1427 873 1428 874 1428 815 1428 815 1429 874 1429 816 1429 874 1430 875 1430 816 1430 816 1431 875 1431 817 1431 875 1432 876 1432 817 1432 817 1433 876 1433 818 1433 876 1434 877 1434 818 1434 818 1435 877 1435 819 1435 877 1436 878 1436 819 1436 819 1437 878 1437 820 1437 878 1438 879 1438 820 1438 820 1439 879 1439 821 1439 879 1440 880 1440 821 1440 821 1441 880 1441 822 1441 880 1442 881 1442 822 1442 822 1443 881 1443 823 1443 881 1444 882 1444 823 1444 823 1445 882 1445 824 1445 882 1446 883 1446 824 1446 824 1447 883 1447 825 1447 883 1448 884 1448 825 1448 825 1449 884 1449 826 1449 884 1450 885 1450 826 1450 826 1451 885 1451 827 1451 885 1452 886 1452 827 1452 827 1453 886 1453 828 1453 886 1454 887 1454 828 1454 828 1455 887 1455 829 1455 887 1456 888 1456 829 1456 829 1457 888 1457 830 1457 888 1458 889 1458 830 1458 830 1459 889 1459 831 1459 889 1460 890 1460 831 1460 831 1461 890 1461 832 1461 890 1462 891 1462 832 1462 832 1463 891 1463 833 1463 891 1464 892 1464 833 1464 833 1465 892 1465 834 1465 892 1466 893 1466 834 1466 834 1467 893 1467 835 1467 893 1468 894 1468 835 1468 835 1469 894 1469 836 1469 894 1470 895 1470 836 1470 836 1471 895 1471 837 1471 895 1472 896 1472 837 1472 837 1473 896 1473 838 1473 896 1474 897 1474 838 1474 838 1475 897 1475 839 1475 897 1476 898 1476 839 1476 839 1477 898 1477 840 1477 898 1478 899 1478 840 1478 840 1479 899 1479 841 1479 899 1480 900 1480 841 1480 841 1481 900 1481 842 1481 900 1482 901 1482 842 1482 842 1483 901 1483 843 1483 901 1484 902 1484 843 1484 843 1485 902 1485 844 1485 902 1486 903 1486 844 1486 844 1487 903 1487 845 1487 903 1488 904 1488 845 1488 845 1489 904 1489 846 1489 904 1490 905 1490 846 1490 846 1491 905 1491 847 1491 905 1492 906 1492 847 1492 847 1493 906 1493 848 1493 906 1494 907 1494 848 1494 848 1495 907 1495 849 1495 907 1496 908 1496 849 1496 849 1497 908 1497 850 1497 908 1498 909 1498 850 1498 850 1499 909 1499 851 1499 909 1500 910 1500 851 1500 851 1501 910 1501 852 1501 910 1502 911 1502 852 1502 852 1503 911 1503 853 1503 911 1504 912 1504 853 1504 853 1505 912 1505 854 1505 912 1506 913 1506 854 1506 854 1507 913 1507 855 1507 913 1508 914 1508 855 1508 855 1509 914 1509 856 1509 914 1510 915 1510 856 1510 856 1511 915 1511 857 1511 915 1512 916 1512 857 1512 857 1513 916 1513 858 1513 916 1514 917 1514 858 1514 858 1515 917 1515 859 1515 917 1516 918 1516 859 1516 859 1517 918 1517 860 1517 918 1518 919 1518 860 1518 860 1519 919 1519 861 1519 919 1520 920 1520 861 1520 861 1521 920 1521 862 1521 920 1522 921 1522 862 1522 862 1523 921 1523 863 1523 921 1524 922 1524 863 1524 863 1525 922 1525 864 1525 922 1526 923 1526 864 1526 864 1527 923 1527 865 1527 923 1528 924 1528 865 1528 865 1529 924 1529 866 1529 924 1530 925 1530 866 1530 866 1531 925 1531 867 1531 925 1532 926 1532 867 1532 867 1533 926 1533 868 1533 926 1534 869 1534 868 1534 926 1535 927 1535 869 1535 927 1536 928 1536 869 1536 869 1537 928 1537 870 1537 928 1538 929 1538 870 1538 870 1539 929 1539 871 1539 929 1540 930 1540 871 1540 871 1541 930 1541 872 1541 930 1542 931 1542 872 1542 872 1543 931 1543 873 1543 931 1544 932 1544 873 1544 873 1545 932 1545 874 1545 932 1546 933 1546 874 1546 874 1547 933 1547 875 1547 933 1548 934 1548 875 1548 875 1549 934 1549 876 1549 934 1550 935 1550 876 1550 876 1551 935 1551 877 1551 935 1552 936 1552 877 1552 877 1553 936 1553 878 1553 936 1554 937 1554 878 1554 878 1555 937 1555 879 1555 937 1556 938 1556 879 1556 879 1557 938 1557 880 1557 938 1558 939 1558 880 1558 880 1559 939 1559 881 1559 939 1560 940 1560 881 1560 881 1561 940 1561 882 1561 940 1562 941 1562 882 1562 882 1563 941 1563 883 1563 941 1564 942 1564 883 1564 883 1565 942 1565 884 1565 942 1566 943 1566 884 1566 884 1567 943 1567 885 1567 943 1568 944 1568 885 1568 885 1569 944 1569 886 1569 944 1570 945 1570 886 1570 886 1571 945 1571 887 1571 945 1572 946 1572 887 1572 887 1573 946 1573 888 1573 946 1574 947 1574 888 1574 888 1575 947 1575 889 1575 947 1576 948 1576 889 1576 889 1577 948 1577 890 1577 948 1578 949 1578 890 1578 890 1579 949 1579 891 1579 949 1580 950 1580 891 1580 891 1581 950 1581 892 1581 950 1582 951 1582 892 1582 892 1583 951 1583 893 1583 951 1584 952 1584 893 1584 893 1585 952 1585 894 1585 952 1586 953 1586 894 1586 894 1587 953 1587 895 1587 953 1588 954 1588 895 1588 895 1589 954 1589 896 1589 954 1590 955 1590 896 1590 896 1591 955 1591 897 1591 955 1592 956 1592 897 1592 897 1593 956 1593 898 1593 956 1594 957 1594 898 1594 898 1595 957 1595 899 1595 957 1596 958 1596 899 1596 899 1597 958 1597 900 1597 958 1598 959 1598 900 1598 900 1599 959 1599 901 1599 959 1600 960 1600 901 1600 901 1601 960 1601 902 1601 960 1602 961 1602 902 1602 902 1603 961 1603 903 1603 961 1604 962 1604 903 1604 903 1605 962 1605 904 1605 962 1606 963 1606 904 1606 904 1607 963 1607 905 1607 963 1608 964 1608 905 1608 905 1609 964 1609 906 1609 964 1610 965 1610 906 1610 906 1611 965 1611 907 1611 965 1612 966 1612 907 1612 907 1613 966 1613 908 1613 966 1614 967 1614 908 1614 908 1615 967 1615 909 1615 967 1616 968 1616 909 1616 909 1617 968 1617 910 1617 968 1618 969 1618 910 1618 910 1619 969 1619 911 1619 969 1620 970 1620 911 1620 911 1621 970 1621 912 1621 970 1622 971 1622 912 1622 912 1623 971 1623 913 1623 971 1624 972 1624 913 1624 913 1625 972 1625 914 1625 972 1626 973 1626 914 1626 914 1627 973 1627 915 1627 973 1628 974 1628 915 1628 915 1629 974 1629 916 1629 974 1630 975 1630 916 1630 916 1631 975 1631 917 1631 975 1632 976 1632 917 1632 917 1633 976 1633 918 1633 976 1634 977 1634 918 1634 918 1635 977 1635 919 1635 977 1636 978 1636 919 1636 919 1637 978 1637 920 1637 978 1638 979 1638 920 1638 920 1639 979 1639 921 1639 979 1640 980 1640 921 1640 921 1641 980 1641 922 1641 980 1642 981 1642 922 1642 922 1643 981 1643 923 1643 981 1644 982 1644 923 1644 923 1645 982 1645 924 1645 982 1646 983 1646 924 1646 924 1647 983 1647 925 1647 983 1648 984 1648 925 1648 925 1649 984 1649 926 1649 984 1650 927 1650 926 1650 984 1651 985 1651 927 1651 985 1652 986 1652 927 1652 927 1653 986 1653 928 1653 986 1654 987 1654 928 1654 928 1655 987 1655 929 1655 987 1656 988 1656 929 1656 929 1657 988 1657 930 1657 988 1658 989 1658 930 1658 930 1659 989 1659 931 1659 989 1660 990 1660 931 1660 931 1661 990 1661 932 1661 990 1662 991 1662 932 1662 932 1663 991 1663 933 1663 991 1664 992 1664 933 1664 933 1665 992 1665 934 1665 992 1666 993 1666 934 1666 934 1667 993 1667 935 1667 993 1668 994 1668 935 1668 935 1669 994 1669 936 1669 994 1670 995 1670 936 1670 936 1671 995 1671 937 1671 995 1672 996 1672 937 1672 937 1673 996 1673 938 1673 996 1674 997 1674 938 1674 938 1675 997 1675 939 1675 997 1676 998 1676 939 1676 939 1677 998 1677 940 1677 998 1678 999 1678 940 1678 940 1679 999 1679 941 1679 999 1680 1000 1680 941 1680 941 1681 1000 1681 942 1681 1000 1682 1001 1682 942 1682 942 1683 1001 1683 943 1683 1001 1684 1002 1684 943 1684 943 1685 1002 1685 944 1685 1002 1686 1003 1686 944 1686 944 1687 1003 1687 945 1687 1003 1688 1004 1688 945 1688 945 1689 1004 1689 946 1689 1004 1690 1005 1690 946 1690 946 1691 1005 1691 947 1691 1005 1692 1006 1692 947 1692 947 1693 1006 1693 948 1693 1006 1694 1007 1694 948 1694 948 1695 1007 1695 949 1695 1007 1696 1008 1696 949 1696 949 1697 1008 1697 950 1697 1008 1698 1009 1698 950 1698 950 1699 1009 1699 951 1699 1009 1700 1010 1700 951 1700 951 1701 1010 1701 952 1701 1010 1702 1011 1702 952 1702 952 1703 1011 1703 953 1703 1011 1704 1012 1704 953 1704 953 1705 1012 1705 954 1705 1012 1706 1013 1706 954 1706 954 1707 1013 1707 955 1707 1013 1708 1014 1708 955 1708 955 1709 1014 1709 956 1709 1014 1710 1015 1710 956 1710 956 1711 1015 1711 957 1711 1015 1712 1016 1712 957 1712 957 1713 1016 1713 958 1713 1016 1714 1017 1714 958 1714 958 1715 1017 1715 959 1715 1017 1716 1018 1716 959 1716 959 1717 1018 1717 960 1717 1018 1718 1019 1718 960 1718 960 1719 1019 1719 961 1719 1019 1720 1020 1720 961 1720 961 1721 1020 1721 962 1721 1020 1722 1021 1722 962 1722 962 1723 1021 1723 963 1723 1021 1724 1022 1724 963 1724 963 1725 1022 1725 964 1725 1022 1726 1023 1726 964 1726 964 1727 1023 1727 965 1727 1023 1728 1024 1728 965 1728 965 1729 1024 1729 966 1729 1024 1730 1025 1730 966 1730 966 1731 1025 1731 967 1731 1025 1732 1026 1732 967 1732 967 1733 1026 1733 968 1733 1026 1734 1027 1734 968 1734 968 1735 1027 1735 969 1735 1027 1736 1028 1736 969 1736 969 1737 1028 1737 970 1737 1028 1738 1029 1738 970 1738 970 1739 1029 1739 971 1739 1029 1740 1030 1740 971 1740 971 1741 1030 1741 972 1741 1030 1742 1031 1742 972 1742 972 1743 1031 1743 973 1743 1031 1744 1032 1744 973 1744 973 1745 1032 1745 974 1745 1032 1746 1033 1746 974 1746 974 1747 1033 1747 975 1747 1033 1748 1034 1748 975 1748 975 1749 1034 1749 976 1749 1034 1750 1035 1750 976 1750 976 1751 1035 1751 977 1751 1035 1752 1036 1752 977 1752 977 1753 1036 1753 978 1753 1036 1754 1037 1754 978 1754 978 1755 1037 1755 979 1755 1037 1756 1038 1756 979 1756 979 1757 1038 1757 980 1757 1038 1758 1039 1758 980 1758 980 1759 1039 1759 981 1759 1039 1760 1040 1760 981 1760 981 1761 1040 1761 982 1761 1040 1762 1041 1762 982 1762 982 1763 1041 1763 983 1763 1041 1764 1042 1764 983 1764 983 1765 1042 1765 984 1765 1042 1766 985 1766 984 1766 1042 1767 1043 1767 985 1767 1043 1768 1044 1768 985 1768 985 1769 1044 1769 986 1769 1044 1770 1045 1770 986 1770 986 1771 1045 1771 987 1771 1045 1772 1046 1772 987 1772 987 1773 1046 1773 988 1773 1046 1774 1047 1774 988 1774 988 1775 1047 1775 989 1775 1047 1776 1048 1776 989 1776 989 1777 1048 1777 990 1777 1048 1778 1049 1778 990 1778 990 1779 1049 1779 991 1779 1049 1780 1050 1780 991 1780 991 1781 1050 1781 992 1781 1050 1782 1051 1782 992 1782 992 1783 1051 1783 993 1783 1051 1784 1052 1784 993 1784 993 1785 1052 1785 994 1785 1052 1786 1053 1786 994 1786 994 1787 1053 1787 995 1787 1053 1788 1054 1788 995 1788 995 1789 1054 1789 996 1789 1054 1790 1055 1790 996 1790 996 1791 1055 1791 997 1791 1055 1792 1056 1792 997 1792 997 1793 1056 1793 998 1793 1056 1794 1057 1794 998 1794 998 1795 1057 1795 999 1795 1057 1796 1058 1796 999 1796 999 1797 1058 1797 1000 1797 1058 1798 1059 1798 1000 1798 1000 1799 1059 1799 1001 1799 1059 1800 1060 1800 1001 1800 1001 1801 1060 1801 1002 1801 1060 1802 1061 1802 1002 1802 1002 1803 1061 1803 1003 1803 1061 1804 1062 1804 1003 1804 1003 1805 1062 1805 1004 1805 1062 1806 1063 1806 1004 1806 1004 1807 1063 1807 1005 1807 1063 1808 1064 1808 1005 1808 1005 1809 1064 1809 1006 1809 1064 1810 1065 1810 1006 1810 1006 1811 1065 1811 1007 1811 1065 1812 1066 1812 1007 1812 1007 1813 1066 1813 1008 1813 1066 1814 1067 1814 1008 1814 1008 1815 1067 1815 1009 1815 1067 1816 1068 1816 1009 1816 1009 1817 1068 1817 1010 1817 1068 1818 1069 1818 1010 1818 1010 1819 1069 1819 1011 1819 1069 1820 1070 1820 1011 1820 1011 1821 1070 1821 1012 1821 1070 1822 1071 1822 1012 1822 1012 1823 1071 1823 1013 1823 1071 1824 1072 1824 1013 1824 1013 1825 1072 1825 1014 1825 1072 1826 1073 1826 1014 1826 1014 1827 1073 1827 1015 1827 1073 1828 1074 1828 1015 1828 1015 1829 1074 1829 1016 1829 1074 1830 1075 1830 1016 1830 1016 1831 1075 1831 1017 1831 1075 1832 1076 1832 1017 1832 1017 1833 1076 1833 1018 1833 1076 1834 1077 1834 1018 1834 1018 1835 1077 1835 1019 1835 1077 1836 1078 1836 1019 1836 1019 1837 1078 1837 1020 1837 1078 1838 1079 1838 1020 1838 1020 1839 1079 1839 1021 1839 1079 1840 1080 1840 1021 1840 1021 1841 1080 1841 1022 1841 1080 1842 1081 1842 1022 1842 1022 1843 1081 1843 1023 1843 1081 1844 1082 1844 1023 1844 1023 1845 1082 1845 1024 1845 1082 1846 1083 1846 1024 1846 1024 1847 1083 1847 1025 1847 1083 1848 1084 1848 1025 1848 1025 1849 1084 1849 1026 1849 1084 1850 1085 1850 1026 1850 1026 1851 1085 1851 1027 1851 1085 1852 1086 1852 1027 1852 1027 1853 1086 1853 1028 1853 1086 1854 1087 1854 1028 1854 1028 1855 1087 1855 1029 1855 1087 1856 1088 1856 1029 1856 1029 1857 1088 1857 1030 1857 1088 1858 1089 1858 1030 1858 1030 1859 1089 1859 1031 1859 1089 1860 1090 1860 1031 1860 1031 1861 1090 1861 1032 1861 1090 1862 1091 1862 1032 1862 1032 1863 1091 1863 1033 1863 1091 1864 1092 1864 1033 1864 1033 1865 1092 1865 1034 1865 1092 1866 1093 1866 1034 1866 1034 1867 1093 1867 1035 1867 1093 1868 1094 1868 1035 1868 1035 1869 1094 1869 1036 1869 1094 1870 1095 1870 1036 1870 1036 1871 1095 1871 1037 1871 1095 1872 1096 1872 1037 1872 1037 1873 1096 1873 1038 1873 1096 1874 1097 1874 1038 1874 1038 1875 1097 1875 1039 1875 1097 1876 1098 1876 1039 1876 1039 1877 1098 1877 1040 1877 1098 1878 1099 1878 1040 1878 1040 1879 1099 1879 1041 1879 1099 1880 1100 1880 1041 1880 1041 1881 1100 1881 1042 1881 1100 1882 1043 1882 1042 1882 1101 1883 1102 1883 1103 1883 1104 1884 1105 1884 1106 1884 1105 1885 1107 1885 1106 1885 1106 1886 1107 1886 1108 1886 1107 1887 1109 1887 1108 1887 1108 1888 1109 1888 1110 1888 1105 1889 1111 1889 1112 1889 1105 1890 1112 1890 1107 1890 1112 1891 1113 1891 1107 1891 1107 1892 1113 1892 1109 1892 1113 1893 1114 1893 1109 1893 1109 1894 1114 1894 1115 1894 1115 1895 1116 1895 1109 1895 1116 1896 1101 1896 1109 1896 1109 1897 1101 1897 1110 1897 1101 1898 1103 1898 1110 1898 1117 1899 1102 1899 1118 1899 1102 1900 1101 1900 1118 1900 1118 1901 1101 1901 1119 1901 1101 1902 1116 1902 1119 1902 1120 1903 1121 1903 1122 1903 1121 1904 1123 1904 1122 1904 1124 1905 1125 1905 1126 1905 1125 1906 1120 1906 1126 1906 1127 1907 1128 1907 1124 1907 1128 1908 1127 1908 1129 1908 1130 1909 1131 1909 1132 1909 1131 1910 1133 1910 1132 1910 1132 1911 1133 1911 1134 1911 1135 1912 1136 1912 1127 1912 1136 1913 1137 1913 1127 1913 1127 1914 1137 1914 1129 1914 1132 1915 1138 1915 1130 1915 1138 1916 1139 1916 1130 1916 1130 1917 1139 1917 1140 1917 1139 1918 1141 1918 1140 1918 1142 1919 1143 1919 1144 1919 1143 1920 1145 1920 1144 1920 1144 1921 1145 1921 1135 1921 1145 1922 1146 1922 1135 1922 1135 1923 1146 1923 1136 1923 1141 1924 1147 1924 1140 1924 1147 1925 1148 1925 1140 1925 1140 1926 1148 1926 1149 1926 1148 1927 1150 1927 1149 1927 1149 1928 1150 1928 1151 1928 1150 1929 1152 1929 1151 1929 1151 1930 1152 1930 1153 1930 1154 1931 1155 1931 1156 1931 1155 1932 1157 1932 1156 1932 1156 1933 1157 1933 1158 1933 1157 1934 1159 1934 1158 1934 1158 1935 1159 1935 1142 1935 1159 1936 1160 1936 1142 1936 1142 1937 1160 1937 1143 1937 1152 1938 1161 1938 1153 1938 1161 1939 1162 1939 1153 1939 1153 1940 1162 1940 1163 1940 1162 1941 1164 1941 1163 1941 1164 1942 1165 1942 1163 1942 1165 1943 1166 1943 1163 1943 1163 1944 1166 1944 1167 1944 1166 1945 1168 1945 1167 1945 1167 1946 1168 1946 1169 1946 1154 1947 1156 1947 1170 1947 1156 1948 1171 1948 1170 1948 1170 1949 1171 1949 1172 1949 1171 1950 1173 1950 1172 1950 1172 1951 1173 1951 1174 1951 1173 1952 1175 1952 1174 1952 1174 1953 1175 1953 1176 1953 1168 1954 1177 1954 1169 1954 1177 1955 1178 1955 1169 1955 1169 1956 1178 1956 1179 1956 1178 1957 1180 1957 1179 1957 1180 1958 1181 1958 1179 1958 1179 1959 1181 1959 1182 1959 1183 1960 1184 1960 1185 1960 1184 1961 1186 1961 1185 1961 1185 1962 1186 1962 1175 1962 1186 1963 1187 1963 1175 1963 1175 1964 1187 1964 1176 1964 1185 1965 1188 1965 1183 1965 1188 1966 1189 1966 1183 1966 1183 1967 1189 1967 1190 1967 1189 1968 1191 1968 1190 1968 1181 1969 1192 1969 1182 1969 1192 1970 1193 1970 1182 1970 1182 1971 1193 1971 1194 1971 1193 1972 1195 1972 1194 1972 1194 1973 1195 1973 1196 1973 1195 1974 1197 1974 1196 1974 1196 1975 1197 1975 1198 1975 1191 1976 1189 1976 1199 1976 1189 1977 1200 1977 1199 1977 1199 1978 1200 1978 1201 1978 1200 1979 1202 1979 1201 1979 1201 1980 1202 1980 1203 1980 1197 1981 1204 1981 1198 1981 1204 1982 1205 1982 1198 1982 1198 1983 1205 1983 1206 1983 1203 1984 1202 1984 1207 1984 1202 1985 1208 1985 1207 1985 1207 1986 1208 1986 1209 1986 1208 1987 1210 1987 1209 1987 1209 1988 1210 1988 1211 1988 1205 1989 1212 1989 1206 1989 1212 1990 1213 1990 1206 1990 1206 1991 1213 1991 1214 1991 1213 1992 1215 1992 1214 1992 1214 1993 1215 1993 1216 1993 1215 1994 1217 1994 1216 1994 1218 1995 1219 1995 1220 1995 1219 1996 1216 1996 1220 1996 1220 1997 1216 1997 1221 1997 1216 1998 1217 1998 1221 1998 1120 1999 1122 1999 1126 1999 1122 2000 1222 2000 1126 2000 1126 2001 1222 2001 1223 2001 1222 2002 1224 2002 1223 2002 1223 2003 1224 2003 1225 2003 1224 2004 1226 2004 1225 2004 1225 2005 1226 2005 1227 2005 1226 2006 1228 2006 1227 2006 1227 2007 1228 2007 1229 2007 1228 2008 1230 2008 1229 2008 1229 2009 1230 2009 1231 2009 1230 2010 1232 2010 1231 2010 1231 2011 1232 2011 1233 2011 1232 2012 1234 2012 1233 2012 1233 2013 1234 2013 1235 2013 1234 2014 1236 2014 1235 2014 1235 2015 1236 2015 1237 2015 1236 2016 1238 2016 1237 2016 1237 2017 1238 2017 1239 2017 1238 2018 1240 2018 1239 2018 1239 2019 1240 2019 1241 2019 1240 2020 1242 2020 1241 2020 1241 2021 1242 2021 1243 2021 1242 2022 1244 2022 1243 2022 1243 2023 1244 2023 1245 2023 1244 2024 1246 2024 1245 2024 1245 2025 1246 2025 1247 2025 1246 2026 1248 2026 1247 2026 1247 2027 1248 2027 1249 2027 1248 2028 1250 2028 1249 2028 1249 2029 1250 2029 1251 2029 1250 2030 1252 2030 1251 2030 1251 2031 1252 2031 1253 2031 1252 2032 1254 2032 1253 2032 1253 2033 1254 2033 1255 2033 1218 2034 1117 2034 1219 2034 1117 2035 1118 2035 1219 2035 1219 2036 1118 2036 1119 2036 1119 2037 1254 2037 1219 2037 1254 2038 1252 2038 1219 2038 1219 2039 1252 2039 1216 2039 1252 2040 1250 2040 1216 2040 1216 2041 1250 2041 1214 2041 1250 2042 1248 2042 1214 2042 1214 2043 1248 2043 1206 2043 1248 2044 1246 2044 1206 2044 1206 2045 1246 2045 1198 2045 1246 2046 1244 2046 1198 2046 1198 2047 1244 2047 1196 2047 1244 2048 1242 2048 1196 2048 1196 2049 1242 2049 1194 2049 1242 2050 1240 2050 1194 2050 1194 2051 1240 2051 1182 2051 1240 2052 1238 2052 1182 2052 1182 2053 1238 2053 1179 2053 1238 2054 1236 2054 1179 2054 1179 2055 1236 2055 1169 2055 1236 2056 1234 2056 1169 2056 1169 2057 1234 2057 1167 2057 1234 2058 1232 2058 1167 2058 1167 2059 1232 2059 1163 2059 1232 2060 1230 2060 1163 2060 1163 2061 1230 2061 1153 2061 1230 2062 1228 2062 1153 2062 1153 2063 1228 2063 1151 2063 1228 2064 1226 2064 1151 2064 1151 2065 1226 2065 1149 2065 1226 2066 1224 2066 1149 2066 1149 2067 1224 2067 1140 2067 1224 2068 1222 2068 1140 2068 1140 2069 1222 2069 1130 2069 1222 2070 1122 2070 1130 2070 1130 2071 1122 2071 1131 2071 1122 2072 1123 2072 1131 2072 1131 2073 1123 2073 1133 2073 1119 2074 1116 2074 1254 2074 1116 2075 1115 2075 1254 2075 1254 2076 1115 2076 1255 2076 1115 2077 1114 2077 1255 2077 1255 2078 1114 2078 1113 2078 1124 2079 1126 2079 1127 2079 1126 2080 1223 2080 1127 2080 1127 2081 1223 2081 1135 2081 1223 2082 1225 2082 1135 2082 1135 2083 1225 2083 1144 2083 1225 2084 1227 2084 1144 2084 1144 2085 1227 2085 1142 2085 1227 2086 1229 2086 1142 2086 1142 2087 1229 2087 1158 2087 1229 2088 1231 2088 1158 2088 1158 2089 1231 2089 1156 2089 1231 2090 1233 2090 1156 2090 1156 2091 1233 2091 1171 2091 1233 2092 1235 2092 1171 2092 1171 2093 1235 2093 1173 2093 1235 2094 1237 2094 1173 2094 1173 2095 1237 2095 1175 2095 1237 2096 1239 2096 1175 2096 1175 2097 1239 2097 1185 2097 1239 2098 1241 2098 1185 2098 1185 2099 1241 2099 1188 2099 1241 2100 1243 2100 1188 2100 1188 2101 1243 2101 1189 2101 1243 2102 1245 2102 1189 2102 1189 2103 1245 2103 1200 2103 1245 2104 1247 2104 1200 2104 1200 2105 1247 2105 1202 2105 1247 2106 1249 2106 1202 2106 1202 2107 1249 2107 1208 2107 1249 2108 1251 2108 1208 2108 1208 2109 1251 2109 1210 2109 1251 2110 1253 2110 1210 2110 1210 2111 1253 2111 1256 2111 1253 2112 1255 2112 1256 2112 1256 2113 1255 2113 1257 2113 1255 2114 1113 2114 1257 2114 1257 2115 1113 2115 1112 2115 1211 2116 1210 2116 1258 2116 1210 2117 1256 2117 1258 2117 1258 2118 1256 2118 1259 2118 1256 2119 1257 2119 1259 2119 1259 2120 1257 2120 1260 2120 1257 2121 1112 2121 1260 2121 1260 2122 1112 2122 1111 2122 1261 2123 1262 2123 1263 2123 1264 2124 1265 2124 1266 2124 1265 2125 1267 2125 1266 2125 1266 2126 1267 2126 1268 2126 1267 2127 1269 2127 1268 2127 1268 2128 1269 2128 1270 2128 1265 2129 1134 2129 1133 2129 1265 2130 1133 2130 1267 2130 1133 2131 1123 2131 1267 2131 1267 2132 1123 2132 1269 2132 1123 2133 1121 2133 1269 2133 1269 2134 1121 2134 1120 2134 1120 2135 1125 2135 1269 2135 1125 2136 1261 2136 1269 2136 1269 2137 1261 2137 1270 2137 1261 2138 1263 2138 1270 2138 1129 2139 1262 2139 1128 2139 1262 2140 1261 2140 1128 2140 1128 2141 1261 2141 1124 2141 1261 2142 1125 2142 1124 2142 1271 2143 1272 2143 1273 2143 1272 2144 1274 2144 1273 2144 1275 2145 1276 2145 1277 2145 1276 2146 1278 2146 1277 2146 1277 2147 1278 2147 1274 2147 1278 2148 1279 2148 1274 2148 1274 2149 1279 2149 1273 2149 1275 2150 1277 2150 1280 2150 1277 2151 1281 2151 1280 2151 1280 2152 1281 2152 1282 2152 1281 2153 1283 2153 1282 2153 1282 2154 1283 2154 1284 2154 1285 2155 1283 2155 1286 2155 1283 2156 1281 2156 1286 2156 1286 2157 1281 2157 1287 2157 1281 2158 1277 2158 1287 2158 1287 2159 1277 2159 1288 2159 1277 2160 1274 2160 1288 2160 1288 2161 1274 2161 1289 2161 1274 2162 1272 2162 1289 2162 1276 2163 1275 2163 1290 2163 1275 2164 1280 2164 1290 2164 1279 2165 1278 2165 1291 2165 1278 2166 1276 2166 1291 2166 1292 2167 1273 2167 1279 2167 1273 2168 1292 2168 1271 2168 1293 2169 1294 2169 1295 2169 1294 2170 1282 2170 1295 2170 1295 2171 1282 2171 1284 2171 1296 2172 1297 2172 1292 2172 1297 2173 1298 2173 1292 2173 1292 2174 1298 2174 1271 2174 1295 2175 1299 2175 1293 2175 1299 2176 1300 2176 1293 2176 1293 2177 1300 2177 1301 2177 1300 2178 1302 2178 1301 2178 1303 2179 1304 2179 1305 2179 1304 2180 1306 2180 1305 2180 1305 2181 1306 2181 1296 2181 1306 2182 1307 2182 1296 2182 1296 2183 1307 2183 1297 2183 1302 2184 1308 2184 1301 2184 1308 2185 1309 2185 1301 2185 1301 2186 1309 2186 1310 2186 1309 2187 1311 2187 1310 2187 1310 2188 1311 2188 1312 2188 1311 2189 1313 2189 1312 2189 1312 2190 1313 2190 1314 2190 1315 2191 1316 2191 1317 2191 1316 2192 1318 2192 1317 2192 1317 2193 1318 2193 1319 2193 1318 2194 1320 2194 1319 2194 1319 2195 1320 2195 1303 2195 1320 2196 1321 2196 1303 2196 1303 2197 1321 2197 1304 2197 1313 2198 1322 2198 1314 2198 1322 2199 1323 2199 1314 2199 1314 2200 1323 2200 1324 2200 1323 2201 1325 2201 1324 2201 1325 2202 1326 2202 1324 2202 1326 2203 1327 2203 1324 2203 1324 2204 1327 2204 1328 2204 1327 2205 1329 2205 1328 2205 1328 2206 1329 2206 1330 2206 1315 2207 1317 2207 1331 2207 1317 2208 1332 2208 1331 2208 1331 2209 1332 2209 1333 2209 1332 2210 1334 2210 1333 2210 1333 2211 1334 2211 1335 2211 1334 2212 1336 2212 1335 2212 1335 2213 1336 2213 1337 2213 1329 2214 1338 2214 1330 2214 1338 2215 1339 2215 1330 2215 1330 2216 1339 2216 1340 2216 1339 2217 1341 2217 1340 2217 1341 2218 1342 2218 1340 2218 1340 2219 1342 2219 1343 2219 1344 2220 1345 2220 1346 2220 1345 2221 1347 2221 1346 2221 1346 2222 1347 2222 1336 2222 1347 2223 1348 2223 1336 2223 1336 2224 1348 2224 1337 2224 1346 2225 1349 2225 1344 2225 1349 2226 1350 2226 1344 2226 1344 2227 1350 2227 1351 2227 1350 2228 1352 2228 1351 2228 1342 2229 1353 2229 1343 2229 1353 2230 1354 2230 1343 2230 1343 2231 1354 2231 1355 2231 1354 2232 1356 2232 1355 2232 1355 2233 1356 2233 1357 2233 1356 2234 1358 2234 1357 2234 1357 2235 1358 2235 1359 2235 1352 2236 1350 2236 1360 2236 1350 2237 1361 2237 1360 2237 1360 2238 1361 2238 1362 2238 1361 2239 1363 2239 1362 2239 1362 2240 1363 2240 1364 2240 1358 2241 1365 2241 1359 2241 1365 2242 1366 2242 1359 2242 1359 2243 1366 2243 1367 2243 1364 2244 1363 2244 1368 2244 1363 2245 1369 2245 1368 2245 1368 2246 1369 2246 1370 2246 1369 2247 1371 2247 1370 2247 1370 2248 1371 2248 1372 2248 1366 2249 1373 2249 1367 2249 1373 2250 1374 2250 1367 2250 1367 2251 1374 2251 1375 2251 1374 2252 1376 2252 1375 2252 1375 2253 1376 2253 1377 2253 1376 2254 1378 2254 1377 2254 1379 2255 1380 2255 1381 2255 1380 2256 1377 2256 1381 2256 1381 2257 1377 2257 1382 2257 1377 2258 1378 2258 1382 2258 1276 2259 1290 2259 1291 2259 1290 2260 1383 2260 1291 2260 1291 2261 1383 2261 1384 2261 1383 2262 1385 2262 1384 2262 1384 2263 1385 2263 1386 2263 1385 2264 1387 2264 1386 2264 1386 2265 1387 2265 1388 2265 1387 2266 1389 2266 1388 2266 1388 2267 1389 2267 1390 2267 1389 2268 1391 2268 1390 2268 1390 2269 1391 2269 1392 2269 1391 2270 1393 2270 1392 2270 1392 2271 1393 2271 1394 2271 1393 2272 1395 2272 1394 2272 1394 2273 1395 2273 1396 2273 1395 2274 1397 2274 1396 2274 1396 2275 1397 2275 1398 2275 1397 2276 1399 2276 1398 2276 1398 2277 1399 2277 1400 2277 1399 2278 1401 2278 1400 2278 1400 2279 1401 2279 1402 2279 1401 2280 1403 2280 1402 2280 1402 2281 1403 2281 1404 2281 1403 2282 1405 2282 1404 2282 1404 2283 1405 2283 1406 2283 1405 2284 1407 2284 1406 2284 1406 2285 1407 2285 1408 2285 1407 2286 1409 2286 1408 2286 1408 2287 1409 2287 1410 2287 1409 2288 1411 2288 1410 2288 1410 2289 1411 2289 1412 2289 1411 2290 1413 2290 1412 2290 1412 2291 1413 2291 1414 2291 1413 2292 1415 2292 1414 2292 1414 2293 1415 2293 1416 2293 1379 2294 1417 2294 1380 2294 1417 2295 1418 2295 1380 2295 1380 2296 1418 2296 1419 2296 1419 2297 1415 2297 1380 2297 1415 2298 1413 2298 1380 2298 1380 2299 1413 2299 1377 2299 1413 2300 1411 2300 1377 2300 1377 2301 1411 2301 1375 2301 1411 2302 1409 2302 1375 2302 1375 2303 1409 2303 1367 2303 1409 2304 1407 2304 1367 2304 1367 2305 1407 2305 1359 2305 1407 2306 1405 2306 1359 2306 1359 2307 1405 2307 1357 2307 1405 2308 1403 2308 1357 2308 1357 2309 1403 2309 1355 2309 1403 2310 1401 2310 1355 2310 1355 2311 1401 2311 1343 2311 1401 2312 1399 2312 1343 2312 1343 2313 1399 2313 1340 2313 1399 2314 1397 2314 1340 2314 1340 2315 1397 2315 1330 2315 1397 2316 1395 2316 1330 2316 1330 2317 1395 2317 1328 2317 1395 2318 1393 2318 1328 2318 1328 2319 1393 2319 1324 2319 1393 2320 1391 2320 1324 2320 1324 2321 1391 2321 1314 2321 1391 2322 1389 2322 1314 2322 1314 2323 1389 2323 1312 2323 1389 2324 1387 2324 1312 2324 1312 2325 1387 2325 1310 2325 1387 2326 1385 2326 1310 2326 1310 2327 1385 2327 1301 2327 1385 2328 1383 2328 1301 2328 1301 2329 1383 2329 1293 2329 1383 2330 1290 2330 1293 2330 1293 2331 1290 2331 1294 2331 1290 2332 1280 2332 1294 2332 1294 2333 1280 2333 1282 2333 1419 2334 1420 2334 1415 2334 1420 2335 1421 2335 1415 2335 1415 2336 1421 2336 1416 2336 1421 2337 1422 2337 1416 2337 1416 2338 1422 2338 1423 2338 1279 2339 1291 2339 1292 2339 1291 2340 1384 2340 1292 2340 1292 2341 1384 2341 1296 2341 1384 2342 1386 2342 1296 2342 1296 2343 1386 2343 1305 2343 1386 2344 1388 2344 1305 2344 1305 2345 1388 2345 1303 2345 1388 2346 1390 2346 1303 2346 1303 2347 1390 2347 1319 2347 1390 2348 1392 2348 1319 2348 1319 2349 1392 2349 1317 2349 1392 2350 1394 2350 1317 2350 1317 2351 1394 2351 1332 2351 1394 2352 1396 2352 1332 2352 1332 2353 1396 2353 1334 2353 1396 2354 1398 2354 1334 2354 1334 2355 1398 2355 1336 2355 1398 2356 1400 2356 1336 2356 1336 2357 1400 2357 1346 2357 1400 2358 1402 2358 1346 2358 1346 2359 1402 2359 1349 2359 1402 2360 1404 2360 1349 2360 1349 2361 1404 2361 1350 2361 1404 2362 1406 2362 1350 2362 1350 2363 1406 2363 1361 2363 1406 2364 1408 2364 1361 2364 1361 2365 1408 2365 1363 2365 1408 2366 1410 2366 1363 2366 1363 2367 1410 2367 1369 2367 1410 2368 1412 2368 1369 2368 1369 2369 1412 2369 1371 2369 1412 2370 1414 2370 1371 2370 1371 2371 1414 2371 1424 2371 1414 2372 1416 2372 1424 2372 1424 2373 1416 2373 1425 2373 1416 2374 1423 2374 1425 2374 1425 2375 1423 2375 1426 2375 1372 2376 1371 2376 1427 2376 1371 2377 1424 2377 1427 2377 1427 2378 1424 2378 1428 2378 1424 2379 1425 2379 1428 2379 1428 2380 1425 2380 1429 2380 1425 2381 1426 2381 1429 2381 1429 2382 1426 2382 1430 2382 1431 2383 1432 2383 1433 2383 1432 2384 1434 2384 1433 2384 1435 2385 1436 2385 1437 2385 1436 2386 1438 2386 1437 2386 1437 2387 1438 2387 1434 2387 1438 2388 1439 2388 1434 2388 1434 2389 1439 2389 1433 2389 1435 2390 1437 2390 1440 2390 1437 2391 1441 2391 1440 2391 1440 2392 1441 2392 1442 2392 1441 2393 1443 2393 1442 2393 1442 2394 1443 2394 1444 2394 1445 2395 1443 2395 1446 2395 1443 2396 1441 2396 1446 2396 1446 2397 1441 2397 1447 2397 1441 2398 1437 2398 1447 2398 1447 2399 1437 2399 1448 2399 1437 2400 1434 2400 1448 2400 1448 2401 1434 2401 1449 2401 1434 2402 1432 2402 1449 2402 1450 2403 1451 2403 1452 2403 1451 2404 1453 2404 1452 2404 1454 2405 1455 2405 1456 2405 1455 2406 1450 2406 1456 2406 1457 2407 1458 2407 1454 2407 1458 2408 1457 2408 1459 2408 1460 2409 1461 2409 1462 2409 1461 2410 1463 2410 1462 2410 1462 2411 1463 2411 1464 2411 1465 2412 1466 2412 1457 2412 1466 2413 1467 2413 1457 2413 1457 2414 1467 2414 1459 2414 1462 2415 1468 2415 1460 2415 1468 2416 1469 2416 1460 2416 1460 2417 1469 2417 1470 2417 1469 2418 1471 2418 1470 2418 1472 2419 1473 2419 1474 2419 1473 2420 1475 2420 1474 2420 1474 2421 1475 2421 1465 2421 1475 2422 1476 2422 1465 2422 1465 2423 1476 2423 1466 2423 1471 2424 1477 2424 1470 2424 1477 2425 1478 2425 1470 2425 1470 2426 1478 2426 1479 2426 1478 2427 1480 2427 1479 2427 1479 2428 1480 2428 1481 2428 1480 2429 1482 2429 1481 2429 1481 2430 1482 2430 1483 2430 1484 2431 1485 2431 1486 2431 1485 2432 1487 2432 1486 2432 1486 2433 1487 2433 1488 2433 1487 2434 1489 2434 1488 2434 1488 2435 1489 2435 1472 2435 1489 2436 1490 2436 1472 2436 1472 2437 1490 2437 1473 2437 1482 2438 1491 2438 1483 2438 1491 2439 1492 2439 1483 2439 1483 2440 1492 2440 1493 2440 1492 2441 1494 2441 1493 2441 1494 2442 1495 2442 1493 2442 1495 2443 1496 2443 1493 2443 1493 2444 1496 2444 1497 2444 1496 2445 1498 2445 1497 2445 1497 2446 1498 2446 1499 2446 1484 2447 1486 2447 1500 2447 1486 2448 1501 2448 1500 2448 1500 2449 1501 2449 1502 2449 1501 2450 1503 2450 1502 2450 1502 2451 1503 2451 1504 2451 1503 2452 1505 2452 1504 2452 1504 2453 1505 2453 1506 2453 1498 2454 1507 2454 1499 2454 1507 2455 1508 2455 1499 2455 1499 2456 1508 2456 1509 2456 1508 2457 1510 2457 1509 2457 1510 2458 1511 2458 1509 2458 1509 2459 1511 2459 1512 2459 1513 2460 1514 2460 1515 2460 1514 2461 1516 2461 1515 2461 1515 2462 1516 2462 1505 2462 1516 2463 1517 2463 1505 2463 1505 2464 1517 2464 1506 2464 1515 2465 1518 2465 1513 2465 1518 2466 1519 2466 1513 2466 1513 2467 1519 2467 1520 2467 1519 2468 1521 2468 1520 2468 1511 2469 1522 2469 1512 2469 1522 2470 1523 2470 1512 2470 1512 2471 1523 2471 1524 2471 1523 2472 1525 2472 1524 2472 1524 2473 1525 2473 1526 2473 1525 2474 1527 2474 1526 2474 1526 2475 1527 2475 1528 2475 1521 2476 1519 2476 1529 2476 1519 2477 1530 2477 1529 2477 1529 2478 1530 2478 1531 2478 1530 2479 1532 2479 1531 2479 1531 2480 1532 2480 1533 2480 1527 2481 1534 2481 1528 2481 1534 2482 1535 2482 1528 2482 1528 2483 1535 2483 1536 2483 1533 2484 1532 2484 1537 2484 1532 2485 1538 2485 1537 2485 1537 2486 1538 2486 1539 2486 1538 2487 1540 2487 1539 2487 1539 2488 1540 2488 1541 2488 1535 2489 1542 2489 1536 2489 1542 2490 1543 2490 1536 2490 1536 2491 1543 2491 1544 2491 1543 2492 1545 2492 1544 2492 1544 2493 1545 2493 1546 2493 1545 2494 1547 2494 1546 2494 1548 2495 1549 2495 1550 2495 1549 2496 1546 2496 1550 2496 1550 2497 1546 2497 1551 2497 1546 2498 1547 2498 1551 2498 1450 2499 1452 2499 1456 2499 1452 2500 1552 2500 1456 2500 1456 2501 1552 2501 1553 2501 1552 2502 1554 2502 1553 2502 1553 2503 1554 2503 1555 2503 1554 2504 1556 2504 1555 2504 1555 2505 1556 2505 1557 2505 1556 2506 1558 2506 1557 2506 1557 2507 1558 2507 1559 2507 1558 2508 1560 2508 1559 2508 1559 2509 1560 2509 1561 2509 1560 2510 1562 2510 1561 2510 1561 2511 1562 2511 1563 2511 1562 2512 1564 2512 1563 2512 1563 2513 1564 2513 1565 2513 1564 2514 1566 2514 1565 2514 1565 2515 1566 2515 1567 2515 1566 2516 1568 2516 1567 2516 1567 2517 1568 2517 1569 2517 1568 2518 1570 2518 1569 2518 1569 2519 1570 2519 1571 2519 1570 2520 1572 2520 1571 2520 1571 2521 1572 2521 1573 2521 1572 2522 1574 2522 1573 2522 1573 2523 1574 2523 1575 2523 1574 2524 1576 2524 1575 2524 1575 2525 1576 2525 1577 2525 1576 2526 1578 2526 1577 2526 1577 2527 1578 2527 1579 2527 1578 2528 1580 2528 1579 2528 1579 2529 1580 2529 1581 2529 1580 2530 1582 2530 1581 2530 1581 2531 1582 2531 1583 2531 1582 2532 1584 2532 1583 2532 1583 2533 1584 2533 1585 2533 1548 2534 1431 2534 1549 2534 1431 2535 1433 2535 1549 2535 1549 2536 1433 2536 1439 2536 1439 2537 1584 2537 1549 2537 1584 2538 1582 2538 1549 2538 1549 2539 1582 2539 1546 2539 1582 2540 1580 2540 1546 2540 1546 2541 1580 2541 1544 2541 1580 2542 1578 2542 1544 2542 1544 2543 1578 2543 1536 2543 1578 2544 1576 2544 1536 2544 1536 2545 1576 2545 1528 2545 1576 2546 1574 2546 1528 2546 1528 2547 1574 2547 1526 2547 1574 2548 1572 2548 1526 2548 1526 2549 1572 2549 1524 2549 1572 2550 1570 2550 1524 2550 1524 2551 1570 2551 1512 2551 1570 2552 1568 2552 1512 2552 1512 2553 1568 2553 1509 2553 1568 2554 1566 2554 1509 2554 1509 2555 1566 2555 1499 2555 1566 2556 1564 2556 1499 2556 1499 2557 1564 2557 1497 2557 1564 2558 1562 2558 1497 2558 1497 2559 1562 2559 1493 2559 1562 2560 1560 2560 1493 2560 1493 2561 1560 2561 1483 2561 1560 2562 1558 2562 1483 2562 1483 2563 1558 2563 1481 2563 1558 2564 1556 2564 1481 2564 1481 2565 1556 2565 1479 2565 1556 2566 1554 2566 1479 2566 1479 2567 1554 2567 1470 2567 1554 2568 1552 2568 1470 2568 1470 2569 1552 2569 1460 2569 1552 2570 1452 2570 1460 2570 1460 2571 1452 2571 1461 2571 1452 2572 1453 2572 1461 2572 1461 2573 1453 2573 1463 2573 1439 2574 1438 2574 1584 2574 1438 2575 1436 2575 1584 2575 1584 2576 1436 2576 1585 2576 1436 2577 1435 2577 1585 2577 1585 2578 1435 2578 1440 2578 1454 2579 1456 2579 1457 2579 1456 2580 1553 2580 1457 2580 1457 2581 1553 2581 1465 2581 1553 2582 1555 2582 1465 2582 1465 2583 1555 2583 1474 2583 1555 2584 1557 2584 1474 2584 1474 2585 1557 2585 1472 2585 1557 2586 1559 2586 1472 2586 1472 2587 1559 2587 1488 2587 1559 2588 1561 2588 1488 2588 1488 2589 1561 2589 1486 2589 1561 2590 1563 2590 1486 2590 1486 2591 1563 2591 1501 2591 1563 2592 1565 2592 1501 2592 1501 2593 1565 2593 1503 2593 1565 2594 1567 2594 1503 2594 1503 2595 1567 2595 1505 2595 1567 2596 1569 2596 1505 2596 1505 2597 1569 2597 1515 2597 1569 2598 1571 2598 1515 2598 1515 2599 1571 2599 1518 2599 1571 2600 1573 2600 1518 2600 1518 2601 1573 2601 1519 2601 1573 2602 1575 2602 1519 2602 1519 2603 1575 2603 1530 2603 1575 2604 1577 2604 1530 2604 1530 2605 1577 2605 1532 2605 1577 2606 1579 2606 1532 2606 1532 2607 1579 2607 1538 2607 1579 2608 1581 2608 1538 2608 1538 2609 1581 2609 1540 2609 1581 2610 1583 2610 1540 2610 1540 2611 1583 2611 1586 2611 1583 2612 1585 2612 1586 2612 1586 2613 1585 2613 1587 2613 1585 2614 1440 2614 1587 2614 1587 2615 1440 2615 1442 2615 1541 2616 1540 2616 1588 2616 1540 2617 1586 2617 1588 2617 1588 2618 1586 2618 1589 2618 1586 2619 1587 2619 1589 2619 1589 2620 1587 2620 1590 2620 1587 2621 1442 2621 1590 2621 1590 2622 1442 2622 1444 2622 1591 2623 1592 2623 1593 2623 1592 2624 1594 2624 1593 2624 1595 2625 1596 2625 1597 2625 1596 2626 1591 2626 1597 2626 1598 2627 1599 2627 1595 2627 1599 2628 1598 2628 1600 2628 1601 2629 1602 2629 1603 2629 1602 2630 1604 2630 1603 2630 1603 2631 1604 2631 1605 2631 1606 2632 1607 2632 1598 2632 1607 2633 1608 2633 1598 2633 1598 2634 1608 2634 1600 2634 1603 2635 1609 2635 1601 2635 1609 2636 1610 2636 1601 2636 1601 2637 1610 2637 1611 2637 1610 2638 1612 2638 1611 2638 1613 2639 1614 2639 1615 2639 1614 2640 1616 2640 1615 2640 1615 2641 1616 2641 1606 2641 1616 2642 1617 2642 1606 2642 1606 2643 1617 2643 1607 2643 1612 2644 1618 2644 1611 2644 1618 2645 1619 2645 1611 2645 1611 2646 1619 2646 1620 2646 1619 2647 1621 2647 1620 2647 1620 2648 1621 2648 1622 2648 1621 2649 1623 2649 1622 2649 1622 2650 1623 2650 1624 2650 1625 2651 1626 2651 1627 2651 1626 2652 1628 2652 1627 2652 1627 2653 1628 2653 1629 2653 1628 2654 1630 2654 1629 2654 1629 2655 1630 2655 1613 2655 1630 2656 1631 2656 1613 2656 1613 2657 1631 2657 1614 2657 1623 2658 1632 2658 1624 2658 1632 2659 1633 2659 1624 2659 1624 2660 1633 2660 1634 2660 1633 2661 1635 2661 1634 2661 1635 2662 1636 2662 1634 2662 1636 2663 1637 2663 1634 2663 1634 2664 1637 2664 1638 2664 1637 2665 1639 2665 1638 2665 1638 2666 1639 2666 1640 2666 1625 2667 1627 2667 1641 2667 1627 2668 1642 2668 1641 2668 1641 2669 1642 2669 1643 2669 1642 2670 1644 2670 1643 2670 1643 2671 1644 2671 1645 2671 1644 2672 1646 2672 1645 2672 1645 2673 1646 2673 1647 2673 1639 2674 1648 2674 1640 2674 1648 2675 1649 2675 1640 2675 1640 2676 1649 2676 1650 2676 1649 2677 1651 2677 1650 2677 1651 2678 1652 2678 1650 2678 1650 2679 1652 2679 1653 2679 1654 2680 1655 2680 1656 2680 1655 2681 1657 2681 1656 2681 1656 2682 1657 2682 1646 2682 1657 2683 1658 2683 1646 2683 1646 2684 1658 2684 1647 2684 1656 2685 1659 2685 1654 2685 1659 2686 1660 2686 1654 2686 1654 2687 1660 2687 1661 2687 1660 2688 1662 2688 1661 2688 1652 2689 1663 2689 1653 2689 1663 2690 1664 2690 1653 2690 1653 2691 1664 2691 1665 2691 1664 2692 1666 2692 1665 2692 1665 2693 1666 2693 1667 2693 1666 2694 1668 2694 1667 2694 1667 2695 1668 2695 1669 2695 1662 2696 1660 2696 1670 2696 1660 2697 1671 2697 1670 2697 1670 2698 1671 2698 1672 2698 1671 2699 1673 2699 1672 2699 1672 2700 1673 2700 1674 2700 1668 2701 1675 2701 1669 2701 1675 2702 1676 2702 1669 2702 1669 2703 1676 2703 1677 2703 1674 2704 1673 2704 1678 2704 1673 2705 1679 2705 1678 2705 1678 2706 1679 2706 1680 2706 1679 2707 1681 2707 1680 2707 1680 2708 1681 2708 1682 2708 1676 2709 1683 2709 1677 2709 1683 2710 1684 2710 1677 2710 1677 2711 1684 2711 1685 2711 1684 2712 1686 2712 1685 2712 1685 2713 1686 2713 1687 2713 1686 2714 1688 2714 1687 2714 1689 2715 1690 2715 1691 2715 1690 2716 1687 2716 1691 2716 1691 2717 1687 2717 1692 2717 1687 2718 1688 2718 1692 2718 1591 2719 1593 2719 1597 2719 1593 2720 1693 2720 1597 2720 1597 2721 1693 2721 1694 2721 1693 2722 1695 2722 1694 2722 1694 2723 1695 2723 1696 2723 1695 2724 1697 2724 1696 2724 1696 2725 1697 2725 1698 2725 1697 2726 1699 2726 1698 2726 1698 2727 1699 2727 1700 2727 1699 2728 1701 2728 1700 2728 1700 2729 1701 2729 1702 2729 1701 2730 1703 2730 1702 2730 1702 2731 1703 2731 1704 2731 1703 2732 1705 2732 1704 2732 1704 2733 1705 2733 1706 2733 1705 2734 1707 2734 1706 2734 1706 2735 1707 2735 1708 2735 1707 2736 1709 2736 1708 2736 1708 2737 1709 2737 1710 2737 1709 2738 1711 2738 1710 2738 1710 2739 1711 2739 1712 2739 1711 2740 1713 2740 1712 2740 1712 2741 1713 2741 1714 2741 1713 2742 1715 2742 1714 2742 1714 2743 1715 2743 1716 2743 1715 2744 1717 2744 1716 2744 1716 2745 1717 2745 1718 2745 1717 2746 1719 2746 1718 2746 1718 2747 1719 2747 1720 2747 1719 2748 1721 2748 1720 2748 1720 2749 1721 2749 1722 2749 1721 2750 1723 2750 1722 2750 1722 2751 1723 2751 1724 2751 1723 2752 1725 2752 1724 2752 1724 2753 1725 2753 1726 2753 1689 2754 1727 2754 1690 2754 1727 2755 1728 2755 1690 2755 1690 2756 1728 2756 1729 2756 1729 2757 1725 2757 1690 2757 1725 2758 1723 2758 1690 2758 1690 2759 1723 2759 1687 2759 1723 2760 1721 2760 1687 2760 1687 2761 1721 2761 1685 2761 1721 2762 1719 2762 1685 2762 1685 2763 1719 2763 1677 2763 1719 2764 1717 2764 1677 2764 1677 2765 1717 2765 1669 2765 1717 2766 1715 2766 1669 2766 1669 2767 1715 2767 1667 2767 1715 2768 1713 2768 1667 2768 1667 2769 1713 2769 1665 2769 1713 2770 1711 2770 1665 2770 1665 2771 1711 2771 1653 2771 1711 2772 1709 2772 1653 2772 1653 2773 1709 2773 1650 2773 1709 2774 1707 2774 1650 2774 1650 2775 1707 2775 1640 2775 1707 2776 1705 2776 1640 2776 1640 2777 1705 2777 1638 2777 1705 2778 1703 2778 1638 2778 1638 2779 1703 2779 1634 2779 1703 2780 1701 2780 1634 2780 1634 2781 1701 2781 1624 2781 1701 2782 1699 2782 1624 2782 1624 2783 1699 2783 1622 2783 1699 2784 1697 2784 1622 2784 1622 2785 1697 2785 1620 2785 1697 2786 1695 2786 1620 2786 1620 2787 1695 2787 1611 2787 1695 2788 1693 2788 1611 2788 1611 2789 1693 2789 1601 2789 1693 2790 1593 2790 1601 2790 1601 2791 1593 2791 1602 2791 1593 2792 1594 2792 1602 2792 1602 2793 1594 2793 1604 2793 1729 2794 1730 2794 1725 2794 1730 2795 1731 2795 1725 2795 1725 2796 1731 2796 1726 2796 1731 2797 1732 2797 1726 2797 1726 2798 1732 2798 1733 2798 1595 2799 1597 2799 1598 2799 1597 2800 1694 2800 1598 2800 1598 2801 1694 2801 1606 2801 1694 2802 1696 2802 1606 2802 1606 2803 1696 2803 1615 2803 1696 2804 1698 2804 1615 2804 1615 2805 1698 2805 1613 2805 1698 2806 1700 2806 1613 2806 1613 2807 1700 2807 1629 2807 1700 2808 1702 2808 1629 2808 1629 2809 1702 2809 1627 2809 1702 2810 1704 2810 1627 2810 1627 2811 1704 2811 1642 2811 1704 2812 1706 2812 1642 2812 1642 2813 1706 2813 1644 2813 1706 2814 1708 2814 1644 2814 1644 2815 1708 2815 1646 2815 1708 2816 1710 2816 1646 2816 1646 2817 1710 2817 1656 2817 1710 2818 1712 2818 1656 2818 1656 2819 1712 2819 1659 2819 1712 2820 1714 2820 1659 2820 1659 2821 1714 2821 1660 2821 1714 2822 1716 2822 1660 2822 1660 2823 1716 2823 1671 2823 1716 2824 1718 2824 1671 2824 1671 2825 1718 2825 1673 2825 1718 2826 1720 2826 1673 2826 1673 2827 1720 2827 1679 2827 1720 2828 1722 2828 1679 2828 1679 2829 1722 2829 1681 2829 1722 2830 1724 2830 1681 2830 1681 2831 1724 2831 1734 2831 1724 2832 1726 2832 1734 2832 1734 2833 1726 2833 1735 2833 1726 2834 1733 2834 1735 2834 1735 2835 1733 2835 1736 2835 1682 2836 1681 2836 1737 2836 1681 2837 1734 2837 1737 2837 1737 2838 1734 2838 1738 2838 1734 2839 1735 2839 1738 2839 1738 2840 1735 2840 1739 2840 1735 2841 1736 2841 1739 2841 1739 2842 1736 2842 1740 2842 1741 2843 1742 2843 1743 2843 1744 2844 1745 2844 1746 2844 1745 2845 1747 2845 1746 2845 1746 2846 1747 2846 1748 2846 1747 2847 1749 2847 1748 2847 1748 2848 1749 2848 1750 2848 1745 2849 1430 2849 1426 2849 1745 2850 1426 2850 1747 2850 1426 2851 1423 2851 1747 2851 1747 2852 1423 2852 1749 2852 1423 2853 1422 2853 1749 2853 1749 2854 1422 2854 1421 2854 1421 2855 1420 2855 1749 2855 1420 2856 1741 2856 1749 2856 1749 2857 1741 2857 1750 2857 1741 2858 1743 2858 1750 2858 1417 2859 1742 2859 1418 2859 1742 2860 1741 2860 1418 2860 1418 2861 1741 2861 1419 2861 1741 2862 1420 2862 1419 2862 1751 2863 1752 2863 1753 2863 1754 2864 1755 2864 1756 2864 1757 2865 1758 2865 1759 2865 1760 2866 1761 2866 1762 2866 1763 2867 1764 2867 1765 2867 1766 2868 1767 2868 1768 2868 1769 2869 1770 2869 1771 2869 1772 2870 1773 2870 1774 2870 1773 2871 1775 2871 1774 2871 1775 2872 1776 2872 1774 2872 1774 2873 1776 2873 1777 2873 1776 2874 1778 2874 1777 2874 1777 2875 1778 2875 1779 2875 1778 2876 1780 2876 1779 2876 1779 2877 1780 2877 1781 2877 1780 2878 1782 2878 1781 2878 1781 2879 1782 2879 1783 2879 1782 2880 1784 2880 1783 2880 1783 2881 1784 2881 1785 2881 1784 2882 1786 2882 1785 2882 1785 2883 1786 2883 1787 2883 1786 2884 1788 2884 1787 2884 1787 2885 1788 2885 1789 2885 1788 2886 1790 2886 1789 2886 1789 2887 1790 2887 1791 2887 1790 2888 1792 2888 1791 2888 1791 2889 1792 2889 1793 2889 1792 2890 1794 2890 1793 2890 1793 2891 1794 2891 1795 2891 1794 2892 1796 2892 1795 2892 1770 2893 1772 2893 1771 2893 1772 2894 1774 2894 1771 2894 1771 2895 1774 2895 1797 2895 1774 2896 1777 2896 1797 2896 1797 2897 1777 2897 1798 2897 1777 2898 1779 2898 1798 2898 1798 2899 1779 2899 1799 2899 1779 2900 1781 2900 1799 2900 1799 2901 1781 2901 1800 2901 1781 2902 1783 2902 1800 2902 1800 2903 1783 2903 1801 2903 1783 2904 1785 2904 1801 2904 1801 2905 1785 2905 1802 2905 1785 2906 1787 2906 1802 2906 1802 2907 1787 2907 1803 2907 1787 2908 1789 2908 1803 2908 1803 2909 1789 2909 1804 2909 1789 2910 1791 2910 1804 2910 1804 2911 1791 2911 1805 2911 1791 2912 1793 2912 1805 2912 1805 2913 1793 2913 1806 2913 1793 2914 1795 2914 1806 2914 1767 2915 1769 2915 1768 2915 1769 2916 1771 2916 1768 2916 1768 2917 1771 2917 1807 2917 1771 2918 1797 2918 1807 2918 1807 2919 1797 2919 1808 2919 1797 2920 1798 2920 1808 2920 1808 2921 1798 2921 1809 2921 1798 2922 1799 2922 1809 2922 1809 2923 1799 2923 1810 2923 1799 2924 1800 2924 1810 2924 1810 2925 1800 2925 1811 2925 1800 2926 1801 2926 1811 2926 1811 2927 1801 2927 1812 2927 1801 2928 1802 2928 1812 2928 1812 2929 1802 2929 1813 2929 1802 2930 1803 2930 1813 2930 1813 2931 1803 2931 1814 2931 1803 2932 1804 2932 1814 2932 1814 2933 1804 2933 1815 2933 1804 2934 1805 2934 1815 2934 1815 2935 1805 2935 1816 2935 1805 2936 1806 2936 1816 2936 1764 2937 1766 2937 1765 2937 1766 2938 1768 2938 1765 2938 1765 2939 1768 2939 1817 2939 1768 2940 1807 2940 1817 2940 1817 2941 1807 2941 1818 2941 1807 2942 1808 2942 1818 2942 1818 2943 1808 2943 1819 2943 1808 2944 1809 2944 1819 2944 1819 2945 1809 2945 1820 2945 1809 2946 1810 2946 1820 2946 1820 2947 1810 2947 1821 2947 1810 2948 1811 2948 1821 2948 1821 2949 1811 2949 1822 2949 1811 2950 1812 2950 1822 2950 1822 2951 1812 2951 1823 2951 1812 2952 1813 2952 1823 2952 1823 2953 1813 2953 1824 2953 1813 2954 1814 2954 1824 2954 1824 2955 1814 2955 1825 2955 1814 2956 1815 2956 1825 2956 1825 2957 1815 2957 1826 2957 1815 2958 1816 2958 1826 2958 1827 2959 1763 2959 1828 2959 1763 2960 1765 2960 1828 2960 1828 2961 1765 2961 1829 2961 1765 2962 1817 2962 1829 2962 1829 2963 1817 2963 1830 2963 1817 2964 1818 2964 1830 2964 1830 2965 1818 2965 1831 2965 1818 2966 1819 2966 1831 2966 1831 2967 1819 2967 1832 2967 1819 2968 1820 2968 1832 2968 1832 2969 1820 2969 1833 2969 1820 2970 1821 2970 1833 2970 1833 2971 1821 2971 1834 2971 1821 2972 1822 2972 1834 2972 1834 2973 1822 2973 1835 2973 1822 2974 1823 2974 1835 2974 1835 2975 1823 2975 1836 2975 1823 2976 1824 2976 1836 2976 1836 2977 1824 2977 1837 2977 1824 2978 1825 2978 1837 2978 1837 2979 1825 2979 1838 2979 1825 2980 1826 2980 1838 2980 1761 2981 1827 2981 1762 2981 1827 2982 1828 2982 1762 2982 1762 2983 1828 2983 1839 2983 1828 2984 1829 2984 1839 2984 1839 2985 1829 2985 1840 2985 1829 2986 1830 2986 1840 2986 1840 2987 1830 2987 1841 2987 1830 2988 1831 2988 1841 2988 1841 2989 1831 2989 1842 2989 1831 2990 1832 2990 1842 2990 1842 2991 1832 2991 1843 2991 1832 2992 1833 2992 1843 2992 1843 2993 1833 2993 1844 2993 1833 2994 1834 2994 1844 2994 1844 2995 1834 2995 1845 2995 1834 2996 1835 2996 1845 2996 1845 2997 1835 2997 1846 2997 1835 2998 1836 2998 1846 2998 1846 2999 1836 2999 1847 2999 1836 3000 1837 3000 1847 3000 1847 3001 1837 3001 1848 3001 1837 3002 1838 3002 1848 3002 1849 3003 1760 3003 1850 3003 1760 3004 1762 3004 1850 3004 1850 3005 1762 3005 1851 3005 1762 3006 1839 3006 1851 3006 1851 3007 1839 3007 1852 3007 1839 3008 1840 3008 1852 3008 1852 3009 1840 3009 1853 3009 1840 3010 1841 3010 1853 3010 1853 3011 1841 3011 1854 3011 1841 3012 1842 3012 1854 3012 1854 3013 1842 3013 1855 3013 1842 3014 1843 3014 1855 3014 1855 3015 1843 3015 1856 3015 1843 3016 1844 3016 1856 3016 1856 3017 1844 3017 1857 3017 1844 3018 1845 3018 1857 3018 1857 3019 1845 3019 1858 3019 1845 3020 1846 3020 1858 3020 1858 3021 1846 3021 1859 3021 1846 3022 1847 3022 1859 3022 1859 3023 1847 3023 1860 3023 1847 3024 1848 3024 1860 3024 1860 3025 1861 3025 1859 3025 1861 3026 1862 3026 1859 3026 1859 3027 1862 3027 1858 3027 1862 3028 1863 3028 1858 3028 1858 3029 1863 3029 1857 3029 1863 3030 1864 3030 1857 3030 1857 3031 1864 3031 1856 3031 1864 3032 1865 3032 1856 3032 1856 3033 1865 3033 1855 3033 1865 3034 1866 3034 1855 3034 1855 3035 1866 3035 1854 3035 1866 3036 1867 3036 1854 3036 1854 3037 1867 3037 1853 3037 1867 3038 1868 3038 1853 3038 1853 3039 1868 3039 1852 3039 1868 3040 1869 3040 1852 3040 1852 3041 1869 3041 1851 3041 1869 3042 1870 3042 1851 3042 1851 3043 1870 3043 1850 3043 1870 3044 1871 3044 1850 3044 1872 3045 1873 3045 1874 3045 1873 3046 1871 3046 1874 3046 1874 3047 1871 3047 1875 3047 1871 3048 1870 3048 1875 3048 1875 3049 1870 3049 1876 3049 1870 3050 1869 3050 1876 3050 1876 3051 1869 3051 1877 3051 1869 3052 1868 3052 1877 3052 1877 3053 1868 3053 1878 3053 1868 3054 1867 3054 1878 3054 1878 3055 1867 3055 1879 3055 1867 3056 1866 3056 1879 3056 1879 3057 1866 3057 1880 3057 1866 3058 1865 3058 1880 3058 1880 3059 1865 3059 1881 3059 1865 3060 1864 3060 1881 3060 1881 3061 1864 3061 1882 3061 1864 3062 1863 3062 1882 3062 1882 3063 1863 3063 1883 3063 1863 3064 1862 3064 1883 3064 1883 3065 1862 3065 1884 3065 1862 3066 1861 3066 1884 3066 1873 3067 1885 3067 1871 3067 1885 3068 1886 3068 1871 3068 1871 3069 1886 3069 1850 3069 1886 3070 1887 3070 1850 3070 1850 3071 1887 3071 1849 3071 1758 3072 1872 3072 1759 3072 1872 3073 1874 3073 1759 3073 1759 3074 1874 3074 1888 3074 1874 3075 1875 3075 1888 3075 1888 3076 1875 3076 1889 3076 1875 3077 1876 3077 1889 3077 1889 3078 1876 3078 1890 3078 1876 3079 1877 3079 1890 3079 1890 3080 1877 3080 1891 3080 1877 3081 1878 3081 1891 3081 1891 3082 1878 3082 1892 3082 1878 3083 1879 3083 1892 3083 1892 3084 1879 3084 1893 3084 1879 3085 1880 3085 1893 3085 1893 3086 1880 3086 1894 3086 1880 3087 1881 3087 1894 3087 1894 3088 1881 3088 1895 3088 1881 3089 1882 3089 1895 3089 1895 3090 1882 3090 1896 3090 1882 3091 1883 3091 1896 3091 1896 3092 1883 3092 1897 3092 1883 3093 1884 3093 1897 3093 1755 3094 1757 3094 1756 3094 1757 3095 1759 3095 1756 3095 1756 3096 1759 3096 1898 3096 1759 3097 1888 3097 1898 3097 1898 3098 1888 3098 1899 3098 1888 3099 1889 3099 1899 3099 1899 3100 1889 3100 1900 3100 1889 3101 1890 3101 1900 3101 1900 3102 1890 3102 1901 3102 1890 3103 1891 3103 1901 3103 1901 3104 1891 3104 1902 3104 1891 3105 1892 3105 1902 3105 1902 3106 1892 3106 1903 3106 1892 3107 1893 3107 1903 3107 1903 3108 1893 3108 1904 3108 1893 3109 1894 3109 1904 3109 1904 3110 1894 3110 1905 3110 1894 3111 1895 3111 1905 3111 1905 3112 1895 3112 1906 3112 1895 3113 1896 3113 1906 3113 1906 3114 1896 3114 1907 3114 1896 3115 1897 3115 1907 3115 1752 3116 1754 3116 1753 3116 1754 3117 1756 3117 1753 3117 1753 3118 1756 3118 1908 3118 1756 3119 1898 3119 1908 3119 1908 3120 1898 3120 1909 3120 1898 3121 1899 3121 1909 3121 1909 3122 1899 3122 1910 3122 1899 3123 1900 3123 1910 3123 1910 3124 1900 3124 1911 3124 1900 3125 1901 3125 1911 3125 1911 3126 1901 3126 1912 3126 1901 3127 1902 3127 1912 3127 1912 3128 1902 3128 1913 3128 1902 3129 1903 3129 1913 3129 1913 3130 1903 3130 1914 3130 1903 3131 1904 3131 1914 3131 1914 3132 1904 3132 1915 3132 1904 3133 1905 3133 1915 3133 1915 3134 1905 3134 1916 3134 1905 3135 1906 3135 1916 3135 1916 3136 1906 3136 1917 3136 1906 3137 1907 3137 1917 3137 1918 3138 1751 3138 1919 3138 1751 3139 1753 3139 1919 3139 1919 3140 1753 3140 1920 3140 1753 3141 1908 3141 1920 3141 1920 3142 1908 3142 1921 3142 1908 3143 1909 3143 1921 3143 1921 3144 1909 3144 1922 3144 1909 3145 1910 3145 1922 3145 1922 3146 1910 3146 1923 3146 1910 3147 1911 3147 1923 3147 1923 3148 1911 3148 1924 3148 1911 3149 1912 3149 1924 3149 1924 3150 1912 3150 1925 3150 1912 3151 1913 3151 1925 3151 1925 3152 1913 3152 1926 3152 1913 3153 1914 3153 1926 3153 1926 3154 1914 3154 1927 3154 1914 3155 1915 3155 1927 3155 1927 3156 1915 3156 1928 3156 1915 3157 1916 3157 1928 3157 1928 3158 1916 3158 1929 3158 1916 3159 1917 3159 1929 3159 1930 3160 1918 3160 1931 3160 1918 3161 1919 3161 1931 3161 1931 3162 1919 3162 1932 3162 1919 3163 1920 3163 1932 3163 1932 3164 1920 3164 1933 3164 1920 3165 1921 3165 1933 3165 1933 3166 1921 3166 1934 3166 1921 3167 1922 3167 1934 3167 1934 3168 1922 3168 1935 3168 1922 3169 1923 3169 1935 3169 1935 3170 1923 3170 1936 3170 1923 3171 1924 3171 1936 3171 1936 3172 1924 3172 1937 3172 1924 3173 1925 3173 1937 3173 1937 3174 1925 3174 1938 3174 1925 3175 1926 3175 1938 3175 1938 3176 1926 3176 1939 3176 1926 3177 1927 3177 1939 3177 1939 3178 1927 3178 1940 3178 1927 3179 1928 3179 1940 3179 1940 3180 1928 3180 1941 3180 1928 3181 1929 3181 1941 3181 1942 3182 1930 3182 1943 3182 1930 3183 1931 3183 1943 3183 1943 3184 1931 3184 1944 3184 1931 3185 1932 3185 1944 3185 1944 3186 1932 3186 1945 3186 1932 3187 1933 3187 1945 3187 1945 3188 1933 3188 1946 3188 1933 3189 1934 3189 1946 3189 1946 3190 1934 3190 1947 3190 1934 3191 1935 3191 1947 3191 1947 3192 1935 3192 1948 3192 1935 3193 1936 3193 1948 3193 1948 3194 1936 3194 1949 3194 1936 3195 1937 3195 1949 3195 1949 3196 1937 3196 1950 3196 1937 3197 1938 3197 1950 3197 1950 3198 1938 3198 1951 3198 1938 3199 1939 3199 1951 3199 1951 3200 1939 3200 1952 3200 1939 3201 1940 3201 1952 3201 1952 3202 1940 3202 1953 3202 1940 3203 1941 3203 1953 3203 1727 3204 1954 3204 1728 3204 1954 3205 1955 3205 1728 3205 1732 3206 1731 3206 1956 3206 1731 3207 1730 3207 1956 3207 1956 3208 1730 3208 1955 3208 1730 3209 1729 3209 1955 3209 1955 3210 1729 3210 1728 3210 1732 3211 1956 3211 1733 3211 1956 3212 1957 3212 1733 3212 1733 3213 1957 3213 1736 3213 1957 3214 1958 3214 1736 3214 1736 3215 1958 3215 1740 3215 1959 3216 1958 3216 1960 3216 1958 3217 1957 3217 1960 3217 1960 3218 1957 3218 1961 3218 1957 3219 1956 3219 1961 3219 1961 3220 1956 3220 1962 3220 1956 3221 1955 3221 1962 3221 1962 3222 1955 3222 1963 3222 1955 3223 1954 3223 1963 3223 1964 3224 1965 3224 1966 3224 1967 3225 1968 3225 1969 3225 1970 3226 1971 3226 1972 3226 1973 3227 1974 3227 1975 3227 1976 3228 1977 3228 1978 3228 1979 3229 1980 3229 1981 3229 1982 3230 1983 3230 1984 3230 1985 3231 1986 3231 1987 3231 1986 3232 1988 3232 1987 3232 1988 3233 1989 3233 1987 3233 1987 3234 1989 3234 1990 3234 1989 3235 1991 3235 1990 3235 1990 3236 1991 3236 1992 3236 1991 3237 1993 3237 1992 3237 1992 3238 1993 3238 1994 3238 1993 3239 1995 3239 1994 3239 1994 3240 1995 3240 1996 3240 1995 3241 1997 3241 1996 3241 1996 3242 1997 3242 1998 3242 1997 3243 1999 3243 1998 3243 1998 3244 1999 3244 2000 3244 1999 3245 2001 3245 2000 3245 2000 3246 2001 3246 2002 3246 2001 3247 2003 3247 2002 3247 2002 3248 2003 3248 2004 3248 2003 3249 2005 3249 2004 3249 2004 3250 2005 3250 2006 3250 2005 3251 2007 3251 2006 3251 2006 3252 2007 3252 2008 3252 2007 3253 2009 3253 2008 3253 1983 3254 1985 3254 1984 3254 1985 3255 1987 3255 1984 3255 1984 3256 1987 3256 2010 3256 1987 3257 1990 3257 2010 3257 2010 3258 1990 3258 2011 3258 1990 3259 1992 3259 2011 3259 2011 3260 1992 3260 2012 3260 1992 3261 1994 3261 2012 3261 2012 3262 1994 3262 2013 3262 1994 3263 1996 3263 2013 3263 2013 3264 1996 3264 2014 3264 1996 3265 1998 3265 2014 3265 2014 3266 1998 3266 2015 3266 1998 3267 2000 3267 2015 3267 2015 3268 2000 3268 2016 3268 2000 3269 2002 3269 2016 3269 2016 3270 2002 3270 2017 3270 2002 3271 2004 3271 2017 3271 2017 3272 2004 3272 2018 3272 2004 3273 2006 3273 2018 3273 2018 3274 2006 3274 2019 3274 2006 3275 2008 3275 2019 3275 1980 3276 1982 3276 1981 3276 1982 3277 1984 3277 1981 3277 1981 3278 1984 3278 2020 3278 1984 3279 2010 3279 2020 3279 2020 3280 2010 3280 2021 3280 2010 3281 2011 3281 2021 3281 2021 3282 2011 3282 2022 3282 2011 3283 2012 3283 2022 3283 2022 3284 2012 3284 2023 3284 2012 3285 2013 3285 2023 3285 2023 3286 2013 3286 2024 3286 2013 3287 2014 3287 2024 3287 2024 3288 2014 3288 2025 3288 2014 3289 2015 3289 2025 3289 2025 3290 2015 3290 2026 3290 2015 3291 2016 3291 2026 3291 2026 3292 2016 3292 2027 3292 2016 3293 2017 3293 2027 3293 2027 3294 2017 3294 2028 3294 2017 3295 2018 3295 2028 3295 2028 3296 2018 3296 2029 3296 2018 3297 2019 3297 2029 3297 1977 3298 1979 3298 1978 3298 1979 3299 1981 3299 1978 3299 1978 3300 1981 3300 2030 3300 1981 3301 2020 3301 2030 3301 2030 3302 2020 3302 2031 3302 2020 3303 2021 3303 2031 3303 2031 3304 2021 3304 2032 3304 2021 3305 2022 3305 2032 3305 2032 3306 2022 3306 2033 3306 2022 3307 2023 3307 2033 3307 2033 3308 2023 3308 2034 3308 2023 3309 2024 3309 2034 3309 2034 3310 2024 3310 2035 3310 2024 3311 2025 3311 2035 3311 2035 3312 2025 3312 2036 3312 2025 3313 2026 3313 2036 3313 2036 3314 2026 3314 2037 3314 2026 3315 2027 3315 2037 3315 2037 3316 2027 3316 2038 3316 2027 3317 2028 3317 2038 3317 2038 3318 2028 3318 2039 3318 2028 3319 2029 3319 2039 3319 2040 3320 1976 3320 2041 3320 1976 3321 1978 3321 2041 3321 2041 3322 1978 3322 2042 3322 1978 3323 2030 3323 2042 3323 2042 3324 2030 3324 2043 3324 2030 3325 2031 3325 2043 3325 2043 3326 2031 3326 2044 3326 2031 3327 2032 3327 2044 3327 2044 3328 2032 3328 2045 3328 2032 3329 2033 3329 2045 3329 2045 3330 2033 3330 2046 3330 2033 3331 2034 3331 2046 3331 2046 3332 2034 3332 2047 3332 2034 3333 2035 3333 2047 3333 2047 3334 2035 3334 2048 3334 2035 3335 2036 3335 2048 3335 2048 3336 2036 3336 2049 3336 2036 3337 2037 3337 2049 3337 2049 3338 2037 3338 2050 3338 2037 3339 2038 3339 2050 3339 2050 3340 2038 3340 2051 3340 2038 3341 2039 3341 2051 3341 1974 3342 2040 3342 1975 3342 2040 3343 2041 3343 1975 3343 1975 3344 2041 3344 2052 3344 2041 3345 2042 3345 2052 3345 2052 3346 2042 3346 2053 3346 2042 3347 2043 3347 2053 3347 2053 3348 2043 3348 2054 3348 2043 3349 2044 3349 2054 3349 2054 3350 2044 3350 2055 3350 2044 3351 2045 3351 2055 3351 2055 3352 2045 3352 2056 3352 2045 3353 2046 3353 2056 3353 2056 3354 2046 3354 2057 3354 2046 3355 2047 3355 2057 3355 2057 3356 2047 3356 2058 3356 2047 3357 2048 3357 2058 3357 2058 3358 2048 3358 2059 3358 2048 3359 2049 3359 2059 3359 2059 3360 2049 3360 2060 3360 2049 3361 2050 3361 2060 3361 2060 3362 2050 3362 2061 3362 2050 3363 2051 3363 2061 3363 2062 3364 1973 3364 2063 3364 1973 3365 1975 3365 2063 3365 2063 3366 1975 3366 2064 3366 1975 3367 2052 3367 2064 3367 2064 3368 2052 3368 2065 3368 2052 3369 2053 3369 2065 3369 2065 3370 2053 3370 2066 3370 2053 3371 2054 3371 2066 3371 2066 3372 2054 3372 2067 3372 2054 3373 2055 3373 2067 3373 2067 3374 2055 3374 2068 3374 2055 3375 2056 3375 2068 3375 2068 3376 2056 3376 2069 3376 2056 3377 2057 3377 2069 3377 2069 3378 2057 3378 2070 3378 2057 3379 2058 3379 2070 3379 2070 3380 2058 3380 2071 3380 2058 3381 2059 3381 2071 3381 2071 3382 2059 3382 2072 3382 2059 3383 2060 3383 2072 3383 2072 3384 2060 3384 2073 3384 2060 3385 2061 3385 2073 3385 2073 3386 2074 3386 2072 3386 2074 3387 2075 3387 2072 3387 2072 3388 2075 3388 2071 3388 2075 3389 2076 3389 2071 3389 2071 3390 2076 3390 2070 3390 2076 3391 2077 3391 2070 3391 2070 3392 2077 3392 2069 3392 2077 3393 2078 3393 2069 3393 2069 3394 2078 3394 2068 3394 2078 3395 2079 3395 2068 3395 2068 3396 2079 3396 2067 3396 2079 3397 2080 3397 2067 3397 2067 3398 2080 3398 2066 3398 2080 3399 2081 3399 2066 3399 2066 3400 2081 3400 2065 3400 2081 3401 2082 3401 2065 3401 2065 3402 2082 3402 2064 3402 2082 3403 2083 3403 2064 3403 2064 3404 2083 3404 2063 3404 2083 3405 2084 3405 2063 3405 2085 3406 2086 3406 2087 3406 2086 3407 2084 3407 2087 3407 2087 3408 2084 3408 2088 3408 2084 3409 2083 3409 2088 3409 2088 3410 2083 3410 2089 3410 2083 3411 2082 3411 2089 3411 2089 3412 2082 3412 2090 3412 2082 3413 2081 3413 2090 3413 2090 3414 2081 3414 2091 3414 2081 3415 2080 3415 2091 3415 2091 3416 2080 3416 2092 3416 2080 3417 2079 3417 2092 3417 2092 3418 2079 3418 2093 3418 2079 3419 2078 3419 2093 3419 2093 3420 2078 3420 2094 3420 2078 3421 2077 3421 2094 3421 2094 3422 2077 3422 2095 3422 2077 3423 2076 3423 2095 3423 2095 3424 2076 3424 2096 3424 2076 3425 2075 3425 2096 3425 2096 3426 2075 3426 2097 3426 2075 3427 2074 3427 2097 3427 2086 3428 2098 3428 2084 3428 2098 3429 2099 3429 2084 3429 2084 3430 2099 3430 2063 3430 2099 3431 2100 3431 2063 3431 2063 3432 2100 3432 2062 3432 1971 3433 2085 3433 1972 3433 2085 3434 2087 3434 1972 3434 1972 3435 2087 3435 2101 3435 2087 3436 2088 3436 2101 3436 2101 3437 2088 3437 2102 3437 2088 3438 2089 3438 2102 3438 2102 3439 2089 3439 2103 3439 2089 3440 2090 3440 2103 3440 2103 3441 2090 3441 2104 3441 2090 3442 2091 3442 2104 3442 2104 3443 2091 3443 2105 3443 2091 3444 2092 3444 2105 3444 2105 3445 2092 3445 2106 3445 2092 3446 2093 3446 2106 3446 2106 3447 2093 3447 2107 3447 2093 3448 2094 3448 2107 3448 2107 3449 2094 3449 2108 3449 2094 3450 2095 3450 2108 3450 2108 3451 2095 3451 2109 3451 2095 3452 2096 3452 2109 3452 2109 3453 2096 3453 2110 3453 2096 3454 2097 3454 2110 3454 1968 3455 1970 3455 1969 3455 1970 3456 1972 3456 1969 3456 1969 3457 1972 3457 2111 3457 1972 3458 2101 3458 2111 3458 2111 3459 2101 3459 2112 3459 2101 3460 2102 3460 2112 3460 2112 3461 2102 3461 2113 3461 2102 3462 2103 3462 2113 3462 2113 3463 2103 3463 2114 3463 2103 3464 2104 3464 2114 3464 2114 3465 2104 3465 2115 3465 2104 3466 2105 3466 2115 3466 2115 3467 2105 3467 2116 3467 2105 3468 2106 3468 2116 3468 2116 3469 2106 3469 2117 3469 2106 3470 2107 3470 2117 3470 2117 3471 2107 3471 2118 3471 2107 3472 2108 3472 2118 3472 2118 3473 2108 3473 2119 3473 2108 3474 2109 3474 2119 3474 2119 3475 2109 3475 2120 3475 2109 3476 2110 3476 2120 3476 1965 3477 1967 3477 1966 3477 1967 3478 1969 3478 1966 3478 1966 3479 1969 3479 2121 3479 1969 3480 2111 3480 2121 3480 2121 3481 2111 3481 2122 3481 2111 3482 2112 3482 2122 3482 2122 3483 2112 3483 2123 3483 2112 3484 2113 3484 2123 3484 2123 3485 2113 3485 2124 3485 2113 3486 2114 3486 2124 3486 2124 3487 2114 3487 2125 3487 2114 3488 2115 3488 2125 3488 2125 3489 2115 3489 2126 3489 2115 3490 2116 3490 2126 3490 2126 3491 2116 3491 2127 3491 2116 3492 2117 3492 2127 3492 2127 3493 2117 3493 2128 3493 2117 3494 2118 3494 2128 3494 2128 3495 2118 3495 2129 3495 2118 3496 2119 3496 2129 3496 2129 3497 2119 3497 2130 3497 2119 3498 2120 3498 2130 3498 2131 3499 1964 3499 2132 3499 1964 3500 1966 3500 2132 3500 2132 3501 1966 3501 2133 3501 1966 3502 2121 3502 2133 3502 2133 3503 2121 3503 2134 3503 2121 3504 2122 3504 2134 3504 2134 3505 2122 3505 2135 3505 2122 3506 2123 3506 2135 3506 2135 3507 2123 3507 2136 3507 2123 3508 2124 3508 2136 3508 2136 3509 2124 3509 2137 3509 2124 3510 2125 3510 2137 3510 2137 3511 2125 3511 2138 3511 2125 3512 2126 3512 2138 3512 2138 3513 2126 3513 2139 3513 2126 3514 2127 3514 2139 3514 2139 3515 2127 3515 2140 3515 2127 3516 2128 3516 2140 3516 2140 3517 2128 3517 2141 3517 2128 3518 2129 3518 2141 3518 2141 3519 2129 3519 2142 3519 2129 3520 2130 3520 2142 3520 2143 3521 2131 3521 2144 3521 2131 3522 2132 3522 2144 3522 2144 3523 2132 3523 2145 3523 2132 3524 2133 3524 2145 3524 2145 3525 2133 3525 2146 3525 2133 3526 2134 3526 2146 3526 2146 3527 2134 3527 2147 3527 2134 3528 2135 3528 2147 3528 2147 3529 2135 3529 2148 3529 2135 3530 2136 3530 2148 3530 2148 3531 2136 3531 2149 3531 2136 3532 2137 3532 2149 3532 2149 3533 2137 3533 2150 3533 2137 3534 2138 3534 2150 3534 2150 3535 2138 3535 2151 3535 2138 3536 2139 3536 2151 3536 2151 3537 2139 3537 2152 3537 2139 3538 2140 3538 2152 3538 2152 3539 2140 3539 2153 3539 2140 3540 2141 3540 2153 3540 2153 3541 2141 3541 2154 3541 2141 3542 2142 3542 2154 3542 2155 3543 2143 3543 2156 3543 2143 3544 2144 3544 2156 3544 2156 3545 2144 3545 2157 3545 2144 3546 2145 3546 2157 3546 2157 3547 2145 3547 2158 3547 2145 3548 2146 3548 2158 3548 2158 3549 2146 3549 2159 3549 2146 3550 2147 3550 2159 3550 2159 3551 2147 3551 2160 3551 2147 3552 2148 3552 2160 3552 2160 3553 2148 3553 2161 3553 2148 3554 2149 3554 2161 3554 2161 3555 2149 3555 2162 3555 2149 3556 2150 3556 2162 3556 2162 3557 2150 3557 2163 3557 2150 3558 2151 3558 2163 3558 2163 3559 2151 3559 2164 3559 2151 3560 2152 3560 2164 3560 2164 3561 2152 3561 2165 3561 2152 3562 2153 3562 2165 3562 2165 3563 2153 3563 2166 3563 2153 3564 2154 3564 2166 3564 293 3565 292 3565 1951 3565 344 3566 2167 3566 2168 3566 344 3567 2168 3567 339 3567 2168 3568 2169 3568 339 3568 339 3569 2169 3569 340 3569 1951 3570 292 3570 1950 3570 292 3571 291 3571 1950 3571 1950 3572 291 3572 307 3572 307 3573 343 3573 2170 3573 343 3574 342 3574 2170 3574 2170 3575 342 3575 2169 3575 342 3576 341 3576 2169 3576 2169 3577 341 3577 340 3577 1953 3578 277 3578 1952 3578 277 3579 276 3579 1952 3579 1952 3580 276 3580 1951 3580 276 3581 285 3581 1951 3581 1951 3582 285 3582 293 3582 307 3583 2170 3583 1950 3583 2170 3584 2171 3584 1950 3584 1950 3585 2171 3585 1949 3585 2171 3586 2172 3586 1949 3586 1949 3587 2172 3587 1948 3587 2172 3588 2173 3588 1948 3588 1948 3589 2173 3589 1947 3589 2173 3590 2174 3590 1947 3590 1947 3591 2174 3591 1946 3591 2174 3592 2175 3592 1946 3592 1946 3593 2175 3593 1945 3593 2175 3594 2176 3594 1945 3594 1945 3595 2176 3595 1944 3595 2176 3596 2177 3596 1944 3596 1944 3597 2177 3597 1943 3597 2177 3598 2178 3598 1943 3598 1943 3599 2178 3599 1942 3599 213 3600 212 3600 2179 3600 174 3601 2009 3601 2007 3601 174 3602 2007 3602 250 3602 2007 3603 2005 3603 250 3603 250 3604 2005 3604 251 3604 2179 3605 212 3605 2180 3605 212 3606 211 3606 2180 3606 2180 3607 211 3607 225 3607 225 3608 254 3608 2003 3608 254 3609 253 3609 2003 3609 2003 3610 253 3610 2005 3610 253 3611 252 3611 2005 3611 2005 3612 252 3612 251 3612 2181 3613 197 3613 2182 3613 197 3614 196 3614 2182 3614 2182 3615 196 3615 2179 3615 196 3616 205 3616 2179 3616 2179 3617 205 3617 213 3617 225 3618 2003 3618 2180 3618 2003 3619 2001 3619 2180 3619 2180 3620 2001 3620 2183 3620 2001 3621 1999 3621 2183 3621 2183 3622 1999 3622 2184 3622 1999 3623 1997 3623 2184 3623 2184 3624 1997 3624 2185 3624 1997 3625 1995 3625 2185 3625 2185 3626 1995 3626 2186 3626 1995 3627 1993 3627 2186 3627 2186 3628 1993 3628 2187 3628 1993 3629 1991 3629 2187 3629 2187 3630 1991 3630 2188 3630 1991 3631 1989 3631 2188 3631 2188 3632 1989 3632 2189 3632 1989 3633 1988 3633 2189 3633 2189 3634 1988 3634 2190 3634 1600 3635 2191 3635 1599 3635 2191 3636 2192 3636 1599 3636 1592 3637 1591 3637 2193 3637 1591 3638 1596 3638 2193 3638 2193 3639 1596 3639 2192 3639 1596 3640 1595 3640 2192 3640 2192 3641 1595 3641 1599 3641 1592 3642 2193 3642 1594 3642 2193 3643 2194 3643 1594 3643 1594 3644 2194 3644 1604 3644 2194 3645 2195 3645 1604 3645 1604 3646 2195 3646 1605 3646 2196 3647 2195 3647 2197 3647 2195 3648 2194 3648 2197 3648 2197 3649 2194 3649 2198 3649 2194 3650 2193 3650 2198 3650 2198 3651 2193 3651 2199 3651 2193 3652 2192 3652 2199 3652 2199 3653 2192 3653 2200 3653 2192 3654 2191 3654 2200 3654 2201 3655 2202 3655 2203 3655 2204 3656 2205 3656 2206 3656 2207 3657 2208 3657 2209 3657 2210 3658 2211 3658 2212 3658 2213 3659 2214 3659 2215 3659 2216 3660 2217 3660 2218 3660 2219 3661 2220 3661 2221 3661 2222 3662 2223 3662 2224 3662 2223 3663 2178 3663 2224 3663 2178 3664 2177 3664 2224 3664 2224 3665 2177 3665 2225 3665 2177 3666 2176 3666 2225 3666 2225 3667 2176 3667 2226 3667 2176 3668 2175 3668 2226 3668 2226 3669 2175 3669 2227 3669 2175 3670 2174 3670 2227 3670 2227 3671 2174 3671 2228 3671 2174 3672 2173 3672 2228 3672 2228 3673 2173 3673 2229 3673 2173 3674 2172 3674 2229 3674 2229 3675 2172 3675 2230 3675 2172 3676 2171 3676 2230 3676 2230 3677 2171 3677 2231 3677 2171 3678 2170 3678 2231 3678 2231 3679 2170 3679 2232 3679 2170 3680 2169 3680 2232 3680 2232 3681 2169 3681 2233 3681 2169 3682 2168 3682 2233 3682 2233 3683 2168 3683 2234 3683 2168 3684 2167 3684 2234 3684 2220 3685 2222 3685 2221 3685 2222 3686 2224 3686 2221 3686 2221 3687 2224 3687 2235 3687 2224 3688 2225 3688 2235 3688 2235 3689 2225 3689 2236 3689 2225 3690 2226 3690 2236 3690 2236 3691 2226 3691 2237 3691 2226 3692 2227 3692 2237 3692 2237 3693 2227 3693 2238 3693 2227 3694 2228 3694 2238 3694 2238 3695 2228 3695 2239 3695 2228 3696 2229 3696 2239 3696 2239 3697 2229 3697 2240 3697 2229 3698 2230 3698 2240 3698 2240 3699 2230 3699 2241 3699 2230 3700 2231 3700 2241 3700 2241 3701 2231 3701 2242 3701 2231 3702 2232 3702 2242 3702 2242 3703 2232 3703 2243 3703 2232 3704 2233 3704 2243 3704 2243 3705 2233 3705 2244 3705 2233 3706 2234 3706 2244 3706 2217 3707 2219 3707 2218 3707 2219 3708 2221 3708 2218 3708 2218 3709 2221 3709 2245 3709 2221 3710 2235 3710 2245 3710 2245 3711 2235 3711 2246 3711 2235 3712 2236 3712 2246 3712 2246 3713 2236 3713 2247 3713 2236 3714 2237 3714 2247 3714 2247 3715 2237 3715 2248 3715 2237 3716 2238 3716 2248 3716 2248 3717 2238 3717 2249 3717 2238 3718 2239 3718 2249 3718 2249 3719 2239 3719 2250 3719 2239 3720 2240 3720 2250 3720 2250 3721 2240 3721 2251 3721 2240 3722 2241 3722 2251 3722 2251 3723 2241 3723 2252 3723 2241 3724 2242 3724 2252 3724 2252 3725 2242 3725 2253 3725 2242 3726 2243 3726 2253 3726 2253 3727 2243 3727 2254 3727 2243 3728 2244 3728 2254 3728 2214 3729 2216 3729 2215 3729 2216 3730 2218 3730 2215 3730 2215 3731 2218 3731 2255 3731 2218 3732 2245 3732 2255 3732 2255 3733 2245 3733 2256 3733 2245 3734 2246 3734 2256 3734 2256 3735 2246 3735 2257 3735 2246 3736 2247 3736 2257 3736 2257 3737 2247 3737 2258 3737 2247 3738 2248 3738 2258 3738 2258 3739 2248 3739 2259 3739 2248 3740 2249 3740 2259 3740 2259 3741 2249 3741 2260 3741 2249 3742 2250 3742 2260 3742 2260 3743 2250 3743 2261 3743 2250 3744 2251 3744 2261 3744 2261 3745 2251 3745 2262 3745 2251 3746 2252 3746 2262 3746 2262 3747 2252 3747 2263 3747 2252 3748 2253 3748 2263 3748 2263 3749 2253 3749 2264 3749 2253 3750 2254 3750 2264 3750 2265 3751 2213 3751 2266 3751 2213 3752 2215 3752 2266 3752 2266 3753 2215 3753 2267 3753 2215 3754 2255 3754 2267 3754 2267 3755 2255 3755 2268 3755 2255 3756 2256 3756 2268 3756 2268 3757 2256 3757 2269 3757 2256 3758 2257 3758 2269 3758 2269 3759 2257 3759 2270 3759 2257 3760 2258 3760 2270 3760 2270 3761 2258 3761 2271 3761 2258 3762 2259 3762 2271 3762 2271 3763 2259 3763 2272 3763 2259 3764 2260 3764 2272 3764 2272 3765 2260 3765 2273 3765 2260 3766 2261 3766 2273 3766 2273 3767 2261 3767 2274 3767 2261 3768 2262 3768 2274 3768 2274 3769 2262 3769 2275 3769 2262 3770 2263 3770 2275 3770 2275 3771 2263 3771 2276 3771 2263 3772 2264 3772 2276 3772 2211 3773 2265 3773 2212 3773 2265 3774 2266 3774 2212 3774 2212 3775 2266 3775 2277 3775 2266 3776 2267 3776 2277 3776 2277 3777 2267 3777 2278 3777 2267 3778 2268 3778 2278 3778 2278 3779 2268 3779 2279 3779 2268 3780 2269 3780 2279 3780 2279 3781 2269 3781 2280 3781 2269 3782 2270 3782 2280 3782 2280 3783 2270 3783 2281 3783 2270 3784 2271 3784 2281 3784 2281 3785 2271 3785 2282 3785 2271 3786 2272 3786 2282 3786 2282 3787 2272 3787 2283 3787 2272 3788 2273 3788 2283 3788 2283 3789 2273 3789 2284 3789 2273 3790 2274 3790 2284 3790 2284 3791 2274 3791 2285 3791 2274 3792 2275 3792 2285 3792 2285 3793 2275 3793 2286 3793 2275 3794 2276 3794 2286 3794 2287 3795 2210 3795 2288 3795 2210 3796 2212 3796 2288 3796 2288 3797 2212 3797 2289 3797 2212 3798 2277 3798 2289 3798 2289 3799 2277 3799 2290 3799 2277 3800 2278 3800 2290 3800 2290 3801 2278 3801 2291 3801 2278 3802 2279 3802 2291 3802 2291 3803 2279 3803 2292 3803 2279 3804 2280 3804 2292 3804 2292 3805 2280 3805 2293 3805 2280 3806 2281 3806 2293 3806 2293 3807 2281 3807 2294 3807 2281 3808 2282 3808 2294 3808 2294 3809 2282 3809 2295 3809 2282 3810 2283 3810 2295 3810 2295 3811 2283 3811 2296 3811 2283 3812 2284 3812 2296 3812 2296 3813 2284 3813 2297 3813 2284 3814 2285 3814 2297 3814 2297 3815 2285 3815 2298 3815 2285 3816 2286 3816 2298 3816 2298 3817 2299 3817 2297 3817 2299 3818 2300 3818 2297 3818 2297 3819 2300 3819 2296 3819 2300 3820 2301 3820 2296 3820 2296 3821 2301 3821 2295 3821 2301 3822 2302 3822 2295 3822 2295 3823 2302 3823 2294 3823 2302 3824 2303 3824 2294 3824 2294 3825 2303 3825 2293 3825 2303 3826 2304 3826 2293 3826 2293 3827 2304 3827 2292 3827 2304 3828 2305 3828 2292 3828 2292 3829 2305 3829 2291 3829 2305 3830 2306 3830 2291 3830 2291 3831 2306 3831 2290 3831 2306 3832 2307 3832 2290 3832 2290 3833 2307 3833 2289 3833 2307 3834 2308 3834 2289 3834 2289 3835 2308 3835 2288 3835 2308 3836 2309 3836 2288 3836 2310 3837 2311 3837 2312 3837 2311 3838 2309 3838 2312 3838 2312 3839 2309 3839 2313 3839 2309 3840 2308 3840 2313 3840 2313 3841 2308 3841 2314 3841 2308 3842 2307 3842 2314 3842 2314 3843 2307 3843 2315 3843 2307 3844 2306 3844 2315 3844 2315 3845 2306 3845 2316 3845 2306 3846 2305 3846 2316 3846 2316 3847 2305 3847 2317 3847 2305 3848 2304 3848 2317 3848 2317 3849 2304 3849 2318 3849 2304 3850 2303 3850 2318 3850 2318 3851 2303 3851 2319 3851 2303 3852 2302 3852 2319 3852 2319 3853 2302 3853 2320 3853 2302 3854 2301 3854 2320 3854 2320 3855 2301 3855 2321 3855 2301 3856 2300 3856 2321 3856 2321 3857 2300 3857 2322 3857 2300 3858 2299 3858 2322 3858 2311 3859 2323 3859 2309 3859 2323 3860 2324 3860 2309 3860 2309 3861 2324 3861 2288 3861 2324 3862 2325 3862 2288 3862 2288 3863 2325 3863 2287 3863 2208 3864 2310 3864 2209 3864 2310 3865 2312 3865 2209 3865 2209 3866 2312 3866 2326 3866 2312 3867 2313 3867 2326 3867 2326 3868 2313 3868 2327 3868 2313 3869 2314 3869 2327 3869 2327 3870 2314 3870 2328 3870 2314 3871 2315 3871 2328 3871 2328 3872 2315 3872 2329 3872 2315 3873 2316 3873 2329 3873 2329 3874 2316 3874 2330 3874 2316 3875 2317 3875 2330 3875 2330 3876 2317 3876 2331 3876 2317 3877 2318 3877 2331 3877 2331 3878 2318 3878 2332 3878 2318 3879 2319 3879 2332 3879 2332 3880 2319 3880 2333 3880 2319 3881 2320 3881 2333 3881 2333 3882 2320 3882 2334 3882 2320 3883 2321 3883 2334 3883 2334 3884 2321 3884 2335 3884 2321 3885 2322 3885 2335 3885 2205 3886 2207 3886 2206 3886 2207 3887 2209 3887 2206 3887 2206 3888 2209 3888 2336 3888 2209 3889 2326 3889 2336 3889 2336 3890 2326 3890 2337 3890 2326 3891 2327 3891 2337 3891 2337 3892 2327 3892 2338 3892 2327 3893 2328 3893 2338 3893 2338 3894 2328 3894 2339 3894 2328 3895 2329 3895 2339 3895 2339 3896 2329 3896 2340 3896 2329 3897 2330 3897 2340 3897 2340 3898 2330 3898 2341 3898 2330 3899 2331 3899 2341 3899 2341 3900 2331 3900 2342 3900 2331 3901 2332 3901 2342 3901 2342 3902 2332 3902 2343 3902 2332 3903 2333 3903 2343 3903 2343 3904 2333 3904 2344 3904 2333 3905 2334 3905 2344 3905 2344 3906 2334 3906 2345 3906 2334 3907 2335 3907 2345 3907 2202 3908 2204 3908 2203 3908 2204 3909 2206 3909 2203 3909 2203 3910 2206 3910 2346 3910 2206 3911 2336 3911 2346 3911 2346 3912 2336 3912 2347 3912 2336 3913 2337 3913 2347 3913 2347 3914 2337 3914 2348 3914 2337 3915 2338 3915 2348 3915 2348 3916 2338 3916 2349 3916 2338 3917 2339 3917 2349 3917 2349 3918 2339 3918 2350 3918 2339 3919 2340 3919 2350 3919 2350 3920 2340 3920 2351 3920 2340 3921 2341 3921 2351 3921 2351 3922 2341 3922 2352 3922 2341 3923 2342 3923 2352 3923 2352 3924 2342 3924 2353 3924 2342 3925 2343 3925 2353 3925 2353 3926 2343 3926 2354 3926 2343 3927 2344 3927 2354 3927 2354 3928 2344 3928 2355 3928 2344 3929 2345 3929 2355 3929 2356 3930 2201 3930 2357 3930 2201 3931 2203 3931 2357 3931 2357 3932 2203 3932 2358 3932 2203 3933 2346 3933 2358 3933 2358 3934 2346 3934 2359 3934 2346 3935 2347 3935 2359 3935 2359 3936 2347 3936 2360 3936 2347 3937 2348 3937 2360 3937 2360 3938 2348 3938 2361 3938 2348 3939 2349 3939 2361 3939 2361 3940 2349 3940 2362 3940 2349 3941 2350 3941 2362 3941 2362 3942 2350 3942 2363 3942 2350 3943 2351 3943 2363 3943 2363 3944 2351 3944 2364 3944 2351 3945 2352 3945 2364 3945 2364 3946 2352 3946 2365 3946 2352 3947 2353 3947 2365 3947 2365 3948 2353 3948 2366 3948 2353 3949 2354 3949 2366 3949 2366 3950 2354 3950 2367 3950 2354 3951 2355 3951 2367 3951 2368 3952 2356 3952 2369 3952 2356 3953 2357 3953 2369 3953 2369 3954 2357 3954 2370 3954 2357 3955 2358 3955 2370 3955 2370 3956 2358 3956 2371 3956 2358 3957 2359 3957 2371 3957 2371 3958 2359 3958 2372 3958 2359 3959 2360 3959 2372 3959 2372 3960 2360 3960 2373 3960 2360 3961 2361 3961 2373 3961 2373 3962 2361 3962 2374 3962 2361 3963 2362 3963 2374 3963 2374 3964 2362 3964 2375 3964 2362 3965 2363 3965 2375 3965 2375 3966 2363 3966 2376 3966 2363 3967 2364 3967 2376 3967 2376 3968 2364 3968 2377 3968 2364 3969 2365 3969 2377 3969 2377 3970 2365 3970 2378 3970 2365 3971 2366 3971 2378 3971 2378 3972 2366 3972 2379 3972 2366 3973 2367 3973 2379 3973 2380 3974 2368 3974 2381 3974 2368 3975 2369 3975 2381 3975 2381 3976 2369 3976 2382 3976 2369 3977 2370 3977 2382 3977 2382 3978 2370 3978 2383 3978 2370 3979 2371 3979 2383 3979 2383 3980 2371 3980 2384 3980 2371 3981 2372 3981 2384 3981 2384 3982 2372 3982 2385 3982 2372 3983 2373 3983 2385 3983 2385 3984 2373 3984 2386 3984 2373 3985 2374 3985 2386 3985 2386 3986 2374 3986 2387 3986 2374 3987 2375 3987 2387 3987 2387 3988 2375 3988 2388 3988 2375 3989 2376 3989 2388 3989 2388 3990 2376 3990 2389 3990 2376 3991 2377 3991 2389 3991 2389 3992 2377 3992 2390 3992 2377 3993 2378 3993 2390 3993 2390 3994 2378 3994 2391 3994 2378 3995 2379 3995 2391 3995 2392 3996 2393 3996 2394 3996 2395 3997 2396 3997 2397 3997 2396 3998 2398 3998 2397 3998 2397 3999 2398 3999 2399 3999 2398 4000 2400 4000 2399 4000 2399 4001 2400 4001 2401 4001 2396 4002 1464 4002 1463 4002 2396 4003 1463 4003 2398 4003 1463 4004 1453 4004 2398 4004 2398 4005 1453 4005 2400 4005 1453 4006 1451 4006 2400 4006 2400 4007 1451 4007 1450 4007 1450 4008 1455 4008 2400 4008 1455 4009 2392 4009 2400 4009 2400 4010 2392 4010 2401 4010 2392 4011 2394 4011 2401 4011 1459 4012 2393 4012 1458 4012 2393 4013 2392 4013 1458 4013 1458 4014 2392 4014 1454 4014 2392 4015 1455 4015 1454 4015 2402 4016 2403 4016 2404 4016 2405 4017 2406 4017 2407 4017 2408 4018 2409 4018 2410 4018 2411 4019 2412 4019 2413 4019 2414 4020 2415 4020 2416 4020 2417 4021 2418 4021 2419 4021 2420 4022 2421 4022 2422 4022 2423 4023 2424 4023 2425 4023 2424 4024 2426 4024 2425 4024 2426 4025 2427 4025 2425 4025 2425 4026 2427 4026 2428 4026 2427 4027 2429 4027 2428 4027 2428 4028 2429 4028 2430 4028 2429 4029 2431 4029 2430 4029 2430 4030 2431 4030 2432 4030 2431 4031 2433 4031 2432 4031 2432 4032 2433 4032 2434 4032 2433 4033 2435 4033 2434 4033 2434 4034 2435 4034 2436 4034 2435 4035 2437 4035 2436 4035 2436 4036 2437 4036 2438 4036 2437 4037 2439 4037 2438 4037 2438 4038 2439 4038 2440 4038 2439 4039 2441 4039 2440 4039 2440 4040 2441 4040 2442 4040 2441 4041 2443 4041 2442 4041 2442 4042 2443 4042 2444 4042 2443 4043 2445 4043 2444 4043 2444 4044 2445 4044 2446 4044 2445 4045 2447 4045 2446 4045 2421 4046 2423 4046 2422 4046 2423 4047 2425 4047 2422 4047 2422 4048 2425 4048 2448 4048 2425 4049 2428 4049 2448 4049 2448 4050 2428 4050 2449 4050 2428 4051 2430 4051 2449 4051 2449 4052 2430 4052 2450 4052 2430 4053 2432 4053 2450 4053 2450 4054 2432 4054 2451 4054 2432 4055 2434 4055 2451 4055 2451 4056 2434 4056 2452 4056 2434 4057 2436 4057 2452 4057 2452 4058 2436 4058 2453 4058 2436 4059 2438 4059 2453 4059 2453 4060 2438 4060 2454 4060 2438 4061 2440 4061 2454 4061 2454 4062 2440 4062 2455 4062 2440 4063 2442 4063 2455 4063 2455 4064 2442 4064 2456 4064 2442 4065 2444 4065 2456 4065 2456 4066 2444 4066 2457 4066 2444 4067 2446 4067 2457 4067 2418 4068 2420 4068 2419 4068 2420 4069 2422 4069 2419 4069 2419 4070 2422 4070 2458 4070 2422 4071 2448 4071 2458 4071 2458 4072 2448 4072 2459 4072 2448 4073 2449 4073 2459 4073 2459 4074 2449 4074 2460 4074 2449 4075 2450 4075 2460 4075 2460 4076 2450 4076 2461 4076 2450 4077 2451 4077 2461 4077 2461 4078 2451 4078 2462 4078 2451 4079 2452 4079 2462 4079 2462 4080 2452 4080 2463 4080 2452 4081 2453 4081 2463 4081 2463 4082 2453 4082 2464 4082 2453 4083 2454 4083 2464 4083 2464 4084 2454 4084 2465 4084 2454 4085 2455 4085 2465 4085 2465 4086 2455 4086 2466 4086 2455 4087 2456 4087 2466 4087 2466 4088 2456 4088 2467 4088 2456 4089 2457 4089 2467 4089 2415 4090 2417 4090 2416 4090 2417 4091 2419 4091 2416 4091 2416 4092 2419 4092 2468 4092 2419 4093 2458 4093 2468 4093 2468 4094 2458 4094 2469 4094 2458 4095 2459 4095 2469 4095 2469 4096 2459 4096 2470 4096 2459 4097 2460 4097 2470 4097 2470 4098 2460 4098 2471 4098 2460 4099 2461 4099 2471 4099 2471 4100 2461 4100 2472 4100 2461 4101 2462 4101 2472 4101 2472 4102 2462 4102 2473 4102 2462 4103 2463 4103 2473 4103 2473 4104 2463 4104 2474 4104 2463 4105 2464 4105 2474 4105 2474 4106 2464 4106 2475 4106 2464 4107 2465 4107 2475 4107 2475 4108 2465 4108 2476 4108 2465 4109 2466 4109 2476 4109 2476 4110 2466 4110 2477 4110 2466 4111 2467 4111 2477 4111 2478 4112 2414 4112 2479 4112 2414 4113 2416 4113 2479 4113 2479 4114 2416 4114 2480 4114 2416 4115 2468 4115 2480 4115 2480 4116 2468 4116 2481 4116 2468 4117 2469 4117 2481 4117 2481 4118 2469 4118 2482 4118 2469 4119 2470 4119 2482 4119 2482 4120 2470 4120 2483 4120 2470 4121 2471 4121 2483 4121 2483 4122 2471 4122 2484 4122 2471 4123 2472 4123 2484 4123 2484 4124 2472 4124 2485 4124 2472 4125 2473 4125 2485 4125 2485 4126 2473 4126 2486 4126 2473 4127 2474 4127 2486 4127 2486 4128 2474 4128 2487 4128 2474 4129 2475 4129 2487 4129 2487 4130 2475 4130 2488 4130 2475 4131 2476 4131 2488 4131 2488 4132 2476 4132 2489 4132 2476 4133 2477 4133 2489 4133 2412 4134 2478 4134 2413 4134 2478 4135 2479 4135 2413 4135 2413 4136 2479 4136 2490 4136 2479 4137 2480 4137 2490 4137 2490 4138 2480 4138 2491 4138 2480 4139 2481 4139 2491 4139 2491 4140 2481 4140 2492 4140 2481 4141 2482 4141 2492 4141 2492 4142 2482 4142 2493 4142 2482 4143 2483 4143 2493 4143 2493 4144 2483 4144 2494 4144 2483 4145 2484 4145 2494 4145 2494 4146 2484 4146 2495 4146 2484 4147 2485 4147 2495 4147 2495 4148 2485 4148 2496 4148 2485 4149 2486 4149 2496 4149 2496 4150 2486 4150 2497 4150 2486 4151 2487 4151 2497 4151 2497 4152 2487 4152 2498 4152 2487 4153 2488 4153 2498 4153 2498 4154 2488 4154 2499 4154 2488 4155 2489 4155 2499 4155 2500 4156 2411 4156 2501 4156 2411 4157 2413 4157 2501 4157 2501 4158 2413 4158 2502 4158 2413 4159 2490 4159 2502 4159 2502 4160 2490 4160 2503 4160 2490 4161 2491 4161 2503 4161 2503 4162 2491 4162 2504 4162 2491 4163 2492 4163 2504 4163 2504 4164 2492 4164 2505 4164 2492 4165 2493 4165 2505 4165 2505 4166 2493 4166 2506 4166 2493 4167 2494 4167 2506 4167 2506 4168 2494 4168 2507 4168 2494 4169 2495 4169 2507 4169 2507 4170 2495 4170 2508 4170 2495 4171 2496 4171 2508 4171 2508 4172 2496 4172 2509 4172 2496 4173 2497 4173 2509 4173 2509 4174 2497 4174 2510 4174 2497 4175 2498 4175 2510 4175 2510 4176 2498 4176 2511 4176 2498 4177 2499 4177 2511 4177 2511 4178 2512 4178 2510 4178 2512 4179 2513 4179 2510 4179 2510 4180 2513 4180 2509 4180 2513 4181 2514 4181 2509 4181 2509 4182 2514 4182 2508 4182 2514 4183 2515 4183 2508 4183 2508 4184 2515 4184 2507 4184 2515 4185 2516 4185 2507 4185 2507 4186 2516 4186 2506 4186 2516 4187 2517 4187 2506 4187 2506 4188 2517 4188 2505 4188 2517 4189 2518 4189 2505 4189 2505 4190 2518 4190 2504 4190 2518 4191 2519 4191 2504 4191 2504 4192 2519 4192 2503 4192 2519 4193 2520 4193 2503 4193 2503 4194 2520 4194 2502 4194 2520 4195 2521 4195 2502 4195 2502 4196 2521 4196 2501 4196 2521 4197 2522 4197 2501 4197 2523 4198 2524 4198 2525 4198 2524 4199 2522 4199 2525 4199 2525 4200 2522 4200 2526 4200 2522 4201 2521 4201 2526 4201 2526 4202 2521 4202 2527 4202 2521 4203 2520 4203 2527 4203 2527 4204 2520 4204 2528 4204 2520 4205 2519 4205 2528 4205 2528 4206 2519 4206 2529 4206 2519 4207 2518 4207 2529 4207 2529 4208 2518 4208 2530 4208 2518 4209 2517 4209 2530 4209 2530 4210 2517 4210 2531 4210 2517 4211 2516 4211 2531 4211 2531 4212 2516 4212 2532 4212 2516 4213 2515 4213 2532 4213 2532 4214 2515 4214 2533 4214 2515 4215 2514 4215 2533 4215 2533 4216 2514 4216 2534 4216 2514 4217 2513 4217 2534 4217 2534 4218 2513 4218 2535 4218 2513 4219 2512 4219 2535 4219 2524 4220 2536 4220 2522 4220 2536 4221 2537 4221 2522 4221 2522 4222 2537 4222 2501 4222 2537 4223 2538 4223 2501 4223 2501 4224 2538 4224 2500 4224 2409 4225 2523 4225 2410 4225 2523 4226 2525 4226 2410 4226 2410 4227 2525 4227 2539 4227 2525 4228 2526 4228 2539 4228 2539 4229 2526 4229 2540 4229 2526 4230 2527 4230 2540 4230 2540 4231 2527 4231 2541 4231 2527 4232 2528 4232 2541 4232 2541 4233 2528 4233 2542 4233 2528 4234 2529 4234 2542 4234 2542 4235 2529 4235 2543 4235 2529 4236 2530 4236 2543 4236 2543 4237 2530 4237 2544 4237 2530 4238 2531 4238 2544 4238 2544 4239 2531 4239 2545 4239 2531 4240 2532 4240 2545 4240 2545 4241 2532 4241 2546 4241 2532 4242 2533 4242 2546 4242 2546 4243 2533 4243 2547 4243 2533 4244 2534 4244 2547 4244 2547 4245 2534 4245 2548 4245 2534 4246 2535 4246 2548 4246 2406 4247 2408 4247 2407 4247 2408 4248 2410 4248 2407 4248 2407 4249 2410 4249 2549 4249 2410 4250 2539 4250 2549 4250 2549 4251 2539 4251 2550 4251 2539 4252 2540 4252 2550 4252 2550 4253 2540 4253 2551 4253 2540 4254 2541 4254 2551 4254 2551 4255 2541 4255 2552 4255 2541 4256 2542 4256 2552 4256 2552 4257 2542 4257 2553 4257 2542 4258 2543 4258 2553 4258 2553 4259 2543 4259 2554 4259 2543 4260 2544 4260 2554 4260 2554 4261 2544 4261 2555 4261 2544 4262 2545 4262 2555 4262 2555 4263 2545 4263 2556 4263 2545 4264 2546 4264 2556 4264 2556 4265 2546 4265 2557 4265 2546 4266 2547 4266 2557 4266 2557 4267 2547 4267 2558 4267 2547 4268 2548 4268 2558 4268 2403 4269 2405 4269 2404 4269 2405 4270 2407 4270 2404 4270 2404 4271 2407 4271 2559 4271 2407 4272 2549 4272 2559 4272 2559 4273 2549 4273 2560 4273 2549 4274 2550 4274 2560 4274 2560 4275 2550 4275 2561 4275 2550 4276 2551 4276 2561 4276 2561 4277 2551 4277 2562 4277 2551 4278 2552 4278 2562 4278 2562 4279 2552 4279 2563 4279 2552 4280 2553 4280 2563 4280 2563 4281 2553 4281 2564 4281 2553 4282 2554 4282 2564 4282 2564 4283 2554 4283 2565 4283 2554 4284 2555 4284 2565 4284 2565 4285 2555 4285 2566 4285 2555 4286 2556 4286 2566 4286 2566 4287 2556 4287 2567 4287 2556 4288 2557 4288 2567 4288 2567 4289 2557 4289 2568 4289 2557 4290 2558 4290 2568 4290 2569 4291 2402 4291 2570 4291 2402 4292 2404 4292 2570 4292 2570 4293 2404 4293 2571 4293 2404 4294 2559 4294 2571 4294 2571 4295 2559 4295 2572 4295 2559 4296 2560 4296 2572 4296 2572 4297 2560 4297 2573 4297 2560 4298 2561 4298 2573 4298 2573 4299 2561 4299 2574 4299 2561 4300 2562 4300 2574 4300 2574 4301 2562 4301 2575 4301 2562 4302 2563 4302 2575 4302 2575 4303 2563 4303 2576 4303 2563 4304 2564 4304 2576 4304 2576 4305 2564 4305 2577 4305 2564 4306 2565 4306 2577 4306 2577 4307 2565 4307 2578 4307 2565 4308 2566 4308 2578 4308 2578 4309 2566 4309 2579 4309 2566 4310 2567 4310 2579 4310 2579 4311 2567 4311 2580 4311 2567 4312 2568 4312 2580 4312 2581 4313 2569 4313 2582 4313 2569 4314 2570 4314 2582 4314 2582 4315 2570 4315 2583 4315 2570 4316 2571 4316 2583 4316 2583 4317 2571 4317 2584 4317 2571 4318 2572 4318 2584 4318 2584 4319 2572 4319 2585 4319 2572 4320 2573 4320 2585 4320 2585 4321 2573 4321 2586 4321 2573 4322 2574 4322 2586 4322 2586 4323 2574 4323 2587 4323 2574 4324 2575 4324 2587 4324 2587 4325 2575 4325 2588 4325 2575 4326 2576 4326 2588 4326 2588 4327 2576 4327 2589 4327 2576 4328 2577 4328 2589 4328 2589 4329 2577 4329 2590 4329 2577 4330 2578 4330 2590 4330 2590 4331 2578 4331 2591 4331 2578 4332 2579 4332 2591 4332 2591 4333 2579 4333 2592 4333 2579 4334 2580 4334 2592 4334 2190 4335 2581 4335 2189 4335 2581 4336 2582 4336 2189 4336 2189 4337 2582 4337 2188 4337 2582 4338 2583 4338 2188 4338 2188 4339 2583 4339 2187 4339 2583 4340 2584 4340 2187 4340 2187 4341 2584 4341 2186 4341 2584 4342 2585 4342 2186 4342 2186 4343 2585 4343 2185 4343 2585 4344 2586 4344 2185 4344 2185 4345 2586 4345 2184 4345 2586 4346 2587 4346 2184 4346 2184 4347 2587 4347 2183 4347 2587 4348 2588 4348 2183 4348 2183 4349 2588 4349 2180 4349 2588 4350 2589 4350 2180 4350 2180 4351 2589 4351 2179 4351 2589 4352 2590 4352 2179 4352 2179 4353 2590 4353 2182 4353 2590 4354 2591 4354 2182 4354 2182 4355 2591 4355 2181 4355 2591 4356 2592 4356 2181 4356 461 4357 460 4357 2389 4357 429 4358 2447 4358 2445 4358 429 4359 2445 4359 503 4359 2445 4360 2443 4360 503 4360 503 4361 2443 4361 504 4361 2389 4362 460 4362 2388 4362 460 4363 459 4363 2388 4363 2388 4364 459 4364 475 4364 475 4365 507 4365 2441 4365 507 4366 506 4366 2441 4366 2441 4367 506 4367 2443 4367 506 4368 505 4368 2443 4368 2443 4369 505 4369 504 4369 2391 4370 446 4370 2390 4370 446 4371 445 4371 2390 4371 2390 4372 445 4372 2389 4372 445 4373 453 4373 2389 4373 2389 4374 453 4374 461 4374 475 4375 2441 4375 2388 4375 2441 4376 2439 4376 2388 4376 2388 4377 2439 4377 2387 4377 2439 4378 2437 4378 2387 4378 2387 4379 2437 4379 2386 4379 2437 4380 2435 4380 2386 4380 2386 4381 2435 4381 2385 4381 2435 4382 2433 4382 2385 4382 2385 4383 2433 4383 2384 4383 2433 4384 2431 4384 2384 4384 2384 4385 2431 4385 2383 4385 2431 4386 2429 4386 2383 4386 2383 4387 2429 4387 2382 4387 2429 4388 2427 4388 2382 4388 2382 4389 2427 4389 2381 4389 2427 4390 2426 4390 2381 4390 2381 4391 2426 4391 2380 4391 2394 4392 1959 4392 1960 4392 2394 4393 1960 4393 2401 4393 1960 4394 1961 4394 2401 4394 2401 4395 1961 4395 2399 4395 1961 4396 1962 4396 2399 4396 2399 4397 1962 4397 2397 4397 1962 4398 1963 4398 2397 4398 2397 4399 1963 4399 2395 4399 2593 4400 2594 4400 2595 4400 2596 4401 2597 4401 2598 4401 2599 4402 2600 4402 2601 4402 2600 4403 2602 4403 2601 4403 2603 4404 2604 4404 2605 4404 2604 4405 2599 4405 2605 4405 2606 4406 2607 4406 2608 4406 2607 4407 2609 4407 2608 4407 2608 4408 2609 4408 2603 4408 2610 4409 2611 4409 2606 4409 2612 4410 2613 4410 2614 4410 2613 4411 2615 4411 2614 4411 2616 4412 2617 4412 2618 4412 2617 4413 2612 4413 2618 4413 2619 4414 2620 4414 2616 4414 2621 4415 2593 4415 2622 4415 2593 4416 2595 4416 2622 4416 2622 4417 2595 4417 2623 4417 2595 4418 2624 4418 2623 4418 2624 4419 2625 4419 2623 4419 2623 4420 2625 4420 2626 4420 2625 4421 2627 4421 2626 4421 2627 4422 2628 4422 2626 4422 2626 4423 2628 4423 2629 4423 2628 4424 2630 4424 2629 4424 2630 4425 2631 4425 2629 4425 2631 4426 2632 4426 2629 4426 2629 4427 2632 4427 2633 4427 2632 4428 2634 4428 2633 4428 2634 4429 2635 4429 2633 4429 2633 4430 2635 4430 2636 4430 2635 4431 2637 4431 2636 4431 2636 4432 2637 4432 2638 4432 2637 4433 2639 4433 2638 4433 2639 4434 2640 4434 2638 4434 2638 4435 2640 4435 2641 4435 2640 4436 2642 4436 2641 4436 2642 4437 2643 4437 2641 4437 2641 4438 2643 4438 2644 4438 2643 4439 2645 4439 2644 4439 2644 4440 2645 4440 2646 4440 2645 4441 2647 4441 2646 4441 2647 4442 2648 4442 2646 4442 2646 4443 2648 4443 2649 4443 2648 4444 2650 4444 2649 4444 2650 4445 2651 4445 2649 4445 2649 4446 2651 4446 2652 4446 2651 4447 2653 4447 2652 4447 2654 4448 2655 4448 2652 4448 2655 4449 2656 4449 2652 4449 2652 4450 2656 4450 2649 4450 2656 4451 2657 4451 2649 4451 2649 4452 2657 4452 2646 4452 2657 4453 2658 4453 2646 4453 2646 4454 2658 4454 2644 4454 2658 4455 2659 4455 2644 4455 2644 4456 2659 4456 2641 4456 2659 4457 2660 4457 2641 4457 2641 4458 2660 4458 2638 4458 2660 4459 2661 4459 2638 4459 2638 4460 2661 4460 2636 4460 2661 4461 2662 4461 2636 4461 2636 4462 2662 4462 2633 4462 2662 4463 2663 4463 2633 4463 2633 4464 2663 4464 2629 4464 2663 4465 2664 4465 2629 4465 2629 4466 2664 4466 2626 4466 2664 4467 2665 4467 2626 4467 2626 4468 2665 4468 2623 4468 2665 4469 2596 4469 2623 4469 2623 4470 2596 4470 2622 4470 2596 4471 2598 4471 2622 4471 2622 4472 2598 4472 2621 4472 2653 4473 2666 4473 2652 4473 2666 4474 2667 4474 2652 4474 2652 4475 2667 4475 2654 4475 2667 4476 2668 4476 2654 4476 2654 4477 2668 4477 2669 4477 2670 4478 2671 4478 2672 4478 2599 4479 2601 4479 2605 4479 2601 4480 2673 4480 2605 4480 2605 4481 2673 4481 2674 4481 2673 4482 2675 4482 2674 4482 2674 4483 2675 4483 2676 4483 2675 4484 2677 4484 2676 4484 2676 4485 2677 4485 2678 4485 2677 4486 2679 4486 2678 4486 2678 4487 2679 4487 2680 4487 2679 4488 2681 4488 2680 4488 2680 4489 2681 4489 2682 4489 2681 4490 2683 4490 2682 4490 2682 4491 2683 4491 2684 4491 2683 4492 2685 4492 2684 4492 2684 4493 2685 4493 2686 4493 2685 4494 2687 4494 2686 4494 2686 4495 2687 4495 2688 4495 2687 4496 2689 4496 2688 4496 2688 4497 2689 4497 2690 4497 2689 4498 2691 4498 2690 4498 2690 4499 2691 4499 2692 4499 2691 4500 2693 4500 2692 4500 2692 4501 2693 4501 2694 4501 2693 4502 2695 4502 2694 4502 2694 4503 2695 4503 2696 4503 2695 4504 2697 4504 2696 4504 2696 4505 2697 4505 2698 4505 2606 4506 2608 4506 2610 4506 2608 4507 2699 4507 2610 4507 2610 4508 2699 4508 2700 4508 2699 4509 2701 4509 2700 4509 2700 4510 2701 4510 2702 4510 2701 4511 2703 4511 2702 4511 2702 4512 2703 4512 2704 4512 2703 4513 2705 4513 2704 4513 2704 4514 2705 4514 2706 4514 2705 4515 2707 4515 2706 4515 2706 4516 2707 4516 2708 4516 2707 4517 2709 4517 2708 4517 2708 4518 2709 4518 2710 4518 2709 4519 2711 4519 2710 4519 2710 4520 2711 4520 2712 4520 2711 4521 2713 4521 2712 4521 2712 4522 2713 4522 2714 4522 2713 4523 2715 4523 2714 4523 2714 4524 2715 4524 2716 4524 2715 4525 2717 4525 2716 4525 2716 4526 2717 4526 2718 4526 2717 4527 2719 4527 2718 4527 2718 4528 2719 4528 2720 4528 2719 4529 2721 4529 2720 4529 2720 4530 2721 4530 2722 4530 2721 4531 2723 4531 2722 4531 2722 4532 2723 4532 2724 4532 2612 4533 2614 4533 2618 4533 2614 4534 2725 4534 2618 4534 2618 4535 2725 4535 2726 4535 2725 4536 2727 4536 2726 4536 2726 4537 2727 4537 2728 4537 2727 4538 2729 4538 2728 4538 2728 4539 2729 4539 2730 4539 2729 4540 2731 4540 2730 4540 2730 4541 2731 4541 2732 4541 2731 4542 2733 4542 2732 4542 2732 4543 2733 4543 2734 4543 2733 4544 2735 4544 2734 4544 2734 4545 2735 4545 2736 4545 2735 4546 2737 4546 2736 4546 2736 4547 2737 4547 2738 4547 2737 4548 2739 4548 2738 4548 2738 4549 2739 4549 2740 4549 2739 4550 2741 4550 2740 4550 2740 4551 2741 4551 2742 4551 2741 4552 2743 4552 2742 4552 2742 4553 2743 4553 2744 4553 2743 4554 2745 4554 2744 4554 2744 4555 2745 4555 2746 4555 2745 4556 2747 4556 2746 4556 2746 4557 2747 4557 2748 4557 2747 4558 2749 4558 2748 4558 2748 4559 2749 4559 2750 4559 2751 4560 2752 4560 2669 4560 2752 4561 2670 4561 2669 4561 2669 4562 2670 4562 2654 4562 2670 4563 2672 4563 2654 4563 2654 4564 2672 4564 2655 4564 2752 4565 2753 4565 2670 4565 2753 4566 2754 4566 2670 4566 2670 4567 2754 4567 2671 4567 2754 4568 2755 4568 2671 4568 2671 4569 2755 4569 2756 4569 2756 4570 2697 4570 2671 4570 2697 4571 2695 4571 2671 4571 2671 4572 2695 4572 2672 4572 2695 4573 2693 4573 2672 4573 2672 4574 2693 4574 2655 4574 2693 4575 2691 4575 2655 4575 2655 4576 2691 4576 2656 4576 2691 4577 2689 4577 2656 4577 2656 4578 2689 4578 2657 4578 2689 4579 2687 4579 2657 4579 2657 4580 2687 4580 2658 4580 2687 4581 2685 4581 2658 4581 2658 4582 2685 4582 2659 4582 2685 4583 2683 4583 2659 4583 2659 4584 2683 4584 2660 4584 2683 4585 2681 4585 2660 4585 2660 4586 2681 4586 2661 4586 2681 4587 2679 4587 2661 4587 2661 4588 2679 4588 2662 4588 2679 4589 2677 4589 2662 4589 2662 4590 2677 4590 2663 4590 2677 4591 2675 4591 2663 4591 2663 4592 2675 4592 2664 4592 2675 4593 2673 4593 2664 4593 2664 4594 2673 4594 2665 4594 2673 4595 2601 4595 2665 4595 2665 4596 2601 4596 2596 4596 2601 4597 2602 4597 2596 4597 2596 4598 2602 4598 2597 4598 2756 4599 2757 4599 2697 4599 2757 4600 2758 4600 2697 4600 2697 4601 2758 4601 2698 4601 2758 4602 2759 4602 2698 4602 2698 4603 2759 4603 2760 4603 2603 4604 2605 4604 2608 4604 2605 4605 2674 4605 2608 4605 2608 4606 2674 4606 2699 4606 2674 4607 2676 4607 2699 4607 2699 4608 2676 4608 2701 4608 2676 4609 2678 4609 2701 4609 2701 4610 2678 4610 2703 4610 2678 4611 2680 4611 2703 4611 2703 4612 2680 4612 2705 4612 2680 4613 2682 4613 2705 4613 2705 4614 2682 4614 2707 4614 2682 4615 2684 4615 2707 4615 2707 4616 2684 4616 2709 4616 2684 4617 2686 4617 2709 4617 2709 4618 2686 4618 2711 4618 2686 4619 2688 4619 2711 4619 2711 4620 2688 4620 2713 4620 2688 4621 2690 4621 2713 4621 2713 4622 2690 4622 2715 4622 2690 4623 2692 4623 2715 4623 2715 4624 2692 4624 2717 4624 2692 4625 2694 4625 2717 4625 2717 4626 2694 4626 2719 4626 2694 4627 2696 4627 2719 4627 2719 4628 2696 4628 2721 4628 2696 4629 2698 4629 2721 4629 2721 4630 2698 4630 2723 4630 2698 4631 2760 4631 2723 4631 2723 4632 2760 4632 2761 4632 2761 4633 2762 4633 2723 4633 2762 4634 2763 4634 2723 4634 2723 4635 2763 4635 2724 4635 2763 4636 2764 4636 2724 4636 2724 4637 2764 4637 2765 4637 2765 4638 2749 4638 2724 4638 2749 4639 2747 4639 2724 4639 2724 4640 2747 4640 2722 4640 2747 4641 2745 4641 2722 4641 2722 4642 2745 4642 2720 4642 2745 4643 2743 4643 2720 4643 2720 4644 2743 4644 2718 4644 2743 4645 2741 4645 2718 4645 2718 4646 2741 4646 2716 4646 2741 4647 2739 4647 2716 4647 2716 4648 2739 4648 2714 4648 2739 4649 2737 4649 2714 4649 2714 4650 2737 4650 2712 4650 2737 4651 2735 4651 2712 4651 2712 4652 2735 4652 2710 4652 2735 4653 2733 4653 2710 4653 2710 4654 2733 4654 2708 4654 2733 4655 2731 4655 2708 4655 2708 4656 2731 4656 2706 4656 2731 4657 2729 4657 2706 4657 2706 4658 2729 4658 2704 4658 2729 4659 2727 4659 2704 4659 2704 4660 2727 4660 2702 4660 2727 4661 2725 4661 2702 4661 2702 4662 2725 4662 2700 4662 2725 4663 2614 4663 2700 4663 2700 4664 2614 4664 2610 4664 2614 4665 2615 4665 2610 4665 2610 4666 2615 4666 2611 4666 2765 4667 2766 4667 2749 4667 2766 4668 2767 4668 2749 4668 2749 4669 2767 4669 2750 4669 2767 4670 2768 4670 2750 4670 2750 4671 2768 4671 2769 4671 2616 4672 2618 4672 2619 4672 2618 4673 2726 4673 2619 4673 2619 4674 2726 4674 2770 4674 2726 4675 2728 4675 2770 4675 2770 4676 2728 4676 2771 4676 2728 4677 2730 4677 2771 4677 2771 4678 2730 4678 2772 4678 2730 4679 2732 4679 2772 4679 2772 4680 2732 4680 2773 4680 2732 4681 2734 4681 2773 4681 2773 4682 2734 4682 2774 4682 2734 4683 2736 4683 2774 4683 2774 4684 2736 4684 2775 4684 2736 4685 2738 4685 2775 4685 2775 4686 2738 4686 2776 4686 2738 4687 2740 4687 2776 4687 2776 4688 2740 4688 2777 4688 2740 4689 2742 4689 2777 4689 2777 4690 2742 4690 2778 4690 2742 4691 2744 4691 2778 4691 2778 4692 2744 4692 2779 4692 2744 4693 2746 4693 2779 4693 2779 4694 2746 4694 2780 4694 2746 4695 2748 4695 2780 4695 2780 4696 2748 4696 2781 4696 2748 4697 2750 4697 2781 4697 2781 4698 2750 4698 2782 4698 2750 4699 2769 4699 2782 4699 2782 4700 2769 4700 2783 4700 1103 4701 1285 4701 1286 4701 1103 4702 1286 4702 1110 4702 1286 4703 1287 4703 1110 4703 1110 4704 1287 4704 1108 4704 1287 4705 1288 4705 1108 4705 1108 4706 1288 4706 1106 4706 1288 4707 1289 4707 1106 4707 1106 4708 1289 4708 1104 4708 2784 4709 2785 4709 2786 4709 2787 4710 2788 4710 2789 4710 2790 4711 2791 4711 2792 4711 2791 4712 2793 4712 2792 4712 2794 4713 2795 4713 2796 4713 2795 4714 2790 4714 2796 4714 2797 4715 2798 4715 2799 4715 2798 4716 2800 4716 2799 4716 2799 4717 2800 4717 2794 4717 2801 4718 2802 4718 2797 4718 2803 4719 2804 4719 2805 4719 2804 4720 2806 4720 2805 4720 2807 4721 2808 4721 2809 4721 2808 4722 2803 4722 2809 4722 2810 4723 2811 4723 2807 4723 2812 4724 2784 4724 2813 4724 2784 4725 2786 4725 2813 4725 2813 4726 2786 4726 2814 4726 2786 4727 2815 4727 2814 4727 2815 4728 2816 4728 2814 4728 2814 4729 2816 4729 2817 4729 2816 4730 2818 4730 2817 4730 2818 4731 2819 4731 2817 4731 2817 4732 2819 4732 2820 4732 2819 4733 2821 4733 2820 4733 2821 4734 2822 4734 2820 4734 2822 4735 2823 4735 2820 4735 2820 4736 2823 4736 2824 4736 2823 4737 2825 4737 2824 4737 2825 4738 2826 4738 2824 4738 2824 4739 2826 4739 2827 4739 2826 4740 2828 4740 2827 4740 2827 4741 2828 4741 2829 4741 2828 4742 2830 4742 2829 4742 2830 4743 2831 4743 2829 4743 2829 4744 2831 4744 2832 4744 2831 4745 2833 4745 2832 4745 2833 4746 2834 4746 2832 4746 2832 4747 2834 4747 2835 4747 2834 4748 2836 4748 2835 4748 2835 4749 2836 4749 2837 4749 2836 4750 2838 4750 2837 4750 2838 4751 2839 4751 2837 4751 2837 4752 2839 4752 2840 4752 2839 4753 2841 4753 2840 4753 2841 4754 2842 4754 2840 4754 2840 4755 2842 4755 2843 4755 2842 4756 2844 4756 2843 4756 2845 4757 2846 4757 2843 4757 2846 4758 2847 4758 2843 4758 2843 4759 2847 4759 2840 4759 2847 4760 2848 4760 2840 4760 2840 4761 2848 4761 2837 4761 2848 4762 2849 4762 2837 4762 2837 4763 2849 4763 2835 4763 2849 4764 2850 4764 2835 4764 2835 4765 2850 4765 2832 4765 2850 4766 2851 4766 2832 4766 2832 4767 2851 4767 2829 4767 2851 4768 2852 4768 2829 4768 2829 4769 2852 4769 2827 4769 2852 4770 2853 4770 2827 4770 2827 4771 2853 4771 2824 4771 2853 4772 2854 4772 2824 4772 2824 4773 2854 4773 2820 4773 2854 4774 2855 4774 2820 4774 2820 4775 2855 4775 2817 4775 2855 4776 2856 4776 2817 4776 2817 4777 2856 4777 2814 4777 2856 4778 2787 4778 2814 4778 2814 4779 2787 4779 2813 4779 2787 4780 2789 4780 2813 4780 2813 4781 2789 4781 2812 4781 2844 4782 2857 4782 2843 4782 2857 4783 2858 4783 2843 4783 2843 4784 2858 4784 2845 4784 2858 4785 2859 4785 2845 4785 2845 4786 2859 4786 2860 4786 2861 4787 2862 4787 2863 4787 2790 4788 2792 4788 2796 4788 2792 4789 2864 4789 2796 4789 2796 4790 2864 4790 2865 4790 2864 4791 2866 4791 2865 4791 2865 4792 2866 4792 2867 4792 2866 4793 2868 4793 2867 4793 2867 4794 2868 4794 2869 4794 2868 4795 2870 4795 2869 4795 2869 4796 2870 4796 2871 4796 2870 4797 2872 4797 2871 4797 2871 4798 2872 4798 2873 4798 2872 4799 2874 4799 2873 4799 2873 4800 2874 4800 2875 4800 2874 4801 2876 4801 2875 4801 2875 4802 2876 4802 2877 4802 2876 4803 2878 4803 2877 4803 2877 4804 2878 4804 2879 4804 2878 4805 2880 4805 2879 4805 2879 4806 2880 4806 2881 4806 2880 4807 2882 4807 2881 4807 2881 4808 2882 4808 2883 4808 2882 4809 2884 4809 2883 4809 2883 4810 2884 4810 2885 4810 2884 4811 2886 4811 2885 4811 2885 4812 2886 4812 2887 4812 2886 4813 2888 4813 2887 4813 2887 4814 2888 4814 2889 4814 2797 4815 2799 4815 2801 4815 2799 4816 2890 4816 2801 4816 2801 4817 2890 4817 2891 4817 2890 4818 2892 4818 2891 4818 2891 4819 2892 4819 2893 4819 2892 4820 2894 4820 2893 4820 2893 4821 2894 4821 2895 4821 2894 4822 2896 4822 2895 4822 2895 4823 2896 4823 2897 4823 2896 4824 2898 4824 2897 4824 2897 4825 2898 4825 2899 4825 2898 4826 2900 4826 2899 4826 2899 4827 2900 4827 2901 4827 2900 4828 2902 4828 2901 4828 2901 4829 2902 4829 2903 4829 2902 4830 2904 4830 2903 4830 2903 4831 2904 4831 2905 4831 2904 4832 2906 4832 2905 4832 2905 4833 2906 4833 2907 4833 2906 4834 2908 4834 2907 4834 2907 4835 2908 4835 2909 4835 2908 4836 2910 4836 2909 4836 2909 4837 2910 4837 2911 4837 2910 4838 2912 4838 2911 4838 2911 4839 2912 4839 2913 4839 2912 4840 2914 4840 2913 4840 2913 4841 2914 4841 2915 4841 2803 4842 2805 4842 2809 4842 2805 4843 2916 4843 2809 4843 2809 4844 2916 4844 2917 4844 2916 4845 2918 4845 2917 4845 2917 4846 2918 4846 2919 4846 2918 4847 2920 4847 2919 4847 2919 4848 2920 4848 2921 4848 2920 4849 2922 4849 2921 4849 2921 4850 2922 4850 2923 4850 2922 4851 2924 4851 2923 4851 2923 4852 2924 4852 2925 4852 2924 4853 2926 4853 2925 4853 2925 4854 2926 4854 2927 4854 2926 4855 2928 4855 2927 4855 2927 4856 2928 4856 2929 4856 2928 4857 2930 4857 2929 4857 2929 4858 2930 4858 2931 4858 2930 4859 2932 4859 2931 4859 2931 4860 2932 4860 2933 4860 2932 4861 2934 4861 2933 4861 2933 4862 2934 4862 2935 4862 2934 4863 2936 4863 2935 4863 2935 4864 2936 4864 2937 4864 2936 4865 2938 4865 2937 4865 2937 4866 2938 4866 2939 4866 2938 4867 2940 4867 2939 4867 2939 4868 2940 4868 2941 4868 2942 4869 2943 4869 2860 4869 2943 4870 2861 4870 2860 4870 2860 4871 2861 4871 2845 4871 2861 4872 2863 4872 2845 4872 2845 4873 2863 4873 2846 4873 2943 4874 2944 4874 2861 4874 2944 4875 2945 4875 2861 4875 2861 4876 2945 4876 2862 4876 2945 4877 2946 4877 2862 4877 2862 4878 2946 4878 2947 4878 2947 4879 2888 4879 2862 4879 2888 4880 2886 4880 2862 4880 2862 4881 2886 4881 2863 4881 2886 4882 2884 4882 2863 4882 2863 4883 2884 4883 2846 4883 2884 4884 2882 4884 2846 4884 2846 4885 2882 4885 2847 4885 2882 4886 2880 4886 2847 4886 2847 4887 2880 4887 2848 4887 2880 4888 2878 4888 2848 4888 2848 4889 2878 4889 2849 4889 2878 4890 2876 4890 2849 4890 2849 4891 2876 4891 2850 4891 2876 4892 2874 4892 2850 4892 2850 4893 2874 4893 2851 4893 2874 4894 2872 4894 2851 4894 2851 4895 2872 4895 2852 4895 2872 4896 2870 4896 2852 4896 2852 4897 2870 4897 2853 4897 2870 4898 2868 4898 2853 4898 2853 4899 2868 4899 2854 4899 2868 4900 2866 4900 2854 4900 2854 4901 2866 4901 2855 4901 2866 4902 2864 4902 2855 4902 2855 4903 2864 4903 2856 4903 2864 4904 2792 4904 2856 4904 2856 4905 2792 4905 2787 4905 2792 4906 2793 4906 2787 4906 2787 4907 2793 4907 2788 4907 2947 4908 2948 4908 2888 4908 2948 4909 2949 4909 2888 4909 2888 4910 2949 4910 2889 4910 2949 4911 2950 4911 2889 4911 2889 4912 2950 4912 2951 4912 2794 4913 2796 4913 2799 4913 2796 4914 2865 4914 2799 4914 2799 4915 2865 4915 2890 4915 2865 4916 2867 4916 2890 4916 2890 4917 2867 4917 2892 4917 2867 4918 2869 4918 2892 4918 2892 4919 2869 4919 2894 4919 2869 4920 2871 4920 2894 4920 2894 4921 2871 4921 2896 4921 2871 4922 2873 4922 2896 4922 2896 4923 2873 4923 2898 4923 2873 4924 2875 4924 2898 4924 2898 4925 2875 4925 2900 4925 2875 4926 2877 4926 2900 4926 2900 4927 2877 4927 2902 4927 2877 4928 2879 4928 2902 4928 2902 4929 2879 4929 2904 4929 2879 4930 2881 4930 2904 4930 2904 4931 2881 4931 2906 4931 2881 4932 2883 4932 2906 4932 2906 4933 2883 4933 2908 4933 2883 4934 2885 4934 2908 4934 2908 4935 2885 4935 2910 4935 2885 4936 2887 4936 2910 4936 2910 4937 2887 4937 2912 4937 2887 4938 2889 4938 2912 4938 2912 4939 2889 4939 2914 4939 2889 4940 2951 4940 2914 4940 2914 4941 2951 4941 2952 4941 2952 4942 2953 4942 2914 4942 2953 4943 2954 4943 2914 4943 2914 4944 2954 4944 2915 4944 2954 4945 2955 4945 2915 4945 2915 4946 2955 4946 2956 4946 2956 4947 2940 4947 2915 4947 2940 4948 2938 4948 2915 4948 2915 4949 2938 4949 2913 4949 2938 4950 2936 4950 2913 4950 2913 4951 2936 4951 2911 4951 2936 4952 2934 4952 2911 4952 2911 4953 2934 4953 2909 4953 2934 4954 2932 4954 2909 4954 2909 4955 2932 4955 2907 4955 2932 4956 2930 4956 2907 4956 2907 4957 2930 4957 2905 4957 2930 4958 2928 4958 2905 4958 2905 4959 2928 4959 2903 4959 2928 4960 2926 4960 2903 4960 2903 4961 2926 4961 2901 4961 2926 4962 2924 4962 2901 4962 2901 4963 2924 4963 2899 4963 2924 4964 2922 4964 2899 4964 2899 4965 2922 4965 2897 4965 2922 4966 2920 4966 2897 4966 2897 4967 2920 4967 2895 4967 2920 4968 2918 4968 2895 4968 2895 4969 2918 4969 2893 4969 2918 4970 2916 4970 2893 4970 2893 4971 2916 4971 2891 4971 2916 4972 2805 4972 2891 4972 2891 4973 2805 4973 2801 4973 2805 4974 2806 4974 2801 4974 2801 4975 2806 4975 2802 4975 2956 4976 2957 4976 2940 4976 2957 4977 2958 4977 2940 4977 2940 4978 2958 4978 2941 4978 2958 4979 2959 4979 2941 4979 2941 4980 2959 4980 2960 4980 2807 4981 2809 4981 2810 4981 2809 4982 2917 4982 2810 4982 2810 4983 2917 4983 2961 4983 2917 4984 2919 4984 2961 4984 2961 4985 2919 4985 2962 4985 2919 4986 2921 4986 2962 4986 2962 4987 2921 4987 2963 4987 2921 4988 2923 4988 2963 4988 2963 4989 2923 4989 2964 4989 2923 4990 2925 4990 2964 4990 2964 4991 2925 4991 2965 4991 2925 4992 2927 4992 2965 4992 2965 4993 2927 4993 2966 4993 2927 4994 2929 4994 2966 4994 2966 4995 2929 4995 2967 4995 2929 4996 2931 4996 2967 4996 2967 4997 2931 4997 2968 4997 2931 4998 2933 4998 2968 4998 2968 4999 2933 4999 2969 4999 2933 5000 2935 5000 2969 5000 2969 5001 2935 5001 2970 5001 2935 5002 2937 5002 2970 5002 2970 5003 2937 5003 2971 5003 2937 5004 2939 5004 2971 5004 2971 5005 2939 5005 2972 5005 2939 5006 2941 5006 2972 5006 2972 5007 2941 5007 2973 5007 2941 5008 2960 5008 2973 5008 2973 5009 2960 5009 2974 5009 451 5010 447 5010 2975 5010 346 5011 338 5011 2976 5011 256 5012 255 5012 2977 5012 330 5013 329 5013 2978 5013 2979 5014 442 5014 455 5014 2980 5015 2981 5015 2979 5015 2982 5016 439 5016 444 5016 322 5017 2983 5017 323 5017 2983 5018 2984 5018 323 5018 323 5019 2984 5019 327 5019 2985 5020 2986 5020 2987 5020 2988 5021 2989 5021 2990 5021 2991 5022 2992 5022 2993 5022 2994 5023 2995 5023 2996 5023 2997 5024 2998 5024 2980 5024 2998 5025 2999 5025 2980 5025 2980 5026 2999 5026 2981 5026 2999 5027 3000 5027 2981 5027 2981 5028 3000 5028 3001 5028 3002 5029 3003 5029 2984 5029 3003 5030 328 5030 2984 5030 2984 5031 328 5031 327 5031 442 5032 2979 5032 443 5032 2979 5033 2981 5033 443 5033 443 5034 2981 5034 444 5034 2981 5035 3001 5035 444 5035 444 5036 3001 5036 2982 5036 329 5037 328 5037 2978 5037 328 5038 3003 5038 2978 5038 2978 5039 3003 5039 3004 5039 3003 5040 3002 5040 3004 5040 3004 5041 3002 5041 3005 5041 2995 5042 2997 5042 2996 5042 2997 5043 2980 5043 2996 5043 2996 5044 2980 5044 3006 5044 2980 5045 2979 5045 3006 5045 3006 5046 2979 5046 3007 5046 2979 5047 455 5047 3007 5047 3007 5048 455 5048 462 5048 334 5049 330 5049 3008 5049 330 5050 2978 5050 3008 5050 3008 5051 2978 5051 3009 5051 2978 5052 3004 5052 3009 5052 3009 5053 3004 5053 3010 5053 3004 5054 3005 5054 3010 5054 3010 5055 3005 5055 3011 5055 2992 5056 2994 5056 2993 5056 2994 5057 2996 5057 2993 5057 2993 5058 2996 5058 3012 5058 2996 5059 3006 5059 3012 5059 3012 5060 3006 5060 3013 5060 3006 5061 3007 5061 3013 5061 3013 5062 3007 5062 3014 5062 3007 5063 462 5063 3014 5063 3014 5064 462 5064 467 5064 255 5065 334 5065 2977 5065 334 5066 3008 5066 2977 5066 2977 5067 3008 5067 3015 5067 3008 5068 3009 5068 3015 5068 3015 5069 3009 5069 3016 5069 3009 5070 3010 5070 3016 5070 3016 5071 3010 5071 3017 5071 3010 5072 3011 5072 3017 5072 3017 5073 3011 5073 3018 5073 2986 5074 2988 5074 2987 5074 2988 5075 2990 5075 2987 5075 2987 5076 2990 5076 3019 5076 2990 5077 3020 5077 3019 5077 3019 5078 3020 5078 3021 5078 3020 5079 3022 5079 3021 5079 3021 5080 3022 5080 3023 5080 3022 5081 3024 5081 3023 5081 3023 5082 3024 5082 3025 5082 3024 5083 3026 5083 3025 5083 3025 5084 3026 5084 3027 5084 338 5085 256 5085 2976 5085 256 5086 2977 5086 2976 5086 2976 5087 2977 5087 3028 5087 2977 5088 3015 5088 3028 5088 3028 5089 3015 5089 3029 5089 3015 5090 3016 5090 3029 5090 3029 5091 3016 5091 3030 5091 3016 5092 3017 5092 3030 5092 3030 5093 3017 5093 3031 5093 3017 5094 3018 5094 3031 5094 3031 5095 3018 5095 3032 5095 2989 5096 2991 5096 2990 5096 2991 5097 2993 5097 2990 5097 2990 5098 2993 5098 3020 5098 2993 5099 3012 5099 3020 5099 3020 5100 3012 5100 3022 5100 3012 5101 3013 5101 3022 5101 3022 5102 3013 5102 3024 5102 3013 5103 3014 5103 3024 5103 3024 5104 3014 5104 3026 5104 3014 5105 467 5105 3026 5105 3026 5106 467 5106 3027 5106 467 5107 437 5107 3027 5107 3027 5108 437 5108 436 5108 345 5109 346 5109 3033 5109 346 5110 2976 5110 3033 5110 3033 5111 2976 5111 3034 5111 2976 5112 3028 5112 3034 5112 3034 5113 3028 5113 3035 5113 3028 5114 3029 5114 3035 5114 3035 5115 3029 5115 3036 5115 3029 5116 3030 5116 3036 5116 3036 5117 3030 5117 3037 5117 3030 5118 3031 5118 3037 5118 3037 5119 3031 5119 3038 5119 3031 5120 3032 5120 3038 5120 3038 5121 3032 5121 2975 5121 2983 5122 2985 5122 2984 5122 2985 5123 2987 5123 2984 5123 2984 5124 2987 5124 3002 5124 2987 5125 3019 5125 3002 5125 3002 5126 3019 5126 3005 5126 3019 5127 3021 5127 3005 5127 3005 5128 3021 5128 3011 5128 3021 5129 3023 5129 3011 5129 3011 5130 3023 5130 3018 5130 3023 5131 3025 5131 3018 5131 3018 5132 3025 5132 3032 5132 3025 5133 3027 5133 3032 5133 3032 5134 3027 5134 2975 5134 3027 5135 436 5135 2975 5135 2975 5136 436 5136 451 5136 447 5137 446 5137 2975 5137 446 5138 3039 5138 2975 5138 2975 5139 3039 5139 3038 5139 3039 5140 3040 5140 3038 5140 3038 5141 3040 5141 3037 5141 3040 5142 3041 5142 3037 5142 3037 5143 3041 5143 3036 5143 3041 5144 3042 5144 3036 5144 3036 5145 3042 5145 3035 5145 3042 5146 3043 5146 3035 5146 3035 5147 3043 5147 3034 5147 3043 5148 3044 5148 3034 5148 3034 5149 3044 5149 3033 5149 3044 5150 3045 5150 3033 5150 3033 5151 3045 5151 345 5151 3045 5152 344 5152 345 5152 3046 5153 1065 5153 3047 5153 1065 5154 1064 5154 3047 5154 3047 5155 1064 5155 3048 5155 1064 5156 1063 5156 3048 5156 3048 5157 1063 5157 3049 5157 1063 5158 1062 5158 3049 5158 3049 5159 1062 5159 3050 5159 1062 5160 1061 5160 3050 5160 3050 5161 1061 5161 3051 5161 1061 5162 1060 5162 3051 5162 3051 5163 1060 5163 3052 5163 1060 5164 1059 5164 3052 5164 3052 5165 1059 5165 3053 5165 1059 5166 1058 5166 3053 5166 3053 5167 1058 5167 3054 5167 1058 5168 1057 5168 3054 5168 3054 5169 1057 5169 3055 5169 1057 5170 1056 5170 3055 5170 3055 5171 1056 5171 3056 5171 1056 5172 1055 5172 3056 5172 3056 5173 1055 5173 3057 5173 1055 5174 1054 5174 3057 5174 3057 5175 1054 5175 3058 5175 1054 5176 1053 5176 3058 5176 3058 5177 1053 5177 3059 5177 1053 5178 1052 5178 3059 5178 3059 5179 1052 5179 3060 5179 1052 5180 1051 5180 3060 5180 3060 5181 1051 5181 3061 5181 1051 5182 1050 5182 3061 5182 3061 5183 1050 5183 3062 5183 1050 5184 1049 5184 3062 5184 3062 5185 1049 5185 3063 5185 1049 5186 1048 5186 3063 5186 3063 5187 1048 5187 3064 5187 1048 5188 1047 5188 3064 5188 3064 5189 1047 5189 3065 5189 1047 5190 1046 5190 3065 5190 3065 5191 1046 5191 3066 5191 1046 5192 1045 5192 3066 5192 3066 5193 1045 5193 3067 5193 1045 5194 1044 5194 3067 5194 3067 5195 1044 5195 3068 5195 1044 5196 1043 5196 3068 5196 3068 5197 1043 5197 3069 5197 1043 5198 1100 5198 3069 5198 3069 5199 1100 5199 3070 5199 1100 5200 1099 5200 3070 5200 3070 5201 1099 5201 3071 5201 1099 5202 1098 5202 3071 5202 3071 5203 1098 5203 3072 5203 1098 5204 1097 5204 3072 5204 3072 5205 1097 5205 3073 5205 1097 5206 1096 5206 3073 5206 3073 5207 1096 5207 3074 5207 1096 5208 1095 5208 3074 5208 3074 5209 1095 5209 3075 5209 1095 5210 1094 5210 3075 5210 3075 5211 1094 5211 3076 5211 1094 5212 1093 5212 3076 5212 3076 5213 1093 5213 3077 5213 1093 5214 1092 5214 3077 5214 3077 5215 1092 5215 3078 5215 1092 5216 1091 5216 3078 5216 3078 5217 1091 5217 3079 5217 1091 5218 1090 5218 3079 5218 3079 5219 1090 5219 3080 5219 1090 5220 1089 5220 3080 5220 3080 5221 1089 5221 3081 5221 1089 5222 1088 5222 3081 5222 3081 5223 1088 5223 3082 5223 1088 5224 1087 5224 3082 5224 3082 5225 1087 5225 3083 5225 1087 5226 1086 5226 3083 5226 3083 5227 1086 5227 3084 5227 1086 5228 1085 5228 3084 5228 3084 5229 1085 5229 3085 5229 1085 5230 1084 5230 3085 5230 3085 5231 1084 5231 3086 5231 1084 5232 1083 5232 3086 5232 3086 5233 1083 5233 3087 5233 1083 5234 1082 5234 3087 5234 3087 5235 1082 5235 3088 5235 1082 5236 1081 5236 3088 5236 3088 5237 1081 5237 3089 5237 1081 5238 1080 5238 3089 5238 3089 5239 1080 5239 3090 5239 1080 5240 1079 5240 3090 5240 3090 5241 1079 5241 3091 5241 1079 5242 1078 5242 3091 5242 3091 5243 1078 5243 3092 5243 1078 5244 1077 5244 3092 5244 3092 5245 1077 5245 3093 5245 1077 5246 1076 5246 3093 5246 3093 5247 1076 5247 3094 5247 1076 5248 1075 5248 3094 5248 3094 5249 1075 5249 3095 5249 1075 5250 1074 5250 3095 5250 3095 5251 1074 5251 3096 5251 1074 5252 1073 5252 3096 5252 3096 5253 1073 5253 3097 5253 1073 5254 1072 5254 3097 5254 3097 5255 1072 5255 3098 5255 1072 5256 1071 5256 3098 5256 3098 5257 1071 5257 3099 5257 1071 5258 1070 5258 3099 5258 3099 5259 1070 5259 3100 5259 1070 5260 1069 5260 3100 5260 3100 5261 1069 5261 3101 5261 1069 5262 1068 5262 3101 5262 3101 5263 1068 5263 3102 5263 1068 5264 1067 5264 3102 5264 3102 5265 1067 5265 3103 5265 1067 5266 1066 5266 3103 5266 3103 5267 1066 5267 3046 5267 1066 5268 1065 5268 3046 5268 37 5269 36 5269 2164 5269 89 5270 1796 5270 1794 5270 89 5271 1794 5271 84 5271 1794 5272 1792 5272 84 5272 84 5273 1792 5273 85 5273 2164 5274 36 5274 2163 5274 36 5275 35 5275 2163 5275 2163 5276 35 5276 49 5276 49 5277 88 5277 1790 5277 88 5278 87 5278 1790 5278 1790 5279 87 5279 1792 5279 87 5280 86 5280 1792 5280 1792 5281 86 5281 85 5281 2166 5282 22 5282 2165 5282 22 5283 21 5283 2165 5283 2165 5284 21 5284 2164 5284 21 5285 29 5285 2164 5285 2164 5286 29 5286 37 5286 49 5287 1790 5287 2163 5287 1790 5288 1788 5288 2163 5288 2163 5289 1788 5289 2162 5289 1788 5290 1786 5290 2162 5290 2162 5291 1786 5291 2161 5291 1786 5292 1784 5292 2161 5292 2161 5293 1784 5293 2160 5293 1784 5294 1782 5294 2160 5294 2160 5295 1782 5295 2159 5295 1782 5296 1780 5296 2159 5296 2159 5297 1780 5297 2158 5297 1780 5298 1778 5298 2158 5298 2158 5299 1778 5299 2157 5299 1778 5300 1776 5300 2157 5300 2157 5301 1776 5301 2156 5301 1776 5302 1775 5302 2156 5302 2156 5303 1775 5303 2155 5303 637 5304 3104 5304 635 5304 3104 5305 3105 5305 635 5305 635 5306 3105 5306 633 5306 3105 5307 3106 5307 633 5307 633 5308 3106 5308 631 5308 3106 5309 3107 5309 631 5309 631 5310 3107 5310 629 5310 3107 5311 3108 5311 629 5311 629 5312 3108 5312 627 5312 3108 5313 3109 5313 627 5313 627 5314 3109 5314 625 5314 3109 5315 3110 5315 625 5315 625 5316 3110 5316 623 5316 3110 5317 3111 5317 623 5317 623 5318 3111 5318 621 5318 3111 5319 3112 5319 621 5319 621 5320 3112 5320 619 5320 3112 5321 3113 5321 619 5321 619 5322 3113 5322 617 5322 3113 5323 3114 5323 617 5323 617 5324 3114 5324 615 5324 3114 5325 3115 5325 615 5325 615 5326 3115 5326 613 5326 3115 5327 3116 5327 613 5327 613 5328 3116 5328 611 5328 3116 5329 3117 5329 611 5329 611 5330 3117 5330 609 5330 3117 5331 3118 5331 609 5331 609 5332 3118 5332 607 5332 3118 5333 3119 5333 607 5333 607 5334 3119 5334 605 5334 3119 5335 3120 5335 605 5335 605 5336 3120 5336 603 5336 3120 5337 3121 5337 603 5337 603 5338 3121 5338 601 5338 3121 5339 3122 5339 601 5339 601 5340 3122 5340 599 5340 3122 5341 3123 5341 599 5341 599 5342 3123 5342 597 5342 3123 5343 3124 5343 597 5343 597 5344 3124 5344 595 5344 3124 5345 3125 5345 595 5345 595 5346 3125 5346 593 5346 3125 5347 3126 5347 593 5347 593 5348 3126 5348 591 5348 3126 5349 3127 5349 591 5349 591 5350 3127 5350 589 5350 3127 5351 3128 5351 589 5351 589 5352 3128 5352 587 5352 3128 5353 3129 5353 587 5353 587 5354 3129 5354 585 5354 3129 5355 3130 5355 585 5355 585 5356 3130 5356 583 5356 3130 5357 3131 5357 583 5357 583 5358 3131 5358 581 5358 3131 5359 3132 5359 581 5359 581 5360 3132 5360 579 5360 3132 5361 3133 5361 579 5361 579 5362 3133 5362 693 5362 3133 5363 3134 5363 693 5363 693 5364 3134 5364 691 5364 3134 5365 3135 5365 691 5365 691 5366 3135 5366 689 5366 3135 5367 3136 5367 689 5367 689 5368 3136 5368 687 5368 3136 5369 3137 5369 687 5369 687 5370 3137 5370 685 5370 3137 5371 3138 5371 685 5371 685 5372 3138 5372 683 5372 3138 5373 3139 5373 683 5373 683 5374 3139 5374 681 5374 3139 5375 3140 5375 681 5375 681 5376 3140 5376 679 5376 3140 5377 3141 5377 679 5377 679 5378 3141 5378 677 5378 3141 5379 3142 5379 677 5379 677 5380 3142 5380 675 5380 3142 5381 3143 5381 675 5381 675 5382 3143 5382 673 5382 3143 5383 3144 5383 673 5383 673 5384 3144 5384 671 5384 3144 5385 3145 5385 671 5385 671 5386 3145 5386 669 5386 3145 5387 3146 5387 669 5387 669 5388 3146 5388 667 5388 3146 5389 3147 5389 667 5389 667 5390 3147 5390 665 5390 3147 5391 3148 5391 665 5391 665 5392 3148 5392 663 5392 3148 5393 3149 5393 663 5393 663 5394 3149 5394 661 5394 3149 5395 3150 5395 661 5395 661 5396 3150 5396 659 5396 3150 5397 3151 5397 659 5397 659 5398 3151 5398 657 5398 3151 5399 3152 5399 657 5399 657 5400 3152 5400 655 5400 3152 5401 3153 5401 655 5401 655 5402 3153 5402 653 5402 3153 5403 3154 5403 653 5403 653 5404 3154 5404 651 5404 3154 5405 3155 5405 651 5405 651 5406 3155 5406 649 5406 3155 5407 3156 5407 649 5407 649 5408 3156 5408 647 5408 3156 5409 3157 5409 647 5409 647 5410 3157 5410 645 5410 3157 5411 3158 5411 645 5411 645 5412 3158 5412 643 5412 3158 5413 3159 5413 643 5413 643 5414 3159 5414 641 5414 3159 5415 3160 5415 641 5415 641 5416 3160 5416 639 5416 3160 5417 3161 5417 639 5417 639 5418 3161 5418 637 5418 3161 5419 3104 5419 637 5419 1727 5420 3162 5420 3163 5420 3164 5421 3165 5421 1963 5421 3165 5422 3166 5422 1963 5422 1963 5423 3166 5423 2395 5423 1727 5424 3163 5424 1954 5424 3163 5425 3167 5425 1954 5425 1954 5426 3167 5426 1963 5426 3167 5427 3168 5427 1963 5427 1963 5428 3168 5428 3164 5428 3166 5429 3169 5429 2395 5429 3169 5430 3170 5430 2395 5430 2395 5431 3170 5431 3171 5431 3172 5432 1464 5432 3173 5432 1464 5433 2396 5433 3173 5433 3173 5434 2396 5434 3174 5434 2396 5435 2395 5435 3174 5435 3174 5436 2395 5436 3175 5436 2395 5437 3171 5437 3175 5437 1117 5438 3176 5438 3177 5438 3178 5439 3179 5439 1103 5439 3179 5440 3180 5440 1103 5440 1103 5441 3180 5441 1285 5441 1117 5442 3177 5442 1102 5442 3177 5443 3181 5443 1102 5443 1102 5444 3181 5444 1103 5444 3181 5445 3182 5445 1103 5445 1103 5446 3182 5446 3178 5446 3180 5447 3183 5447 1285 5447 3183 5448 3184 5448 1285 5448 1285 5449 3184 5449 3185 5449 3186 5450 1284 5450 3187 5450 1284 5451 1283 5451 3187 5451 3187 5452 1283 5452 3188 5452 1283 5453 1285 5453 3188 5453 3188 5454 1285 5454 3189 5454 1285 5455 3185 5455 3189 5455 1417 5456 3190 5456 3191 5456 3192 5457 3193 5457 1743 5457 3193 5458 3194 5458 1743 5458 1743 5459 3194 5459 2196 5459 3194 5460 3195 5460 2196 5460 3195 5461 3196 5461 2196 5461 2196 5462 3196 5462 3197 5462 3198 5463 1605 5463 3199 5463 1605 5464 2195 5464 3199 5464 3199 5465 2195 5465 3200 5465 2195 5466 2196 5466 3200 5466 3200 5467 2196 5467 3201 5467 2196 5468 3197 5468 3201 5468 1417 5469 3191 5469 1742 5469 3191 5470 3202 5470 1742 5470 1742 5471 3202 5471 1743 5471 3202 5472 3203 5472 1743 5472 1743 5473 3203 5473 3192 5473 2775 5474 2776 5474 2777 5474 2783 5475 3204 5475 3205 5475 3204 5476 3206 5476 3205 5476 3205 5477 3206 5477 3207 5477 3206 5478 3208 5478 3207 5478 3207 5479 3208 5479 3209 5479 3208 5480 3210 5480 3209 5480 3209 5481 3210 5481 3211 5481 3210 5482 3212 5482 3211 5482 3211 5483 3212 5483 3213 5483 3212 5484 3214 5484 3213 5484 3213 5485 3214 5485 3215 5485 3214 5486 3216 5486 3215 5486 3215 5487 3216 5487 3217 5487 3216 5488 3218 5488 3217 5488 3217 5489 3218 5489 3219 5489 2620 5490 2811 5490 2974 5490 2811 5491 2810 5491 2974 5491 2974 5492 2810 5492 2973 5492 2810 5493 2961 5493 2973 5493 2973 5494 2961 5494 2972 5494 2961 5495 2962 5495 2972 5495 2972 5496 2962 5496 2971 5496 2962 5497 2963 5497 2971 5497 2971 5498 2963 5498 2970 5498 2963 5499 2964 5499 2970 5499 2970 5500 2964 5500 2969 5500 2964 5501 2965 5501 2969 5501 2969 5502 2965 5502 2968 5502 2965 5503 2966 5503 2968 5503 2968 5504 2966 5504 2967 5504 2775 5505 2777 5505 2774 5505 2777 5506 2778 5506 2774 5506 2774 5507 2778 5507 2773 5507 2778 5508 2779 5508 2773 5508 2773 5509 2779 5509 2772 5509 2779 5510 2780 5510 2772 5510 2772 5511 2780 5511 2771 5511 2780 5512 2781 5512 2771 5512 2771 5513 2781 5513 2770 5513 2781 5514 2782 5514 2770 5514 2770 5515 2782 5515 2619 5515 2782 5516 2783 5516 2619 5516 2619 5517 2783 5517 2620 5517 2783 5518 3205 5518 2620 5518 2620 5519 3205 5519 2811 5519 3205 5520 3220 5520 2811 5520 2811 5521 3220 5521 3221 5521 3220 5522 3222 5522 3221 5522 3221 5523 3222 5523 3223 5523 3222 5524 3224 5524 3223 5524 3223 5525 3224 5525 3225 5525 3224 5526 3226 5526 3225 5526 3225 5527 3226 5527 3227 5527 3226 5528 3228 5528 3227 5528 3227 5529 3228 5529 3229 5529 3228 5530 3230 5530 3229 5530 3229 5531 3230 5531 3231 5531 3230 5532 3232 5532 3231 5532 3231 5533 3232 5533 3233 5533 3232 5534 3234 5534 3233 5534 3233 5535 3234 5535 3235 5535 344 5536 3045 5536 2167 5536 3045 5537 2234 5537 2167 5537 2234 5538 3045 5538 2244 5538 3045 5539 3044 5539 2244 5539 2244 5540 3044 5540 2254 5540 2335 5541 2322 5541 3041 5541 2322 5542 3042 5542 3041 5542 2335 5543 3041 5543 2345 5543 3041 5544 3040 5544 2345 5544 2345 5545 3040 5545 2355 5545 2254 5546 3044 5546 2264 5546 3044 5547 3043 5547 2264 5547 2264 5548 3043 5548 2276 5548 446 5549 2391 5549 3039 5549 2391 5550 2379 5550 3039 5550 3039 5551 2379 5551 3040 5551 2379 5552 2367 5552 3040 5552 3040 5553 2367 5553 2355 5553 2322 5554 2299 5554 3042 5554 2299 5555 2298 5555 3042 5555 3042 5556 2298 5556 3043 5556 2298 5557 2286 5557 3043 5557 3043 5558 2286 5558 2276 5558 89 5559 578 5559 1796 5559 578 5560 1795 5560 1796 5560 1795 5561 578 5561 1806 5561 578 5562 577 5562 1806 5562 1806 5563 577 5563 1816 5563 1897 5564 1884 5564 574 5564 1884 5565 575 5565 574 5565 1897 5566 574 5566 1907 5566 574 5567 573 5567 1907 5567 1907 5568 573 5568 1917 5568 1816 5569 577 5569 1826 5569 577 5570 576 5570 1826 5570 1826 5571 576 5571 1838 5571 277 5572 1953 5572 572 5572 1953 5573 1941 5573 572 5573 572 5574 1941 5574 573 5574 1941 5575 1929 5575 573 5575 573 5576 1929 5576 1917 5576 1884 5577 1861 5577 575 5577 1861 5578 1860 5578 575 5578 575 5579 1860 5579 576 5579 1860 5580 1848 5580 576 5580 576 5581 1848 5581 1838 5581 429 5582 428 5582 2447 5582 428 5583 2446 5583 2447 5583 2446 5584 428 5584 2457 5584 428 5585 427 5585 2457 5585 2457 5586 427 5586 2467 5586 2467 5587 427 5587 2477 5587 427 5588 426 5588 2477 5588 2477 5589 426 5589 2489 5589 2548 5590 2535 5590 424 5590 2535 5591 425 5591 424 5591 2548 5592 424 5592 2558 5592 424 5593 423 5593 2558 5593 2558 5594 423 5594 2568 5594 197 5595 2181 5595 422 5595 2181 5596 2592 5596 422 5596 422 5597 2592 5597 423 5597 2592 5598 2580 5598 423 5598 423 5599 2580 5599 2568 5599 2535 5600 2512 5600 425 5600 2512 5601 2511 5601 425 5601 425 5602 2511 5602 426 5602 2511 5603 2499 5603 426 5603 426 5604 2499 5604 2489 5604 3236 5605 3237 5605 1449 5605 3237 5606 3238 5606 1449 5606 1449 5607 3238 5607 1264 5607 1431 5608 3239 5608 3240 5608 1431 5609 3240 5609 1432 5609 3240 5610 3241 5610 1432 5610 1432 5611 3241 5611 1449 5611 3241 5612 3242 5612 1449 5612 1449 5613 3242 5613 3236 5613 3238 5614 3243 5614 1264 5614 3243 5615 3244 5615 1264 5615 1264 5616 3244 5616 3245 5616 3246 5617 1134 5617 3247 5617 1134 5618 1265 5618 3247 5618 3247 5619 1265 5619 3248 5619 1265 5620 1264 5620 3248 5620 3248 5621 1264 5621 3249 5621 1264 5622 3245 5622 3249 5622 1263 5623 1445 5623 1446 5623 1263 5624 1446 5624 1270 5624 1446 5625 1447 5625 1270 5625 1270 5626 1447 5626 1268 5626 1447 5627 1448 5627 1268 5627 1268 5628 1448 5628 1266 5628 1448 5629 1449 5629 1266 5629 1266 5630 1449 5630 1264 5630 3250 5631 3251 5631 3252 5631 3253 5632 3254 5632 3255 5632 3256 5633 3257 5633 3258 5633 3257 5634 3259 5634 3258 5634 3260 5635 3261 5635 3262 5635 3261 5636 3256 5636 3262 5636 3263 5637 3264 5637 3265 5637 3264 5638 3266 5638 3265 5638 3265 5639 3266 5639 3260 5639 3267 5640 3268 5640 3263 5640 3269 5641 3270 5641 3271 5641 3270 5642 3272 5642 3271 5642 3273 5643 3274 5643 3275 5643 3274 5644 3269 5644 3275 5644 3206 5645 3204 5645 3273 5645 3276 5646 3250 5646 3277 5646 3250 5647 3252 5647 3277 5647 3277 5648 3252 5648 3278 5648 3252 5649 3279 5649 3278 5649 3279 5650 3280 5650 3278 5650 3278 5651 3280 5651 3281 5651 3280 5652 3282 5652 3281 5652 3282 5653 3283 5653 3281 5653 3281 5654 3283 5654 3284 5654 3283 5655 3285 5655 3284 5655 3285 5656 3286 5656 3284 5656 3286 5657 3287 5657 3284 5657 3284 5658 3287 5658 3288 5658 3287 5659 3289 5659 3288 5659 3289 5660 3290 5660 3288 5660 3288 5661 3290 5661 3291 5661 3290 5662 3292 5662 3291 5662 3291 5663 3292 5663 3293 5663 3292 5664 3294 5664 3293 5664 3294 5665 3295 5665 3293 5665 3293 5666 3295 5666 3296 5666 3295 5667 3297 5667 3296 5667 3297 5668 3298 5668 3296 5668 3296 5669 3298 5669 3299 5669 3298 5670 3300 5670 3299 5670 3299 5671 3300 5671 3301 5671 3300 5672 3302 5672 3301 5672 3302 5673 3303 5673 3301 5673 3301 5674 3303 5674 3304 5674 3303 5675 3305 5675 3304 5675 3305 5676 3306 5676 3304 5676 3304 5677 3306 5677 3307 5677 3306 5678 3308 5678 3307 5678 3309 5679 3310 5679 3307 5679 3310 5680 3311 5680 3307 5680 3307 5681 3311 5681 3304 5681 3311 5682 3312 5682 3304 5682 3304 5683 3312 5683 3301 5683 3312 5684 3313 5684 3301 5684 3301 5685 3313 5685 3299 5685 3313 5686 3314 5686 3299 5686 3299 5687 3314 5687 3296 5687 3314 5688 3315 5688 3296 5688 3296 5689 3315 5689 3293 5689 3315 5690 3316 5690 3293 5690 3293 5691 3316 5691 3291 5691 3316 5692 3317 5692 3291 5692 3291 5693 3317 5693 3288 5693 3317 5694 3318 5694 3288 5694 3288 5695 3318 5695 3284 5695 3318 5696 3319 5696 3284 5696 3284 5697 3319 5697 3281 5697 3319 5698 3320 5698 3281 5698 3281 5699 3320 5699 3278 5699 3320 5700 3253 5700 3278 5700 3278 5701 3253 5701 3277 5701 3253 5702 3255 5702 3277 5702 3277 5703 3255 5703 3276 5703 3308 5704 3321 5704 3307 5704 3321 5705 3322 5705 3307 5705 3307 5706 3322 5706 3309 5706 3322 5707 3323 5707 3309 5707 3309 5708 3323 5708 3324 5708 3325 5709 3326 5709 3327 5709 3256 5710 3258 5710 3262 5710 3258 5711 3328 5711 3262 5711 3262 5712 3328 5712 3329 5712 3328 5713 3330 5713 3329 5713 3329 5714 3330 5714 3331 5714 3330 5715 3332 5715 3331 5715 3331 5716 3332 5716 3333 5716 3332 5717 3334 5717 3333 5717 3333 5718 3334 5718 3335 5718 3334 5719 3336 5719 3335 5719 3335 5720 3336 5720 3337 5720 3336 5721 3338 5721 3337 5721 3337 5722 3338 5722 3339 5722 3338 5723 3340 5723 3339 5723 3339 5724 3340 5724 3341 5724 3340 5725 3342 5725 3341 5725 3341 5726 3342 5726 3343 5726 3342 5727 3344 5727 3343 5727 3343 5728 3344 5728 3345 5728 3344 5729 3346 5729 3345 5729 3345 5730 3346 5730 3347 5730 3346 5731 3348 5731 3347 5731 3347 5732 3348 5732 3349 5732 3348 5733 3350 5733 3349 5733 3349 5734 3350 5734 3351 5734 3350 5735 3352 5735 3351 5735 3351 5736 3352 5736 3353 5736 3263 5737 3265 5737 3267 5737 3265 5738 3354 5738 3267 5738 3267 5739 3354 5739 3355 5739 3354 5740 3356 5740 3355 5740 3355 5741 3356 5741 3357 5741 3356 5742 3358 5742 3357 5742 3357 5743 3358 5743 3359 5743 3358 5744 3360 5744 3359 5744 3359 5745 3360 5745 3361 5745 3360 5746 3362 5746 3361 5746 3361 5747 3362 5747 3363 5747 3362 5748 3364 5748 3363 5748 3363 5749 3364 5749 3365 5749 3364 5750 3366 5750 3365 5750 3365 5751 3366 5751 3367 5751 3366 5752 3368 5752 3367 5752 3367 5753 3368 5753 3369 5753 3368 5754 3370 5754 3369 5754 3369 5755 3370 5755 3371 5755 3370 5756 3372 5756 3371 5756 3371 5757 3372 5757 3373 5757 3372 5758 3374 5758 3373 5758 3373 5759 3374 5759 3375 5759 3374 5760 3376 5760 3375 5760 3375 5761 3376 5761 3377 5761 3376 5762 3378 5762 3377 5762 3377 5763 3378 5763 3379 5763 3269 5764 3271 5764 3275 5764 3271 5765 3380 5765 3275 5765 3275 5766 3380 5766 3381 5766 3380 5767 3382 5767 3381 5767 3381 5768 3382 5768 3383 5768 3382 5769 3384 5769 3383 5769 3383 5770 3384 5770 3385 5770 3384 5771 3386 5771 3385 5771 3385 5772 3386 5772 3387 5772 3386 5773 3388 5773 3387 5773 3387 5774 3388 5774 3389 5774 3388 5775 3390 5775 3389 5775 3389 5776 3390 5776 3391 5776 3390 5777 3392 5777 3391 5777 3391 5778 3392 5778 3393 5778 3392 5779 3394 5779 3393 5779 3393 5780 3394 5780 3395 5780 3394 5781 3396 5781 3395 5781 3395 5782 3396 5782 3397 5782 3396 5783 3398 5783 3397 5783 3397 5784 3398 5784 3399 5784 3398 5785 3400 5785 3399 5785 3399 5786 3400 5786 3401 5786 3400 5787 3402 5787 3401 5787 3401 5788 3402 5788 3403 5788 3402 5789 3404 5789 3403 5789 3403 5790 3404 5790 3405 5790 3406 5791 3407 5791 3324 5791 3407 5792 3325 5792 3324 5792 3324 5793 3325 5793 3309 5793 3325 5794 3327 5794 3309 5794 3309 5795 3327 5795 3310 5795 3407 5796 3408 5796 3325 5796 3408 5797 3409 5797 3325 5797 3325 5798 3409 5798 3326 5798 3409 5799 3410 5799 3326 5799 3326 5800 3410 5800 3411 5800 3411 5801 3352 5801 3326 5801 3352 5802 3350 5802 3326 5802 3326 5803 3350 5803 3327 5803 3350 5804 3348 5804 3327 5804 3327 5805 3348 5805 3310 5805 3348 5806 3346 5806 3310 5806 3310 5807 3346 5807 3311 5807 3346 5808 3344 5808 3311 5808 3311 5809 3344 5809 3312 5809 3344 5810 3342 5810 3312 5810 3312 5811 3342 5811 3313 5811 3342 5812 3340 5812 3313 5812 3313 5813 3340 5813 3314 5813 3340 5814 3338 5814 3314 5814 3314 5815 3338 5815 3315 5815 3338 5816 3336 5816 3315 5816 3315 5817 3336 5817 3316 5817 3336 5818 3334 5818 3316 5818 3316 5819 3334 5819 3317 5819 3334 5820 3332 5820 3317 5820 3317 5821 3332 5821 3318 5821 3332 5822 3330 5822 3318 5822 3318 5823 3330 5823 3319 5823 3330 5824 3328 5824 3319 5824 3319 5825 3328 5825 3320 5825 3328 5826 3258 5826 3320 5826 3320 5827 3258 5827 3253 5827 3258 5828 3259 5828 3253 5828 3253 5829 3259 5829 3254 5829 3411 5830 3412 5830 3352 5830 3412 5831 3413 5831 3352 5831 3352 5832 3413 5832 3353 5832 3413 5833 3414 5833 3353 5833 3353 5834 3414 5834 3415 5834 3260 5835 3262 5835 3265 5835 3262 5836 3329 5836 3265 5836 3265 5837 3329 5837 3354 5837 3329 5838 3331 5838 3354 5838 3354 5839 3331 5839 3356 5839 3331 5840 3333 5840 3356 5840 3356 5841 3333 5841 3358 5841 3333 5842 3335 5842 3358 5842 3358 5843 3335 5843 3360 5843 3335 5844 3337 5844 3360 5844 3360 5845 3337 5845 3362 5845 3337 5846 3339 5846 3362 5846 3362 5847 3339 5847 3364 5847 3339 5848 3341 5848 3364 5848 3364 5849 3341 5849 3366 5849 3341 5850 3343 5850 3366 5850 3366 5851 3343 5851 3368 5851 3343 5852 3345 5852 3368 5852 3368 5853 3345 5853 3370 5853 3345 5854 3347 5854 3370 5854 3370 5855 3347 5855 3372 5855 3347 5856 3349 5856 3372 5856 3372 5857 3349 5857 3374 5857 3349 5858 3351 5858 3374 5858 3374 5859 3351 5859 3376 5859 3351 5860 3353 5860 3376 5860 3376 5861 3353 5861 3378 5861 3353 5862 3415 5862 3378 5862 3378 5863 3415 5863 3416 5863 3416 5864 3417 5864 3378 5864 3417 5865 3418 5865 3378 5865 3378 5866 3418 5866 3379 5866 3418 5867 3419 5867 3379 5867 3379 5868 3419 5868 3420 5868 3420 5869 3404 5869 3379 5869 3404 5870 3402 5870 3379 5870 3379 5871 3402 5871 3377 5871 3402 5872 3400 5872 3377 5872 3377 5873 3400 5873 3375 5873 3400 5874 3398 5874 3375 5874 3375 5875 3398 5875 3373 5875 3398 5876 3396 5876 3373 5876 3373 5877 3396 5877 3371 5877 3396 5878 3394 5878 3371 5878 3371 5879 3394 5879 3369 5879 3394 5880 3392 5880 3369 5880 3369 5881 3392 5881 3367 5881 3392 5882 3390 5882 3367 5882 3367 5883 3390 5883 3365 5883 3390 5884 3388 5884 3365 5884 3365 5885 3388 5885 3363 5885 3388 5886 3386 5886 3363 5886 3363 5887 3386 5887 3361 5887 3386 5888 3384 5888 3361 5888 3361 5889 3384 5889 3359 5889 3384 5890 3382 5890 3359 5890 3359 5891 3382 5891 3357 5891 3382 5892 3380 5892 3357 5892 3357 5893 3380 5893 3355 5893 3380 5894 3271 5894 3355 5894 3355 5895 3271 5895 3267 5895 3271 5896 3272 5896 3267 5896 3267 5897 3272 5897 3268 5897 3420 5898 3421 5898 3404 5898 3421 5899 3422 5899 3404 5899 3404 5900 3422 5900 3405 5900 3422 5901 3423 5901 3405 5901 3405 5902 3423 5902 3424 5902 3273 5903 3275 5903 3206 5903 3275 5904 3381 5904 3206 5904 3206 5905 3381 5905 3208 5905 3381 5906 3383 5906 3208 5906 3208 5907 3383 5907 3210 5907 3383 5908 3385 5908 3210 5908 3210 5909 3385 5909 3212 5909 3385 5910 3387 5910 3212 5910 3212 5911 3387 5911 3214 5911 3387 5912 3389 5912 3214 5912 3214 5913 3389 5913 3216 5913 3389 5914 3391 5914 3216 5914 3216 5915 3391 5915 3218 5915 3391 5916 3393 5916 3218 5916 3218 5917 3393 5917 3219 5917 3393 5918 3395 5918 3219 5918 3219 5919 3395 5919 3217 5919 3395 5920 3397 5920 3217 5920 3217 5921 3397 5921 3215 5921 3397 5922 3399 5922 3215 5922 3215 5923 3399 5923 3213 5923 3399 5924 3401 5924 3213 5924 3213 5925 3401 5925 3211 5925 3401 5926 3403 5926 3211 5926 3211 5927 3403 5927 3209 5927 3403 5928 3405 5928 3209 5928 3209 5929 3405 5929 3207 5929 3405 5930 3424 5930 3207 5930 3207 5931 3424 5931 3205 5931 1988 5932 3183 5932 2190 5932 3183 5933 3180 5933 2190 5933 3425 5934 3426 5934 3427 5934 3428 5935 3429 5935 3427 5935 3429 5936 3430 5936 3427 5936 3427 5937 3430 5937 3425 5937 3431 5938 3432 5938 3427 5938 3432 5939 3433 5939 3427 5939 3427 5940 3433 5940 3428 5940 3434 5941 3435 5941 3427 5941 3435 5942 3436 5942 3427 5942 3427 5943 3436 5943 3431 5943 3437 5944 3438 5944 3427 5944 3438 5945 3439 5945 3427 5945 3427 5946 3439 5946 3434 5946 3440 5947 3441 5947 3427 5947 3441 5948 3442 5948 3427 5948 3427 5949 3442 5949 3437 5949 3443 5950 3444 5950 3427 5950 3444 5951 3445 5951 3427 5951 3427 5952 3445 5952 3440 5952 3446 5953 3447 5953 3427 5953 3447 5954 3448 5954 3427 5954 3427 5955 3448 5955 3443 5955 3449 5956 3450 5956 3427 5956 3450 5957 3451 5957 3427 5957 3427 5958 3451 5958 3446 5958 3452 5959 3453 5959 3427 5959 3453 5960 3454 5960 3427 5960 3427 5961 3454 5961 3449 5961 3455 5962 3456 5962 3427 5962 3456 5963 3457 5963 3427 5963 3427 5964 3457 5964 3452 5964 3458 5965 3459 5965 3427 5965 3459 5966 3460 5966 3427 5966 3427 5967 3460 5967 3455 5967 3461 5968 3462 5968 3427 5968 3462 5969 3463 5969 3427 5969 3427 5970 3463 5970 3458 5970 3464 5971 3465 5971 3427 5971 3465 5972 3466 5972 3427 5972 3427 5973 3466 5973 3461 5973 3467 5974 3468 5974 3427 5974 3468 5975 3469 5975 3427 5975 3427 5976 3469 5976 3464 5976 3470 5977 3471 5977 3427 5977 3471 5978 3472 5978 3427 5978 3427 5979 3472 5979 3467 5979 3473 5980 3474 5980 3427 5980 3474 5981 3475 5981 3427 5981 3427 5982 3475 5982 3470 5982 3476 5983 3477 5983 3427 5983 3477 5984 3478 5984 3427 5984 3427 5985 3478 5985 3473 5985 3479 5986 3480 5986 3427 5986 3480 5987 3481 5987 3427 5987 3427 5988 3481 5988 3476 5988 3426 5989 3482 5989 3427 5989 3482 5990 3483 5990 3427 5990 3427 5991 3483 5991 3479 5991 174 5992 173 5992 2009 5992 173 5993 2008 5993 2009 5993 2008 5994 173 5994 2019 5994 173 5995 172 5995 2019 5995 2019 5996 172 5996 2029 5996 2110 5997 2097 5997 169 5997 2097 5998 170 5998 169 5998 2029 5999 172 5999 2039 5999 172 6000 171 6000 2039 6000 2039 6001 171 6001 2051 6001 2110 6002 169 6002 2120 6002 169 6003 168 6003 2120 6003 2120 6004 168 6004 2130 6004 2097 6005 2074 6005 170 6005 2074 6006 2073 6006 170 6006 170 6007 2073 6007 171 6007 2073 6008 2061 6008 171 6008 171 6009 2061 6009 2051 6009 22 6010 2166 6010 167 6010 2166 6011 2154 6011 167 6011 167 6012 2154 6012 168 6012 2154 6013 2142 6013 168 6013 168 6014 2142 6014 2130 6014 3425 6015 3484 6015 3426 6015 3484 6016 3485 6016 3426 6016 3426 6017 3485 6017 3482 6017 3485 6018 3486 6018 3482 6018 3482 6019 3486 6019 3483 6019 3486 6020 3487 6020 3483 6020 3483 6021 3487 6021 3479 6021 3487 6022 3488 6022 3479 6022 3479 6023 3488 6023 3480 6023 3488 6024 3489 6024 3480 6024 3480 6025 3489 6025 3481 6025 3489 6026 3490 6026 3481 6026 3481 6027 3490 6027 3476 6027 3490 6028 3491 6028 3476 6028 3476 6029 3491 6029 3477 6029 3491 6030 3492 6030 3477 6030 3477 6031 3492 6031 3478 6031 3492 6032 3493 6032 3478 6032 3478 6033 3493 6033 3473 6033 3493 6034 3494 6034 3473 6034 3473 6035 3494 6035 3474 6035 3494 6036 3495 6036 3474 6036 3474 6037 3495 6037 3475 6037 3495 6038 3496 6038 3475 6038 3475 6039 3496 6039 3470 6039 3496 6040 3497 6040 3470 6040 3470 6041 3497 6041 3471 6041 3497 6042 3498 6042 3471 6042 3471 6043 3498 6043 3472 6043 3498 6044 3499 6044 3472 6044 3472 6045 3499 6045 3467 6045 3499 6046 3500 6046 3467 6046 3467 6047 3500 6047 3468 6047 3500 6048 3501 6048 3468 6048 3468 6049 3501 6049 3469 6049 3501 6050 3502 6050 3469 6050 3469 6051 3502 6051 3464 6051 3502 6052 3503 6052 3464 6052 3464 6053 3503 6053 3465 6053 3503 6054 3504 6054 3465 6054 3465 6055 3504 6055 3466 6055 3504 6056 3505 6056 3466 6056 3466 6057 3505 6057 3461 6057 3505 6058 3506 6058 3461 6058 3461 6059 3506 6059 3462 6059 3506 6060 3507 6060 3462 6060 3462 6061 3507 6061 3463 6061 3507 6062 3508 6062 3463 6062 3463 6063 3508 6063 3458 6063 3508 6064 3509 6064 3458 6064 3458 6065 3509 6065 3459 6065 3509 6066 3510 6066 3459 6066 3459 6067 3510 6067 3460 6067 3510 6068 3511 6068 3460 6068 3460 6069 3511 6069 3455 6069 3511 6070 3512 6070 3455 6070 3455 6071 3512 6071 3456 6071 3512 6072 3513 6072 3456 6072 3456 6073 3513 6073 3457 6073 3513 6074 3514 6074 3457 6074 3457 6075 3514 6075 3452 6075 3514 6076 3515 6076 3452 6076 3452 6077 3515 6077 3453 6077 3515 6078 3516 6078 3453 6078 3453 6079 3516 6079 3454 6079 3516 6080 3517 6080 3454 6080 3454 6081 3517 6081 3449 6081 3517 6082 3518 6082 3449 6082 3449 6083 3518 6083 3450 6083 3518 6084 3519 6084 3450 6084 3450 6085 3519 6085 3451 6085 3519 6086 3520 6086 3451 6086 3451 6087 3520 6087 3446 6087 3520 6088 3521 6088 3446 6088 3446 6089 3521 6089 3447 6089 3521 6090 3522 6090 3447 6090 3447 6091 3522 6091 3448 6091 3522 6092 3523 6092 3448 6092 3448 6093 3523 6093 3443 6093 3523 6094 3524 6094 3443 6094 3443 6095 3524 6095 3444 6095 3524 6096 3525 6096 3444 6096 3444 6097 3525 6097 3445 6097 3525 6098 3526 6098 3445 6098 3445 6099 3526 6099 3440 6099 3526 6100 3527 6100 3440 6100 3440 6101 3527 6101 3441 6101 3527 6102 3528 6102 3441 6102 3441 6103 3528 6103 3442 6103 3528 6104 3529 6104 3442 6104 3442 6105 3529 6105 3437 6105 3529 6106 3530 6106 3437 6106 3437 6107 3530 6107 3438 6107 3530 6108 3531 6108 3438 6108 3438 6109 3531 6109 3439 6109 3531 6110 3532 6110 3439 6110 3439 6111 3532 6111 3434 6111 3532 6112 3533 6112 3434 6112 3434 6113 3533 6113 3435 6113 3533 6114 3534 6114 3435 6114 3435 6115 3534 6115 3436 6115 3534 6116 3535 6116 3436 6116 3436 6117 3535 6117 3431 6117 3535 6118 3536 6118 3431 6118 3431 6119 3536 6119 3432 6119 3536 6120 3537 6120 3432 6120 3432 6121 3537 6121 3433 6121 3537 6122 3538 6122 3433 6122 3433 6123 3538 6123 3428 6123 3538 6124 3539 6124 3428 6124 3428 6125 3539 6125 3429 6125 3539 6126 3540 6126 3429 6126 3429 6127 3540 6127 3430 6127 3540 6128 3541 6128 3430 6128 3430 6129 3541 6129 3425 6129 3541 6130 3484 6130 3425 6130 3541 6131 3542 6131 3484 6131 3542 6132 3543 6132 3484 6132 3484 6133 3543 6133 3485 6133 3543 6134 3544 6134 3485 6134 3485 6135 3544 6135 3486 6135 3544 6136 3545 6136 3486 6136 3486 6137 3545 6137 3487 6137 3545 6138 3546 6138 3487 6138 3487 6139 3546 6139 3488 6139 3546 6140 3547 6140 3488 6140 3488 6141 3547 6141 3489 6141 3547 6142 3548 6142 3489 6142 3489 6143 3548 6143 3490 6143 3548 6144 3549 6144 3490 6144 3490 6145 3549 6145 3491 6145 3549 6146 3550 6146 3491 6146 3491 6147 3550 6147 3492 6147 3550 6148 3551 6148 3492 6148 3492 6149 3551 6149 3493 6149 3551 6150 3552 6150 3493 6150 3493 6151 3552 6151 3494 6151 3552 6152 3553 6152 3494 6152 3494 6153 3553 6153 3495 6153 3553 6154 3554 6154 3495 6154 3495 6155 3554 6155 3496 6155 3554 6156 3555 6156 3496 6156 3496 6157 3555 6157 3497 6157 3555 6158 3556 6158 3497 6158 3497 6159 3556 6159 3498 6159 3556 6160 3557 6160 3498 6160 3498 6161 3557 6161 3499 6161 3557 6162 3558 6162 3499 6162 3499 6163 3558 6163 3500 6163 3558 6164 3559 6164 3500 6164 3500 6165 3559 6165 3501 6165 3559 6166 3560 6166 3501 6166 3501 6167 3560 6167 3502 6167 3560 6168 3561 6168 3502 6168 3502 6169 3561 6169 3503 6169 3561 6170 3562 6170 3503 6170 3503 6171 3562 6171 3504 6171 3562 6172 3563 6172 3504 6172 3504 6173 3563 6173 3505 6173 3563 6174 3564 6174 3505 6174 3505 6175 3564 6175 3506 6175 3564 6176 3565 6176 3506 6176 3506 6177 3565 6177 3507 6177 3565 6178 3566 6178 3507 6178 3507 6179 3566 6179 3508 6179 3566 6180 3567 6180 3508 6180 3508 6181 3567 6181 3509 6181 3567 6182 3568 6182 3509 6182 3509 6183 3568 6183 3510 6183 3568 6184 3569 6184 3510 6184 3510 6185 3569 6185 3511 6185 3569 6186 3570 6186 3511 6186 3511 6187 3570 6187 3512 6187 3570 6188 3571 6188 3512 6188 3512 6189 3571 6189 3513 6189 3571 6190 3572 6190 3513 6190 3513 6191 3572 6191 3514 6191 3572 6192 3573 6192 3514 6192 3514 6193 3573 6193 3515 6193 3573 6194 3574 6194 3515 6194 3515 6195 3574 6195 3516 6195 3574 6196 3575 6196 3516 6196 3516 6197 3575 6197 3517 6197 3575 6198 3576 6198 3517 6198 3517 6199 3576 6199 3518 6199 3576 6200 3577 6200 3518 6200 3518 6201 3577 6201 3519 6201 3577 6202 3578 6202 3519 6202 3519 6203 3578 6203 3520 6203 3578 6204 3579 6204 3520 6204 3520 6205 3579 6205 3521 6205 3579 6206 3580 6206 3521 6206 3521 6207 3580 6207 3522 6207 3580 6208 3581 6208 3522 6208 3522 6209 3581 6209 3523 6209 3581 6210 3582 6210 3523 6210 3523 6211 3582 6211 3524 6211 3582 6212 3583 6212 3524 6212 3524 6213 3583 6213 3525 6213 3583 6214 3584 6214 3525 6214 3525 6215 3584 6215 3526 6215 3584 6216 3585 6216 3526 6216 3526 6217 3585 6217 3527 6217 3585 6218 3586 6218 3527 6218 3527 6219 3586 6219 3528 6219 3586 6220 3587 6220 3528 6220 3528 6221 3587 6221 3529 6221 3587 6222 3588 6222 3529 6222 3529 6223 3588 6223 3530 6223 3588 6224 3589 6224 3530 6224 3530 6225 3589 6225 3531 6225 3589 6226 3590 6226 3531 6226 3531 6227 3590 6227 3532 6227 3590 6228 3591 6228 3532 6228 3532 6229 3591 6229 3533 6229 3591 6230 3592 6230 3533 6230 3533 6231 3592 6231 3534 6231 3592 6232 3593 6232 3534 6232 3534 6233 3593 6233 3535 6233 3593 6234 3594 6234 3535 6234 3535 6235 3594 6235 3536 6235 3594 6236 3595 6236 3536 6236 3536 6237 3595 6237 3537 6237 3595 6238 3596 6238 3537 6238 3537 6239 3596 6239 3538 6239 3596 6240 3597 6240 3538 6240 3538 6241 3597 6241 3539 6241 3597 6242 3598 6242 3539 6242 3539 6243 3598 6243 3540 6243 3598 6244 3599 6244 3540 6244 3540 6245 3599 6245 3541 6245 3599 6246 3542 6246 3541 6246 3599 6247 3600 6247 3542 6247 3600 6248 3601 6248 3542 6248 3542 6249 3601 6249 3543 6249 3601 6250 3602 6250 3543 6250 3543 6251 3602 6251 3544 6251 3602 6252 3603 6252 3544 6252 3544 6253 3603 6253 3545 6253 3603 6254 3604 6254 3545 6254 3545 6255 3604 6255 3546 6255 3604 6256 3605 6256 3546 6256 3546 6257 3605 6257 3547 6257 3605 6258 3606 6258 3547 6258 3547 6259 3606 6259 3548 6259 3606 6260 3607 6260 3548 6260 3548 6261 3607 6261 3549 6261 3607 6262 3608 6262 3549 6262 3549 6263 3608 6263 3550 6263 3608 6264 3609 6264 3550 6264 3550 6265 3609 6265 3551 6265 3609 6266 3610 6266 3551 6266 3551 6267 3610 6267 3552 6267 3610 6268 3611 6268 3552 6268 3552 6269 3611 6269 3553 6269 3611 6270 3612 6270 3553 6270 3553 6271 3612 6271 3554 6271 3612 6272 3613 6272 3554 6272 3554 6273 3613 6273 3555 6273 3613 6274 3614 6274 3555 6274 3555 6275 3614 6275 3556 6275 3614 6276 3615 6276 3556 6276 3556 6277 3615 6277 3557 6277 3615 6278 3616 6278 3557 6278 3557 6279 3616 6279 3558 6279 3616 6280 3617 6280 3558 6280 3558 6281 3617 6281 3559 6281 3617 6282 3618 6282 3559 6282 3559 6283 3618 6283 3560 6283 3618 6284 3619 6284 3560 6284 3560 6285 3619 6285 3561 6285 3619 6286 3620 6286 3561 6286 3561 6287 3620 6287 3562 6287 3620 6288 3621 6288 3562 6288 3562 6289 3621 6289 3563 6289 3621 6290 3622 6290 3563 6290 3563 6291 3622 6291 3564 6291 3622 6292 3623 6292 3564 6292 3564 6293 3623 6293 3565 6293 3623 6294 3624 6294 3565 6294 3565 6295 3624 6295 3566 6295 3624 6296 3625 6296 3566 6296 3566 6297 3625 6297 3567 6297 3625 6298 3626 6298 3567 6298 3567 6299 3626 6299 3568 6299 3626 6300 3627 6300 3568 6300 3568 6301 3627 6301 3569 6301 3627 6302 3628 6302 3569 6302 3569 6303 3628 6303 3570 6303 3628 6304 3629 6304 3570 6304 3570 6305 3629 6305 3571 6305 3629 6306 3630 6306 3571 6306 3571 6307 3630 6307 3572 6307 3630 6308 3631 6308 3572 6308 3572 6309 3631 6309 3573 6309 3631 6310 3632 6310 3573 6310 3573 6311 3632 6311 3574 6311 3632 6312 3633 6312 3574 6312 3574 6313 3633 6313 3575 6313 3633 6314 3634 6314 3575 6314 3575 6315 3634 6315 3576 6315 3634 6316 3635 6316 3576 6316 3576 6317 3635 6317 3577 6317 3635 6318 3636 6318 3577 6318 3577 6319 3636 6319 3578 6319 3636 6320 3637 6320 3578 6320 3578 6321 3637 6321 3579 6321 3637 6322 3638 6322 3579 6322 3579 6323 3638 6323 3580 6323 3638 6324 3639 6324 3580 6324 3580 6325 3639 6325 3581 6325 3639 6326 3640 6326 3581 6326 3581 6327 3640 6327 3582 6327 3640 6328 3641 6328 3582 6328 3582 6329 3641 6329 3583 6329 3641 6330 3642 6330 3583 6330 3583 6331 3642 6331 3584 6331 3642 6332 3643 6332 3584 6332 3584 6333 3643 6333 3585 6333 3643 6334 3644 6334 3585 6334 3585 6335 3644 6335 3586 6335 3644 6336 3645 6336 3586 6336 3586 6337 3645 6337 3587 6337 3645 6338 3646 6338 3587 6338 3587 6339 3646 6339 3588 6339 3646 6340 3647 6340 3588 6340 3588 6341 3647 6341 3589 6341 3647 6342 3648 6342 3589 6342 3589 6343 3648 6343 3590 6343 3648 6344 3649 6344 3590 6344 3590 6345 3649 6345 3591 6345 3649 6346 3650 6346 3591 6346 3591 6347 3650 6347 3592 6347 3650 6348 3651 6348 3592 6348 3592 6349 3651 6349 3593 6349 3651 6350 3652 6350 3593 6350 3593 6351 3652 6351 3594 6351 3652 6352 3653 6352 3594 6352 3594 6353 3653 6353 3595 6353 3653 6354 3654 6354 3595 6354 3595 6355 3654 6355 3596 6355 3654 6356 3655 6356 3596 6356 3596 6357 3655 6357 3597 6357 3655 6358 3656 6358 3597 6358 3597 6359 3656 6359 3598 6359 3656 6360 3657 6360 3598 6360 3598 6361 3657 6361 3599 6361 3657 6362 3600 6362 3599 6362 3657 6363 3658 6363 3600 6363 3658 6364 3659 6364 3600 6364 3600 6365 3659 6365 3601 6365 3659 6366 3660 6366 3601 6366 3601 6367 3660 6367 3602 6367 3660 6368 3661 6368 3602 6368 3602 6369 3661 6369 3603 6369 3661 6370 3662 6370 3603 6370 3603 6371 3662 6371 3604 6371 3662 6372 3663 6372 3604 6372 3604 6373 3663 6373 3605 6373 3663 6374 3664 6374 3605 6374 3605 6375 3664 6375 3606 6375 3664 6376 3665 6376 3606 6376 3606 6377 3665 6377 3607 6377 3665 6378 3666 6378 3607 6378 3607 6379 3666 6379 3608 6379 3666 6380 3667 6380 3608 6380 3608 6381 3667 6381 3609 6381 3667 6382 3668 6382 3609 6382 3609 6383 3668 6383 3610 6383 3668 6384 3669 6384 3610 6384 3610 6385 3669 6385 3611 6385 3669 6386 3670 6386 3611 6386 3611 6387 3670 6387 3612 6387 3670 6388 3671 6388 3612 6388 3612 6389 3671 6389 3613 6389 3671 6390 3672 6390 3613 6390 3613 6391 3672 6391 3614 6391 3672 6392 3673 6392 3614 6392 3614 6393 3673 6393 3615 6393 3673 6394 3674 6394 3615 6394 3615 6395 3674 6395 3616 6395 3674 6396 3675 6396 3616 6396 3616 6397 3675 6397 3617 6397 3675 6398 3676 6398 3617 6398 3617 6399 3676 6399 3618 6399 3676 6400 3677 6400 3618 6400 3618 6401 3677 6401 3619 6401 3677 6402 3678 6402 3619 6402 3619 6403 3678 6403 3620 6403 3678 6404 3679 6404 3620 6404 3620 6405 3679 6405 3621 6405 3679 6406 3680 6406 3621 6406 3621 6407 3680 6407 3622 6407 3680 6408 3681 6408 3622 6408 3622 6409 3681 6409 3623 6409 3681 6410 3682 6410 3623 6410 3623 6411 3682 6411 3624 6411 3682 6412 3683 6412 3624 6412 3624 6413 3683 6413 3625 6413 3683 6414 3684 6414 3625 6414 3625 6415 3684 6415 3626 6415 3684 6416 3685 6416 3626 6416 3626 6417 3685 6417 3627 6417 3685 6418 3686 6418 3627 6418 3627 6419 3686 6419 3628 6419 3686 6420 3687 6420 3628 6420 3628 6421 3687 6421 3629 6421 3687 6422 3688 6422 3629 6422 3629 6423 3688 6423 3630 6423 3688 6424 3689 6424 3630 6424 3630 6425 3689 6425 3631 6425 3689 6426 3690 6426 3631 6426 3631 6427 3690 6427 3632 6427 3690 6428 3691 6428 3632 6428 3632 6429 3691 6429 3633 6429 3691 6430 3692 6430 3633 6430 3633 6431 3692 6431 3634 6431 3692 6432 3693 6432 3634 6432 3634 6433 3693 6433 3635 6433 3693 6434 3694 6434 3635 6434 3635 6435 3694 6435 3636 6435 3694 6436 3695 6436 3636 6436 3636 6437 3695 6437 3637 6437 3695 6438 3696 6438 3637 6438 3637 6439 3696 6439 3638 6439 3696 6440 3697 6440 3638 6440 3638 6441 3697 6441 3639 6441 3697 6442 3698 6442 3639 6442 3639 6443 3698 6443 3640 6443 3698 6444 3699 6444 3640 6444 3640 6445 3699 6445 3641 6445 3699 6446 3700 6446 3641 6446 3641 6447 3700 6447 3642 6447 3700 6448 3701 6448 3642 6448 3642 6449 3701 6449 3643 6449 3701 6450 3702 6450 3643 6450 3643 6451 3702 6451 3644 6451 3702 6452 3703 6452 3644 6452 3644 6453 3703 6453 3645 6453 3703 6454 3704 6454 3645 6454 3645 6455 3704 6455 3646 6455 3704 6456 3705 6456 3646 6456 3646 6457 3705 6457 3647 6457 3705 6458 3706 6458 3647 6458 3647 6459 3706 6459 3648 6459 3706 6460 3707 6460 3648 6460 3648 6461 3707 6461 3649 6461 3707 6462 3708 6462 3649 6462 3649 6463 3708 6463 3650 6463 3708 6464 3709 6464 3650 6464 3650 6465 3709 6465 3651 6465 3709 6466 3710 6466 3651 6466 3651 6467 3710 6467 3652 6467 3710 6468 3711 6468 3652 6468 3652 6469 3711 6469 3653 6469 3711 6470 3712 6470 3653 6470 3653 6471 3712 6471 3654 6471 3712 6472 3713 6472 3654 6472 3654 6473 3713 6473 3655 6473 3713 6474 3714 6474 3655 6474 3655 6475 3714 6475 3656 6475 3714 6476 3715 6476 3656 6476 3656 6477 3715 6477 3657 6477 3715 6478 3658 6478 3657 6478 3715 6479 3716 6479 3658 6479 3716 6480 3717 6480 3658 6480 3658 6481 3717 6481 3659 6481 3717 6482 3718 6482 3659 6482 3659 6483 3718 6483 3660 6483 3718 6484 3719 6484 3660 6484 3660 6485 3719 6485 3661 6485 3719 6486 3720 6486 3661 6486 3661 6487 3720 6487 3662 6487 3720 6488 3721 6488 3662 6488 3662 6489 3721 6489 3663 6489 3721 6490 3722 6490 3663 6490 3663 6491 3722 6491 3664 6491 3722 6492 3723 6492 3664 6492 3664 6493 3723 6493 3665 6493 3723 6494 3724 6494 3665 6494 3665 6495 3724 6495 3666 6495 3724 6496 3725 6496 3666 6496 3666 6497 3725 6497 3667 6497 3725 6498 3726 6498 3667 6498 3667 6499 3726 6499 3668 6499 3726 6500 3727 6500 3668 6500 3668 6501 3727 6501 3669 6501 3727 6502 3728 6502 3669 6502 3669 6503 3728 6503 3670 6503 3728 6504 3729 6504 3670 6504 3670 6505 3729 6505 3671 6505 3729 6506 3730 6506 3671 6506 3671 6507 3730 6507 3672 6507 3730 6508 3731 6508 3672 6508 3672 6509 3731 6509 3673 6509 3731 6510 3732 6510 3673 6510 3673 6511 3732 6511 3674 6511 3732 6512 3733 6512 3674 6512 3674 6513 3733 6513 3675 6513 3733 6514 3734 6514 3675 6514 3675 6515 3734 6515 3676 6515 3734 6516 3735 6516 3676 6516 3676 6517 3735 6517 3677 6517 3735 6518 3736 6518 3677 6518 3677 6519 3736 6519 3678 6519 3736 6520 3737 6520 3678 6520 3678 6521 3737 6521 3679 6521 3737 6522 3738 6522 3679 6522 3679 6523 3738 6523 3680 6523 3738 6524 3739 6524 3680 6524 3680 6525 3739 6525 3681 6525 3739 6526 3740 6526 3681 6526 3681 6527 3740 6527 3682 6527 3740 6528 3741 6528 3682 6528 3682 6529 3741 6529 3683 6529 3741 6530 3742 6530 3683 6530 3683 6531 3742 6531 3684 6531 3742 6532 3743 6532 3684 6532 3684 6533 3743 6533 3685 6533 3743 6534 3744 6534 3685 6534 3685 6535 3744 6535 3686 6535 3744 6536 3745 6536 3686 6536 3686 6537 3745 6537 3687 6537 3745 6538 3746 6538 3687 6538 3687 6539 3746 6539 3688 6539 3746 6540 3747 6540 3688 6540 3688 6541 3747 6541 3689 6541 3747 6542 3748 6542 3689 6542 3689 6543 3748 6543 3690 6543 3748 6544 3749 6544 3690 6544 3690 6545 3749 6545 3691 6545 3749 6546 3750 6546 3691 6546 3691 6547 3750 6547 3692 6547 3750 6548 3751 6548 3692 6548 3692 6549 3751 6549 3693 6549 3751 6550 3752 6550 3693 6550 3693 6551 3752 6551 3694 6551 3752 6552 3753 6552 3694 6552 3694 6553 3753 6553 3695 6553 3753 6554 3754 6554 3695 6554 3695 6555 3754 6555 3696 6555 3754 6556 3755 6556 3696 6556 3696 6557 3755 6557 3697 6557 3755 6558 3756 6558 3697 6558 3697 6559 3756 6559 3698 6559 3756 6560 3757 6560 3698 6560 3698 6561 3757 6561 3699 6561 3757 6562 3758 6562 3699 6562 3699 6563 3758 6563 3700 6563 3758 6564 3759 6564 3700 6564 3700 6565 3759 6565 3701 6565 3759 6566 3760 6566 3701 6566 3701 6567 3760 6567 3702 6567 3760 6568 3761 6568 3702 6568 3702 6569 3761 6569 3703 6569 3761 6570 3762 6570 3703 6570 3703 6571 3762 6571 3704 6571 3762 6572 3763 6572 3704 6572 3704 6573 3763 6573 3705 6573 3763 6574 3764 6574 3705 6574 3705 6575 3764 6575 3706 6575 3764 6576 3765 6576 3706 6576 3706 6577 3765 6577 3707 6577 3765 6578 3766 6578 3707 6578 3707 6579 3766 6579 3708 6579 3766 6580 3767 6580 3708 6580 3708 6581 3767 6581 3709 6581 3767 6582 3768 6582 3709 6582 3709 6583 3768 6583 3710 6583 3768 6584 3769 6584 3710 6584 3710 6585 3769 6585 3711 6585 3769 6586 3770 6586 3711 6586 3711 6587 3770 6587 3712 6587 3770 6588 3771 6588 3712 6588 3712 6589 3771 6589 3713 6589 3771 6590 3772 6590 3713 6590 3713 6591 3772 6591 3714 6591 3772 6592 3773 6592 3714 6592 3714 6593 3773 6593 3715 6593 3773 6594 3716 6594 3715 6594 3773 6595 3774 6595 3716 6595 3774 6596 3775 6596 3716 6596 3716 6597 3775 6597 3717 6597 3775 6598 3776 6598 3717 6598 3717 6599 3776 6599 3718 6599 3776 6600 3777 6600 3718 6600 3718 6601 3777 6601 3719 6601 3777 6602 3778 6602 3719 6602 3719 6603 3778 6603 3720 6603 3778 6604 3779 6604 3720 6604 3720 6605 3779 6605 3721 6605 3779 6606 3780 6606 3721 6606 3721 6607 3780 6607 3722 6607 3780 6608 3781 6608 3722 6608 3722 6609 3781 6609 3723 6609 3781 6610 3782 6610 3723 6610 3723 6611 3782 6611 3724 6611 3782 6612 3783 6612 3724 6612 3724 6613 3783 6613 3725 6613 3783 6614 3784 6614 3725 6614 3725 6615 3784 6615 3726 6615 3784 6616 3785 6616 3726 6616 3726 6617 3785 6617 3727 6617 3785 6618 3786 6618 3727 6618 3727 6619 3786 6619 3728 6619 3786 6620 3787 6620 3728 6620 3728 6621 3787 6621 3729 6621 3787 6622 3788 6622 3729 6622 3729 6623 3788 6623 3730 6623 3788 6624 3789 6624 3730 6624 3730 6625 3789 6625 3731 6625 3789 6626 3790 6626 3731 6626 3731 6627 3790 6627 3732 6627 3790 6628 3791 6628 3732 6628 3732 6629 3791 6629 3733 6629 3791 6630 3792 6630 3733 6630 3733 6631 3792 6631 3734 6631 3792 6632 3793 6632 3734 6632 3734 6633 3793 6633 3735 6633 3793 6634 3794 6634 3735 6634 3735 6635 3794 6635 3736 6635 3794 6636 3795 6636 3736 6636 3736 6637 3795 6637 3737 6637 3795 6638 3796 6638 3737 6638 3737 6639 3796 6639 3738 6639 3796 6640 3797 6640 3738 6640 3738 6641 3797 6641 3739 6641 3797 6642 3798 6642 3739 6642 3739 6643 3798 6643 3740 6643 3798 6644 3799 6644 3740 6644 3740 6645 3799 6645 3741 6645 3799 6646 3800 6646 3741 6646 3741 6647 3800 6647 3742 6647 3800 6648 3801 6648 3742 6648 3742 6649 3801 6649 3743 6649 3801 6650 3802 6650 3743 6650 3743 6651 3802 6651 3744 6651 3802 6652 3803 6652 3744 6652 3744 6653 3803 6653 3745 6653 3803 6654 3804 6654 3745 6654 3745 6655 3804 6655 3746 6655 3804 6656 3805 6656 3746 6656 3746 6657 3805 6657 3747 6657 3805 6658 3806 6658 3747 6658 3747 6659 3806 6659 3748 6659 3806 6660 3807 6660 3748 6660 3748 6661 3807 6661 3749 6661 3807 6662 3808 6662 3749 6662 3749 6663 3808 6663 3750 6663 3808 6664 3809 6664 3750 6664 3750 6665 3809 6665 3751 6665 3809 6666 3810 6666 3751 6666 3751 6667 3810 6667 3752 6667 3810 6668 3811 6668 3752 6668 3752 6669 3811 6669 3753 6669 3811 6670 3812 6670 3753 6670 3753 6671 3812 6671 3754 6671 3812 6672 3813 6672 3754 6672 3754 6673 3813 6673 3755 6673 3813 6674 3814 6674 3755 6674 3755 6675 3814 6675 3756 6675 3814 6676 3815 6676 3756 6676 3756 6677 3815 6677 3757 6677 3815 6678 3816 6678 3757 6678 3757 6679 3816 6679 3758 6679 3816 6680 3817 6680 3758 6680 3758 6681 3817 6681 3759 6681 3817 6682 3818 6682 3759 6682 3759 6683 3818 6683 3760 6683 3818 6684 3819 6684 3760 6684 3760 6685 3819 6685 3761 6685 3819 6686 3820 6686 3761 6686 3761 6687 3820 6687 3762 6687 3820 6688 3821 6688 3762 6688 3762 6689 3821 6689 3763 6689 3821 6690 3822 6690 3763 6690 3763 6691 3822 6691 3764 6691 3822 6692 3823 6692 3764 6692 3764 6693 3823 6693 3765 6693 3823 6694 3824 6694 3765 6694 3765 6695 3824 6695 3766 6695 3824 6696 3825 6696 3766 6696 3766 6697 3825 6697 3767 6697 3825 6698 3826 6698 3767 6698 3767 6699 3826 6699 3768 6699 3826 6700 3827 6700 3768 6700 3768 6701 3827 6701 3769 6701 3827 6702 3828 6702 3769 6702 3769 6703 3828 6703 3770 6703 3828 6704 3829 6704 3770 6704 3770 6705 3829 6705 3771 6705 3829 6706 3830 6706 3771 6706 3771 6707 3830 6707 3772 6707 3830 6708 3831 6708 3772 6708 3772 6709 3831 6709 3773 6709 3831 6710 3774 6710 3773 6710 3831 6711 3832 6711 3774 6711 3832 6712 3833 6712 3774 6712 3774 6713 3833 6713 3775 6713 3833 6714 3834 6714 3775 6714 3775 6715 3834 6715 3776 6715 3834 6716 3835 6716 3776 6716 3776 6717 3835 6717 3777 6717 3835 6718 3836 6718 3777 6718 3777 6719 3836 6719 3778 6719 3836 6720 3837 6720 3778 6720 3778 6721 3837 6721 3779 6721 3837 6722 3838 6722 3779 6722 3779 6723 3838 6723 3780 6723 3838 6724 3839 6724 3780 6724 3780 6725 3839 6725 3781 6725 3839 6726 3840 6726 3781 6726 3781 6727 3840 6727 3782 6727 3840 6728 3841 6728 3782 6728 3782 6729 3841 6729 3783 6729 3841 6730 3842 6730 3783 6730 3783 6731 3842 6731 3784 6731 3842 6732 3843 6732 3784 6732 3784 6733 3843 6733 3785 6733 3843 6734 3844 6734 3785 6734 3785 6735 3844 6735 3786 6735 3844 6736 3845 6736 3786 6736 3786 6737 3845 6737 3787 6737 3845 6738 3846 6738 3787 6738 3787 6739 3846 6739 3788 6739 3846 6740 3847 6740 3788 6740 3788 6741 3847 6741 3789 6741 3847 6742 3848 6742 3789 6742 3789 6743 3848 6743 3790 6743 3848 6744 3849 6744 3790 6744 3790 6745 3849 6745 3791 6745 3849 6746 3850 6746 3791 6746 3791 6747 3850 6747 3792 6747 3850 6748 3851 6748 3792 6748 3792 6749 3851 6749 3793 6749 3851 6750 3852 6750 3793 6750 3793 6751 3852 6751 3794 6751 3852 6752 3853 6752 3794 6752 3794 6753 3853 6753 3795 6753 3853 6754 3854 6754 3795 6754 3795 6755 3854 6755 3796 6755 3854 6756 3855 6756 3796 6756 3796 6757 3855 6757 3797 6757 3855 6758 3856 6758 3797 6758 3797 6759 3856 6759 3798 6759 3856 6760 3857 6760 3798 6760 3798 6761 3857 6761 3799 6761 3857 6762 3858 6762 3799 6762 3799 6763 3858 6763 3800 6763 3858 6764 3859 6764 3800 6764 3800 6765 3859 6765 3801 6765 3859 6766 3860 6766 3801 6766 3801 6767 3860 6767 3802 6767 3860 6768 3861 6768 3802 6768 3802 6769 3861 6769 3803 6769 3861 6770 3862 6770 3803 6770 3803 6771 3862 6771 3804 6771 3862 6772 3863 6772 3804 6772 3804 6773 3863 6773 3805 6773 3863 6774 3864 6774 3805 6774 3805 6775 3864 6775 3806 6775 3864 6776 3865 6776 3806 6776 3806 6777 3865 6777 3807 6777 3865 6778 3866 6778 3807 6778 3807 6779 3866 6779 3808 6779 3866 6780 3867 6780 3808 6780 3808 6781 3867 6781 3809 6781 3867 6782 3868 6782 3809 6782 3809 6783 3868 6783 3810 6783 3868 6784 3869 6784 3810 6784 3810 6785 3869 6785 3811 6785 3869 6786 3870 6786 3811 6786 3811 6787 3870 6787 3812 6787 3870 6788 3871 6788 3812 6788 3812 6789 3871 6789 3813 6789 3871 6790 3872 6790 3813 6790 3813 6791 3872 6791 3814 6791 3872 6792 3873 6792 3814 6792 3814 6793 3873 6793 3815 6793 3873 6794 3874 6794 3815 6794 3815 6795 3874 6795 3816 6795 3874 6796 3875 6796 3816 6796 3816 6797 3875 6797 3817 6797 3875 6798 3876 6798 3817 6798 3817 6799 3876 6799 3818 6799 3876 6800 3877 6800 3818 6800 3818 6801 3877 6801 3819 6801 3877 6802 3878 6802 3819 6802 3819 6803 3878 6803 3820 6803 3878 6804 3879 6804 3820 6804 3820 6805 3879 6805 3821 6805 3879 6806 3880 6806 3821 6806 3821 6807 3880 6807 3822 6807 3880 6808 3881 6808 3822 6808 3822 6809 3881 6809 3823 6809 3881 6810 3882 6810 3823 6810 3823 6811 3882 6811 3824 6811 3882 6812 3883 6812 3824 6812 3824 6813 3883 6813 3825 6813 3883 6814 3884 6814 3825 6814 3825 6815 3884 6815 3826 6815 3884 6816 3885 6816 3826 6816 3826 6817 3885 6817 3827 6817 3885 6818 3886 6818 3827 6818 3827 6819 3886 6819 3828 6819 3886 6820 3887 6820 3828 6820 3828 6821 3887 6821 3829 6821 3887 6822 3888 6822 3829 6822 3829 6823 3888 6823 3830 6823 3888 6824 3889 6824 3830 6824 3830 6825 3889 6825 3831 6825 3889 6826 3832 6826 3831 6826 3889 6827 3890 6827 3832 6827 3890 6828 3891 6828 3832 6828 3832 6829 3891 6829 3833 6829 3891 6830 3892 6830 3833 6830 3833 6831 3892 6831 3834 6831 3892 6832 3893 6832 3834 6832 3834 6833 3893 6833 3835 6833 3893 6834 3894 6834 3835 6834 3835 6835 3894 6835 3836 6835 3894 6836 3895 6836 3836 6836 3836 6837 3895 6837 3837 6837 3895 6838 3896 6838 3837 6838 3837 6839 3896 6839 3838 6839 3896 6840 3897 6840 3838 6840 3838 6841 3897 6841 3839 6841 3897 6842 3898 6842 3839 6842 3839 6843 3898 6843 3840 6843 3898 6844 3899 6844 3840 6844 3840 6845 3899 6845 3841 6845 3899 6846 3900 6846 3841 6846 3841 6847 3900 6847 3842 6847 3900 6848 3901 6848 3842 6848 3842 6849 3901 6849 3843 6849 3901 6850 3902 6850 3843 6850 3843 6851 3902 6851 3844 6851 3902 6852 3903 6852 3844 6852 3844 6853 3903 6853 3845 6853 3903 6854 3904 6854 3845 6854 3845 6855 3904 6855 3846 6855 3904 6856 3905 6856 3846 6856 3846 6857 3905 6857 3847 6857 3905 6858 3906 6858 3847 6858 3847 6859 3906 6859 3848 6859 3906 6860 3907 6860 3848 6860 3848 6861 3907 6861 3849 6861 3907 6862 3908 6862 3849 6862 3849 6863 3908 6863 3850 6863 3908 6864 3909 6864 3850 6864 3850 6865 3909 6865 3851 6865 3909 6866 3910 6866 3851 6866 3851 6867 3910 6867 3852 6867 3910 6868 3911 6868 3852 6868 3852 6869 3911 6869 3853 6869 3911 6870 3912 6870 3853 6870 3853 6871 3912 6871 3854 6871 3912 6872 3913 6872 3854 6872 3854 6873 3913 6873 3855 6873 3913 6874 3914 6874 3855 6874 3855 6875 3914 6875 3856 6875 3914 6876 3915 6876 3856 6876 3856 6877 3915 6877 3857 6877 3915 6878 3916 6878 3857 6878 3857 6879 3916 6879 3858 6879 3916 6880 3917 6880 3858 6880 3858 6881 3917 6881 3859 6881 3917 6882 3918 6882 3859 6882 3859 6883 3918 6883 3860 6883 3918 6884 3919 6884 3860 6884 3860 6885 3919 6885 3861 6885 3919 6886 3920 6886 3861 6886 3861 6887 3920 6887 3862 6887 3920 6888 3921 6888 3862 6888 3862 6889 3921 6889 3863 6889 3921 6890 3922 6890 3863 6890 3863 6891 3922 6891 3864 6891 3922 6892 3923 6892 3864 6892 3864 6893 3923 6893 3865 6893 3923 6894 3924 6894 3865 6894 3865 6895 3924 6895 3866 6895 3924 6896 3925 6896 3866 6896 3866 6897 3925 6897 3867 6897 3925 6898 3926 6898 3867 6898 3867 6899 3926 6899 3868 6899 3926 6900 3927 6900 3868 6900 3868 6901 3927 6901 3869 6901 3927 6902 3928 6902 3869 6902 3869 6903 3928 6903 3870 6903 3928 6904 3929 6904 3870 6904 3870 6905 3929 6905 3871 6905 3929 6906 3930 6906 3871 6906 3871 6907 3930 6907 3872 6907 3930 6908 3931 6908 3872 6908 3872 6909 3931 6909 3873 6909 3931 6910 3932 6910 3873 6910 3873 6911 3932 6911 3874 6911 3932 6912 3933 6912 3874 6912 3874 6913 3933 6913 3875 6913 3933 6914 3934 6914 3875 6914 3875 6915 3934 6915 3876 6915 3934 6916 3935 6916 3876 6916 3876 6917 3935 6917 3877 6917 3935 6918 3936 6918 3877 6918 3877 6919 3936 6919 3878 6919 3936 6920 3937 6920 3878 6920 3878 6921 3937 6921 3879 6921 3937 6922 3938 6922 3879 6922 3879 6923 3938 6923 3880 6923 3938 6924 3939 6924 3880 6924 3880 6925 3939 6925 3881 6925 3939 6926 3940 6926 3881 6926 3881 6927 3940 6927 3882 6927 3940 6928 3941 6928 3882 6928 3882 6929 3941 6929 3883 6929 3941 6930 3942 6930 3883 6930 3883 6931 3942 6931 3884 6931 3942 6932 3943 6932 3884 6932 3884 6933 3943 6933 3885 6933 3943 6934 3944 6934 3885 6934 3885 6935 3944 6935 3886 6935 3944 6936 3945 6936 3886 6936 3886 6937 3945 6937 3887 6937 3945 6938 3946 6938 3887 6938 3887 6939 3946 6939 3888 6939 3946 6940 3947 6940 3888 6940 3888 6941 3947 6941 3889 6941 3947 6942 3890 6942 3889 6942 3947 6943 3948 6943 3890 6943 3948 6944 3949 6944 3890 6944 3890 6945 3949 6945 3891 6945 3949 6946 3950 6946 3891 6946 3891 6947 3950 6947 3892 6947 3950 6948 3951 6948 3892 6948 3892 6949 3951 6949 3893 6949 3951 6950 3952 6950 3893 6950 3893 6951 3952 6951 3894 6951 3952 6952 3953 6952 3894 6952 3894 6953 3953 6953 3895 6953 3953 6954 3954 6954 3895 6954 3895 6955 3954 6955 3896 6955 3954 6956 3955 6956 3896 6956 3896 6957 3955 6957 3897 6957 3955 6958 3956 6958 3897 6958 3897 6959 3956 6959 3898 6959 3956 6960 3957 6960 3898 6960 3898 6961 3957 6961 3899 6961 3957 6962 3958 6962 3899 6962 3899 6963 3958 6963 3900 6963 3958 6964 3959 6964 3900 6964 3900 6965 3959 6965 3901 6965 3959 6966 3960 6966 3901 6966 3901 6967 3960 6967 3902 6967 3960 6968 3961 6968 3902 6968 3902 6969 3961 6969 3903 6969 3961 6970 3962 6970 3903 6970 3903 6971 3962 6971 3904 6971 3962 6972 3963 6972 3904 6972 3904 6973 3963 6973 3905 6973 3963 6974 3964 6974 3905 6974 3905 6975 3964 6975 3906 6975 3964 6976 3965 6976 3906 6976 3906 6977 3965 6977 3907 6977 3965 6978 3966 6978 3907 6978 3907 6979 3966 6979 3908 6979 3966 6980 3967 6980 3908 6980 3908 6981 3967 6981 3909 6981 3967 6982 3968 6982 3909 6982 3909 6983 3968 6983 3910 6983 3968 6984 3969 6984 3910 6984 3910 6985 3969 6985 3911 6985 3969 6986 3970 6986 3911 6986 3911 6987 3970 6987 3912 6987 3970 6988 3971 6988 3912 6988 3912 6989 3971 6989 3913 6989 3971 6990 3972 6990 3913 6990 3913 6991 3972 6991 3914 6991 3972 6992 3973 6992 3914 6992 3914 6993 3973 6993 3915 6993 3973 6994 3974 6994 3915 6994 3915 6995 3974 6995 3916 6995 3974 6996 3975 6996 3916 6996 3916 6997 3975 6997 3917 6997 3975 6998 3976 6998 3917 6998 3917 6999 3976 6999 3918 6999 3976 7000 3977 7000 3918 7000 3918 7001 3977 7001 3919 7001 3977 7002 3978 7002 3919 7002 3919 7003 3978 7003 3920 7003 3978 7004 3979 7004 3920 7004 3920 7005 3979 7005 3921 7005 3979 7006 3980 7006 3921 7006 3921 7007 3980 7007 3922 7007 3980 7008 3981 7008 3922 7008 3922 7009 3981 7009 3923 7009 3981 7010 3982 7010 3923 7010 3923 7011 3982 7011 3924 7011 3982 7012 3983 7012 3924 7012 3924 7013 3983 7013 3925 7013 3983 7014 3984 7014 3925 7014 3925 7015 3984 7015 3926 7015 3984 7016 3985 7016 3926 7016 3926 7017 3985 7017 3927 7017 3985 7018 3986 7018 3927 7018 3927 7019 3986 7019 3928 7019 3986 7020 3987 7020 3928 7020 3928 7021 3987 7021 3929 7021 3987 7022 3988 7022 3929 7022 3929 7023 3988 7023 3930 7023 3988 7024 3989 7024 3930 7024 3930 7025 3989 7025 3931 7025 3989 7026 3990 7026 3931 7026 3931 7027 3990 7027 3932 7027 3990 7028 3991 7028 3932 7028 3932 7029 3991 7029 3933 7029 3991 7030 3992 7030 3933 7030 3933 7031 3992 7031 3934 7031 3992 7032 3993 7032 3934 7032 3934 7033 3993 7033 3935 7033 3993 7034 3994 7034 3935 7034 3935 7035 3994 7035 3936 7035 3994 7036 3995 7036 3936 7036 3936 7037 3995 7037 3937 7037 3995 7038 3996 7038 3937 7038 3937 7039 3996 7039 3938 7039 3996 7040 3997 7040 3938 7040 3938 7041 3997 7041 3939 7041 3997 7042 3998 7042 3939 7042 3939 7043 3998 7043 3940 7043 3998 7044 3999 7044 3940 7044 3940 7045 3999 7045 3941 7045 3999 7046 4000 7046 3941 7046 3941 7047 4000 7047 3942 7047 4000 7048 4001 7048 3942 7048 3942 7049 4001 7049 3943 7049 4001 7050 4002 7050 3943 7050 3943 7051 4002 7051 3944 7051 4002 7052 4003 7052 3944 7052 3944 7053 4003 7053 3945 7053 4003 7054 4004 7054 3945 7054 3945 7055 4004 7055 3946 7055 4004 7056 4005 7056 3946 7056 3946 7057 4005 7057 3947 7057 4005 7058 3948 7058 3947 7058 4005 7059 4006 7059 3948 7059 4006 7060 4007 7060 3948 7060 3948 7061 4007 7061 3949 7061 4007 7062 4008 7062 3949 7062 3949 7063 4008 7063 3950 7063 4008 7064 4009 7064 3950 7064 3950 7065 4009 7065 3951 7065 4009 7066 4010 7066 3951 7066 3951 7067 4010 7067 3952 7067 4010 7068 4011 7068 3952 7068 3952 7069 4011 7069 3953 7069 4011 7070 4012 7070 3953 7070 3953 7071 4012 7071 3954 7071 4012 7072 4013 7072 3954 7072 3954 7073 4013 7073 3955 7073 4013 7074 4014 7074 3955 7074 3955 7075 4014 7075 3956 7075 4014 7076 4015 7076 3956 7076 3956 7077 4015 7077 3957 7077 4015 7078 4016 7078 3957 7078 3957 7079 4016 7079 3958 7079 4016 7080 4017 7080 3958 7080 3958 7081 4017 7081 3959 7081 4017 7082 4018 7082 3959 7082 3959 7083 4018 7083 3960 7083 4018 7084 4019 7084 3960 7084 3960 7085 4019 7085 3961 7085 4019 7086 4020 7086 3961 7086 3961 7087 4020 7087 3962 7087 4020 7088 4021 7088 3962 7088 3962 7089 4021 7089 3963 7089 4021 7090 4022 7090 3963 7090 3963 7091 4022 7091 3964 7091 4022 7092 4023 7092 3964 7092 3964 7093 4023 7093 3965 7093 4023 7094 4024 7094 3965 7094 3965 7095 4024 7095 3966 7095 4024 7096 4025 7096 3966 7096 3966 7097 4025 7097 3967 7097 4025 7098 4026 7098 3967 7098 3967 7099 4026 7099 3968 7099 4026 7100 4027 7100 3968 7100 3968 7101 4027 7101 3969 7101 4027 7102 4028 7102 3969 7102 3969 7103 4028 7103 3970 7103 4028 7104 4029 7104 3970 7104 3970 7105 4029 7105 3971 7105 4029 7106 4030 7106 3971 7106 3971 7107 4030 7107 3972 7107 4030 7108 4031 7108 3972 7108 3972 7109 4031 7109 3973 7109 4031 7110 4032 7110 3973 7110 3973 7111 4032 7111 3974 7111 4032 7112 4033 7112 3974 7112 3974 7113 4033 7113 3975 7113 4033 7114 4034 7114 3975 7114 3975 7115 4034 7115 3976 7115 4034 7116 4035 7116 3976 7116 3976 7117 4035 7117 3977 7117 4035 7118 4036 7118 3977 7118 3977 7119 4036 7119 3978 7119 4036 7120 4037 7120 3978 7120 3978 7121 4037 7121 3979 7121 4037 7122 4038 7122 3979 7122 3979 7123 4038 7123 3980 7123 4038 7124 4039 7124 3980 7124 3980 7125 4039 7125 3981 7125 4039 7126 4040 7126 3981 7126 3981 7127 4040 7127 3982 7127 4040 7128 4041 7128 3982 7128 3982 7129 4041 7129 3983 7129 4041 7130 4042 7130 3983 7130 3983 7131 4042 7131 3984 7131 4042 7132 4043 7132 3984 7132 3984 7133 4043 7133 3985 7133 4043 7134 4044 7134 3985 7134 3985 7135 4044 7135 3986 7135 4044 7136 4045 7136 3986 7136 3986 7137 4045 7137 3987 7137 4045 7138 4046 7138 3987 7138 3987 7139 4046 7139 3988 7139 4046 7140 4047 7140 3988 7140 3988 7141 4047 7141 3989 7141 4047 7142 4048 7142 3989 7142 3989 7143 4048 7143 3990 7143 4048 7144 4049 7144 3990 7144 3990 7145 4049 7145 3991 7145 4049 7146 4050 7146 3991 7146 3991 7147 4050 7147 3992 7147 4050 7148 4051 7148 3992 7148 3992 7149 4051 7149 3993 7149 4051 7150 4052 7150 3993 7150 3993 7151 4052 7151 3994 7151 4052 7152 4053 7152 3994 7152 3994 7153 4053 7153 3995 7153 4053 7154 4054 7154 3995 7154 3995 7155 4054 7155 3996 7155 4054 7156 4055 7156 3996 7156 3996 7157 4055 7157 3997 7157 4055 7158 4056 7158 3997 7158 3997 7159 4056 7159 3998 7159 4056 7160 4057 7160 3998 7160 3998 7161 4057 7161 3999 7161 4057 7162 4058 7162 3999 7162 3999 7163 4058 7163 4000 7163 4058 7164 4059 7164 4000 7164 4000 7165 4059 7165 4001 7165 4059 7166 4060 7166 4001 7166 4001 7167 4060 7167 4002 7167 4060 7168 4061 7168 4002 7168 4002 7169 4061 7169 4003 7169 4061 7170 4062 7170 4003 7170 4003 7171 4062 7171 4004 7171 4062 7172 4063 7172 4004 7172 4004 7173 4063 7173 4005 7173 4063 7174 4006 7174 4005 7174 4063 7175 4064 7175 4006 7175 4064 7176 4065 7176 4006 7176 4006 7177 4065 7177 4007 7177 4065 7178 4066 7178 4007 7178 4007 7179 4066 7179 4008 7179 4066 7180 4067 7180 4008 7180 4008 7181 4067 7181 4009 7181 4067 7182 4068 7182 4009 7182 4009 7183 4068 7183 4010 7183 4068 7184 4069 7184 4010 7184 4010 7185 4069 7185 4011 7185 4069 7186 4070 7186 4011 7186 4011 7187 4070 7187 4012 7187 4070 7188 4071 7188 4012 7188 4012 7189 4071 7189 4013 7189 4071 7190 4072 7190 4013 7190 4013 7191 4072 7191 4014 7191 4072 7192 4073 7192 4014 7192 4014 7193 4073 7193 4015 7193 4073 7194 4074 7194 4015 7194 4015 7195 4074 7195 4016 7195 4074 7196 4075 7196 4016 7196 4016 7197 4075 7197 4017 7197 4075 7198 4076 7198 4017 7198 4017 7199 4076 7199 4018 7199 4076 7200 4077 7200 4018 7200 4018 7201 4077 7201 4019 7201 4077 7202 4078 7202 4019 7202 4019 7203 4078 7203 4020 7203 4078 7204 4079 7204 4020 7204 4020 7205 4079 7205 4021 7205 4079 7206 4080 7206 4021 7206 4021 7207 4080 7207 4022 7207 4080 7208 4081 7208 4022 7208 4022 7209 4081 7209 4023 7209 4081 7210 4082 7210 4023 7210 4023 7211 4082 7211 4024 7211 4082 7212 4083 7212 4024 7212 4024 7213 4083 7213 4025 7213 4083 7214 4084 7214 4025 7214 4025 7215 4084 7215 4026 7215 4084 7216 4085 7216 4026 7216 4026 7217 4085 7217 4027 7217 4085 7218 4086 7218 4027 7218 4027 7219 4086 7219 4028 7219 4086 7220 4087 7220 4028 7220 4028 7221 4087 7221 4029 7221 4087 7222 4088 7222 4029 7222 4029 7223 4088 7223 4030 7223 4088 7224 4089 7224 4030 7224 4030 7225 4089 7225 4031 7225 4089 7226 4090 7226 4031 7226 4031 7227 4090 7227 4032 7227 4090 7228 4091 7228 4032 7228 4032 7229 4091 7229 4033 7229 4091 7230 4092 7230 4033 7230 4033 7231 4092 7231 4034 7231 4092 7232 4093 7232 4034 7232 4034 7233 4093 7233 4035 7233 4093 7234 4094 7234 4035 7234 4035 7235 4094 7235 4036 7235 4094 7236 4095 7236 4036 7236 4036 7237 4095 7237 4037 7237 4095 7238 4096 7238 4037 7238 4037 7239 4096 7239 4038 7239 4096 7240 4097 7240 4038 7240 4038 7241 4097 7241 4039 7241 4097 7242 4098 7242 4039 7242 4039 7243 4098 7243 4040 7243 4098 7244 4099 7244 4040 7244 4040 7245 4099 7245 4041 7245 4099 7246 4100 7246 4041 7246 4041 7247 4100 7247 4042 7247 4100 7248 4101 7248 4042 7248 4042 7249 4101 7249 4043 7249 4101 7250 4102 7250 4043 7250 4043 7251 4102 7251 4044 7251 4102 7252 4103 7252 4044 7252 4044 7253 4103 7253 4045 7253 4103 7254 4104 7254 4045 7254 4045 7255 4104 7255 4046 7255 4104 7256 4105 7256 4046 7256 4046 7257 4105 7257 4047 7257 4105 7258 4106 7258 4047 7258 4047 7259 4106 7259 4048 7259 4106 7260 4107 7260 4048 7260 4048 7261 4107 7261 4049 7261 4107 7262 4108 7262 4049 7262 4049 7263 4108 7263 4050 7263 4108 7264 4109 7264 4050 7264 4050 7265 4109 7265 4051 7265 4109 7266 4110 7266 4051 7266 4051 7267 4110 7267 4052 7267 4110 7268 4111 7268 4052 7268 4052 7269 4111 7269 4053 7269 4111 7270 4112 7270 4053 7270 4053 7271 4112 7271 4054 7271 4112 7272 4113 7272 4054 7272 4054 7273 4113 7273 4055 7273 4113 7274 4114 7274 4055 7274 4055 7275 4114 7275 4056 7275 4114 7276 4115 7276 4056 7276 4056 7277 4115 7277 4057 7277 4115 7278 4116 7278 4057 7278 4057 7279 4116 7279 4058 7279 4116 7280 4117 7280 4058 7280 4058 7281 4117 7281 4059 7281 4117 7282 4118 7282 4059 7282 4059 7283 4118 7283 4060 7283 4118 7284 4119 7284 4060 7284 4060 7285 4119 7285 4061 7285 4119 7286 4120 7286 4061 7286 4061 7287 4120 7287 4062 7287 4120 7288 4121 7288 4062 7288 4062 7289 4121 7289 4063 7289 4121 7290 4064 7290 4063 7290 4121 7291 4122 7291 4064 7291 4122 7292 4123 7292 4064 7292 4064 7293 4123 7293 4065 7293 4123 7294 4124 7294 4065 7294 4065 7295 4124 7295 4066 7295 4124 7296 4125 7296 4066 7296 4066 7297 4125 7297 4067 7297 4125 7298 4126 7298 4067 7298 4067 7299 4126 7299 4068 7299 4126 7300 4127 7300 4068 7300 4068 7301 4127 7301 4069 7301 4127 7302 4128 7302 4069 7302 4069 7303 4128 7303 4070 7303 4128 7304 4129 7304 4070 7304 4070 7305 4129 7305 4071 7305 4129 7306 4130 7306 4071 7306 4071 7307 4130 7307 4072 7307 4130 7308 4131 7308 4072 7308 4072 7309 4131 7309 4073 7309 4131 7310 4132 7310 4073 7310 4073 7311 4132 7311 4074 7311 4132 7312 4133 7312 4074 7312 4074 7313 4133 7313 4075 7313 4133 7314 4134 7314 4075 7314 4075 7315 4134 7315 4076 7315 4134 7316 4135 7316 4076 7316 4076 7317 4135 7317 4077 7317 4135 7318 4136 7318 4077 7318 4077 7319 4136 7319 4078 7319 4136 7320 4137 7320 4078 7320 4078 7321 4137 7321 4079 7321 4137 7322 4138 7322 4079 7322 4079 7323 4138 7323 4080 7323 4138 7324 4139 7324 4080 7324 4080 7325 4139 7325 4081 7325 4139 7326 4140 7326 4081 7326 4081 7327 4140 7327 4082 7327 4140 7328 4141 7328 4082 7328 4082 7329 4141 7329 4083 7329 4141 7330 4142 7330 4083 7330 4083 7331 4142 7331 4084 7331 4142 7332 4143 7332 4084 7332 4084 7333 4143 7333 4085 7333 4143 7334 4144 7334 4085 7334 4085 7335 4144 7335 4086 7335 4144 7336 4145 7336 4086 7336 4086 7337 4145 7337 4087 7337 4145 7338 4146 7338 4087 7338 4087 7339 4146 7339 4088 7339 4146 7340 4147 7340 4088 7340 4088 7341 4147 7341 4089 7341 4147 7342 4148 7342 4089 7342 4089 7343 4148 7343 4090 7343 4148 7344 4149 7344 4090 7344 4090 7345 4149 7345 4091 7345 4149 7346 4150 7346 4091 7346 4091 7347 4150 7347 4092 7347 4150 7348 4151 7348 4092 7348 4092 7349 4151 7349 4093 7349 4151 7350 4152 7350 4093 7350 4093 7351 4152 7351 4094 7351 4152 7352 4153 7352 4094 7352 4094 7353 4153 7353 4095 7353 4153 7354 4154 7354 4095 7354 4095 7355 4154 7355 4096 7355 4154 7356 4155 7356 4096 7356 4096 7357 4155 7357 4097 7357 4155 7358 4156 7358 4097 7358 4097 7359 4156 7359 4098 7359 4156 7360 4157 7360 4098 7360 4098 7361 4157 7361 4099 7361 4157 7362 4158 7362 4099 7362 4099 7363 4158 7363 4100 7363 4158 7364 4159 7364 4100 7364 4100 7365 4159 7365 4101 7365 4159 7366 4160 7366 4101 7366 4101 7367 4160 7367 4102 7367 4160 7368 4161 7368 4102 7368 4102 7369 4161 7369 4103 7369 4161 7370 4162 7370 4103 7370 4103 7371 4162 7371 4104 7371 4162 7372 4163 7372 4104 7372 4104 7373 4163 7373 4105 7373 4163 7374 4164 7374 4105 7374 4105 7375 4164 7375 4106 7375 4164 7376 4165 7376 4106 7376 4106 7377 4165 7377 4107 7377 4165 7378 4166 7378 4107 7378 4107 7379 4166 7379 4108 7379 4166 7380 4167 7380 4108 7380 4108 7381 4167 7381 4109 7381 4167 7382 4168 7382 4109 7382 4109 7383 4168 7383 4110 7383 4168 7384 4169 7384 4110 7384 4110 7385 4169 7385 4111 7385 4169 7386 4170 7386 4111 7386 4111 7387 4170 7387 4112 7387 4170 7388 4171 7388 4112 7388 4112 7389 4171 7389 4113 7389 4171 7390 4172 7390 4113 7390 4113 7391 4172 7391 4114 7391 4172 7392 4173 7392 4114 7392 4114 7393 4173 7393 4115 7393 4173 7394 4174 7394 4115 7394 4115 7395 4174 7395 4116 7395 4174 7396 4175 7396 4116 7396 4116 7397 4175 7397 4117 7397 4175 7398 4176 7398 4117 7398 4117 7399 4176 7399 4118 7399 4176 7400 4177 7400 4118 7400 4118 7401 4177 7401 4119 7401 4177 7402 4178 7402 4119 7402 4119 7403 4178 7403 4120 7403 4178 7404 4179 7404 4120 7404 4120 7405 4179 7405 4121 7405 4179 7406 4122 7406 4121 7406 4179 7407 4180 7407 4122 7407 4180 7408 4181 7408 4122 7408 4122 7409 4181 7409 4123 7409 4181 7410 4182 7410 4123 7410 4123 7411 4182 7411 4124 7411 4182 7412 4183 7412 4124 7412 4124 7413 4183 7413 4125 7413 4183 7414 4184 7414 4125 7414 4125 7415 4184 7415 4126 7415 4184 7416 4185 7416 4126 7416 4126 7417 4185 7417 4127 7417 4185 7418 4186 7418 4127 7418 4127 7419 4186 7419 4128 7419 4186 7420 4187 7420 4128 7420 4128 7421 4187 7421 4129 7421 4187 7422 4188 7422 4129 7422 4129 7423 4188 7423 4130 7423 4188 7424 4189 7424 4130 7424 4130 7425 4189 7425 4131 7425 4189 7426 4190 7426 4131 7426 4131 7427 4190 7427 4132 7427 4190 7428 4191 7428 4132 7428 4132 7429 4191 7429 4133 7429 4191 7430 4192 7430 4133 7430 4133 7431 4192 7431 4134 7431 4192 7432 4193 7432 4134 7432 4134 7433 4193 7433 4135 7433 4193 7434 4194 7434 4135 7434 4135 7435 4194 7435 4136 7435 4194 7436 4195 7436 4136 7436 4136 7437 4195 7437 4137 7437 4195 7438 4196 7438 4137 7438 4137 7439 4196 7439 4138 7439 4196 7440 4197 7440 4138 7440 4138 7441 4197 7441 4139 7441 4197 7442 4198 7442 4139 7442 4139 7443 4198 7443 4140 7443 4198 7444 4199 7444 4140 7444 4140 7445 4199 7445 4141 7445 4199 7446 4200 7446 4141 7446 4141 7447 4200 7447 4142 7447 4200 7448 4201 7448 4142 7448 4142 7449 4201 7449 4143 7449 4201 7450 4202 7450 4143 7450 4143 7451 4202 7451 4144 7451 4202 7452 4203 7452 4144 7452 4144 7453 4203 7453 4145 7453 4203 7454 4204 7454 4145 7454 4145 7455 4204 7455 4146 7455 4204 7456 4205 7456 4146 7456 4146 7457 4205 7457 4147 7457 4205 7458 4206 7458 4147 7458 4147 7459 4206 7459 4148 7459 4206 7460 4207 7460 4148 7460 4148 7461 4207 7461 4149 7461 4207 7462 4208 7462 4149 7462 4149 7463 4208 7463 4150 7463 4208 7464 4209 7464 4150 7464 4150 7465 4209 7465 4151 7465 4209 7466 4210 7466 4151 7466 4151 7467 4210 7467 4152 7467 4210 7468 4211 7468 4152 7468 4152 7469 4211 7469 4153 7469 4211 7470 4212 7470 4153 7470 4153 7471 4212 7471 4154 7471 4212 7472 4213 7472 4154 7472 4154 7473 4213 7473 4155 7473 4213 7474 4214 7474 4155 7474 4155 7475 4214 7475 4156 7475 4214 7476 4215 7476 4156 7476 4156 7477 4215 7477 4157 7477 4215 7478 4216 7478 4157 7478 4157 7479 4216 7479 4158 7479 4216 7480 4217 7480 4158 7480 4158 7481 4217 7481 4159 7481 4217 7482 4218 7482 4159 7482 4159 7483 4218 7483 4160 7483 4218 7484 4219 7484 4160 7484 4160 7485 4219 7485 4161 7485 4219 7486 4220 7486 4161 7486 4161 7487 4220 7487 4162 7487 4220 7488 4221 7488 4162 7488 4162 7489 4221 7489 4163 7489 4221 7490 4222 7490 4163 7490 4163 7491 4222 7491 4164 7491 4222 7492 4223 7492 4164 7492 4164 7493 4223 7493 4165 7493 4223 7494 4224 7494 4165 7494 4165 7495 4224 7495 4166 7495 4224 7496 4225 7496 4166 7496 4166 7497 4225 7497 4167 7497 4225 7498 4226 7498 4167 7498 4167 7499 4226 7499 4168 7499 4226 7500 4227 7500 4168 7500 4168 7501 4227 7501 4169 7501 4227 7502 4228 7502 4169 7502 4169 7503 4228 7503 4170 7503 4228 7504 4229 7504 4170 7504 4170 7505 4229 7505 4171 7505 4229 7506 4230 7506 4171 7506 4171 7507 4230 7507 4172 7507 4230 7508 4231 7508 4172 7508 4172 7509 4231 7509 4173 7509 4231 7510 4232 7510 4173 7510 4173 7511 4232 7511 4174 7511 4232 7512 4233 7512 4174 7512 4174 7513 4233 7513 4175 7513 4233 7514 4234 7514 4175 7514 4175 7515 4234 7515 4176 7515 4234 7516 4235 7516 4176 7516 4176 7517 4235 7517 4177 7517 4235 7518 4236 7518 4177 7518 4177 7519 4236 7519 4178 7519 4236 7520 4237 7520 4178 7520 4178 7521 4237 7521 4179 7521 4237 7522 4180 7522 4179 7522 4237 7523 4238 7523 4180 7523 4238 7524 4239 7524 4180 7524 4180 7525 4239 7525 4181 7525 4239 7526 4240 7526 4181 7526 4181 7527 4240 7527 4182 7527 4240 7528 4241 7528 4182 7528 4182 7529 4241 7529 4183 7529 4241 7530 4242 7530 4183 7530 4183 7531 4242 7531 4184 7531 4242 7532 4243 7532 4184 7532 4184 7533 4243 7533 4185 7533 4243 7534 4244 7534 4185 7534 4185 7535 4244 7535 4186 7535 4244 7536 4245 7536 4186 7536 4186 7537 4245 7537 4187 7537 4245 7538 4246 7538 4187 7538 4187 7539 4246 7539 4188 7539 4246 7540 4247 7540 4188 7540 4188 7541 4247 7541 4189 7541 4247 7542 4248 7542 4189 7542 4189 7543 4248 7543 4190 7543 4248 7544 4249 7544 4190 7544 4190 7545 4249 7545 4191 7545 4249 7546 4250 7546 4191 7546 4191 7547 4250 7547 4192 7547 4250 7548 4251 7548 4192 7548 4192 7549 4251 7549 4193 7549 4251 7550 4252 7550 4193 7550 4193 7551 4252 7551 4194 7551 4252 7552 4253 7552 4194 7552 4194 7553 4253 7553 4195 7553 4253 7554 4254 7554 4195 7554 4195 7555 4254 7555 4196 7555 4254 7556 4255 7556 4196 7556 4196 7557 4255 7557 4197 7557 4255 7558 4256 7558 4197 7558 4197 7559 4256 7559 4198 7559 4256 7560 4257 7560 4198 7560 4198 7561 4257 7561 4199 7561 4257 7562 4258 7562 4199 7562 4199 7563 4258 7563 4200 7563 4258 7564 4259 7564 4200 7564 4200 7565 4259 7565 4201 7565 4259 7566 4260 7566 4201 7566 4201 7567 4260 7567 4202 7567 4260 7568 4261 7568 4202 7568 4202 7569 4261 7569 4203 7569 4261 7570 4262 7570 4203 7570 4203 7571 4262 7571 4204 7571 4262 7572 4263 7572 4204 7572 4204 7573 4263 7573 4205 7573 4263 7574 4264 7574 4205 7574 4205 7575 4264 7575 4206 7575 4264 7576 4265 7576 4206 7576 4206 7577 4265 7577 4207 7577 4265 7578 4266 7578 4207 7578 4207 7579 4266 7579 4208 7579 4266 7580 4267 7580 4208 7580 4208 7581 4267 7581 4209 7581 4267 7582 4268 7582 4209 7582 4209 7583 4268 7583 4210 7583 4268 7584 4269 7584 4210 7584 4210 7585 4269 7585 4211 7585 4269 7586 4270 7586 4211 7586 4211 7587 4270 7587 4212 7587 4270 7588 4271 7588 4212 7588 4212 7589 4271 7589 4213 7589 4271 7590 4272 7590 4213 7590 4213 7591 4272 7591 4214 7591 4272 7592 4273 7592 4214 7592 4214 7593 4273 7593 4215 7593 4273 7594 4274 7594 4215 7594 4215 7595 4274 7595 4216 7595 4274 7596 4275 7596 4216 7596 4216 7597 4275 7597 4217 7597 4275 7598 4276 7598 4217 7598 4217 7599 4276 7599 4218 7599 4276 7600 4277 7600 4218 7600 4218 7601 4277 7601 4219 7601 4277 7602 4278 7602 4219 7602 4219 7603 4278 7603 4220 7603 4278 7604 4279 7604 4220 7604 4220 7605 4279 7605 4221 7605 4279 7606 4280 7606 4221 7606 4221 7607 4280 7607 4222 7607 4280 7608 4281 7608 4222 7608 4222 7609 4281 7609 4223 7609 4281 7610 4282 7610 4223 7610 4223 7611 4282 7611 4224 7611 4282 7612 4283 7612 4224 7612 4224 7613 4283 7613 4225 7613 4283 7614 4284 7614 4225 7614 4225 7615 4284 7615 4226 7615 4284 7616 4285 7616 4226 7616 4226 7617 4285 7617 4227 7617 4285 7618 4286 7618 4227 7618 4227 7619 4286 7619 4228 7619 4286 7620 4287 7620 4228 7620 4228 7621 4287 7621 4229 7621 4287 7622 4288 7622 4229 7622 4229 7623 4288 7623 4230 7623 4288 7624 4289 7624 4230 7624 4230 7625 4289 7625 4231 7625 4289 7626 4290 7626 4231 7626 4231 7627 4290 7627 4232 7627 4290 7628 4291 7628 4232 7628 4232 7629 4291 7629 4233 7629 4291 7630 4292 7630 4233 7630 4233 7631 4292 7631 4234 7631 4292 7632 4293 7632 4234 7632 4234 7633 4293 7633 4235 7633 4293 7634 4294 7634 4235 7634 4235 7635 4294 7635 4236 7635 4294 7636 4295 7636 4236 7636 4236 7637 4295 7637 4237 7637 4295 7638 4238 7638 4237 7638 4295 7639 3131 7639 4238 7639 3131 7640 3130 7640 4238 7640 4238 7641 3130 7641 4239 7641 3130 7642 3129 7642 4239 7642 4239 7643 3129 7643 4240 7643 3129 7644 3128 7644 4240 7644 4240 7645 3128 7645 4241 7645 3128 7646 3127 7646 4241 7646 4241 7647 3127 7647 4242 7647 3127 7648 3126 7648 4242 7648 4242 7649 3126 7649 4243 7649 3126 7650 3125 7650 4243 7650 4243 7651 3125 7651 4244 7651 3125 7652 3124 7652 4244 7652 4244 7653 3124 7653 4245 7653 3124 7654 3123 7654 4245 7654 4245 7655 3123 7655 4246 7655 3123 7656 3122 7656 4246 7656 4246 7657 3122 7657 4247 7657 3122 7658 3121 7658 4247 7658 4247 7659 3121 7659 4248 7659 3121 7660 3120 7660 4248 7660 4248 7661 3120 7661 4249 7661 3120 7662 3119 7662 4249 7662 4249 7663 3119 7663 4250 7663 3119 7664 3118 7664 4250 7664 4250 7665 3118 7665 4251 7665 3118 7666 3117 7666 4251 7666 4251 7667 3117 7667 4252 7667 3117 7668 3116 7668 4252 7668 4252 7669 3116 7669 4253 7669 3116 7670 3115 7670 4253 7670 4253 7671 3115 7671 4254 7671 3115 7672 3114 7672 4254 7672 4254 7673 3114 7673 4255 7673 3114 7674 3113 7674 4255 7674 4255 7675 3113 7675 4256 7675 3113 7676 3112 7676 4256 7676 4256 7677 3112 7677 4257 7677 3112 7678 3111 7678 4257 7678 4257 7679 3111 7679 4258 7679 3111 7680 3110 7680 4258 7680 4258 7681 3110 7681 4259 7681 3110 7682 3109 7682 4259 7682 4259 7683 3109 7683 4260 7683 3109 7684 3108 7684 4260 7684 4260 7685 3108 7685 4261 7685 3108 7686 3107 7686 4261 7686 4261 7687 3107 7687 4262 7687 3107 7688 3106 7688 4262 7688 4262 7689 3106 7689 4263 7689 3106 7690 3105 7690 4263 7690 4263 7691 3105 7691 4264 7691 3105 7692 3104 7692 4264 7692 4264 7693 3104 7693 4265 7693 3104 7694 3161 7694 4265 7694 4265 7695 3161 7695 4266 7695 3161 7696 3160 7696 4266 7696 4266 7697 3160 7697 4267 7697 3160 7698 3159 7698 4267 7698 4267 7699 3159 7699 4268 7699 3159 7700 3158 7700 4268 7700 4268 7701 3158 7701 4269 7701 3158 7702 3157 7702 4269 7702 4269 7703 3157 7703 4270 7703 3157 7704 3156 7704 4270 7704 4270 7705 3156 7705 4271 7705 3156 7706 3155 7706 4271 7706 4271 7707 3155 7707 4272 7707 3155 7708 3154 7708 4272 7708 4272 7709 3154 7709 4273 7709 3154 7710 3153 7710 4273 7710 4273 7711 3153 7711 4274 7711 3153 7712 3152 7712 4274 7712 4274 7713 3152 7713 4275 7713 3152 7714 3151 7714 4275 7714 4275 7715 3151 7715 4276 7715 3151 7716 3150 7716 4276 7716 4276 7717 3150 7717 4277 7717 3150 7718 3149 7718 4277 7718 4277 7719 3149 7719 4278 7719 3149 7720 3148 7720 4278 7720 4278 7721 3148 7721 4279 7721 3148 7722 3147 7722 4279 7722 4279 7723 3147 7723 4280 7723 3147 7724 3146 7724 4280 7724 4280 7725 3146 7725 4281 7725 3146 7726 3145 7726 4281 7726 4281 7727 3145 7727 4282 7727 3145 7728 3144 7728 4282 7728 4282 7729 3144 7729 4283 7729 3144 7730 3143 7730 4283 7730 4283 7731 3143 7731 4284 7731 3143 7732 3142 7732 4284 7732 4284 7733 3142 7733 4285 7733 3142 7734 3141 7734 4285 7734 4285 7735 3141 7735 4286 7735 3141 7736 3140 7736 4286 7736 4286 7737 3140 7737 4287 7737 3140 7738 3139 7738 4287 7738 4287 7739 3139 7739 4288 7739 3139 7740 3138 7740 4288 7740 4288 7741 3138 7741 4289 7741 3138 7742 3137 7742 4289 7742 4289 7743 3137 7743 4290 7743 3137 7744 3136 7744 4290 7744 4290 7745 3136 7745 4291 7745 3136 7746 3135 7746 4291 7746 4291 7747 3135 7747 4292 7747 3135 7748 3134 7748 4292 7748 4292 7749 3134 7749 4293 7749 3134 7750 3133 7750 4293 7750 4293 7751 3133 7751 4294 7751 3133 7752 3132 7752 4294 7752 4294 7753 3132 7753 4295 7753 3132 7754 3131 7754 4295 7754 24 7755 13 7755 3052 7755 104 7756 246 7756 3101 7756 448 7757 440 7757 3081 7757 322 7758 321 7758 3072 7758 3065 7759 3066 7759 270 7759 3067 7760 282 7760 3066 7760 282 7761 271 7761 3066 7761 3066 7762 271 7762 270 7762 3068 7763 279 7763 3067 7763 279 7764 281 7764 3067 7764 3067 7765 281 7765 282 7765 3069 7766 265 7766 3068 7766 265 7767 264 7767 3068 7767 3068 7768 264 7768 279 7768 315 7769 314 7769 3070 7769 314 7770 262 7770 3070 7770 3070 7771 262 7771 3069 7771 262 7772 261 7772 3069 7772 3069 7773 261 7773 265 7773 315 7774 3070 7774 324 7774 3070 7775 3071 7775 324 7775 324 7776 3071 7776 325 7776 3072 7777 321 7777 3071 7777 321 7778 326 7778 3071 7778 3071 7779 326 7779 325 7779 322 7780 3072 7780 2983 7780 3072 7781 3073 7781 2983 7781 2983 7782 3073 7782 2985 7782 3073 7783 3074 7783 2985 7783 2985 7784 3074 7784 2986 7784 2986 7785 3074 7785 2988 7785 3074 7786 3075 7786 2988 7786 2988 7787 3075 7787 2989 7787 2989 7788 3075 7788 2991 7788 3075 7789 3076 7789 2991 7789 2991 7790 3076 7790 2992 7790 2992 7791 3076 7791 2994 7791 3076 7792 3077 7792 2994 7792 2994 7793 3077 7793 2995 7793 2995 7794 3077 7794 2997 7794 3077 7795 3078 7795 2997 7795 2997 7796 3078 7796 2998 7796 2998 7797 3078 7797 2999 7797 3078 7798 3079 7798 2999 7798 2999 7799 3079 7799 3000 7799 3000 7800 3079 7800 3001 7800 3079 7801 3080 7801 3001 7801 3001 7802 3080 7802 2982 7802 3081 7803 440 7803 3080 7803 440 7804 439 7804 3080 7804 3080 7805 439 7805 2982 7805 448 7806 3081 7806 449 7806 3081 7807 3082 7807 449 7807 449 7808 3082 7808 433 7808 433 7809 3082 7809 434 7809 3082 7810 3083 7810 434 7810 434 7811 3083 7811 480 7811 480 7812 3083 7812 477 7812 3083 7813 3084 7813 477 7813 477 7814 3084 7814 478 7814 478 7815 3084 7815 479 7815 3084 7816 3085 7816 479 7816 479 7817 3085 7817 492 7817 492 7818 3085 7818 493 7818 3085 7819 3086 7819 493 7819 493 7820 3086 7820 494 7820 3087 7821 375 7821 3086 7821 375 7822 497 7822 3086 7822 3086 7823 497 7823 494 7823 3088 7824 373 7824 3087 7824 373 7825 374 7825 3087 7825 3087 7826 374 7826 375 7826 3089 7827 371 7827 3088 7827 371 7828 370 7828 3088 7828 3088 7829 370 7829 373 7829 3090 7830 368 7830 3089 7830 368 7831 367 7831 3089 7831 3089 7832 367 7832 371 7832 3091 7833 365 7833 3090 7833 365 7834 364 7834 3090 7834 3090 7835 364 7835 368 7835 3092 7836 362 7836 3091 7836 362 7837 361 7837 3091 7837 3091 7838 361 7838 365 7838 3093 7839 377 7839 3092 7839 377 7840 376 7840 3092 7840 3092 7841 376 7841 362 7841 3094 7842 379 7842 3093 7842 379 7843 378 7843 3093 7843 3093 7844 378 7844 377 7844 3095 7845 187 7845 3094 7845 187 7846 380 7846 3094 7846 3094 7847 380 7847 379 7847 3096 7848 202 7848 3095 7848 202 7849 188 7849 3095 7849 3095 7850 188 7850 187 7850 3097 7851 199 7851 3096 7851 199 7852 201 7852 3096 7852 3096 7853 201 7853 202 7853 3098 7854 182 7854 3097 7854 182 7855 181 7855 3097 7855 3097 7856 181 7856 199 7856 233 7857 232 7857 3099 7857 232 7858 179 7858 3099 7858 3099 7859 179 7859 3098 7859 179 7860 178 7860 3098 7860 3098 7861 178 7861 182 7861 233 7862 3099 7862 247 7862 3099 7863 3100 7863 247 7863 247 7864 3100 7864 248 7864 3101 7865 246 7865 3100 7865 246 7866 249 7866 3100 7866 3100 7867 249 7867 248 7867 104 7868 3101 7868 105 7868 3101 7869 3102 7869 105 7869 105 7870 3102 7870 109 7870 3102 7871 3103 7871 109 7871 109 7872 3103 7872 110 7872 110 7873 3103 7873 112 7873 3103 7874 3046 7874 112 7874 112 7875 3046 7875 113 7875 113 7876 3046 7876 115 7876 3046 7877 3047 7877 115 7877 115 7878 3047 7878 116 7878 116 7879 3047 7879 118 7879 3047 7880 3048 7880 118 7880 118 7881 3048 7881 119 7881 119 7882 3048 7882 121 7882 3048 7883 3049 7883 121 7883 121 7884 3049 7884 122 7884 122 7885 3049 7885 123 7885 3049 7886 3050 7886 123 7886 123 7887 3050 7887 124 7887 124 7888 3050 7888 125 7888 3050 7889 3051 7889 125 7889 125 7890 3051 7890 103 7890 3052 7891 13 7891 3051 7891 13 7892 12 7892 3051 7892 3051 7893 12 7893 103 7893 24 7894 3052 7894 25 7894 3052 7895 3053 7895 25 7895 25 7896 3053 7896 6 7896 6 7897 3053 7897 7 7897 3053 7898 3054 7898 7 7898 7 7899 3054 7899 74 7899 74 7900 3054 7900 51 7900 3054 7901 3055 7901 51 7901 51 7902 3055 7902 52 7902 52 7903 3055 7903 53 7903 3055 7904 3056 7904 53 7904 53 7905 3056 7905 59 7905 59 7906 3056 7906 60 7906 3056 7907 3057 7907 60 7907 60 7908 3057 7908 61 7908 3058 7909 65 7909 3057 7909 65 7910 64 7910 3057 7910 3057 7911 64 7911 61 7911 3059 7912 528 7912 3058 7912 528 7913 529 7913 3058 7913 3058 7914 529 7914 65 7914 3060 7915 526 7915 3059 7915 526 7916 525 7916 3059 7916 3059 7917 525 7917 528 7917 3061 7918 523 7918 3060 7918 523 7919 522 7919 3060 7919 3060 7920 522 7920 526 7920 3062 7921 520 7921 3061 7921 520 7922 519 7922 3061 7922 3061 7923 519 7923 523 7923 3063 7924 517 7924 3062 7924 517 7925 516 7925 3062 7925 3062 7926 516 7926 520 7926 3064 7927 531 7927 3063 7927 531 7928 530 7928 3063 7928 3063 7929 530 7929 517 7929 270 7930 534 7930 3065 7930 534 7931 533 7931 3065 7931 3065 7932 533 7932 3064 7932 533 7933 532 7933 3064 7933 3064 7934 532 7934 531 7934 2634 7935 2632 7935 1625 7935 2595 7936 2594 7936 2200 7936 2595 7937 2200 7937 2624 7937 2200 7938 2191 7938 2624 7938 2624 7939 2191 7939 1600 7939 1616 7940 2627 7940 1617 7940 2627 7941 2625 7941 1617 7941 1617 7942 2625 7942 1607 7942 2625 7943 2624 7943 1607 7943 1607 7944 2624 7944 1608 7944 2624 7945 1600 7945 1608 7945 1614 7946 2630 7946 1616 7946 2630 7947 2628 7947 1616 7947 1616 7948 2628 7948 2627 7948 1614 7949 1631 7949 2630 7949 1631 7950 1630 7950 2630 7950 2630 7951 1630 7951 2631 7951 1630 7952 1628 7952 2631 7952 2631 7953 1628 7953 2632 7953 1628 7954 1626 7954 2632 7954 2632 7955 1626 7955 1625 7955 2634 7956 1625 7956 2635 7956 1625 7957 1641 7957 2635 7957 2635 7958 1641 7958 2637 7958 1641 7959 1643 7959 2637 7959 1643 7960 1645 7960 2637 7960 2637 7961 1645 7961 2639 7961 1645 7962 1647 7962 2639 7962 2639 7963 1647 7963 2640 7963 1647 7964 1658 7964 2640 7964 2640 7965 1658 7965 2642 7965 1658 7966 1657 7966 2642 7966 2642 7967 1657 7967 2643 7967 1657 7968 1655 7968 2643 7968 1655 7969 1654 7969 2643 7969 2643 7970 1654 7970 2645 7970 1654 7971 1661 7971 2645 7971 1661 7972 1662 7972 2645 7972 2645 7973 1662 7973 2647 7973 1662 7974 1670 7974 2647 7974 2647 7975 1670 7975 2648 7975 1670 7976 1672 7976 2648 7976 2648 7977 1672 7977 2650 7977 1672 7978 1674 7978 2650 7978 2650 7979 1674 7979 2651 7979 1674 7980 1678 7980 2651 7980 2651 7981 1678 7981 2653 7981 1678 7982 1680 7982 2653 7982 1680 7983 1682 7983 2653 7983 2653 7984 1682 7984 2666 7984 1682 7985 1737 7985 2666 7985 2666 7986 1737 7986 2667 7986 1737 7987 1738 7987 2667 7987 2667 7988 1738 7988 2668 7988 1738 7989 1739 7989 2668 7989 2668 7990 1739 7990 2669 7990 1959 7991 2751 7991 1958 7991 2751 7992 2669 7992 1958 7992 1958 7993 2669 7993 1740 7993 2669 7994 1739 7994 1740 7994 2426 7995 3243 7995 2380 7995 3243 7996 3238 7996 2380 7996 3251 7997 3250 7997 2751 7997 3250 7998 2752 7998 2751 7998 2752 7999 3250 7999 2753 7999 3250 8000 3276 8000 2753 8000 2753 8001 3276 8001 2754 8001 3276 8002 3255 8002 2754 8002 2754 8003 3255 8003 2755 8003 3255 8004 3254 8004 2755 8004 2755 8005 3254 8005 2756 8005 3254 8006 3259 8006 2756 8006 2756 8007 3259 8007 2757 8007 3259 8008 3257 8008 2757 8008 2757 8009 3257 8009 2758 8009 3257 8010 3256 8010 2758 8010 2758 8011 3256 8011 2759 8011 3256 8012 3261 8012 2759 8012 2759 8013 3261 8013 2760 8013 3261 8014 3260 8014 2760 8014 3260 8015 3266 8015 2760 8015 2760 8016 3266 8016 2761 8016 2761 8017 3266 8017 2762 8017 3266 8018 3264 8018 2762 8018 2762 8019 3264 8019 2763 8019 3264 8020 3263 8020 2763 8020 2763 8021 3263 8021 2764 8021 3263 8022 3268 8022 2764 8022 2764 8023 3268 8023 2765 8023 3268 8024 3272 8024 2765 8024 2765 8025 3272 8025 2766 8025 3272 8026 3270 8026 2766 8026 2766 8027 3270 8027 2767 8027 3270 8028 3269 8028 2767 8028 2767 8029 3269 8029 2768 8029 3269 8030 3274 8030 2768 8030 2768 8031 3274 8031 2769 8031 3274 8032 3273 8032 2769 8032 3273 8033 3204 8033 2769 8033 2769 8034 3204 8034 2783 8034 1263 8035 4296 8035 1445 8035 4296 8036 3406 8036 1445 8036 2785 8037 2784 8037 4297 8037 2784 8038 4298 8038 4297 8038 4298 8039 2784 8039 4299 8039 2784 8040 2812 8040 4299 8040 4299 8041 2812 8041 4300 8041 2812 8042 2789 8042 4300 8042 4300 8043 2789 8043 4301 8043 2789 8044 2788 8044 4301 8044 4301 8045 2788 8045 4302 8045 2788 8046 2793 8046 4302 8046 4302 8047 2793 8047 4303 8047 2793 8048 2791 8048 4303 8048 4303 8049 2791 8049 4304 8049 2791 8050 2790 8050 4304 8050 4304 8051 2790 8051 4305 8051 2790 8052 2795 8052 4305 8052 4305 8053 2795 8053 4306 8053 2795 8054 2794 8054 4306 8054 2794 8055 2800 8055 4306 8055 4306 8056 2800 8056 4307 8056 4307 8057 2800 8057 4308 8057 2800 8058 2798 8058 4308 8058 4308 8059 2798 8059 4309 8059 2798 8060 2797 8060 4309 8060 4309 8061 2797 8061 4310 8061 2797 8062 2802 8062 4310 8062 4310 8063 2802 8063 4311 8063 2802 8064 2806 8064 4311 8064 4311 8065 2806 8065 4312 8065 2806 8066 2804 8066 4312 8066 4312 8067 2804 8067 4313 8067 2804 8068 2803 8068 4313 8068 4313 8069 2803 8069 4314 8069 2803 8070 2808 8070 4314 8070 4314 8071 2808 8071 4315 8071 2808 8072 2807 8072 4315 8072 2807 8073 2811 8073 4315 8073 4315 8074 2811 8074 3221 8074 2200 8075 2594 8075 1744 8075 2594 8076 2942 8076 1744 8076 3289 8077 3287 8077 1484 8077 3252 8078 3251 8078 2394 8078 3252 8079 2394 8079 3279 8079 2394 8080 2393 8080 3279 8080 3279 8081 2393 8081 1459 8081 1475 8082 3282 8082 1476 8082 3282 8083 3280 8083 1476 8083 1476 8084 3280 8084 1466 8084 3280 8085 3279 8085 1466 8085 1466 8086 3279 8086 1467 8086 3279 8087 1459 8087 1467 8087 1473 8088 3285 8088 1475 8088 3285 8089 3283 8089 1475 8089 1475 8090 3283 8090 3282 8090 1473 8091 1490 8091 3285 8091 1490 8092 1489 8092 3285 8092 3285 8093 1489 8093 3286 8093 1489 8094 1487 8094 3286 8094 3286 8095 1487 8095 3287 8095 1487 8096 1485 8096 3287 8096 3287 8097 1485 8097 1484 8097 3289 8098 1484 8098 3290 8098 1484 8099 1500 8099 3290 8099 3290 8100 1500 8100 3292 8100 1500 8101 1502 8101 3292 8101 1502 8102 1504 8102 3292 8102 3292 8103 1504 8103 3294 8103 1504 8104 1506 8104 3294 8104 3294 8105 1506 8105 3295 8105 1506 8106 1517 8106 3295 8106 3295 8107 1517 8107 3297 8107 1517 8108 1516 8108 3297 8108 3297 8109 1516 8109 3298 8109 1516 8110 1514 8110 3298 8110 1514 8111 1513 8111 3298 8111 3298 8112 1513 8112 3300 8112 1513 8113 1520 8113 3300 8113 1520 8114 1521 8114 3300 8114 3300 8115 1521 8115 3302 8115 1521 8116 1529 8116 3302 8116 3302 8117 1529 8117 3303 8117 1529 8118 1531 8118 3303 8118 3303 8119 1531 8119 3305 8119 1531 8120 1533 8120 3305 8120 3305 8121 1533 8121 3306 8121 1533 8122 1537 8122 3306 8122 3306 8123 1537 8123 3308 8123 1537 8124 1539 8124 3308 8124 1539 8125 1541 8125 3308 8125 3308 8126 1541 8126 3321 8126 1541 8127 1588 8127 3321 8127 3321 8128 1588 8128 3322 8128 1588 8129 1589 8129 3322 8129 3322 8130 1589 8130 3323 8130 1589 8131 1590 8131 3323 8131 3323 8132 1590 8132 3324 8132 1445 8133 3406 8133 1443 8133 3406 8134 3324 8134 1443 8134 1443 8135 3324 8135 1444 8135 3324 8136 1590 8136 1444 8136 3192 8137 3203 8137 2143 8137 3202 8138 3191 8138 1964 8138 1964 8139 3191 8139 1965 8139 1985 8140 3185 8140 3184 8140 1985 8141 3184 8141 1986 8141 3184 8142 3183 8142 1986 8142 1986 8143 3183 8143 1988 8143 3185 8144 1985 8144 3189 8144 1985 8145 1983 8145 3189 8145 3189 8146 1983 8146 3188 8146 1983 8147 1982 8147 3188 8147 3188 8148 1982 8148 3187 8148 1982 8149 1980 8149 3187 8149 3187 8150 1980 8150 3186 8150 1980 8151 1979 8151 3186 8151 3186 8152 1979 8152 4316 8152 1976 8153 4317 8153 4318 8153 4318 8154 4319 8154 1976 8154 4319 8155 4320 8155 1976 8155 1976 8156 4320 8156 1977 8156 4320 8157 4321 8157 1977 8157 1977 8158 4321 8158 1979 8158 4321 8159 4322 8159 1979 8159 1979 8160 4322 8160 4316 8160 1976 8161 2040 8161 4317 8161 2040 8162 1974 8162 4317 8162 4317 8163 1974 8163 4323 8163 1974 8164 1973 8164 4323 8164 4323 8165 1973 8165 4324 8165 2100 8166 4325 8166 2062 8166 4325 8167 4326 8167 2062 8167 2062 8168 4326 8168 1973 8168 4326 8169 4327 8169 1973 8169 1973 8170 4327 8170 4324 8170 4328 8171 4329 8171 2099 8171 4329 8172 4330 8172 2099 8172 2099 8173 4330 8173 2100 8173 4330 8174 4331 8174 2100 8174 2100 8175 4331 8175 4325 8175 4328 8176 2099 8176 4332 8176 2099 8177 2098 8177 4332 8177 4332 8178 2098 8178 4333 8178 2098 8179 2086 8179 4333 8179 4333 8180 2086 8180 4334 8180 2086 8181 2085 8181 4334 8181 4334 8182 2085 8182 4335 8182 1970 8183 4336 8183 1971 8183 4336 8184 4337 8184 1971 8184 1971 8185 4337 8185 2085 8185 4337 8186 4338 8186 2085 8186 2085 8187 4338 8187 4335 8187 4339 8188 4340 8188 1970 8188 4340 8189 4341 8189 1970 8189 4341 8190 4342 8190 1970 8190 1970 8191 4342 8191 4336 8191 1965 8192 3191 8192 1967 8192 3191 8193 3190 8193 1967 8193 1967 8194 3190 8194 4343 8194 1970 8195 1968 8195 4339 8195 1968 8196 1967 8196 4339 8196 4339 8197 1967 8197 4344 8197 1967 8198 4343 8198 4344 8198 3202 8199 1964 8199 3203 8199 1964 8200 2131 8200 3203 8200 3203 8201 2131 8201 2143 8201 2155 8202 3194 8202 2143 8202 3194 8203 3193 8203 2143 8203 2143 8204 3193 8204 3192 8204 2178 8205 3169 8205 1942 8205 3169 8206 3166 8206 1942 8206 2825 8207 2823 8207 1315 8207 2786 8208 2785 8208 1289 8208 2786 8209 1289 8209 2815 8209 1289 8210 1272 8210 2815 8210 2815 8211 1272 8211 1271 8211 1306 8212 2818 8212 1307 8212 2818 8213 2816 8213 1307 8213 1307 8214 2816 8214 1297 8214 2816 8215 2815 8215 1297 8215 1297 8216 2815 8216 1298 8216 2815 8217 1271 8217 1298 8217 1304 8218 2821 8218 1306 8218 2821 8219 2819 8219 1306 8219 1306 8220 2819 8220 2818 8220 1304 8221 1321 8221 2821 8221 1321 8222 1320 8222 2821 8222 2821 8223 1320 8223 2822 8223 1320 8224 1318 8224 2822 8224 2822 8225 1318 8225 2823 8225 1318 8226 1316 8226 2823 8226 2823 8227 1316 8227 1315 8227 2825 8228 1315 8228 2826 8228 1315 8229 1331 8229 2826 8229 2826 8230 1331 8230 2828 8230 1331 8231 1333 8231 2828 8231 1333 8232 1335 8232 2828 8232 2828 8233 1335 8233 2830 8233 1335 8234 1337 8234 2830 8234 2830 8235 1337 8235 2831 8235 1337 8236 1348 8236 2831 8236 2831 8237 1348 8237 2833 8237 1348 8238 1347 8238 2833 8238 2833 8239 1347 8239 2834 8239 1347 8240 1345 8240 2834 8240 1345 8241 1344 8241 2834 8241 2834 8242 1344 8242 2836 8242 1344 8243 1351 8243 2836 8243 1351 8244 1352 8244 2836 8244 2836 8245 1352 8245 2838 8245 1352 8246 1360 8246 2838 8246 2838 8247 1360 8247 2839 8247 1360 8248 1362 8248 2839 8248 2839 8249 1362 8249 2841 8249 1362 8250 1364 8250 2841 8250 2841 8251 1364 8251 2842 8251 1364 8252 1368 8252 2842 8252 2842 8253 1368 8253 2844 8253 1368 8254 1370 8254 2844 8254 1370 8255 1372 8255 2844 8255 2844 8256 1372 8256 2857 8256 1372 8257 1427 8257 2857 8257 2857 8258 1427 8258 2858 8258 1427 8259 1428 8259 2858 8259 2858 8260 1428 8260 2859 8260 1428 8261 1429 8261 2859 8261 2859 8262 1429 8262 2860 8262 1744 8263 2942 8263 1745 8263 2942 8264 2860 8264 1745 8264 1745 8265 2860 8265 1430 8265 2860 8266 1429 8266 1430 8266 1775 8267 3195 8267 2155 8267 3195 8268 3194 8268 2155 8268 4345 8269 4346 8269 1154 8269 4347 8270 4296 8270 1263 8270 4347 8271 1263 8271 4348 8271 1263 8272 1262 8272 4348 8272 4348 8273 1262 8273 1129 8273 1145 8274 4349 8274 1146 8274 4349 8275 4350 8275 1146 8275 1146 8276 4350 8276 1136 8276 4350 8277 4348 8277 1136 8277 1136 8278 4348 8278 1137 8278 4348 8279 1129 8279 1137 8279 1143 8280 4351 8280 1145 8280 4351 8281 4352 8281 1145 8281 1145 8282 4352 8282 4349 8282 1143 8283 1160 8283 4351 8283 1160 8284 1159 8284 4351 8284 4351 8285 1159 8285 4353 8285 1159 8286 1157 8286 4353 8286 4353 8287 1157 8287 4346 8287 1157 8288 1155 8288 4346 8288 4346 8289 1155 8289 1154 8289 4345 8290 1154 8290 4354 8290 1154 8291 1170 8291 4354 8291 4354 8292 1170 8292 4355 8292 1170 8293 1172 8293 4355 8293 1172 8294 1174 8294 4355 8294 4355 8295 1174 8295 4356 8295 1174 8296 1176 8296 4356 8296 4356 8297 1176 8297 4357 8297 1176 8298 1187 8298 4357 8298 4357 8299 1187 8299 4358 8299 1187 8300 1186 8300 4358 8300 4358 8301 1186 8301 4359 8301 1186 8302 1184 8302 4359 8302 1184 8303 1183 8303 4359 8303 4359 8304 1183 8304 4360 8304 1183 8305 1190 8305 4360 8305 1190 8306 1191 8306 4360 8306 4360 8307 1191 8307 4361 8307 1191 8308 1199 8308 4361 8308 4361 8309 1199 8309 4362 8309 1199 8310 1201 8310 4362 8310 4362 8311 1201 8311 4363 8311 1201 8312 1203 8312 4363 8312 4363 8313 1203 8313 4364 8313 1203 8314 1207 8314 4364 8314 4364 8315 1207 8315 4365 8315 1207 8316 1209 8316 4365 8316 1209 8317 1211 8317 4365 8317 4365 8318 1211 8318 4366 8318 1211 8319 1258 8319 4366 8319 4366 8320 1258 8320 4367 8320 1258 8321 1259 8321 4367 8321 4367 8322 1259 8322 4368 8322 1259 8323 1260 8323 4368 8323 4368 8324 1260 8324 4369 8324 1104 8325 4297 8325 1105 8325 4297 8326 4369 8326 1105 8326 1105 8327 4369 8327 1111 8327 4369 8328 1260 8328 1111 8328 3236 8329 3242 8329 2368 8329 3241 8330 3240 8330 2201 8330 2201 8331 3240 8331 2202 8331 2222 8332 3171 8332 3170 8332 2222 8333 3170 8333 2223 8333 3170 8334 3169 8334 2223 8334 2223 8335 3169 8335 2178 8335 3171 8336 2222 8336 3175 8336 2222 8337 2220 8337 3175 8337 3175 8338 2220 8338 3174 8338 2220 8339 2219 8339 3174 8339 3174 8340 2219 8340 3173 8340 2219 8341 2217 8341 3173 8341 3173 8342 2217 8342 3172 8342 2217 8343 2216 8343 3172 8343 3172 8344 2216 8344 4370 8344 2213 8345 4371 8345 4372 8345 4372 8346 4373 8346 2213 8346 4373 8347 4374 8347 2213 8347 2213 8348 4374 8348 2214 8348 4374 8349 4375 8349 2214 8349 2214 8350 4375 8350 2216 8350 4375 8351 4376 8351 2216 8351 2216 8352 4376 8352 4370 8352 2213 8353 2265 8353 4371 8353 2265 8354 2211 8354 4371 8354 4371 8355 2211 8355 4377 8355 2211 8356 2210 8356 4377 8356 4377 8357 2210 8357 4378 8357 2325 8358 4379 8358 2287 8358 4379 8359 4380 8359 2287 8359 2287 8360 4380 8360 2210 8360 4380 8361 4381 8361 2210 8361 2210 8362 4381 8362 4378 8362 4382 8363 4383 8363 2324 8363 4383 8364 4384 8364 2324 8364 2324 8365 4384 8365 2325 8365 4384 8366 4385 8366 2325 8366 2325 8367 4385 8367 4379 8367 4382 8368 2324 8368 4386 8368 2324 8369 2323 8369 4386 8369 4386 8370 2323 8370 4387 8370 2323 8371 2311 8371 4387 8371 4387 8372 2311 8372 4388 8372 2311 8373 2310 8373 4388 8373 4388 8374 2310 8374 4389 8374 2207 8375 4390 8375 2208 8375 4390 8376 4391 8376 2208 8376 2208 8377 4391 8377 2310 8377 4391 8378 4392 8378 2310 8378 2310 8379 4392 8379 4389 8379 4393 8380 4394 8380 2207 8380 4394 8381 4395 8381 2207 8381 4395 8382 4396 8382 2207 8382 2207 8383 4396 8383 4390 8383 2202 8384 3240 8384 2204 8384 3240 8385 3239 8385 2204 8385 2204 8386 3239 8386 4397 8386 2207 8387 2205 8387 4393 8387 2205 8388 2204 8388 4393 8388 4393 8389 2204 8389 4398 8389 2204 8390 4397 8390 4398 8390 3241 8391 2201 8391 3242 8391 2201 8392 2356 8392 3242 8392 3242 8393 2356 8393 2368 8393 2380 8394 3238 8394 2368 8394 3238 8395 3237 8395 2368 8395 2368 8396 3237 8396 3236 8396 3162 8397 1727 8397 4399 8397 1727 8398 1689 8398 4399 8398 4399 8399 1689 8399 4400 8399 1689 8400 1691 8400 4400 8400 4400 8401 1691 8401 4401 8401 1691 8402 1692 8402 4401 8402 4401 8403 1692 8403 4402 8403 1692 8404 1688 8404 4402 8404 4402 8405 1688 8405 4403 8405 1688 8406 4404 8406 4403 8406 1688 8407 1686 8407 4404 8407 1686 8408 1684 8408 4404 8408 4404 8409 1684 8409 4405 8409 1684 8410 4406 8410 4405 8410 1684 8411 1683 8411 4406 8411 1683 8412 1676 8412 4406 8412 4406 8413 1676 8413 4407 8413 1676 8414 1675 8414 4407 8414 4407 8415 1675 8415 4408 8415 1675 8416 1668 8416 4408 8416 4408 8417 1668 8417 4409 8417 1668 8418 1666 8418 4409 8418 4409 8419 1666 8419 4410 8419 1666 8420 1664 8420 4410 8420 4410 8421 1664 8421 4411 8421 1664 8422 1663 8422 4411 8422 4411 8423 1663 8423 4412 8423 1663 8424 1652 8424 4412 8424 4412 8425 1652 8425 4413 8425 1652 8426 1651 8426 4413 8426 4413 8427 1651 8427 4414 8427 4415 8428 4416 8428 1639 8428 4416 8429 4417 8429 1639 8429 1639 8430 4417 8430 1648 8430 4417 8431 4414 8431 1648 8431 1648 8432 4414 8432 1649 8432 4414 8433 1651 8433 1649 8433 1639 8434 1637 8434 4415 8434 1637 8435 1636 8435 4415 8435 4415 8436 1636 8436 4418 8436 1636 8437 1635 8437 4418 8437 4418 8438 1635 8438 4419 8438 1635 8439 1633 8439 4419 8439 4419 8440 1633 8440 4420 8440 1633 8441 1632 8441 4420 8441 4420 8442 1632 8442 4421 8442 4421 8443 1632 8443 4422 8443 1632 8444 1623 8444 4422 8444 4422 8445 1623 8445 1621 8445 1619 8446 4423 8446 1621 8446 4423 8447 4424 8447 1621 8447 1621 8448 4424 8448 4422 8448 4425 8449 4426 8449 1609 8449 4426 8450 4427 8450 1609 8450 1619 8451 1618 8451 4423 8451 1618 8452 1612 8452 4423 8452 4423 8453 1612 8453 4427 8453 1612 8454 1610 8454 4427 8454 4427 8455 1610 8455 1609 8455 4425 8456 1609 8456 3198 8456 1609 8457 1603 8457 3198 8457 3198 8458 1603 8458 1605 8458 1289 8459 2785 8459 1104 8459 2785 8460 4297 8460 1104 8460 2594 8461 2593 8461 2942 8461 2593 8462 2943 8462 2942 8462 2943 8463 2593 8463 2944 8463 2593 8464 2621 8464 2944 8464 2944 8465 2621 8465 2945 8465 2621 8466 2598 8466 2945 8466 2945 8467 2598 8467 2946 8467 2598 8468 2597 8468 2946 8468 2946 8469 2597 8469 2947 8469 2597 8470 2602 8470 2947 8470 2947 8471 2602 8471 2948 8471 2602 8472 2600 8472 2948 8472 2948 8473 2600 8473 2949 8473 2600 8474 2599 8474 2949 8474 2949 8475 2599 8475 2950 8475 2599 8476 2604 8476 2950 8476 2950 8477 2604 8477 2951 8477 2604 8478 2603 8478 2951 8478 2603 8479 2609 8479 2951 8479 2951 8480 2609 8480 2952 8480 2952 8481 2609 8481 2953 8481 2609 8482 2607 8482 2953 8482 2953 8483 2607 8483 2954 8483 2607 8484 2606 8484 2954 8484 2954 8485 2606 8485 2955 8485 2606 8486 2611 8486 2955 8486 2955 8487 2611 8487 2956 8487 2611 8488 2615 8488 2956 8488 2956 8489 2615 8489 2957 8489 2615 8490 2613 8490 2957 8490 2957 8491 2613 8491 2958 8491 2613 8492 2612 8492 2958 8492 2958 8493 2612 8493 2959 8493 2612 8494 2617 8494 2959 8494 2959 8495 2617 8495 2960 8495 2617 8496 2616 8496 2960 8496 2616 8497 2620 8497 2960 8497 2960 8498 2620 8498 2974 8498 3178 8499 3182 8499 2581 8499 3181 8500 3177 8500 2402 8500 2402 8501 3177 8501 2403 8501 2423 8502 3245 8502 3244 8502 2423 8503 3244 8503 2424 8503 3244 8504 3243 8504 2424 8504 2424 8505 3243 8505 2426 8505 3245 8506 2423 8506 3249 8506 2423 8507 2421 8507 3249 8507 3249 8508 2421 8508 3248 8508 2421 8509 2420 8509 3248 8509 3248 8510 2420 8510 3247 8510 2420 8511 2418 8511 3247 8511 3247 8512 2418 8512 3246 8512 2418 8513 2417 8513 3246 8513 3246 8514 2417 8514 4428 8514 2414 8515 4429 8515 4430 8515 4430 8516 4431 8516 2414 8516 4431 8517 4432 8517 2414 8517 2414 8518 4432 8518 2415 8518 4432 8519 4433 8519 2415 8519 2415 8520 4433 8520 2417 8520 4433 8521 4434 8521 2417 8521 2417 8522 4434 8522 4428 8522 2414 8523 2478 8523 4429 8523 2478 8524 2412 8524 4429 8524 4429 8525 2412 8525 4435 8525 2412 8526 2411 8526 4435 8526 4435 8527 2411 8527 4436 8527 2538 8528 4437 8528 2500 8528 4437 8529 4438 8529 2500 8529 2500 8530 4438 8530 2411 8530 4438 8531 4439 8531 2411 8531 2411 8532 4439 8532 4436 8532 4440 8533 4441 8533 2537 8533 4441 8534 4442 8534 2537 8534 2537 8535 4442 8535 2538 8535 4442 8536 4443 8536 2538 8536 2538 8537 4443 8537 4437 8537 4440 8538 2537 8538 4444 8538 2537 8539 2536 8539 4444 8539 4444 8540 2536 8540 4445 8540 2536 8541 2524 8541 4445 8541 4445 8542 2524 8542 4446 8542 2524 8543 2523 8543 4446 8543 4446 8544 2523 8544 4447 8544 2408 8545 4448 8545 2409 8545 4448 8546 4449 8546 2409 8546 2409 8547 4449 8547 2523 8547 4449 8548 4450 8548 2523 8548 2523 8549 4450 8549 4447 8549 4451 8550 4452 8550 2408 8550 4452 8551 4453 8551 2408 8551 4453 8552 4454 8552 2408 8552 2408 8553 4454 8553 4448 8553 2403 8554 3177 8554 2405 8554 3177 8555 3176 8555 2405 8555 2405 8556 3176 8556 4455 8556 2408 8557 2406 8557 4451 8557 2406 8558 2405 8558 4451 8558 4451 8559 2405 8559 4456 8559 2405 8560 4455 8560 4456 8560 3181 8561 2402 8561 3182 8561 2402 8562 2569 8562 3182 8562 3182 8563 2569 8563 2581 8563 2190 8564 3180 8564 2581 8564 3180 8565 3179 8565 2581 8565 2581 8566 3179 8566 3178 8566 3190 8567 1417 8567 4343 8567 1417 8568 1379 8568 4343 8568 4343 8569 1379 8569 4344 8569 1379 8570 1381 8570 4344 8570 4344 8571 1381 8571 4339 8571 1381 8572 1382 8572 4339 8572 4339 8573 1382 8573 4340 8573 1382 8574 1378 8574 4340 8574 4340 8575 1378 8575 4341 8575 1378 8576 4342 8576 4341 8576 1378 8577 1376 8577 4342 8577 1376 8578 1374 8578 4342 8578 4342 8579 1374 8579 4336 8579 1374 8580 4337 8580 4336 8580 1374 8581 1373 8581 4337 8581 1373 8582 1366 8582 4337 8582 4337 8583 1366 8583 4338 8583 1366 8584 1365 8584 4338 8584 4338 8585 1365 8585 4335 8585 1365 8586 1358 8586 4335 8586 4335 8587 1358 8587 4334 8587 1358 8588 1356 8588 4334 8588 4334 8589 1356 8589 4333 8589 1356 8590 1354 8590 4333 8590 4333 8591 1354 8591 4332 8591 1354 8592 1353 8592 4332 8592 4332 8593 1353 8593 4328 8593 1353 8594 1342 8594 4328 8594 4328 8595 1342 8595 4329 8595 1342 8596 1341 8596 4329 8596 4329 8597 1341 8597 4330 8597 4326 8598 4325 8598 1329 8598 4325 8599 4331 8599 1329 8599 1329 8600 4331 8600 1338 8600 4331 8601 4330 8601 1338 8601 1338 8602 4330 8602 1339 8602 4330 8603 1341 8603 1339 8603 1329 8604 1327 8604 4326 8604 1327 8605 1326 8605 4326 8605 4326 8606 1326 8606 4327 8606 1326 8607 1325 8607 4327 8607 4327 8608 1325 8608 4324 8608 1325 8609 1323 8609 4324 8609 4324 8610 1323 8610 4323 8610 1323 8611 1322 8611 4323 8611 4323 8612 1322 8612 4317 8612 4317 8613 1322 8613 4318 8613 1322 8614 1313 8614 4318 8614 4318 8615 1313 8615 1311 8615 1309 8616 4320 8616 1311 8616 4320 8617 4319 8617 1311 8617 1311 8618 4319 8618 4318 8618 4316 8619 4322 8619 1299 8619 4322 8620 4321 8620 1299 8620 1309 8621 1308 8621 4320 8621 1308 8622 1302 8622 4320 8622 4320 8623 1302 8623 4321 8623 1302 8624 1300 8624 4321 8624 4321 8625 1300 8625 1299 8625 4316 8626 1299 8626 3186 8626 1299 8627 1295 8627 3186 8627 3186 8628 1295 8628 1284 8628 3164 8629 3168 8629 1930 8629 3167 8630 3163 8630 1751 8630 1751 8631 3163 8631 1752 8631 1772 8632 3197 8632 3196 8632 1772 8633 3196 8633 1773 8633 3196 8634 3195 8634 1773 8634 1773 8635 3195 8635 1775 8635 3197 8636 1772 8636 3201 8636 1772 8637 1770 8637 3201 8637 3201 8638 1770 8638 3200 8638 1770 8639 1769 8639 3200 8639 3200 8640 1769 8640 3199 8640 1769 8641 1767 8641 3199 8641 3199 8642 1767 8642 3198 8642 1767 8643 1766 8643 3198 8643 3198 8644 1766 8644 4425 8644 1763 8645 4421 8645 4422 8645 4422 8646 4424 8646 1763 8646 4424 8647 4423 8647 1763 8647 1763 8648 4423 8648 1764 8648 4423 8649 4427 8649 1764 8649 1764 8650 4427 8650 1766 8650 4427 8651 4426 8651 1766 8651 1766 8652 4426 8652 4425 8652 1763 8653 1827 8653 4421 8653 1827 8654 1761 8654 4421 8654 4421 8655 1761 8655 4420 8655 1761 8656 1760 8656 4420 8656 4420 8657 1760 8657 4419 8657 1887 8658 4416 8658 1849 8658 4416 8659 4415 8659 1849 8659 1849 8660 4415 8660 1760 8660 4415 8661 4418 8661 1760 8661 1760 8662 4418 8662 4419 8662 4412 8663 4413 8663 1886 8663 4413 8664 4414 8664 1886 8664 1886 8665 4414 8665 1887 8665 4414 8666 4417 8666 1887 8666 1887 8667 4417 8667 4416 8667 4412 8668 1886 8668 4411 8668 1886 8669 1885 8669 4411 8669 4411 8670 1885 8670 4410 8670 1885 8671 1873 8671 4410 8671 4410 8672 1873 8672 4409 8672 1873 8673 1872 8673 4409 8673 4409 8674 1872 8674 4408 8674 1757 8675 4405 8675 1758 8675 4405 8676 4406 8676 1758 8676 1758 8677 4406 8677 1872 8677 4406 8678 4407 8678 1872 8678 1872 8679 4407 8679 4408 8679 4401 8680 4402 8680 1757 8680 4402 8681 4403 8681 1757 8681 4403 8682 4404 8682 1757 8682 1757 8683 4404 8683 4405 8683 1752 8684 3163 8684 1754 8684 3163 8685 3162 8685 1754 8685 1754 8686 3162 8686 4399 8686 1757 8687 1755 8687 4401 8687 1755 8688 1754 8688 4401 8688 4401 8689 1754 8689 4400 8689 1754 8690 4399 8690 4400 8690 3167 8691 1751 8691 3168 8691 1751 8692 1918 8692 3168 8692 3168 8693 1918 8693 1930 8693 1942 8694 3166 8694 1930 8694 3166 8695 3165 8695 1930 8695 1930 8696 3165 8696 3164 8696 3176 8697 1117 8697 4455 8697 1117 8698 1218 8698 4455 8698 4455 8699 1218 8699 4456 8699 1218 8700 1220 8700 4456 8700 4456 8701 1220 8701 4451 8701 1220 8702 1221 8702 4451 8702 4451 8703 1221 8703 4452 8703 1221 8704 1217 8704 4452 8704 4452 8705 1217 8705 4453 8705 1217 8706 4454 8706 4453 8706 1217 8707 1215 8707 4454 8707 1215 8708 1213 8708 4454 8708 4454 8709 1213 8709 4448 8709 1213 8710 4449 8710 4448 8710 1213 8711 1212 8711 4449 8711 1212 8712 1205 8712 4449 8712 4449 8713 1205 8713 4450 8713 1205 8714 1204 8714 4450 8714 4450 8715 1204 8715 4447 8715 1204 8716 1197 8716 4447 8716 4447 8717 1197 8717 4446 8717 1197 8718 1195 8718 4446 8718 4446 8719 1195 8719 4445 8719 1195 8720 1193 8720 4445 8720 4445 8721 1193 8721 4444 8721 1193 8722 1192 8722 4444 8722 4444 8723 1192 8723 4440 8723 1192 8724 1181 8724 4440 8724 4440 8725 1181 8725 4441 8725 1181 8726 1180 8726 4441 8726 4441 8727 1180 8727 4442 8727 4438 8728 4437 8728 1168 8728 4437 8729 4443 8729 1168 8729 1168 8730 4443 8730 1177 8730 4443 8731 4442 8731 1177 8731 1177 8732 4442 8732 1178 8732 4442 8733 1180 8733 1178 8733 1168 8734 1166 8734 4438 8734 1166 8735 1165 8735 4438 8735 4438 8736 1165 8736 4439 8736 1165 8737 1164 8737 4439 8737 4439 8738 1164 8738 4436 8738 1164 8739 1162 8739 4436 8739 4436 8740 1162 8740 4435 8740 1162 8741 1161 8741 4435 8741 4435 8742 1161 8742 4429 8742 4429 8743 1161 8743 4430 8743 1161 8744 1152 8744 4430 8744 4430 8745 1152 8745 1150 8745 1148 8746 4432 8746 1150 8746 4432 8747 4431 8747 1150 8747 1150 8748 4431 8748 4430 8748 4428 8749 4434 8749 1138 8749 4434 8750 4433 8750 1138 8750 1148 8751 1147 8751 4432 8751 1147 8752 1141 8752 4432 8752 4432 8753 1141 8753 4433 8753 1141 8754 1139 8754 4433 8754 4433 8755 1139 8755 1138 8755 4428 8756 1138 8756 3246 8756 1138 8757 1132 8757 3246 8757 3246 8758 1132 8758 1134 8758 3239 8759 1431 8759 4397 8759 1431 8760 1548 8760 4397 8760 4397 8761 1548 8761 4398 8761 1548 8762 1550 8762 4398 8762 4398 8763 1550 8763 4393 8763 1550 8764 1551 8764 4393 8764 4393 8765 1551 8765 4394 8765 1551 8766 1547 8766 4394 8766 4394 8767 1547 8767 4395 8767 1547 8768 4396 8768 4395 8768 1547 8769 1545 8769 4396 8769 1545 8770 1543 8770 4396 8770 4396 8771 1543 8771 4390 8771 1543 8772 4391 8772 4390 8772 1543 8773 1542 8773 4391 8773 1542 8774 1535 8774 4391 8774 4391 8775 1535 8775 4392 8775 1535 8776 1534 8776 4392 8776 4392 8777 1534 8777 4389 8777 1534 8778 1527 8778 4389 8778 4389 8779 1527 8779 4388 8779 1527 8780 1525 8780 4388 8780 4388 8781 1525 8781 4387 8781 1525 8782 1523 8782 4387 8782 4387 8783 1523 8783 4386 8783 1523 8784 1522 8784 4386 8784 4386 8785 1522 8785 4382 8785 1522 8786 1511 8786 4382 8786 4382 8787 1511 8787 4383 8787 1511 8788 1510 8788 4383 8788 4383 8789 1510 8789 4384 8789 4380 8790 4379 8790 1498 8790 4379 8791 4385 8791 1498 8791 1498 8792 4385 8792 1507 8792 4385 8793 4384 8793 1507 8793 1507 8794 4384 8794 1508 8794 4384 8795 1510 8795 1508 8795 1498 8796 1496 8796 4380 8796 1496 8797 1495 8797 4380 8797 4380 8798 1495 8798 4381 8798 1495 8799 1494 8799 4381 8799 4381 8800 1494 8800 4378 8800 1494 8801 1492 8801 4378 8801 4378 8802 1492 8802 4377 8802 1492 8803 1491 8803 4377 8803 4377 8804 1491 8804 4371 8804 4371 8805 1491 8805 4372 8805 1491 8806 1482 8806 4372 8806 4372 8807 1482 8807 1480 8807 1478 8808 4374 8808 1480 8808 4374 8809 4373 8809 1480 8809 1480 8810 4373 8810 4372 8810 4370 8811 4376 8811 1468 8811 4376 8812 4375 8812 1468 8812 1478 8813 1477 8813 4374 8813 1477 8814 1471 8814 4374 8814 4374 8815 1471 8815 4375 8815 1471 8816 1469 8816 4375 8816 4375 8817 1469 8817 1468 8817 4370 8818 1468 8818 3172 8818 1468 8819 1462 8819 3172 8819 3172 8820 1462 8820 1464 8820 2394 8821 3251 8821 1959 8821 3251 8822 2751 8822 1959 8822 4296 8823 4457 8823 3406 8823 4457 8824 3407 8824 3406 8824 3407 8825 4457 8825 3408 8825 4457 8826 4458 8826 3408 8826 3408 8827 4458 8827 3409 8827 4458 8828 4459 8828 3409 8828 3409 8829 4459 8829 3410 8829 4459 8830 4460 8830 3410 8830 3410 8831 4460 8831 3411 8831 4460 8832 4461 8832 3411 8832 3411 8833 4461 8833 3412 8833 4461 8834 4462 8834 3412 8834 3412 8835 4462 8835 3413 8835 4462 8836 4463 8836 3413 8836 3413 8837 4463 8837 3414 8837 4463 8838 4464 8838 3414 8838 3414 8839 4464 8839 3415 8839 4464 8840 4465 8840 3415 8840 4465 8841 4466 8841 3415 8841 3415 8842 4466 8842 3416 8842 3416 8843 4466 8843 3417 8843 4466 8844 4467 8844 3417 8844 3417 8845 4467 8845 3418 8845 4467 8846 4468 8846 3418 8846 3418 8847 4468 8847 3419 8847 4468 8848 4469 8848 3419 8848 3419 8849 4469 8849 3420 8849 4469 8850 4470 8850 3420 8850 3420 8851 4470 8851 3421 8851 4470 8852 4471 8852 3421 8852 3421 8853 4471 8853 3422 8853 4471 8854 4472 8854 3422 8854 3422 8855 4472 8855 3423 8855 4472 8856 4473 8856 3423 8856 3423 8857 4473 8857 3424 8857 4473 8858 4474 8858 3424 8858 4474 8859 3220 8859 3424 8859 3424 8860 3220 8860 3205 8860 1743 8861 2196 8861 2197 8861 1743 8862 2197 8862 1750 8862 2197 8863 2198 8863 1750 8863 1750 8864 2198 8864 1748 8864 2198 8865 2199 8865 1748 8865 1748 8866 2199 8866 1746 8866 2199 8867 2200 8867 1746 8867 1746 8868 2200 8868 1744 8868 4457 8869 4296 8869 4347 8869 4475 8870 4460 8870 4459 8870 4463 8871 4462 8871 4476 8871 4462 8872 4461 8872 4476 8872 4465 8873 4464 8873 4477 8873 4464 8874 4463 8874 4477 8874 4468 8875 4467 8875 4478 8875 4467 8876 4466 8876 4478 8876 4478 8877 4466 8877 4465 8877 4479 8878 4469 8878 4468 8878 4472 8879 4471 8879 4480 8879 4471 8880 4470 8880 4480 8880 4474 8881 4473 8881 4481 8881 4473 8882 4472 8882 4481 8882 3222 8883 3220 8883 4474 8883 4458 8884 4457 8884 4482 8884 4457 8885 4347 8885 4482 8885 4482 8886 4347 8886 4483 8886 4347 8887 4348 8887 4483 8887 4348 8888 4350 8888 4483 8888 4483 8889 4350 8889 4484 8889 4350 8890 4349 8890 4484 8890 4349 8891 4352 8891 4484 8891 4484 8892 4352 8892 4485 8892 4352 8893 4351 8893 4485 8893 4351 8894 4353 8894 4485 8894 4353 8895 4346 8895 4485 8895 4485 8896 4346 8896 4486 8896 4346 8897 4345 8897 4486 8897 4345 8898 4354 8898 4486 8898 4486 8899 4354 8899 4487 8899 4354 8900 4355 8900 4487 8900 4487 8901 4355 8901 4488 8901 4355 8902 4356 8902 4488 8902 4356 8903 4357 8903 4488 8903 4488 8904 4357 8904 4489 8904 4357 8905 4358 8905 4489 8905 4358 8906 4359 8906 4489 8906 4489 8907 4359 8907 4490 8907 4359 8908 4360 8908 4490 8908 4490 8909 4360 8909 4491 8909 4360 8910 4361 8910 4491 8910 4361 8911 4362 8911 4491 8911 4491 8912 4362 8912 4492 8912 4362 8913 4363 8913 4492 8913 4363 8914 4364 8914 4492 8914 4492 8915 4364 8915 4493 8915 4364 8916 4365 8916 4493 8916 4494 8917 4495 8917 4493 8917 4495 8918 4496 8918 4493 8918 4493 8919 4496 8919 4492 8919 4496 8920 4497 8920 4492 8920 4492 8921 4497 8921 4491 8921 4497 8922 4498 8922 4491 8922 4491 8923 4498 8923 4490 8923 4498 8924 4499 8924 4490 8924 4490 8925 4499 8925 4489 8925 4499 8926 4500 8926 4489 8926 4489 8927 4500 8927 4488 8927 4500 8928 4501 8928 4488 8928 4488 8929 4501 8929 4487 8929 4501 8930 4502 8930 4487 8930 4487 8931 4502 8931 4486 8931 4502 8932 4503 8932 4486 8932 4486 8933 4503 8933 4485 8933 4503 8934 4504 8934 4485 8934 4485 8935 4504 8935 4484 8935 4504 8936 4505 8936 4484 8936 4484 8937 4505 8937 4483 8937 4505 8938 4475 8938 4483 8938 4483 8939 4475 8939 4482 8939 4475 8940 4459 8940 4482 8940 4482 8941 4459 8941 4458 8941 4365 8942 4366 8942 4493 8942 4366 8943 4367 8943 4493 8943 4493 8944 4367 8944 4494 8944 4367 8945 4368 8945 4494 8945 4494 8946 4368 8946 4369 8946 4506 8947 4507 8947 4508 8947 4463 8948 4476 8948 4477 8948 4476 8949 4509 8949 4477 8949 4477 8950 4509 8950 4510 8950 4509 8951 4511 8951 4510 8951 4510 8952 4511 8952 4512 8952 4511 8953 4513 8953 4512 8953 4512 8954 4513 8954 4514 8954 4513 8955 4515 8955 4514 8955 4514 8956 4515 8956 4516 8956 4515 8957 4517 8957 4516 8957 4516 8958 4517 8958 4518 8958 4517 8959 4519 8959 4518 8959 4518 8960 4519 8960 4520 8960 4519 8961 4521 8961 4520 8961 4520 8962 4521 8962 4522 8962 4521 8963 4523 8963 4522 8963 4522 8964 4523 8964 4524 8964 4523 8965 4525 8965 4524 8965 4524 8966 4525 8966 4526 8966 4525 8967 4527 8967 4526 8967 4526 8968 4527 8968 4528 8968 4527 8969 4529 8969 4528 8969 4528 8970 4529 8970 4530 8970 4529 8971 4531 8971 4530 8971 4530 8972 4531 8972 4532 8972 4531 8973 4533 8973 4532 8973 4532 8974 4533 8974 4534 8974 4468 8975 4478 8975 4479 8975 4478 8976 4535 8976 4479 8976 4479 8977 4535 8977 4536 8977 4535 8978 4537 8978 4536 8978 4536 8979 4537 8979 4538 8979 4537 8980 4539 8980 4538 8980 4538 8981 4539 8981 4540 8981 4539 8982 4541 8982 4540 8982 4540 8983 4541 8983 4542 8983 4541 8984 4543 8984 4542 8984 4542 8985 4543 8985 4544 8985 4543 8986 4545 8986 4544 8986 4544 8987 4545 8987 4546 8987 4545 8988 4547 8988 4546 8988 4546 8989 4547 8989 4548 8989 4547 8990 4549 8990 4548 8990 4548 8991 4549 8991 4550 8991 4549 8992 4551 8992 4550 8992 4550 8993 4551 8993 4552 8993 4551 8994 4553 8994 4552 8994 4552 8995 4553 8995 4554 8995 4553 8996 4555 8996 4554 8996 4554 8997 4555 8997 4556 8997 4555 8998 4557 8998 4556 8998 4556 8999 4557 8999 4558 8999 4557 9000 4559 9000 4558 9000 4558 9001 4559 9001 4560 9001 4472 9002 4480 9002 4481 9002 4480 9003 4561 9003 4481 9003 4481 9004 4561 9004 4562 9004 4561 9005 4563 9005 4562 9005 4562 9006 4563 9006 4564 9006 4563 9007 4565 9007 4564 9007 4564 9008 4565 9008 4566 9008 4565 9009 4567 9009 4566 9009 4566 9010 4567 9010 4568 9010 4567 9011 4569 9011 4568 9011 4568 9012 4569 9012 4570 9012 4569 9013 4571 9013 4570 9013 4570 9014 4571 9014 4572 9014 4571 9015 4573 9015 4572 9015 4572 9016 4573 9016 4574 9016 4573 9017 4575 9017 4574 9017 4574 9018 4575 9018 4576 9018 4575 9019 4577 9019 4576 9019 4576 9020 4577 9020 4578 9020 4577 9021 4579 9021 4578 9021 4578 9022 4579 9022 4580 9022 4579 9023 4581 9023 4580 9023 4580 9024 4581 9024 4582 9024 4581 9025 4583 9025 4582 9025 4582 9026 4583 9026 4584 9026 4583 9027 4585 9027 4584 9027 4584 9028 4585 9028 4586 9028 4297 9029 4298 9029 4369 9029 4298 9030 4506 9030 4369 9030 4369 9031 4506 9031 4494 9031 4506 9032 4508 9032 4494 9032 4494 9033 4508 9033 4495 9033 4298 9034 4299 9034 4506 9034 4299 9035 4300 9035 4506 9035 4506 9036 4300 9036 4507 9036 4300 9037 4301 9037 4507 9037 4507 9038 4301 9038 4302 9038 4302 9039 4533 9039 4507 9039 4533 9040 4531 9040 4507 9040 4507 9041 4531 9041 4508 9041 4531 9042 4529 9042 4508 9042 4508 9043 4529 9043 4495 9043 4529 9044 4527 9044 4495 9044 4495 9045 4527 9045 4496 9045 4527 9046 4525 9046 4496 9046 4496 9047 4525 9047 4497 9047 4525 9048 4523 9048 4497 9048 4497 9049 4523 9049 4498 9049 4523 9050 4521 9050 4498 9050 4498 9051 4521 9051 4499 9051 4521 9052 4519 9052 4499 9052 4499 9053 4519 9053 4500 9053 4519 9054 4517 9054 4500 9054 4500 9055 4517 9055 4501 9055 4517 9056 4515 9056 4501 9056 4501 9057 4515 9057 4502 9057 4515 9058 4513 9058 4502 9058 4502 9059 4513 9059 4503 9059 4513 9060 4511 9060 4503 9060 4503 9061 4511 9061 4504 9061 4511 9062 4509 9062 4504 9062 4504 9063 4509 9063 4505 9063 4509 9064 4476 9064 4505 9064 4505 9065 4476 9065 4475 9065 4476 9066 4461 9066 4475 9066 4475 9067 4461 9067 4460 9067 4302 9068 4303 9068 4533 9068 4303 9069 4304 9069 4533 9069 4533 9070 4304 9070 4534 9070 4304 9071 4305 9071 4534 9071 4534 9072 4305 9072 4306 9072 4465 9073 4477 9073 4478 9073 4477 9074 4510 9074 4478 9074 4478 9075 4510 9075 4535 9075 4510 9076 4512 9076 4535 9076 4535 9077 4512 9077 4537 9077 4512 9078 4514 9078 4537 9078 4537 9079 4514 9079 4539 9079 4514 9080 4516 9080 4539 9080 4539 9081 4516 9081 4541 9081 4516 9082 4518 9082 4541 9082 4541 9083 4518 9083 4543 9083 4518 9084 4520 9084 4543 9084 4543 9085 4520 9085 4545 9085 4520 9086 4522 9086 4545 9086 4545 9087 4522 9087 4547 9087 4522 9088 4524 9088 4547 9088 4547 9089 4524 9089 4549 9089 4524 9090 4526 9090 4549 9090 4549 9091 4526 9091 4551 9091 4526 9092 4528 9092 4551 9092 4551 9093 4528 9093 4553 9093 4528 9094 4530 9094 4553 9094 4553 9095 4530 9095 4555 9095 4530 9096 4532 9096 4555 9096 4555 9097 4532 9097 4557 9097 4532 9098 4534 9098 4557 9098 4557 9099 4534 9099 4559 9099 4534 9100 4306 9100 4559 9100 4559 9101 4306 9101 4307 9101 4307 9102 4308 9102 4559 9102 4308 9103 4309 9103 4559 9103 4559 9104 4309 9104 4560 9104 4309 9105 4310 9105 4560 9105 4560 9106 4310 9106 4311 9106 4311 9107 4585 9107 4560 9107 4585 9108 4583 9108 4560 9108 4560 9109 4583 9109 4558 9109 4583 9110 4581 9110 4558 9110 4558 9111 4581 9111 4556 9111 4581 9112 4579 9112 4556 9112 4556 9113 4579 9113 4554 9113 4579 9114 4577 9114 4554 9114 4554 9115 4577 9115 4552 9115 4577 9116 4575 9116 4552 9116 4552 9117 4575 9117 4550 9117 4575 9118 4573 9118 4550 9118 4550 9119 4573 9119 4548 9119 4573 9120 4571 9120 4548 9120 4548 9121 4571 9121 4546 9121 4571 9122 4569 9122 4546 9122 4546 9123 4569 9123 4544 9123 4569 9124 4567 9124 4544 9124 4544 9125 4567 9125 4542 9125 4567 9126 4565 9126 4542 9126 4542 9127 4565 9127 4540 9127 4565 9128 4563 9128 4540 9128 4540 9129 4563 9129 4538 9129 4563 9130 4561 9130 4538 9130 4538 9131 4561 9131 4536 9131 4561 9132 4480 9132 4536 9132 4536 9133 4480 9133 4479 9133 4480 9134 4470 9134 4479 9134 4479 9135 4470 9135 4469 9135 4311 9136 4312 9136 4585 9136 4312 9137 4313 9137 4585 9137 4585 9138 4313 9138 4586 9138 4313 9139 4314 9139 4586 9139 4586 9140 4314 9140 4315 9140 4474 9141 4481 9141 3222 9141 4481 9142 4562 9142 3222 9142 3222 9143 4562 9143 3224 9143 4562 9144 4564 9144 3224 9144 3224 9145 4564 9145 3226 9145 4564 9146 4566 9146 3226 9146 3226 9147 4566 9147 3228 9147 4566 9148 4568 9148 3228 9148 3228 9149 4568 9149 3230 9149 4568 9150 4570 9150 3230 9150 3230 9151 4570 9151 3232 9151 4570 9152 4572 9152 3232 9152 3232 9153 4572 9153 3234 9153 4572 9154 4574 9154 3234 9154 3234 9155 4574 9155 3235 9155 4574 9156 4576 9156 3235 9156 3235 9157 4576 9157 3233 9157 4576 9158 4578 9158 3233 9158 3233 9159 4578 9159 3231 9159 4578 9160 4580 9160 3231 9160 3231 9161 4580 9161 3229 9161 4580 9162 4582 9162 3229 9162 3229 9163 4582 9163 3227 9163 4582 9164 4584 9164 3227 9164 3227 9165 4584 9165 3225 9165 4584 9166 4586 9166 3225 9166 3225 9167 4586 9167 3223 9167 4586 9168 4315 9168 3223 9168 3223 9169 4315 9169 3221 9169</p>
        </triangles>
      </mesh>
    </geometry>
  </library_geometries>
  <library_visual_scenes>
    <visual_scene id="Scene" name="Scene">
      <node id="bottle" name="bottle" type="NODE">
        <matrix sid="transform">1 0 0 0 0 1 0 0 0 0 1 0 0 0 0 1</matrix>
        <instance_geometry url="#bottle-mesh" name="bottle">
          <bind_material>
            <technique_common>
              <instance_material symbol="bottle-material" target="#bottle-material"/>
            </technique_common>
          </bind_material>
        </instance_geometry>
      </node>
    </visual_scene>
  </library_visual_scenes>
  <scene>
    <instance_visual_scene url="#Scene"/>
  </scene>
</COLLADA>