[0.154s] DEBUG:colcon:Command line arguments: ['/home/gleb/dev/venv-tauv/bin/colcon', 'build', '--packages-select', 'tauv_common', 'tauv_msgs', '--symlink-install', '--allow-overriding', 'tauv_msgs']
[0.155s] DEBUG:colcon:Parsed command line arguments: Namespace(log_base=None, log_level=None, verb_name='build', build_base='build', install_base='install', merge_install=False, symlink_install=True, test_result_base=None, continue_on_error=False, executor='parallel', parallel_workers=20, event_handlers=None, ignore_user_meta=False, metas=['./colcon.meta'], base_paths=['.'], packages_ignore=None, packages_ignore_regex=None, paths=None, packages_up_to=None, packages_up_to_regex=None, packages_above=None, packages_above_and_dependencies=None, packages_above_depth=None, packages_select_by_dep=None, packages_skip_by_dep=None, packages_skip_up_to=None, packages_select_build_failed=False, packages_skip_build_finished=False, packages_select_test_failures=False, packages_skip_test_passed=False, packages_select=['tauv_common', 'tauv_msgs'], packages_skip=None, packages_select_regex=None, packages_skip_regex=None, packages_start=None, packages_end=None, allow_overriding=['tauv_msgs'], cargo_args=None, clean_build=False, cmake_args=None, cmake_target=None, cmake_target_skip_unavailable=False, cmake_clean_cache=False, cmake_clean_first=False, cmake_force_configure=False, lookup_in_workspace=False, ament_cmake_args=None, catkin_cmake_args=None, catkin_skip_building_tests=False, mixin_files=None, mixin=None, verb_parser=<colcon_mixin.mixin.mixin_argument.MixinArgumentDecorator object at 0x784f74b72f30>, verb_extension=<colcon_core.verb.build.BuildVerb object at 0x784f74ccf770>, main=<bound method BuildVerb.main of <colcon_core.verb.build.BuildVerb object at 0x784f74ccf770>>, mixin_verb=('build',))
[0.185s] Level 1:colcon.colcon_core.package_discovery:discover_packages(colcon_meta) check parameters
[0.185s] Level 1:colcon.colcon_core.package_discovery:discover_packages(recursive) check parameters
[0.185s] Level 1:colcon.colcon_core.package_discovery:discover_packages(ignore) check parameters
[0.185s] Level 1:colcon.colcon_core.package_discovery:discover_packages(path) check parameters
[0.185s] Level 1:colcon.colcon_core.package_discovery:discover_packages(cargo_workspace) check parameters
[0.185s] Level 1:colcon.colcon_core.package_discovery:discover_packages(colcon_meta) discover
[0.185s] Level 1:colcon.colcon_core.package_discovery:discover_packages(recursive) discover
[0.185s] INFO:colcon.colcon_core.package_discovery:Crawling recursively for packages in '/home/gleb/dev/tauv-mono'
[0.185s] Level 1:colcon.colcon_core.package_identification:_identify(.) by extensions ['ignore', 'ignore_ament_install']
[0.185s] Level 1:colcon.colcon_core.package_identification:_identify(.) by extension 'ignore'
[0.185s] Level 1:colcon.colcon_core.package_identification:_identify(.) by extension 'ignore_ament_install'
[0.185s] Level 1:colcon.colcon_core.package_identification:_identify(.) by extensions ['cargo_workspace']
[0.185s] Level 1:colcon.colcon_core.package_identification:_identify(.) by extension 'cargo_workspace'
[0.185s] Level 1:colcon.colcon_core.package_identification:_identify(.) by extensions ['colcon_pkg']
[0.185s] Level 1:colcon.colcon_core.package_identification:_identify(.) by extension 'colcon_pkg'
[0.185s] Level 1:colcon.colcon_core.package_identification:_identify(.) by extensions ['colcon_meta']
[0.185s] Level 1:colcon.colcon_core.package_identification:_identify(.) by extension 'colcon_meta'
[0.185s] Level 1:colcon.colcon_core.package_identification:_identify(.) by extensions ['ros']
[0.185s] Level 1:colcon.colcon_core.package_identification:_identify(.) by extension 'ros'
[0.213s] Level 1:colcon.colcon_core.package_identification:_identify(.) by extensions ['cargo', 'cmake', 'python']
[0.213s] Level 1:colcon.colcon_core.package_identification:_identify(.) by extension 'cargo'
[0.213s] Level 1:colcon.colcon_core.package_identification:_identify(.) by extension 'cmake'
[0.213s] Level 1:colcon.colcon_core.package_identification:_identify(.) by extension 'python'
[0.213s] Level 1:colcon.colcon_core.package_identification:_identify(.) by extensions ['python_setup_py']
[0.213s] Level 1:colcon.colcon_core.package_identification:_identify(.) by extension 'python_setup_py'
[0.213s] Level 1:colcon.colcon_core.package_identification:_identify(build) by extensions ['ignore', 'ignore_ament_install']
[0.213s] Level 1:colcon.colcon_core.package_identification:_identify(build) by extension 'ignore'
[0.213s] Level 1:colcon.colcon_core.package_identification:_identify(build) ignored
[0.213s] Level 1:colcon.colcon_core.package_identification:_identify(config) by extensions ['ignore', 'ignore_ament_install']
[0.214s] Level 1:colcon.colcon_core.package_identification:_identify(config) by extension 'ignore'
[0.214s] Level 1:colcon.colcon_core.package_identification:_identify(config) by extension 'ignore_ament_install'
[0.214s] Level 1:colcon.colcon_core.package_identification:_identify(config) by extensions ['cargo_workspace']
[0.214s] Level 1:colcon.colcon_core.package_identification:_identify(config) by extension 'cargo_workspace'
[0.214s] Level 1:colcon.colcon_core.package_identification:_identify(config) by extensions ['colcon_pkg']
[0.214s] Level 1:colcon.colcon_core.package_identification:_identify(config) by extension 'colcon_pkg'
[0.214s] Level 1:colcon.colcon_core.package_identification:_identify(config) by extensions ['colcon_meta']
[0.214s] Level 1:colcon.colcon_core.package_identification:_identify(config) by extension 'colcon_meta'
[0.214s] Level 1:colcon.colcon_core.package_identification:_identify(config) by extensions ['ros']
[0.214s] Level 1:colcon.colcon_core.package_identification:_identify(config) by extension 'ros'
[0.214s] Level 1:colcon.colcon_core.package_identification:_identify(config) by extensions ['cargo', 'cmake', 'python']
[0.214s] Level 1:colcon.colcon_core.package_identification:_identify(config) by extension 'cargo'
[0.214s] Level 1:colcon.colcon_core.package_identification:_identify(config) by extension 'cmake'
[0.214s] Level 1:colcon.colcon_core.package_identification:_identify(config) by extension 'python'
[0.214s] Level 1:colcon.colcon_core.package_identification:_identify(config) by extensions ['python_setup_py']
[0.214s] Level 1:colcon.colcon_core.package_identification:_identify(config) by extension 'python_setup_py'
[0.214s] Level 1:colcon.colcon_core.package_identification:_identify(config/osprey) by extensions ['ignore', 'ignore_ament_install']
[0.214s] Level 1:colcon.colcon_core.package_identification:_identify(config/osprey) by extension 'ignore'
[0.214s] Level 1:colcon.colcon_core.package_identification:_identify(config/osprey) by extension 'ignore_ament_install'
[0.214s] Level 1:colcon.colcon_core.package_identification:_identify(config/osprey) by extensions ['cargo_workspace']
[0.214s] Level 1:colcon.colcon_core.package_identification:_identify(config/osprey) by extension 'cargo_workspace'
[0.214s] Level 1:colcon.colcon_core.package_identification:_identify(config/osprey) by extensions ['colcon_pkg']
[0.214s] Level 1:colcon.colcon_core.package_identification:_identify(config/osprey) by extension 'colcon_pkg'
[0.214s] Level 1:colcon.colcon_core.package_identification:_identify(config/osprey) by extensions ['colcon_meta']
[0.214s] Level 1:colcon.colcon_core.package_identification:_identify(config/osprey) by extension 'colcon_meta'
[0.214s] Level 1:colcon.colcon_core.package_identification:_identify(config/osprey) by extensions ['ros']
[0.214s] Level 1:colcon.colcon_core.package_identification:_identify(config/osprey) by extension 'ros'
[0.214s] Level 1:colcon.colcon_core.package_identification:_identify(config/osprey) by extensions ['cargo', 'cmake', 'python']
[0.214s] Level 1:colcon.colcon_core.package_identification:_identify(config/osprey) by extension 'cargo'
[0.214s] Level 1:colcon.colcon_core.package_identification:_identify(config/osprey) by extension 'cmake'
[0.215s] Level 1:colcon.colcon_core.package_identification:_identify(config/osprey) by extension 'python'
[0.215s] Level 1:colcon.colcon_core.package_identification:_identify(config/osprey) by extensions ['python_setup_py']
[0.215s] Level 1:colcon.colcon_core.package_identification:_identify(config/osprey) by extension 'python_setup_py'
[0.215s] Level 1:colcon.colcon_core.package_identification:_identify(config/osprey/network) by extensions ['ignore', 'ignore_ament_install']
[0.215s] Level 1:colcon.colcon_core.package_identification:_identify(config/osprey/network) by extension 'ignore'
[0.215s] Level 1:colcon.colcon_core.package_identification:_identify(config/osprey/network) by extension 'ignore_ament_install'
[0.215s] Level 1:colcon.colcon_core.package_identification:_identify(config/osprey/network) by extensions ['cargo_workspace']
[0.215s] Level 1:colcon.colcon_core.package_identification:_identify(config/osprey/network) by extension 'cargo_workspace'
[0.215s] Level 1:colcon.colcon_core.package_identification:_identify(config/osprey/network) by extensions ['colcon_pkg']
[0.215s] Level 1:colcon.colcon_core.package_identification:_identify(config/osprey/network) by extension 'colcon_pkg'
[0.215s] Level 1:colcon.colcon_core.package_identification:_identify(config/osprey/network) by extensions ['colcon_meta']
[0.215s] Level 1:colcon.colcon_core.package_identification:_identify(config/osprey/network) by extension 'colcon_meta'
[0.215s] Level 1:colcon.colcon_core.package_identification:_identify(config/osprey/network) by extensions ['ros']
[0.215s] Level 1:colcon.colcon_core.package_identification:_identify(config/osprey/network) by extension 'ros'
[0.215s] Level 1:colcon.colcon_core.package_identification:_identify(config/osprey/network) by extensions ['cargo', 'cmake', 'python']
[0.215s] Level 1:colcon.colcon_core.package_identification:_identify(config/osprey/network) by extension 'cargo'
[0.215s] Level 1:colcon.colcon_core.package_identification:_identify(config/osprey/network) by extension 'cmake'
[0.215s] Level 1:colcon.colcon_core.package_identification:_identify(config/osprey/network) by extension 'python'
[0.215s] Level 1:colcon.colcon_core.package_identification:_identify(config/osprey/network) by extensions ['python_setup_py']
[0.215s] Level 1:colcon.colcon_core.package_identification:_identify(config/osprey/network) by extension 'python_setup_py'
[0.215s] Level 1:colcon.colcon_core.package_identification:_identify(config/osprey/network/NetworkManager) by extensions ['ignore', 'ignore_ament_install']
[0.215s] Level 1:colcon.colcon_core.package_identification:_identify(config/osprey/network/NetworkManager) by extension 'ignore'
[0.215s] Level 1:colcon.colcon_core.package_identification:_identify(config/osprey/network/NetworkManager) by extension 'ignore_ament_install'
[0.215s] Level 1:colcon.colcon_core.package_identification:_identify(config/osprey/network/NetworkManager) by extensions ['cargo_workspace']
[0.215s] Level 1:colcon.colcon_core.package_identification:_identify(config/osprey/network/NetworkManager) by extension 'cargo_workspace'
[0.215s] Level 1:colcon.colcon_core.package_identification:_identify(config/osprey/network/NetworkManager) by extensions ['colcon_pkg']
[0.215s] Level 1:colcon.colcon_core.package_identification:_identify(config/osprey/network/NetworkManager) by extension 'colcon_pkg'
[0.215s] Level 1:colcon.colcon_core.package_identification:_identify(config/osprey/network/NetworkManager) by extensions ['colcon_meta']
[0.216s] Level 1:colcon.colcon_core.package_identification:_identify(config/osprey/network/NetworkManager) by extension 'colcon_meta'
[0.216s] Level 1:colcon.colcon_core.package_identification:_identify(config/osprey/network/NetworkManager) by extensions ['ros']
[0.216s] Level 1:colcon.colcon_core.package_identification:_identify(config/osprey/network/NetworkManager) by extension 'ros'
[0.216s] Level 1:colcon.colcon_core.package_identification:_identify(config/osprey/network/NetworkManager) by extensions ['cargo', 'cmake', 'python']
[0.216s] Level 1:colcon.colcon_core.package_identification:_identify(config/osprey/network/NetworkManager) by extension 'cargo'
[0.216s] Level 1:colcon.colcon_core.package_identification:_identify(config/osprey/network/NetworkManager) by extension 'cmake'
[0.216s] Level 1:colcon.colcon_core.package_identification:_identify(config/osprey/network/NetworkManager) by extension 'python'
[0.216s] Level 1:colcon.colcon_core.package_identification:_identify(config/osprey/network/NetworkManager) by extensions ['python_setup_py']
[0.216s] Level 1:colcon.colcon_core.package_identification:_identify(config/osprey/network/NetworkManager) by extension 'python_setup_py'
[0.216s] Level 1:colcon.colcon_core.package_identification:_identify(containers) by extensions ['ignore', 'ignore_ament_install']
[0.216s] Level 1:colcon.colcon_core.package_identification:_identify(containers) by extension 'ignore'
[0.216s] Level 1:colcon.colcon_core.package_identification:_identify(containers) by extension 'ignore_ament_install'
[0.216s] Level 1:colcon.colcon_core.package_identification:_identify(containers) by extensions ['cargo_workspace']
[0.216s] Level 1:colcon.colcon_core.package_identification:_identify(containers) by extension 'cargo_workspace'
[0.216s] Level 1:colcon.colcon_core.package_identification:_identify(containers) by extensions ['colcon_pkg']
[0.216s] Level 1:colcon.colcon_core.package_identification:_identify(containers) by extension 'colcon_pkg'
[0.216s] Level 1:colcon.colcon_core.package_identification:_identify(containers) by extensions ['colcon_meta']
[0.216s] Level 1:colcon.colcon_core.package_identification:_identify(containers) by extension 'colcon_meta'
[0.216s] Level 1:colcon.colcon_core.package_identification:_identify(containers) by extensions ['ros']
[0.216s] Level 1:colcon.colcon_core.package_identification:_identify(containers) by extension 'ros'
[0.216s] Level 1:colcon.colcon_core.package_identification:_identify(containers) by extensions ['cargo', 'cmake', 'python']
[0.216s] Level 1:colcon.colcon_core.package_identification:_identify(containers) by extension 'cargo'
[0.216s] Level 1:colcon.colcon_core.package_identification:_identify(containers) by extension 'cmake'
[0.216s] Level 1:colcon.colcon_core.package_identification:_identify(containers) by extension 'python'
[0.216s] Level 1:colcon.colcon_core.package_identification:_identify(containers) by extensions ['python_setup_py']
[0.216s] Level 1:colcon.colcon_core.package_identification:_identify(containers) by extension 'python_setup_py'
[0.217s] Level 1:colcon.colcon_core.package_identification:_identify(containers/arena-sdk) by extensions ['ignore', 'ignore_ament_install']
[0.217s] Level 1:colcon.colcon_core.package_identification:_identify(containers/arena-sdk) by extension 'ignore'
[0.217s] Level 1:colcon.colcon_core.package_identification:_identify(containers/arena-sdk) by extension 'ignore_ament_install'
[0.217s] Level 1:colcon.colcon_core.package_identification:_identify(containers/arena-sdk) by extensions ['cargo_workspace']
[0.217s] Level 1:colcon.colcon_core.package_identification:_identify(containers/arena-sdk) by extension 'cargo_workspace'
[0.217s] Level 1:colcon.colcon_core.package_identification:_identify(containers/arena-sdk) by extensions ['colcon_pkg']
[0.217s] Level 1:colcon.colcon_core.package_identification:_identify(containers/arena-sdk) by extension 'colcon_pkg'
[0.217s] Level 1:colcon.colcon_core.package_identification:_identify(containers/arena-sdk) by extensions ['colcon_meta']
[0.217s] Level 1:colcon.colcon_core.package_identification:_identify(containers/arena-sdk) by extension 'colcon_meta'
[0.217s] Level 1:colcon.colcon_core.package_identification:_identify(containers/arena-sdk) by extensions ['ros']
[0.217s] Level 1:colcon.colcon_core.package_identification:_identify(containers/arena-sdk) by extension 'ros'
[0.217s] Level 1:colcon.colcon_core.package_identification:_identify(containers/arena-sdk) by extensions ['cargo', 'cmake', 'python']
[0.217s] Level 1:colcon.colcon_core.package_identification:_identify(containers/arena-sdk) by extension 'cargo'
[0.217s] Level 1:colcon.colcon_core.package_identification:_identify(containers/arena-sdk) by extension 'cmake'
[0.217s] Level 1:colcon.colcon_core.package_identification:_identify(containers/arena-sdk) by extension 'python'
[0.217s] Level 1:colcon.colcon_core.package_identification:_identify(containers/arena-sdk) by extensions ['python_setup_py']
[0.217s] Level 1:colcon.colcon_core.package_identification:_identify(containers/arena-sdk) by extension 'python_setup_py'
[0.217s] Level 1:colcon.colcon_core.package_identification:_identify(deployment) by extensions ['ignore', 'ignore_ament_install']
[0.217s] Level 1:colcon.colcon_core.package_identification:_identify(deployment) by extension 'ignore'
[0.217s] Level 1:colcon.colcon_core.package_identification:_identify(deployment) by extension 'ignore_ament_install'
[0.217s] Level 1:colcon.colcon_core.package_identification:_identify(deployment) by extensions ['cargo_workspace']
[0.217s] Level 1:colcon.colcon_core.package_identification:_identify(deployment) by extension 'cargo_workspace'
[0.217s] Level 1:colcon.colcon_core.package_identification:_identify(deployment) by extensions ['colcon_pkg']
[0.217s] Level 1:colcon.colcon_core.package_identification:_identify(deployment) by extension 'colcon_pkg'
[0.217s] Level 1:colcon.colcon_core.package_identification:_identify(deployment) by extensions ['colcon_meta']
[0.217s] Level 1:colcon.colcon_core.package_identification:_identify(deployment) by extension 'colcon_meta'
[0.218s] Level 1:colcon.colcon_core.package_identification:_identify(deployment) by extensions ['ros']
[0.218s] Level 1:colcon.colcon_core.package_identification:_identify(deployment) by extension 'ros'
[0.218s] Level 1:colcon.colcon_core.package_identification:_identify(deployment) by extensions ['cargo', 'cmake', 'python']
[0.218s] Level 1:colcon.colcon_core.package_identification:_identify(deployment) by extension 'cargo'
[0.218s] Level 1:colcon.colcon_core.package_identification:_identify(deployment) by extension 'cmake'
[0.218s] Level 1:colcon.colcon_core.package_identification:_identify(deployment) by extension 'python'
[0.218s] Level 1:colcon.colcon_core.package_identification:_identify(deployment) by extensions ['python_setup_py']
[0.218s] Level 1:colcon.colcon_core.package_identification:_identify(deployment) by extension 'python_setup_py'
[0.218s] Level 1:colcon.colcon_core.package_identification:_identify(firmware) by extensions ['ignore', 'ignore_ament_install']
[0.218s] Level 1:colcon.colcon_core.package_identification:_identify(firmware) by extension 'ignore'
[0.218s] Level 1:colcon.colcon_core.package_identification:_identify(firmware) by extension 'ignore_ament_install'
[0.218s] Level 1:colcon.colcon_core.package_identification:_identify(firmware) by extensions ['cargo_workspace']
[0.218s] Level 1:colcon.colcon_core.package_identification:_identify(firmware) by extension 'cargo_workspace'
[0.218s] Level 1:colcon.colcon_core.package_identification:_identify(firmware) by extensions ['colcon_pkg']
[0.218s] Level 1:colcon.colcon_core.package_identification:_identify(firmware) by extension 'colcon_pkg'
[0.218s] Level 1:colcon.colcon_core.package_identification:_identify(firmware) by extensions ['colcon_meta']
[0.218s] Level 1:colcon.colcon_core.package_identification:_identify(firmware) by extension 'colcon_meta'
[0.218s] Level 1:colcon.colcon_core.package_identification:_identify(firmware) by extensions ['ros']
[0.218s] Level 1:colcon.colcon_core.package_identification:_identify(firmware) by extension 'ros'
[0.218s] Level 1:colcon.colcon_core.package_identification:_identify(firmware) by extensions ['cargo', 'cmake', 'python']
[0.218s] Level 1:colcon.colcon_core.package_identification:_identify(firmware) by extension 'cargo'
[0.218s] Level 1:colcon.colcon_core.package_identification:_identify(firmware) by extension 'cmake'
[0.218s] Level 1:colcon.colcon_core.package_identification:_identify(firmware) by extension 'python'
[0.218s] Level 1:colcon.colcon_core.package_identification:_identify(firmware) by extensions ['python_setup_py']
[0.218s] Level 1:colcon.colcon_core.package_identification:_identify(firmware) by extension 'python_setup_py'
[0.218s] Level 1:colcon.colcon_core.package_identification:_identify(firmware/arduino-bar02-depth) by extensions ['ignore', 'ignore_ament_install']
[0.218s] Level 1:colcon.colcon_core.package_identification:_identify(firmware/arduino-bar02-depth) by extension 'ignore'
[0.219s] Level 1:colcon.colcon_core.package_identification:_identify(firmware/arduino-bar02-depth) by extension 'ignore_ament_install'
[0.219s] Level 1:colcon.colcon_core.package_identification:_identify(firmware/arduino-bar02-depth) by extensions ['cargo_workspace']
[0.219s] Level 1:colcon.colcon_core.package_identification:_identify(firmware/arduino-bar02-depth) by extension 'cargo_workspace'
[0.219s] Level 1:colcon.colcon_core.package_identification:_identify(firmware/arduino-bar02-depth) by extensions ['colcon_pkg']
[0.219s] Level 1:colcon.colcon_core.package_identification:_identify(firmware/arduino-bar02-depth) by extension 'colcon_pkg'
[0.219s] Level 1:colcon.colcon_core.package_identification:_identify(firmware/arduino-bar02-depth) by extensions ['colcon_meta']
[0.219s] Level 1:colcon.colcon_core.package_identification:_identify(firmware/arduino-bar02-depth) by extension 'colcon_meta'
[0.219s] Level 1:colcon.colcon_core.package_identification:_identify(firmware/arduino-bar02-depth) by extensions ['ros']
[0.219s] Level 1:colcon.colcon_core.package_identification:_identify(firmware/arduino-bar02-depth) by extension 'ros'
[0.219s] Level 1:colcon.colcon_core.package_identification:_identify(firmware/arduino-bar02-depth) by extensions ['cargo', 'cmake', 'python']
[0.219s] Level 1:colcon.colcon_core.package_identification:_identify(firmware/arduino-bar02-depth) by extension 'cargo'
[0.219s] Level 1:colcon.colcon_core.package_identification:_identify(firmware/arduino-bar02-depth) by extension 'cmake'
[0.219s] Level 1:colcon.colcon_core.package_identification:_identify(firmware/arduino-bar02-depth) by extension 'python'
[0.219s] Level 1:colcon.colcon_core.package_identification:_identify(firmware/arduino-bar02-depth) by extensions ['python_setup_py']
[0.219s] Level 1:colcon.colcon_core.package_identification:_identify(firmware/arduino-bar02-depth) by extension 'python_setup_py'
[0.219s] Level 1:colcon.colcon_core.package_identification:_identify(firmware/leds) by extensions ['ignore', 'ignore_ament_install']
[0.219s] Level 1:colcon.colcon_core.package_identification:_identify(firmware/leds) by extension 'ignore'
[0.219s] Level 1:colcon.colcon_core.package_identification:_identify(firmware/leds) by extension 'ignore_ament_install'
[0.219s] Level 1:colcon.colcon_core.package_identification:_identify(firmware/leds) by extensions ['cargo_workspace']
[0.219s] Level 1:colcon.colcon_core.package_identification:_identify(firmware/leds) by extension 'cargo_workspace'
[0.219s] Level 1:colcon.colcon_core.package_identification:_identify(firmware/leds) by extensions ['colcon_pkg']
[0.219s] Level 1:colcon.colcon_core.package_identification:_identify(firmware/leds) by extension 'colcon_pkg'
[0.219s] Level 1:colcon.colcon_core.package_identification:_identify(firmware/leds) by extensions ['colcon_meta']
[0.219s] Level 1:colcon.colcon_core.package_identification:_identify(firmware/leds) by extension 'colcon_meta'
[0.219s] Level 1:colcon.colcon_core.package_identification:_identify(firmware/leds) by extensions ['ros']
[0.219s] Level 1:colcon.colcon_core.package_identification:_identify(firmware/leds) by extension 'ros'
[0.219s] Level 1:colcon.colcon_core.package_identification:_identify(firmware/leds) by extensions ['cargo', 'cmake', 'python']
[0.219s] Level 1:colcon.colcon_core.package_identification:_identify(firmware/leds) by extension 'cargo'
[0.219s] Level 1:colcon.colcon_core.package_identification:_identify(firmware/leds) by extension 'cmake'
[0.219s] Level 1:colcon.colcon_core.package_identification:_identify(firmware/leds) by extension 'python'
[0.219s] Level 1:colcon.colcon_core.package_identification:_identify(firmware/leds) by extensions ['python_setup_py']
[0.220s] Level 1:colcon.colcon_core.package_identification:_identify(firmware/leds) by extension 'python_setup_py'
[0.220s] Level 1:colcon.colcon_core.package_identification:_identify(firmware/leds/libraries) by extensions ['ignore', 'ignore_ament_install']
[0.220s] Level 1:colcon.colcon_core.package_identification:_identify(firmware/leds/libraries) by extension 'ignore'
[0.220s] Level 1:colcon.colcon_core.package_identification:_identify(firmware/leds/libraries) by extension 'ignore_ament_install'
[0.220s] Level 1:colcon.colcon_core.package_identification:_identify(firmware/leds/libraries) by extensions ['cargo_workspace']
[0.220s] Level 1:colcon.colcon_core.package_identification:_identify(firmware/leds/libraries) by extension 'cargo_workspace'
[0.220s] Level 1:colcon.colcon_core.package_identification:_identify(firmware/leds/libraries) by extensions ['colcon_pkg']
[0.220s] Level 1:colcon.colcon_core.package_identification:_identify(firmware/leds/libraries) by extension 'colcon_pkg'
[0.220s] Level 1:colcon.colcon_core.package_identification:_identify(firmware/leds/libraries) by extensions ['colcon_meta']
[0.220s] Level 1:colcon.colcon_core.package_identification:_identify(firmware/leds/libraries) by extension 'colcon_meta'
[0.220s] Level 1:colcon.colcon_core.package_identification:_identify(firmware/leds/libraries) by extensions ['ros']
[0.220s] Level 1:colcon.colcon_core.package_identification:_identify(firmware/leds/libraries) by extension 'ros'
[0.220s] Level 1:colcon.colcon_core.package_identification:_identify(firmware/leds/libraries) by extensions ['cargo', 'cmake', 'python']
[0.220s] Level 1:colcon.colcon_core.package_identification:_identify(firmware/leds/libraries) by extension 'cargo'
[0.220s] Level 1:colcon.colcon_core.package_identification:_identify(firmware/leds/libraries) by extension 'cmake'
[0.220s] Level 1:colcon.colcon_core.package_identification:_identify(firmware/leds/libraries) by extension 'python'
[0.220s] Level 1:colcon.colcon_core.package_identification:_identify(firmware/leds/libraries) by extensions ['python_setup_py']
[0.220s] Level 1:colcon.colcon_core.package_identification:_identify(firmware/leds/libraries) by extension 'python_setup_py'
[0.220s] Level 1:colcon.colcon_core.package_identification:_identify(firmware/powerboard_arduino) by extensions ['ignore', 'ignore_ament_install']
[0.220s] Level 1:colcon.colcon_core.package_identification:_identify(firmware/powerboard_arduino) by extension 'ignore'
[0.220s] Level 1:colcon.colcon_core.package_identification:_identify(firmware/powerboard_arduino) by extension 'ignore_ament_install'
[0.220s] Level 1:colcon.colcon_core.package_identification:_identify(firmware/powerboard_arduino) by extensions ['cargo_workspace']
[0.220s] Level 1:colcon.colcon_core.package_identification:_identify(firmware/powerboard_arduino) by extension 'cargo_workspace'
[0.220s] Level 1:colcon.colcon_core.package_identification:_identify(firmware/powerboard_arduino) by extensions ['colcon_pkg']
[0.220s] Level 1:colcon.colcon_core.package_identification:_identify(firmware/powerboard_arduino) by extension 'colcon_pkg'
[0.220s] Level 1:colcon.colcon_core.package_identification:_identify(firmware/powerboard_arduino) by extensions ['colcon_meta']
[0.220s] Level 1:colcon.colcon_core.package_identification:_identify(firmware/powerboard_arduino) by extension 'colcon_meta'
[0.220s] Level 1:colcon.colcon_core.package_identification:_identify(firmware/powerboard_arduino) by extensions ['ros']
[0.220s] Level 1:colcon.colcon_core.package_identification:_identify(firmware/powerboard_arduino) by extension 'ros'
[0.220s] Level 1:colcon.colcon_core.package_identification:_identify(firmware/powerboard_arduino) by extensions ['cargo', 'cmake', 'python']
[0.220s] Level 1:colcon.colcon_core.package_identification:_identify(firmware/powerboard_arduino) by extension 'cargo'
[0.221s] Level 1:colcon.colcon_core.package_identification:_identify(firmware/powerboard_arduino) by extension 'cmake'
[0.221s] Level 1:colcon.colcon_core.package_identification:_identify(firmware/powerboard_arduino) by extension 'python'
[0.221s] Level 1:colcon.colcon_core.package_identification:_identify(firmware/powerboard_arduino) by extensions ['python_setup_py']
[0.221s] Level 1:colcon.colcon_core.package_identification:_identify(firmware/powerboard_arduino) by extension 'python_setup_py'
[0.221s] Level 1:colcon.colcon_core.package_identification:_identify(firmware/powerboard_stm32) by extensions ['ignore', 'ignore_ament_install']
[0.221s] Level 1:colcon.colcon_core.package_identification:_identify(firmware/powerboard_stm32) by extension 'ignore'
[0.221s] Level 1:colcon.colcon_core.package_identification:_identify(firmware/powerboard_stm32) by extension 'ignore_ament_install'
[0.221s] Level 1:colcon.colcon_core.package_identification:_identify(firmware/powerboard_stm32) by extensions ['cargo_workspace']
[0.221s] Level 1:colcon.colcon_core.package_identification:_identify(firmware/powerboard_stm32) by extension 'cargo_workspace'
[0.221s] Level 1:colcon.colcon_core.package_identification:_identify(firmware/powerboard_stm32) by extensions ['colcon_pkg']
[0.221s] Level 1:colcon.colcon_core.package_identification:_identify(firmware/powerboard_stm32) by extension 'colcon_pkg'
[0.221s] Level 1:colcon.colcon_core.package_identification:_identify(firmware/powerboard_stm32) by extensions ['colcon_meta']
[0.221s] Level 1:colcon.colcon_core.package_identification:_identify(firmware/powerboard_stm32) by extension 'colcon_meta'
[0.221s] Level 1:colcon.colcon_core.package_identification:_identify(firmware/powerboard_stm32) by extensions ['ros']
[0.221s] Level 1:colcon.colcon_core.package_identification:_identify(firmware/powerboard_stm32) by extension 'ros'
[0.221s] Level 1:colcon.colcon_core.package_identification:_identify(firmware/powerboard_stm32) by extensions ['cargo', 'cmake', 'python']
[0.221s] Level 1:colcon.colcon_core.package_identification:_identify(firmware/powerboard_stm32) by extension 'cargo'
[0.221s] Level 1:colcon.colcon_core.package_identification:_identify(firmware/powerboard_stm32) by extension 'cmake'
[0.226s] Level 1:colcon.colcon_core.package_identification:_identify(firmware/powerboard_stm32) by extension 'python'
[0.226s] DEBUG:colcon.colcon_core.package_identification:Package 'firmware/powerboard_stm32' with type 'cmake' and name 'powerboard_stm32'
[0.226s] Level 1:colcon.colcon_core.package_identification:_identify(firmware/rtvc) by extensions ['ignore', 'ignore_ament_install']
[0.226s] Level 1:colcon.colcon_core.package_identification:_identify(firmware/rtvc) by extension 'ignore'
[0.226s] Level 1:colcon.colcon_core.package_identification:_identify(firmware/rtvc) by extension 'ignore_ament_install'
[0.226s] Level 1:colcon.colcon_core.package_identification:_identify(firmware/rtvc) by extensions ['cargo_workspace']
[0.226s] Level 1:colcon.colcon_core.package_identification:_identify(firmware/rtvc) by extension 'cargo_workspace'
[0.226s] Level 1:colcon.colcon_core.package_identification:_identify(firmware/rtvc) by extensions ['colcon_pkg']
[0.226s] Level 1:colcon.colcon_core.package_identification:_identify(firmware/rtvc) by extension 'colcon_pkg'
[0.226s] Level 1:colcon.colcon_core.package_identification:_identify(firmware/rtvc) by extensions ['colcon_meta']
[0.226s] Level 1:colcon.colcon_core.package_identification:_identify(firmware/rtvc) by extension 'colcon_meta'
[0.227s] Level 1:colcon.colcon_core.package_identification:_identify(firmware/rtvc) by extensions ['ros']
[0.227s] Level 1:colcon.colcon_core.package_identification:_identify(firmware/rtvc) by extension 'ros'
[0.227s] Level 1:colcon.colcon_core.package_identification:_identify(firmware/rtvc) by extensions ['cargo', 'cmake', 'python']
[0.227s] Level 1:colcon.colcon_core.package_identification:_identify(firmware/rtvc) by extension 'cargo'
[0.227s] Level 1:colcon.colcon_core.package_identification:_identify(firmware/rtvc) by extension 'cmake'
[0.229s] Level 1:colcon.colcon_core.package_identification:_identify(firmware/rtvc) by extension 'python'
[0.229s] DEBUG:colcon.colcon_core.package_identification:Package 'firmware/rtvc' with type 'cmake' and name 'rtvc'
[0.230s] Level 1:colcon.colcon_core.package_identification:_identify(firmware/schemas) by extensions ['ignore', 'ignore_ament_install']
[0.230s] Level 1:colcon.colcon_core.package_identification:_identify(firmware/schemas) by extension 'ignore'
[0.230s] Level 1:colcon.colcon_core.package_identification:_identify(firmware/schemas) by extension 'ignore_ament_install'
[0.230s] Level 1:colcon.colcon_core.package_identification:_identify(firmware/schemas) by extensions ['cargo_workspace']
[0.230s] Level 1:colcon.colcon_core.package_identification:_identify(firmware/schemas) by extension 'cargo_workspace'
[0.230s] Level 1:colcon.colcon_core.package_identification:_identify(firmware/schemas) by extensions ['colcon_pkg']
[0.230s] Level 1:colcon.colcon_core.package_identification:_identify(firmware/schemas) by extension 'colcon_pkg'
[0.230s] Level 1:colcon.colcon_core.package_identification:_identify(firmware/schemas) by extensions ['colcon_meta']
[0.230s] Level 1:colcon.colcon_core.package_identification:_identify(firmware/schemas) by extension 'colcon_meta'
[0.230s] Level 1:colcon.colcon_core.package_identification:_identify(firmware/schemas) by extensions ['ros']
[0.230s] Level 1:colcon.colcon_core.package_identification:_identify(firmware/schemas) by extension 'ros'
[0.230s] Level 1:colcon.colcon_core.package_identification:_identify(firmware/schemas) by extensions ['cargo', 'cmake', 'python']
[0.230s] Level 1:colcon.colcon_core.package_identification:_identify(firmware/schemas) by extension 'cargo'
[0.230s] Level 1:colcon.colcon_core.package_identification:_identify(firmware/schemas) by extension 'cmake'
[0.230s] Level 1:colcon.colcon_core.package_identification:_identify(firmware/schemas) by extension 'python'
[0.230s] Level 1:colcon.colcon_core.package_identification:_identify(firmware/schemas) by extensions ['python_setup_py']
[0.230s] Level 1:colcon.colcon_core.package_identification:_identify(firmware/schemas) by extension 'python_setup_py'
[0.230s] Level 1:colcon.colcon_core.package_identification:_identify(firmware/tools) by extensions ['ignore', 'ignore_ament_install']
[0.230s] Level 1:colcon.colcon_core.package_identification:_identify(firmware/tools) by extension 'ignore'
[0.230s] Level 1:colcon.colcon_core.package_identification:_identify(firmware/tools) by extension 'ignore_ament_install'
[0.231s] Level 1:colcon.colcon_core.package_identification:_identify(firmware/tools) by extensions ['cargo_workspace']
[0.231s] Level 1:colcon.colcon_core.package_identification:_identify(firmware/tools) by extension 'cargo_workspace'
[0.231s] Level 1:colcon.colcon_core.package_identification:_identify(firmware/tools) by extensions ['colcon_pkg']
[0.231s] Level 1:colcon.colcon_core.package_identification:_identify(firmware/tools) by extension 'colcon_pkg'
[0.231s] Level 1:colcon.colcon_core.package_identification:_identify(firmware/tools) by extensions ['colcon_meta']
[0.231s] Level 1:colcon.colcon_core.package_identification:_identify(firmware/tools) by extension 'colcon_meta'
[0.231s] Level 1:colcon.colcon_core.package_identification:_identify(firmware/tools) by extensions ['ros']
[0.231s] Level 1:colcon.colcon_core.package_identification:_identify(firmware/tools) by extension 'ros'
[0.231s] Level 1:colcon.colcon_core.package_identification:_identify(firmware/tools) by extensions ['cargo', 'cmake', 'python']
[0.231s] Level 1:colcon.colcon_core.package_identification:_identify(firmware/tools) by extension 'cargo'
[0.231s] Level 1:colcon.colcon_core.package_identification:_identify(firmware/tools) by extension 'cmake'
[0.231s] Level 1:colcon.colcon_core.package_identification:_identify(firmware/tools) by extension 'python'
[0.231s] Level 1:colcon.colcon_core.package_identification:_identify(firmware/tools) by extensions ['python_setup_py']
[0.231s] Level 1:colcon.colcon_core.package_identification:_identify(firmware/tools) by extension 'python_setup_py'
[0.231s] Level 1:colcon.colcon_core.package_identification:_identify(install) by extensions ['ignore', 'ignore_ament_install']
[0.231s] Level 1:colcon.colcon_core.package_identification:_identify(install) by extension 'ignore'
[0.231s] Level 1:colcon.colcon_core.package_identification:_identify(install) ignored
[0.231s] Level 1:colcon.colcon_core.package_identification:_identify(log) by extensions ['ignore', 'ignore_ament_install']
[0.231s] Level 1:colcon.colcon_core.package_identification:_identify(log) by extension 'ignore'
[0.231s] Level 1:colcon.colcon_core.package_identification:_identify(log) ignored
[0.231s] Level 1:colcon.colcon_core.package_identification:_identify(packages) by extensions ['ignore', 'ignore_ament_install']
[0.231s] Level 1:colcon.colcon_core.package_identification:_identify(packages) by extension 'ignore'
[0.231s] Level 1:colcon.colcon_core.package_identification:_identify(packages) by extension 'ignore_ament_install'
[0.231s] Level 1:colcon.colcon_core.package_identification:_identify(packages) by extensions ['cargo_workspace']
[0.231s] Level 1:colcon.colcon_core.package_identification:_identify(packages) by extension 'cargo_workspace'
[0.231s] Level 1:colcon.colcon_core.package_identification:_identify(packages) by extensions ['colcon_pkg']
[0.231s] Level 1:colcon.colcon_core.package_identification:_identify(packages) by extension 'colcon_pkg'
[0.231s] Level 1:colcon.colcon_core.package_identification:_identify(packages) by extensions ['colcon_meta']
[0.231s] Level 1:colcon.colcon_core.package_identification:_identify(packages) by extension 'colcon_meta'
[0.232s] Level 1:colcon.colcon_core.package_identification:_identify(packages) by extensions ['ros']
[0.232s] Level 1:colcon.colcon_core.package_identification:_identify(packages) by extension 'ros'
[0.232s] Level 1:colcon.colcon_core.package_identification:_identify(packages) by extensions ['cargo', 'cmake', 'python']
[0.232s] Level 1:colcon.colcon_core.package_identification:_identify(packages) by extension 'cargo'
[0.232s] Level 1:colcon.colcon_core.package_identification:_identify(packages) by extension 'cmake'
[0.232s] Level 1:colcon.colcon_core.package_identification:_identify(packages) by extension 'python'
[0.232s] Level 1:colcon.colcon_core.package_identification:_identify(packages) by extensions ['python_setup_py']
[0.232s] Level 1:colcon.colcon_core.package_identification:_identify(packages) by extension 'python_setup_py'
[0.232s] Level 1:colcon.colcon_core.package_identification:_identify(packages/tauv_common) by extensions ['ignore', 'ignore_ament_install']
[0.232s] Level 1:colcon.colcon_core.package_identification:_identify(packages/tauv_common) by extension 'ignore'
[0.232s] Level 1:colcon.colcon_core.package_identification:_identify(packages/tauv_common) by extension 'ignore_ament_install'
[0.232s] Level 1:colcon.colcon_core.package_identification:_identify(packages/tauv_common) by extensions ['cargo_workspace']
[0.232s] Level 1:colcon.colcon_core.package_identification:_identify(packages/tauv_common) by extension 'cargo_workspace'
[0.232s] Level 1:colcon.colcon_core.package_identification:_identify(packages/tauv_common) by extensions ['colcon_pkg']
[0.232s] Level 1:colcon.colcon_core.package_identification:_identify(packages/tauv_common) by extension 'colcon_pkg'
[0.232s] Level 1:colcon.colcon_core.package_identification:_identify(packages/tauv_common) by extensions ['colcon_meta']
[0.232s] Level 1:colcon.colcon_core.package_identification:_identify(packages/tauv_common) by extension 'colcon_meta'
[0.232s] Level 1:colcon.colcon_core.package_identification:_identify(packages/tauv_common) by extensions ['ros']
[0.232s] Level 1:colcon.colcon_core.package_identification:_identify(packages/tauv_common) by extension 'ros'
[0.232s] Level 1:colcon.colcon_core.package_identification:_identify(packages/tauv_common) by extensions ['cargo', 'cmake', 'python']
[0.232s] Level 1:colcon.colcon_core.package_identification:_identify(packages/tauv_common) by extension 'cargo'
[0.232s] Level 1:colcon.colcon_core.package_identification:_identify(packages/tauv_common) by extension 'cmake'
[0.232s] Level 1:colcon.colcon_core.package_identification:_identify(packages/tauv_common) by extension 'python'
[0.232s] Level 1:colcon.colcon_core.package_identification:_identify(packages/tauv_common) by extensions ['python_setup_py']
[0.232s] Level 1:colcon.colcon_core.package_identification:_identify(packages/tauv_common) by extension 'python_setup_py'
[0.232s] Level 1:colcon.colcon_core.package_identification:_identify(packages/tauv_common/src) by extensions ['ignore', 'ignore_ament_install']
[0.232s] Level 1:colcon.colcon_core.package_identification:_identify(packages/tauv_common/src) by extension 'ignore'
[0.232s] Level 1:colcon.colcon_core.package_identification:_identify(packages/tauv_common/src) by extension 'ignore_ament_install'
[0.232s] Level 1:colcon.colcon_core.package_identification:_identify(packages/tauv_common/src) by extensions ['cargo_workspace']
[0.233s] Level 1:colcon.colcon_core.package_identification:_identify(packages/tauv_common/src) by extension 'cargo_workspace'
[0.233s] Level 1:colcon.colcon_core.package_identification:_identify(packages/tauv_common/src) by extensions ['colcon_pkg']
[0.233s] Level 1:colcon.colcon_core.package_identification:_identify(packages/tauv_common/src) by extension 'colcon_pkg'
[0.233s] Level 1:colcon.colcon_core.package_identification:_identify(packages/tauv_common/src) by extensions ['colcon_meta']
[0.233s] Level 1:colcon.colcon_core.package_identification:_identify(packages/tauv_common/src) by extension 'colcon_meta'
[0.233s] Level 1:colcon.colcon_core.package_identification:_identify(packages/tauv_common/src) by extensions ['ros']
[0.233s] Level 1:colcon.colcon_core.package_identification:_identify(packages/tauv_common/src) by extension 'ros'
[0.233s] Level 1:colcon.colcon_core.package_identification:_identify(packages/tauv_common/src) by extensions ['cargo', 'cmake', 'python']
[0.233s] Level 1:colcon.colcon_core.package_identification:_identify(packages/tauv_common/src) by extension 'cargo'
[0.233s] Level 1:colcon.colcon_core.package_identification:_identify(packages/tauv_common/src) by extension 'cmake'
[0.233s] Level 1:colcon.colcon_core.package_identification:_identify(packages/tauv_common/src) by extension 'python'
[0.233s] Level 1:colcon.colcon_core.package_identification:_identify(packages/tauv_common/src) by extensions ['python_setup_py']
[0.233s] Level 1:colcon.colcon_core.package_identification:_identify(packages/tauv_common/src) by extension 'python_setup_py'
[0.233s] Level 1:colcon.colcon_core.package_identification:_identify(packages/tauv_common/src/dynamics) by extensions ['ignore', 'ignore_ament_install']
[0.233s] Level 1:colcon.colcon_core.package_identification:_identify(packages/tauv_common/src/dynamics) by extension 'ignore'
[0.233s] Level 1:colcon.colcon_core.package_identification:_identify(packages/tauv_common/src/dynamics) by extension 'ignore_ament_install'
[0.233s] Level 1:colcon.colcon_core.package_identification:_identify(packages/tauv_common/src/dynamics) by extensions ['cargo_workspace']
[0.233s] Level 1:colcon.colcon_core.package_identification:_identify(packages/tauv_common/src/dynamics) by extension 'cargo_workspace'
[0.233s] Level 1:colcon.colcon_core.package_identification:_identify(packages/tauv_common/src/dynamics) by extensions ['colcon_pkg']
[0.233s] Level 1:colcon.colcon_core.package_identification:_identify(packages/tauv_common/src/dynamics) by extension 'colcon_pkg'
[0.233s] Level 1:colcon.colcon_core.package_identification:_identify(packages/tauv_common/src/dynamics) by extensions ['colcon_meta']
[0.233s] Level 1:colcon.colcon_core.package_identification:_identify(packages/tauv_common/src/dynamics) by extension 'colcon_meta'
[0.233s] Level 1:colcon.colcon_core.package_identification:_identify(packages/tauv_common/src/dynamics) by extensions ['ros']
[0.233s] Level 1:colcon.colcon_core.package_identification:_identify(packages/tauv_common/src/dynamics) by extension 'ros'
[0.233s] Level 1:colcon.colcon_core.package_identification:_identify(packages/tauv_common/src/dynamics) by extensions ['cargo', 'cmake', 'python']
[0.233s] Level 1:colcon.colcon_core.package_identification:_identify(packages/tauv_common/src/dynamics) by extension 'cargo'
[0.233s] Level 1:colcon.colcon_core.package_identification:_identify(packages/tauv_common/src/dynamics) by extension 'cmake'
[0.233s] Level 1:colcon.colcon_core.package_identification:_identify(packages/tauv_common/src/dynamics) by extension 'python'
[0.233s] Level 1:colcon.colcon_core.package_identification:_identify(packages/tauv_common/src/dynamics) by extensions ['python_setup_py']
[0.233s] Level 1:colcon.colcon_core.package_identification:_identify(packages/tauv_common/src/dynamics) by extension 'python_setup_py'
[0.233s] Level 1:colcon.colcon_core.package_identification:_identify(ros_ws) by extensions ['ignore', 'ignore_ament_install']
[0.233s] Level 1:colcon.colcon_core.package_identification:_identify(ros_ws) by extension 'ignore'
[0.234s] Level 1:colcon.colcon_core.package_identification:_identify(ros_ws) by extension 'ignore_ament_install'
[0.234s] Level 1:colcon.colcon_core.package_identification:_identify(ros_ws) by extensions ['cargo_workspace']
[0.234s] Level 1:colcon.colcon_core.package_identification:_identify(ros_ws) by extension 'cargo_workspace'
[0.234s] Level 1:colcon.colcon_core.package_identification:_identify(ros_ws) by extensions ['colcon_pkg']
[0.234s] Level 1:colcon.colcon_core.package_identification:_identify(ros_ws) by extension 'colcon_pkg'
[0.234s] Level 1:colcon.colcon_core.package_identification:_identify(ros_ws) by extensions ['colcon_meta']
[0.234s] Level 1:colcon.colcon_core.package_identification:_identify(ros_ws) by extension 'colcon_meta'
[0.234s] Level 1:colcon.colcon_core.package_identification:_identify(ros_ws) by extensions ['ros']
[0.234s] Level 1:colcon.colcon_core.package_identification:_identify(ros_ws) by extension 'ros'
[0.234s] Level 1:colcon.colcon_core.package_identification:_identify(ros_ws) by extensions ['cargo', 'cmake', 'python']
[0.234s] Level 1:colcon.colcon_core.package_identification:_identify(ros_ws) by extension 'cargo'
[0.234s] Level 1:colcon.colcon_core.package_identification:_identify(ros_ws) by extension 'cmake'
[0.234s] Level 1:colcon.colcon_core.package_identification:_identify(ros_ws) by extension 'python'
[0.234s] Level 1:colcon.colcon_core.package_identification:_identify(ros_ws) by extensions ['python_setup_py']
[0.234s] Level 1:colcon.colcon_core.package_identification:_identify(ros_ws) by extension 'python_setup_py'
[0.234s] Level 1:colcon.colcon_core.package_identification:_identify(ros_ws/build) by extensions ['ignore', 'ignore_ament_install']
[0.234s] Level 1:colcon.colcon_core.package_identification:_identify(ros_ws/build) by extension 'ignore'
[0.234s] Level 1:colcon.colcon_core.package_identification:_identify(ros_ws/build) ignored
[0.234s] Level 1:colcon.colcon_core.package_identification:_identify(ros_ws/install) by extensions ['ignore', 'ignore_ament_install']
[0.234s] Level 1:colcon.colcon_core.package_identification:_identify(ros_ws/install) by extension 'ignore'
[0.234s] Level 1:colcon.colcon_core.package_identification:_identify(ros_ws/install) ignored
[0.234s] Level 1:colcon.colcon_core.package_identification:_identify(ros_ws/log) by extensions ['ignore', 'ignore_ament_install']
[0.234s] Level 1:colcon.colcon_core.package_identification:_identify(ros_ws/log) by extension 'ignore'
[0.234s] Level 1:colcon.colcon_core.package_identification:_identify(ros_ws/log) ignored
[0.235s] Level 1:colcon.colcon_core.package_identification:_identify(ros_ws/src) by extensions ['ignore', 'ignore_ament_install']
[0.235s] Level 1:colcon.colcon_core.package_identification:_identify(ros_ws/src) by extension 'ignore'
[0.235s] Level 1:colcon.colcon_core.package_identification:_identify(ros_ws/src) by extension 'ignore_ament_install'
[0.235s] Level 1:colcon.colcon_core.package_identification:_identify(ros_ws/src) by extensions ['cargo_workspace']
[0.235s] Level 1:colcon.colcon_core.package_identification:_identify(ros_ws/src) by extension 'cargo_workspace'
[0.235s] Level 1:colcon.colcon_core.package_identification:_identify(ros_ws/src) by extensions ['colcon_pkg']
[0.235s] Level 1:colcon.colcon_core.package_identification:_identify(ros_ws/src) by extension 'colcon_pkg'
[0.235s] Level 1:colcon.colcon_core.package_identification:_identify(ros_ws/src) by extensions ['colcon_meta']
[0.235s] Level 1:colcon.colcon_core.package_identification:_identify(ros_ws/src) by extension 'colcon_meta'
[0.235s] Level 1:colcon.colcon_core.package_identification:_identify(ros_ws/src) by extensions ['ros']
[0.235s] Level 1:colcon.colcon_core.package_identification:_identify(ros_ws/src) by extension 'ros'
[0.235s] Level 1:colcon.colcon_core.package_identification:_identify(ros_ws/src) by extensions ['cargo', 'cmake', 'python']
[0.235s] Level 1:colcon.colcon_core.package_identification:_identify(ros_ws/src) by extension 'cargo'
[0.235s] Level 1:colcon.colcon_core.package_identification:_identify(ros_ws/src) by extension 'cmake'
[0.235s] Level 1:colcon.colcon_core.package_identification:_identify(ros_ws/src) by extension 'python'
[0.235s] Level 1:colcon.colcon_core.package_identification:_identify(ros_ws/src) by extensions ['python_setup_py']
[0.235s] Level 1:colcon.colcon_core.package_identification:_identify(ros_ws/src) by extension 'python_setup_py'
[0.235s] Level 1:colcon.colcon_core.package_identification:_identify(ros_ws/src/stonefish_ros2) by extensions ['ignore', 'ignore_ament_install']
[0.235s] Level 1:colcon.colcon_core.package_identification:_identify(ros_ws/src/stonefish_ros2) by extension 'ignore'
[0.235s] Level 1:colcon.colcon_core.package_identification:_identify(ros_ws/src/stonefish_ros2) by extension 'ignore_ament_install'
[0.235s] Level 1:colcon.colcon_core.package_identification:_identify(ros_ws/src/stonefish_ros2) by extensions ['cargo_workspace']
[0.235s] Level 1:colcon.colcon_core.package_identification:_identify(ros_ws/src/stonefish_ros2) by extension 'cargo_workspace'
[0.235s] Level 1:colcon.colcon_core.package_identification:_identify(ros_ws/src/stonefish_ros2) by extensions ['colcon_pkg']
[0.235s] Level 1:colcon.colcon_core.package_identification:_identify(ros_ws/src/stonefish_ros2) by extension 'colcon_pkg'
[0.235s] Level 1:colcon.colcon_core.package_identification:_identify(ros_ws/src/stonefish_ros2) by extensions ['colcon_meta']
[0.235s] Level 1:colcon.colcon_core.package_identification:_identify(ros_ws/src/stonefish_ros2) by extension 'colcon_meta'
[0.235s] Level 1:colcon.colcon_core.package_identification:_identify(ros_ws/src/stonefish_ros2) by extensions ['ros']
[0.235s] Level 1:colcon.colcon_core.package_identification:_identify(ros_ws/src/stonefish_ros2) by extension 'ros'
[0.239s] DEBUG:colcon.colcon_core.package_identification:Package 'ros_ws/src/stonefish_ros2' with type 'ros.ament_cmake' and name 'stonefish_ros2'
[0.239s] Level 1:colcon.colcon_core.package_identification:_identify(ros_ws/src/tauv_common) by extensions ['ignore', 'ignore_ament_install']
[0.239s] Level 1:colcon.colcon_core.package_identification:_identify(ros_ws/src/tauv_common) by extension 'ignore'
[0.239s] Level 1:colcon.colcon_core.package_identification:_identify(ros_ws/src/tauv_common) by extension 'ignore_ament_install'
[0.239s] Level 1:colcon.colcon_core.package_identification:_identify(ros_ws/src/tauv_common) by extensions ['cargo_workspace']
[0.239s] Level 1:colcon.colcon_core.package_identification:_identify(ros_ws/src/tauv_common) by extension 'cargo_workspace'
[0.239s] Level 1:colcon.colcon_core.package_identification:_identify(ros_ws/src/tauv_common) by extensions ['colcon_pkg']
[0.239s] Level 1:colcon.colcon_core.package_identification:_identify(ros_ws/src/tauv_common) by extension 'colcon_pkg'
[0.239s] Level 1:colcon.colcon_core.package_identification:_identify(ros_ws/src/tauv_common) by extensions ['colcon_meta']
[0.239s] Level 1:colcon.colcon_core.package_identification:_identify(ros_ws/src/tauv_common) by extension 'colcon_meta'
[0.239s] Level 1:colcon.colcon_core.package_identification:_identify(ros_ws/src/tauv_common) by extensions ['ros']
[0.239s] Level 1:colcon.colcon_core.package_identification:_identify(ros_ws/src/tauv_common) by extension 'ros'
[0.240s] DEBUG:colcon.colcon_core.package_identification:Package 'ros_ws/src/tauv_common' with type 'ros.ament_python' and name 'tauv_common'
[0.240s] Level 1:colcon.colcon_core.package_identification:_identify(ros_ws/src/tauv_config) by extensions ['ignore', 'ignore_ament_install']
[0.240s] Level 1:colcon.colcon_core.package_identification:_identify(ros_ws/src/tauv_config) by extension 'ignore'
[0.240s] Level 1:colcon.colcon_core.package_identification:_identify(ros_ws/src/tauv_config) by extension 'ignore_ament_install'
[0.240s] Level 1:colcon.colcon_core.package_identification:_identify(ros_ws/src/tauv_config) by extensions ['cargo_workspace']
[0.240s] Level 1:colcon.colcon_core.package_identification:_identify(ros_ws/src/tauv_config) by extension 'cargo_workspace'
[0.240s] Level 1:colcon.colcon_core.package_identification:_identify(ros_ws/src/tauv_config) by extensions ['colcon_pkg']
[0.240s] Level 1:colcon.colcon_core.package_identification:_identify(ros_ws/src/tauv_config) by extension 'colcon_pkg'
[0.240s] Level 1:colcon.colcon_core.package_identification:_identify(ros_ws/src/tauv_config) by extensions ['colcon_meta']
[0.240s] Level 1:colcon.colcon_core.package_identification:_identify(ros_ws/src/tauv_config) by extension 'colcon_meta'
[0.240s] Level 1:colcon.colcon_core.package_identification:_identify(ros_ws/src/tauv_config) by extensions ['ros']
[0.240s] Level 1:colcon.colcon_core.package_identification:_identify(ros_ws/src/tauv_config) by extension 'ros'
[0.241s] DEBUG:colcon.colcon_core.package_identification:Package 'ros_ws/src/tauv_config' with type 'ros.ament_cmake' and name 'tauv_config'
[0.241s] Level 1:colcon.colcon_core.package_identification:_identify(ros_ws/src/tauv_msgs) by extensions ['ignore', 'ignore_ament_install']
[0.241s] Level 1:colcon.colcon_core.package_identification:_identify(ros_ws/src/tauv_msgs) by extension 'ignore'
[0.241s] Level 1:colcon.colcon_core.package_identification:_identify(ros_ws/src/tauv_msgs) by extension 'ignore_ament_install'
[0.241s] Level 1:colcon.colcon_core.package_identification:_identify(ros_ws/src/tauv_msgs) by extensions ['cargo_workspace']
[0.241s] Level 1:colcon.colcon_core.package_identification:_identify(ros_ws/src/tauv_msgs) by extension 'cargo_workspace'
[0.241s] Level 1:colcon.colcon_core.package_identification:_identify(ros_ws/src/tauv_msgs) by extensions ['colcon_pkg']
[0.241s] Level 1:colcon.colcon_core.package_identification:_identify(ros_ws/src/tauv_msgs) by extension 'colcon_pkg'
[0.241s] Level 1:colcon.colcon_core.package_identification:_identify(ros_ws/src/tauv_msgs) by extensions ['colcon_meta']
[0.241s] Level 1:colcon.colcon_core.package_identification:_identify(ros_ws/src/tauv_msgs) by extension 'colcon_meta'
[0.241s] Level 1:colcon.colcon_core.package_identification:_identify(ros_ws/src/tauv_msgs) by extensions ['ros']
[0.241s] Level 1:colcon.colcon_core.package_identification:_identify(ros_ws/src/tauv_msgs) by extension 'ros'
[0.242s] DEBUG:colcon.colcon_core.package_identification:Package 'ros_ws/src/tauv_msgs' with type 'ros.ament_cmake' and name 'tauv_msgs'
[0.242s] Level 1:colcon.colcon_core.package_identification:_identify(ros_ws/src/tauv_sim) by extensions ['ignore', 'ignore_ament_install']
[0.242s] Level 1:colcon.colcon_core.package_identification:_identify(ros_ws/src/tauv_sim) by extension 'ignore'
[0.242s] Level 1:colcon.colcon_core.package_identification:_identify(ros_ws/src/tauv_sim) by extension 'ignore_ament_install'
[0.242s] Level 1:colcon.colcon_core.package_identification:_identify(ros_ws/src/tauv_sim) by extensions ['cargo_workspace']
[0.242s] Level 1:colcon.colcon_core.package_identification:_identify(ros_ws/src/tauv_sim) by extension 'cargo_workspace'
[0.242s] Level 1:colcon.colcon_core.package_identification:_identify(ros_ws/src/tauv_sim) by extensions ['colcon_pkg']
[0.242s] Level 1:colcon.colcon_core.package_identification:_identify(ros_ws/src/tauv_sim) by extension 'colcon_pkg'
[0.242s] Level 1:colcon.colcon_core.package_identification:_identify(ros_ws/src/tauv_sim) by extensions ['colcon_meta']
[0.242s] Level 1:colcon.colcon_core.package_identification:_identify(ros_ws/src/tauv_sim) by extension 'colcon_meta'
[0.242s] Level 1:colcon.colcon_core.package_identification:_identify(ros_ws/src/tauv_sim) by extensions ['ros']
[0.242s] Level 1:colcon.colcon_core.package_identification:_identify(ros_ws/src/tauv_sim) by extension 'ros'
[0.243s] DEBUG:colcon.colcon_core.package_identification:Package 'ros_ws/src/tauv_sim' with type 'ros.ament_cmake' and name 'tauv_sim'
[0.243s] Level 1:colcon.colcon_core.package_identification:_identify(ros_ws/src/tauv_vehicle) by extensions ['ignore', 'ignore_ament_install']
[0.243s] Level 1:colcon.colcon_core.package_identification:_identify(ros_ws/src/tauv_vehicle) by extension 'ignore'
[0.243s] Level 1:colcon.colcon_core.package_identification:_identify(ros_ws/src/tauv_vehicle) by extension 'ignore_ament_install'
[0.243s] Level 1:colcon.colcon_core.package_identification:_identify(ros_ws/src/tauv_vehicle) by extensions ['cargo_workspace']
[0.243s] Level 1:colcon.colcon_core.package_identification:_identify(ros_ws/src/tauv_vehicle) by extension 'cargo_workspace'
[0.243s] Level 1:colcon.colcon_core.package_identification:_identify(ros_ws/src/tauv_vehicle) by extensions ['colcon_pkg']
[0.243s] Level 1:colcon.colcon_core.package_identification:_identify(ros_ws/src/tauv_vehicle) by extension 'colcon_pkg'
[0.243s] Level 1:colcon.colcon_core.package_identification:_identify(ros_ws/src/tauv_vehicle) by extensions ['colcon_meta']
[0.243s] Level 1:colcon.colcon_core.package_identification:_identify(ros_ws/src/tauv_vehicle) by extension 'colcon_meta'
[0.243s] Level 1:colcon.colcon_core.package_identification:_identify(ros_ws/src/tauv_vehicle) by extensions ['ros']
[0.243s] Level 1:colcon.colcon_core.package_identification:_identify(ros_ws/src/tauv_vehicle) by extension 'ros'
[0.243s] DEBUG:colcon.colcon_core.package_identification:Package 'ros_ws/src/tauv_vehicle' with type 'ros.ament_cmake' and name 'tauv_vehicle'
[0.244s] Level 1:colcon.colcon_core.package_identification:_identify(third-party) by extensions ['ignore', 'ignore_ament_install']
[0.244s] Level 1:colcon.colcon_core.package_identification:_identify(third-party) by extension 'ignore'
[0.244s] Level 1:colcon.colcon_core.package_identification:_identify(third-party) by extension 'ignore_ament_install'
[0.244s] Level 1:colcon.colcon_core.package_identification:_identify(third-party) by extensions ['cargo_workspace']
[0.244s] Level 1:colcon.colcon_core.package_identification:_identify(third-party) by extension 'cargo_workspace'
[0.244s] Level 1:colcon.colcon_core.package_identification:_identify(third-party) by extensions ['colcon_pkg']
[0.244s] Level 1:colcon.colcon_core.package_identification:_identify(third-party) by extension 'colcon_pkg'
[0.244s] Level 1:colcon.colcon_core.package_identification:_identify(third-party) by extensions ['colcon_meta']
[0.244s] Level 1:colcon.colcon_core.package_identification:_identify(third-party) by extension 'colcon_meta'
[0.244s] Level 1:colcon.colcon_core.package_identification:_identify(third-party) by extensions ['ros']
[0.244s] Level 1:colcon.colcon_core.package_identification:_identify(third-party) by extension 'ros'
[0.244s] Level 1:colcon.colcon_core.package_identification:_identify(third-party) by extensions ['cargo', 'cmake', 'python']
[0.244s] Level 1:colcon.colcon_core.package_identification:_identify(third-party) by extension 'cargo'
[0.244s] Level 1:colcon.colcon_core.package_identification:_identify(third-party) by extension 'cmake'
[0.244s] Level 1:colcon.colcon_core.package_identification:_identify(third-party) by extension 'python'
[0.244s] Level 1:colcon.colcon_core.package_identification:_identify(third-party) by extensions ['python_setup_py']
[0.244s] Level 1:colcon.colcon_core.package_identification:_identify(third-party) by extension 'python_setup_py'
[0.244s] Level 1:colcon.colcon_core.package_identification:_identify(third-party/manif) by extensions ['ignore', 'ignore_ament_install']
[0.244s] Level 1:colcon.colcon_core.package_identification:_identify(third-party/manif) by extension 'ignore'
[0.244s] Level 1:colcon.colcon_core.package_identification:_identify(third-party/manif) by extension 'ignore_ament_install'
[0.245s] Level 1:colcon.colcon_core.package_identification:_identify(third-party/manif) by extensions ['cargo_workspace']
[0.245s] Level 1:colcon.colcon_core.package_identification:_identify(third-party/manif) by extension 'cargo_workspace'
[0.245s] Level 1:colcon.colcon_core.package_identification:_identify(third-party/manif) by extensions ['colcon_pkg']
[0.245s] Level 1:colcon.colcon_core.package_identification:_identify(third-party/manif) by extension 'colcon_pkg'
[0.245s] Level 1:colcon.colcon_core.package_identification:_identify(third-party/manif) by extensions ['colcon_meta']
[0.245s] Level 1:colcon.colcon_core.package_identification:_identify(third-party/manif) by extension 'colcon_meta'
[0.245s] Level 1:colcon.colcon_core.package_identification:_identify(third-party/manif) by extensions ['ros']
[0.245s] Level 1:colcon.colcon_core.package_identification:_identify(third-party/manif) by extension 'ros'
[0.245s] DEBUG:colcon.colcon_core.package_identification:Package 'third-party/manif' with type 'ros.cmake' and name 'manif'
[0.245s] Level 1:colcon.colcon_core.package_identification:_identify(third-party/stonefish) by extensions ['ignore', 'ignore_ament_install']
[0.245s] Level 1:colcon.colcon_core.package_identification:_identify(third-party/stonefish) by extension 'ignore'
[0.246s] Level 1:colcon.colcon_core.package_identification:_identify(third-party/stonefish) by extension 'ignore_ament_install'
[0.246s] Level 1:colcon.colcon_core.package_identification:_identify(third-party/stonefish) by extensions ['cargo_workspace']
[0.246s] Level 1:colcon.colcon_core.package_identification:_identify(third-party/stonefish) by extension 'cargo_workspace'
[0.246s] Level 1:colcon.colcon_core.package_identification:_identify(third-party/stonefish) by extensions ['colcon_pkg']
[0.246s] Level 1:colcon.colcon_core.package_identification:_identify(third-party/stonefish) by extension 'colcon_pkg'
[0.246s] Level 1:colcon.colcon_core.package_identification:_identify(third-party/stonefish) by extensions ['colcon_meta']
[0.246s] Level 1:colcon.colcon_core.package_identification:_identify(third-party/stonefish) by extension 'colcon_meta'
[0.246s] Level 1:colcon.colcon_core.package_identification:_identify(third-party/stonefish) by extensions ['ros']
[0.246s] Level 1:colcon.colcon_core.package_identification:_identify(third-party/stonefish) by extension 'ros'
[0.246s] Level 1:colcon.colcon_core.package_identification:_identify(third-party/stonefish) by extensions ['cargo', 'cmake', 'python']
[0.246s] Level 1:colcon.colcon_core.package_identification:_identify(third-party/stonefish) by extension 'cargo'
[0.246s] Level 1:colcon.colcon_core.package_identification:_identify(third-party/stonefish) by extension 'cmake'
[0.268s] Level 1:colcon.colcon_core.package_identification:_identify(third-party/stonefish) by extension 'python'
[0.268s] DEBUG:colcon.colcon_core.package_identification:Package 'third-party/stonefish' with type 'cmake' and name 'Stonefish'
[0.269s] Level 1:colcon.colcon_core.package_identification:_identify(tools) by extensions ['ignore', 'ignore_ament_install']
[0.269s] Level 1:colcon.colcon_core.package_identification:_identify(tools) by extension 'ignore'
[0.269s] Level 1:colcon.colcon_core.package_identification:_identify(tools) by extension 'ignore_ament_install'
[0.269s] Level 1:colcon.colcon_core.package_identification:_identify(tools) by extensions ['cargo_workspace']
[0.269s] Level 1:colcon.colcon_core.package_identification:_identify(tools) by extension 'cargo_workspace'
[0.269s] Level 1:colcon.colcon_core.package_identification:_identify(tools) by extensions ['colcon_pkg']
[0.269s] Level 1:colcon.colcon_core.package_identification:_identify(tools) by extension 'colcon_pkg'
[0.269s] Level 1:colcon.colcon_core.package_identification:_identify(tools) by extensions ['colcon_meta']
[0.269s] Level 1:colcon.colcon_core.package_identification:_identify(tools) by extension 'colcon_meta'
[0.269s] Level 1:colcon.colcon_core.package_identification:_identify(tools) by extensions ['ros']
[0.269s] Level 1:colcon.colcon_core.package_identification:_identify(tools) by extension 'ros'
[0.269s] Level 1:colcon.colcon_core.package_identification:_identify(tools) by extensions ['cargo', 'cmake', 'python']
[0.269s] Level 1:colcon.colcon_core.package_identification:_identify(tools) by extension 'cargo'
[0.269s] Level 1:colcon.colcon_core.package_identification:_identify(tools) by extension 'cmake'
[0.269s] Level 1:colcon.colcon_core.package_identification:_identify(tools) by extension 'python'
[0.269s] Level 1:colcon.colcon_core.package_identification:_identify(tools) by extensions ['python_setup_py']
[0.269s] Level 1:colcon.colcon_core.package_identification:_identify(tools) by extension 'python_setup_py'
[0.269s] Level 1:colcon.colcon_core.package_identification:_identify(tools/__pycache__) by extensions ['ignore', 'ignore_ament_install']
[0.269s] Level 1:colcon.colcon_core.package_identification:_identify(tools/__pycache__) by extension 'ignore'
[0.269s] Level 1:colcon.colcon_core.package_identification:_identify(tools/__pycache__) by extension 'ignore_ament_install'
[0.269s] Level 1:colcon.colcon_core.package_identification:_identify(tools/__pycache__) by extensions ['cargo_workspace']
[0.269s] Level 1:colcon.colcon_core.package_identification:_identify(tools/__pycache__) by extension 'cargo_workspace'
[0.269s] Level 1:colcon.colcon_core.package_identification:_identify(tools/__pycache__) by extensions ['colcon_pkg']
[0.270s] Level 1:colcon.colcon_core.package_identification:_identify(tools/__pycache__) by extension 'colcon_pkg'
[0.270s] Level 1:colcon.colcon_core.package_identification:_identify(tools/__pycache__) by extensions ['colcon_meta']
[0.270s] Level 1:colcon.colcon_core.package_identification:_identify(tools/__pycache__) by extension 'colcon_meta'
[0.270s] Level 1:colcon.colcon_core.package_identification:_identify(tools/__pycache__) by extensions ['ros']
[0.270s] Level 1:colcon.colcon_core.package_identification:_identify(tools/__pycache__) by extension 'ros'
[0.270s] Level 1:colcon.colcon_core.package_identification:_identify(tools/__pycache__) by extensions ['cargo', 'cmake', 'python']
[0.270s] Level 1:colcon.colcon_core.package_identification:_identify(tools/__pycache__) by extension 'cargo'
[0.270s] Level 1:colcon.colcon_core.package_identification:_identify(tools/__pycache__) by extension 'cmake'
[0.270s] Level 1:colcon.colcon_core.package_identification:_identify(tools/__pycache__) by extension 'python'
[0.270s] Level 1:colcon.colcon_core.package_identification:_identify(tools/__pycache__) by extensions ['python_setup_py']
[0.270s] Level 1:colcon.colcon_core.package_identification:_identify(tools/__pycache__) by extension 'python_setup_py'
[0.270s] Level 1:colcon.colcon_core.package_identification:_identify(tools/calibration) by extensions ['ignore', 'ignore_ament_install']
[0.270s] Level 1:colcon.colcon_core.package_identification:_identify(tools/calibration) by extension 'ignore'
[0.270s] Level 1:colcon.colcon_core.package_identification:_identify(tools/calibration) by extension 'ignore_ament_install'
[0.270s] Level 1:colcon.colcon_core.package_identification:_identify(tools/calibration) by extensions ['cargo_workspace']
[0.270s] Level 1:colcon.colcon_core.package_identification:_identify(tools/calibration) by extension 'cargo_workspace'
[0.270s] Level 1:colcon.colcon_core.package_identification:_identify(tools/calibration) by extensions ['colcon_pkg']
[0.270s] Level 1:colcon.colcon_core.package_identification:_identify(tools/calibration) by extension 'colcon_pkg'
[0.270s] Level 1:colcon.colcon_core.package_identification:_identify(tools/calibration) by extensions ['colcon_meta']
[0.270s] Level 1:colcon.colcon_core.package_identification:_identify(tools/calibration) by extension 'colcon_meta'
[0.270s] Level 1:colcon.colcon_core.package_identification:_identify(tools/calibration) by extensions ['ros']
[0.271s] Level 1:colcon.colcon_core.package_identification:_identify(tools/calibration) by extension 'ros'
[0.271s] Level 1:colcon.colcon_core.package_identification:_identify(tools/calibration) by extensions ['cargo', 'cmake', 'python']
[0.271s] Level 1:colcon.colcon_core.package_identification:_identify(tools/calibration) by extension 'cargo'
[0.271s] Level 1:colcon.colcon_core.package_identification:_identify(tools/calibration) by extension 'cmake'
[0.271s] Level 1:colcon.colcon_core.package_identification:_identify(tools/calibration) by extension 'python'
[0.271s] Level 1:colcon.colcon_core.package_identification:_identify(tools/calibration) by extensions ['python_setup_py']
[0.271s] Level 1:colcon.colcon_core.package_identification:_identify(tools/calibration) by extension 'python_setup_py'
[0.271s] Level 1:colcon.colcon_core.package_identification:_identify(tools/data_relabeling) by extensions ['ignore', 'ignore_ament_install']
[0.271s] Level 1:colcon.colcon_core.package_identification:_identify(tools/data_relabeling) by extension 'ignore'
[0.271s] Level 1:colcon.colcon_core.package_identification:_identify(tools/data_relabeling) by extension 'ignore_ament_install'
[0.271s] Level 1:colcon.colcon_core.package_identification:_identify(tools/data_relabeling) by extensions ['cargo_workspace']
[0.271s] Level 1:colcon.colcon_core.package_identification:_identify(tools/data_relabeling) by extension 'cargo_workspace'
[0.271s] Level 1:colcon.colcon_core.package_identification:_identify(tools/data_relabeling) by extensions ['colcon_pkg']
[0.271s] Level 1:colcon.colcon_core.package_identification:_identify(tools/data_relabeling) by extension 'colcon_pkg'
[0.271s] Level 1:colcon.colcon_core.package_identification:_identify(tools/data_relabeling) by extensions ['colcon_meta']
[0.271s] Level 1:colcon.colcon_core.package_identification:_identify(tools/data_relabeling) by extension 'colcon_meta'
[0.271s] Level 1:colcon.colcon_core.package_identification:_identify(tools/data_relabeling) by extensions ['ros']
[0.271s] Level 1:colcon.colcon_core.package_identification:_identify(tools/data_relabeling) by extension 'ros'
[0.272s] Level 1:colcon.colcon_core.package_identification:_identify(tools/data_relabeling) by extensions ['cargo', 'cmake', 'python']
[0.272s] Level 1:colcon.colcon_core.package_identification:_identify(tools/data_relabeling) by extension 'cargo'
[0.272s] Level 1:colcon.colcon_core.package_identification:_identify(tools/data_relabeling) by extension 'cmake'
[0.272s] Level 1:colcon.colcon_core.package_identification:_identify(tools/data_relabeling) by extension 'python'
[0.272s] Level 1:colcon.colcon_core.package_identification:_identify(tools/data_relabeling) by extensions ['python_setup_py']
[0.272s] Level 1:colcon.colcon_core.package_identification:_identify(tools/data_relabeling) by extension 'python_setup_py'
[0.272s] Level 1:colcon.colcon_core.package_identification:_identify(tools/image_tuning) by extensions ['ignore', 'ignore_ament_install']
[0.272s] Level 1:colcon.colcon_core.package_identification:_identify(tools/image_tuning) by extension 'ignore'
[0.272s] Level 1:colcon.colcon_core.package_identification:_identify(tools/image_tuning) by extension 'ignore_ament_install'
[0.272s] Level 1:colcon.colcon_core.package_identification:_identify(tools/image_tuning) by extensions ['cargo_workspace']
[0.272s] Level 1:colcon.colcon_core.package_identification:_identify(tools/image_tuning) by extension 'cargo_workspace'
[0.272s] Level 1:colcon.colcon_core.package_identification:_identify(tools/image_tuning) by extensions ['colcon_pkg']
[0.272s] Level 1:colcon.colcon_core.package_identification:_identify(tools/image_tuning) by extension 'colcon_pkg'
[0.272s] Level 1:colcon.colcon_core.package_identification:_identify(tools/image_tuning) by extensions ['colcon_meta']
[0.272s] Level 1:colcon.colcon_core.package_identification:_identify(tools/image_tuning) by extension 'colcon_meta'
[0.272s] Level 1:colcon.colcon_core.package_identification:_identify(tools/image_tuning) by extensions ['ros']
[0.272s] Level 1:colcon.colcon_core.package_identification:_identify(tools/image_tuning) by extension 'ros'
[0.272s] Level 1:colcon.colcon_core.package_identification:_identify(tools/image_tuning) by extensions ['cargo', 'cmake', 'python']
[0.272s] Level 1:colcon.colcon_core.package_identification:_identify(tools/image_tuning) by extension 'cargo'
[0.272s] Level 1:colcon.colcon_core.package_identification:_identify(tools/image_tuning) by extension 'cmake'
[0.272s] Level 1:colcon.colcon_core.package_identification:_identify(tools/image_tuning) by extension 'python'
[0.272s] Level 1:colcon.colcon_core.package_identification:_identify(tools/image_tuning) by extensions ['python_setup_py']
[0.272s] Level 1:colcon.colcon_core.package_identification:_identify(tools/image_tuning) by extension 'python_setup_py'
[0.272s] Level 1:colcon.colcon_core.package_identification:_identify(tools/misc) by extensions ['ignore', 'ignore_ament_install']
[0.272s] Level 1:colcon.colcon_core.package_identification:_identify(tools/misc) by extension 'ignore'
[0.272s] Level 1:colcon.colcon_core.package_identification:_identify(tools/misc) by extension 'ignore_ament_install'
[0.273s] Level 1:colcon.colcon_core.package_identification:_identify(tools/misc) by extensions ['cargo_workspace']
[0.273s] Level 1:colcon.colcon_core.package_identification:_identify(tools/misc) by extension 'cargo_workspace'
[0.273s] Level 1:colcon.colcon_core.package_identification:_identify(tools/misc) by extensions ['colcon_pkg']
[0.273s] Level 1:colcon.colcon_core.package_identification:_identify(tools/misc) by extension 'colcon_pkg'
[0.273s] Level 1:colcon.colcon_core.package_identification:_identify(tools/misc) by extensions ['colcon_meta']
[0.273s] Level 1:colcon.colcon_core.package_identification:_identify(tools/misc) by extension 'colcon_meta'
[0.273s] Level 1:colcon.colcon_core.package_identification:_identify(tools/misc) by extensions ['ros']
[0.273s] Level 1:colcon.colcon_core.package_identification:_identify(tools/misc) by extension 'ros'
[0.273s] Level 1:colcon.colcon_core.package_identification:_identify(tools/misc) by extensions ['cargo', 'cmake', 'python']
[0.273s] Level 1:colcon.colcon_core.package_identification:_identify(tools/misc) by extension 'cargo'
[0.273s] Level 1:colcon.colcon_core.package_identification:_identify(tools/misc) by extension 'cmake'
[0.273s] Level 1:colcon.colcon_core.package_identification:_identify(tools/misc) by extension 'python'
[0.273s] Level 1:colcon.colcon_core.package_identification:_identify(tools/misc) by extensions ['python_setup_py']
[0.273s] Level 1:colcon.colcon_core.package_identification:_identify(tools/misc) by extension 'python_setup_py'
[0.273s] Level 1:colcon.colcon_core.package_identification:_identify(tools/thrusters) by extensions ['ignore', 'ignore_ament_install']
[0.273s] Level 1:colcon.colcon_core.package_identification:_identify(tools/thrusters) by extension 'ignore'
[0.273s] Level 1:colcon.colcon_core.package_identification:_identify(tools/thrusters) by extension 'ignore_ament_install'
[0.273s] Level 1:colcon.colcon_core.package_identification:_identify(tools/thrusters) by extensions ['cargo_workspace']
[0.273s] Level 1:colcon.colcon_core.package_identification:_identify(tools/thrusters) by extension 'cargo_workspace'
[0.273s] Level 1:colcon.colcon_core.package_identification:_identify(tools/thrusters) by extensions ['colcon_pkg']
[0.273s] Level 1:colcon.colcon_core.package_identification:_identify(tools/thrusters) by extension 'colcon_pkg'
[0.273s] Level 1:colcon.colcon_core.package_identification:_identify(tools/thrusters) by extensions ['colcon_meta']
[0.273s] Level 1:colcon.colcon_core.package_identification:_identify(tools/thrusters) by extension 'colcon_meta'
[0.273s] Level 1:colcon.colcon_core.package_identification:_identify(tools/thrusters) by extensions ['ros']
[0.273s] Level 1:colcon.colcon_core.package_identification:_identify(tools/thrusters) by extension 'ros'
[0.273s] Level 1:colcon.colcon_core.package_identification:_identify(tools/thrusters) by extensions ['cargo', 'cmake', 'python']
[0.273s] Level 1:colcon.colcon_core.package_identification:_identify(tools/thrusters) by extension 'cargo'
[0.273s] Level 1:colcon.colcon_core.package_identification:_identify(tools/thrusters) by extension 'cmake'
[0.273s] Level 1:colcon.colcon_core.package_identification:_identify(tools/thrusters) by extension 'python'
[0.273s] Level 1:colcon.colcon_core.package_identification:_identify(tools/thrusters) by extensions ['python_setup_py']
[0.273s] Level 1:colcon.colcon_core.package_identification:_identify(tools/thrusters) by extension 'python_setup_py'
[0.273s] Level 1:colcon.colcon_core.package_identification:_identify(tools/video_extraction) by extensions ['ignore', 'ignore_ament_install']
[0.273s] Level 1:colcon.colcon_core.package_identification:_identify(tools/video_extraction) by extension 'ignore'
[0.274s] Level 1:colcon.colcon_core.package_identification:_identify(tools/video_extraction) by extension 'ignore_ament_install'
[0.274s] Level 1:colcon.colcon_core.package_identification:_identify(tools/video_extraction) by extensions ['cargo_workspace']
[0.274s] Level 1:colcon.colcon_core.package_identification:_identify(tools/video_extraction) by extension 'cargo_workspace'
[0.274s] Level 1:colcon.colcon_core.package_identification:_identify(tools/video_extraction) by extensions ['colcon_pkg']
[0.274s] Level 1:colcon.colcon_core.package_identification:_identify(tools/video_extraction) by extension 'colcon_pkg'
[0.274s] Level 1:colcon.colcon_core.package_identification:_identify(tools/video_extraction) by extensions ['colcon_meta']
[0.274s] Level 1:colcon.colcon_core.package_identification:_identify(tools/video_extraction) by extension 'colcon_meta'
[0.274s] Level 1:colcon.colcon_core.package_identification:_identify(tools/video_extraction) by extensions ['ros']
[0.274s] Level 1:colcon.colcon_core.package_identification:_identify(tools/video_extraction) by extension 'ros'
[0.274s] Level 1:colcon.colcon_core.package_identification:_identify(tools/video_extraction) by extensions ['cargo', 'cmake', 'python']
[0.274s] Level 1:colcon.colcon_core.package_identification:_identify(tools/video_extraction) by extension 'cargo'
[0.274s] Level 1:colcon.colcon_core.package_identification:_identify(tools/video_extraction) by extension 'cmake'
[0.274s] Level 1:colcon.colcon_core.package_identification:_identify(tools/video_extraction) by extension 'python'
[0.274s] Level 1:colcon.colcon_core.package_identification:_identify(tools/video_extraction) by extensions ['python_setup_py']
[0.274s] Level 1:colcon.colcon_core.package_identification:_identify(tools/video_extraction) by extension 'python_setup_py'
[0.274s] Level 1:colcon.colcon_core.package_identification:_identify(tools/vision) by extensions ['ignore', 'ignore_ament_install']
[0.274s] Level 1:colcon.colcon_core.package_identification:_identify(tools/vision) by extension 'ignore'
[0.274s] Level 1:colcon.colcon_core.package_identification:_identify(tools/vision) by extension 'ignore_ament_install'
[0.274s] Level 1:colcon.colcon_core.package_identification:_identify(tools/vision) by extensions ['cargo_workspace']
[0.274s] Level 1:colcon.colcon_core.package_identification:_identify(tools/vision) by extension 'cargo_workspace'
[0.274s] Level 1:colcon.colcon_core.package_identification:_identify(tools/vision) by extensions ['colcon_pkg']
[0.274s] Level 1:colcon.colcon_core.package_identification:_identify(tools/vision) by extension 'colcon_pkg'
[0.274s] Level 1:colcon.colcon_core.package_identification:_identify(tools/vision) by extensions ['colcon_meta']
[0.274s] Level 1:colcon.colcon_core.package_identification:_identify(tools/vision) by extension 'colcon_meta'
[0.274s] Level 1:colcon.colcon_core.package_identification:_identify(tools/vision) by extensions ['ros']
[0.274s] Level 1:colcon.colcon_core.package_identification:_identify(tools/vision) by extension 'ros'
[0.274s] Level 1:colcon.colcon_core.package_identification:_identify(tools/vision) by extensions ['cargo', 'cmake', 'python']
[0.274s] Level 1:colcon.colcon_core.package_identification:_identify(tools/vision) by extension 'cargo'
[0.274s] Level 1:colcon.colcon_core.package_identification:_identify(tools/vision) by extension 'cmake'
[0.274s] Level 1:colcon.colcon_core.package_identification:_identify(tools/vision) by extension 'python'
[0.274s] Level 1:colcon.colcon_core.package_identification:_identify(tools/vision) by extensions ['python_setup_py']
[0.274s] Level 1:colcon.colcon_core.package_identification:_identify(tools/vision) by extension 'python_setup_py'
[0.275s] Level 1:colcon.colcon_core.package_identification:_identify(tools/vision/experiments) by extensions ['ignore', 'ignore_ament_install']
[0.275s] Level 1:colcon.colcon_core.package_identification:_identify(tools/vision/experiments) by extension 'ignore'
[0.275s] Level 1:colcon.colcon_core.package_identification:_identify(tools/vision/experiments) by extension 'ignore_ament_install'
[0.275s] Level 1:colcon.colcon_core.package_identification:_identify(tools/vision/experiments) by extensions ['cargo_workspace']
[0.275s] Level 1:colcon.colcon_core.package_identification:_identify(tools/vision/experiments) by extension 'cargo_workspace'
[0.275s] Level 1:colcon.colcon_core.package_identification:_identify(tools/vision/experiments) by extensions ['colcon_pkg']
[0.275s] Level 1:colcon.colcon_core.package_identification:_identify(tools/vision/experiments) by extension 'colcon_pkg'
[0.275s] Level 1:colcon.colcon_core.package_identification:_identify(tools/vision/experiments) by extensions ['colcon_meta']
[0.275s] Level 1:colcon.colcon_core.package_identification:_identify(tools/vision/experiments) by extension 'colcon_meta'
[0.275s] Level 1:colcon.colcon_core.package_identification:_identify(tools/vision/experiments) by extensions ['ros']
[0.275s] Level 1:colcon.colcon_core.package_identification:_identify(tools/vision/experiments) by extension 'ros'
[0.275s] Level 1:colcon.colcon_core.package_identification:_identify(tools/vision/experiments) by extensions ['cargo', 'cmake', 'python']
[0.275s] Level 1:colcon.colcon_core.package_identification:_identify(tools/vision/experiments) by extension 'cargo'
[0.275s] Level 1:colcon.colcon_core.package_identification:_identify(tools/vision/experiments) by extension 'cmake'
[0.275s] Level 1:colcon.colcon_core.package_identification:_identify(tools/vision/experiments) by extension 'python'
[0.275s] Level 1:colcon.colcon_core.package_identification:_identify(tools/vision/experiments) by extensions ['python_setup_py']
[0.275s] Level 1:colcon.colcon_core.package_identification:_identify(tools/vision/experiments) by extension 'python_setup_py'
[0.275s] Level 1:colcon.colcon_core.package_identification:_identify(tools/vision/experiments/contrastive_interest_points) by extensions ['ignore', 'ignore_ament_install']
[0.275s] Level 1:colcon.colcon_core.package_identification:_identify(tools/vision/experiments/contrastive_interest_points) by extension 'ignore'
[0.275s] Level 1:colcon.colcon_core.package_identification:_identify(tools/vision/experiments/contrastive_interest_points) by extension 'ignore_ament_install'
[0.275s] Level 1:colcon.colcon_core.package_identification:_identify(tools/vision/experiments/contrastive_interest_points) by extensions ['cargo_workspace']
[0.275s] Level 1:colcon.colcon_core.package_identification:_identify(tools/vision/experiments/contrastive_interest_points) by extension 'cargo_workspace'
[0.275s] Level 1:colcon.colcon_core.package_identification:_identify(tools/vision/experiments/contrastive_interest_points) by extensions ['colcon_pkg']
[0.275s] Level 1:colcon.colcon_core.package_identification:_identify(tools/vision/experiments/contrastive_interest_points) by extension 'colcon_pkg'
[0.275s] Level 1:colcon.colcon_core.package_identification:_identify(tools/vision/experiments/contrastive_interest_points) by extensions ['colcon_meta']
[0.275s] Level 1:colcon.colcon_core.package_identification:_identify(tools/vision/experiments/contrastive_interest_points) by extension 'colcon_meta'
[0.275s] Level 1:colcon.colcon_core.package_identification:_identify(tools/vision/experiments/contrastive_interest_points) by extensions ['ros']
[0.275s] Level 1:colcon.colcon_core.package_identification:_identify(tools/vision/experiments/contrastive_interest_points) by extension 'ros'
[0.275s] Level 1:colcon.colcon_core.package_identification:_identify(tools/vision/experiments/contrastive_interest_points) by extensions ['cargo', 'cmake', 'python']
[0.275s] Level 1:colcon.colcon_core.package_identification:_identify(tools/vision/experiments/contrastive_interest_points) by extension 'cargo'
[0.276s] Level 1:colcon.colcon_core.package_identification:_identify(tools/vision/experiments/contrastive_interest_points) by extension 'cmake'
[0.276s] Level 1:colcon.colcon_core.package_identification:_identify(tools/vision/experiments/contrastive_interest_points) by extension 'python'
[0.276s] Level 1:colcon.colcon_core.package_identification:_identify(tools/vision/experiments/contrastive_interest_points) by extensions ['python_setup_py']
[0.276s] Level 1:colcon.colcon_core.package_identification:_identify(tools/vision/experiments/contrastive_interest_points) by extension 'python_setup_py'
[0.276s] Level 1:colcon.colcon_core.package_identification:_identify(tools/vision/label_studio) by extensions ['ignore', 'ignore_ament_install']
[0.276s] Level 1:colcon.colcon_core.package_identification:_identify(tools/vision/label_studio) by extension 'ignore'
[0.276s] Level 1:colcon.colcon_core.package_identification:_identify(tools/vision/label_studio) by extension 'ignore_ament_install'
[0.276s] Level 1:colcon.colcon_core.package_identification:_identify(tools/vision/label_studio) by extensions ['cargo_workspace']
[0.276s] Level 1:colcon.colcon_core.package_identification:_identify(tools/vision/label_studio) by extension 'cargo_workspace'
[0.276s] Level 1:colcon.colcon_core.package_identification:_identify(tools/vision/label_studio) by extensions ['colcon_pkg']
[0.276s] Level 1:colcon.colcon_core.package_identification:_identify(tools/vision/label_studio) by extension 'colcon_pkg'
[0.276s] Level 1:colcon.colcon_core.package_identification:_identify(tools/vision/label_studio) by extensions ['colcon_meta']
[0.276s] Level 1:colcon.colcon_core.package_identification:_identify(tools/vision/label_studio) by extension 'colcon_meta'
[0.276s] Level 1:colcon.colcon_core.package_identification:_identify(tools/vision/label_studio) by extensions ['ros']
[0.276s] Level 1:colcon.colcon_core.package_identification:_identify(tools/vision/label_studio) by extension 'ros'
[0.276s] Level 1:colcon.colcon_core.package_identification:_identify(tools/vision/label_studio) by extensions ['cargo', 'cmake', 'python']
[0.276s] Level 1:colcon.colcon_core.package_identification:_identify(tools/vision/label_studio) by extension 'cargo'
[0.276s] Level 1:colcon.colcon_core.package_identification:_identify(tools/vision/label_studio) by extension 'cmake'
[0.276s] Level 1:colcon.colcon_core.package_identification:_identify(tools/vision/label_studio) by extension 'python'
[0.276s] Level 1:colcon.colcon_core.package_identification:_identify(tools/vision/label_studio) by extensions ['python_setup_py']
[0.276s] Level 1:colcon.colcon_core.package_identification:_identify(tools/vision/label_studio) by extension 'python_setup_py'
[0.276s] Level 1:colcon.colcon_core.package_identification:_identify(tools/vision/replicator) by extensions ['ignore', 'ignore_ament_install']
[0.276s] Level 1:colcon.colcon_core.package_identification:_identify(tools/vision/replicator) by extension 'ignore'
[0.276s] Level 1:colcon.colcon_core.package_identification:_identify(tools/vision/replicator) by extension 'ignore_ament_install'
[0.277s] Level 1:colcon.colcon_core.package_identification:_identify(tools/vision/replicator) by extensions ['cargo_workspace']
[0.277s] Level 1:colcon.colcon_core.package_identification:_identify(tools/vision/replicator) by extension 'cargo_workspace'
[0.277s] Level 1:colcon.colcon_core.package_identification:_identify(tools/vision/replicator) by extensions ['colcon_pkg']
[0.277s] Level 1:colcon.colcon_core.package_identification:_identify(tools/vision/replicator) by extension 'colcon_pkg'
[0.277s] Level 1:colcon.colcon_core.package_identification:_identify(tools/vision/replicator) by extensions ['colcon_meta']
[0.277s] Level 1:colcon.colcon_core.package_identification:_identify(tools/vision/replicator) by extension 'colcon_meta'
[0.277s] Level 1:colcon.colcon_core.package_identification:_identify(tools/vision/replicator) by extensions ['ros']
[0.277s] Level 1:colcon.colcon_core.package_identification:_identify(tools/vision/replicator) by extension 'ros'
[0.277s] Level 1:colcon.colcon_core.package_identification:_identify(tools/vision/replicator) by extensions ['cargo', 'cmake', 'python']
[0.277s] Level 1:colcon.colcon_core.package_identification:_identify(tools/vision/replicator) by extension 'cargo'
[0.277s] Level 1:colcon.colcon_core.package_identification:_identify(tools/vision/replicator) by extension 'cmake'
[0.277s] Level 1:colcon.colcon_core.package_identification:_identify(tools/vision/replicator) by extension 'python'
[0.277s] Level 1:colcon.colcon_core.package_identification:_identify(tools/vision/replicator) by extensions ['python_setup_py']
[0.277s] Level 1:colcon.colcon_core.package_identification:_identify(tools/vision/replicator) by extension 'python_setup_py'
[0.277s] Level 1:colcon.colcon_core.package_identification:_identify(tools/vision/tests) by extensions ['ignore', 'ignore_ament_install']
[0.277s] Level 1:colcon.colcon_core.package_identification:_identify(tools/vision/tests) by extension 'ignore'
[0.277s] Level 1:colcon.colcon_core.package_identification:_identify(tools/vision/tests) by extension 'ignore_ament_install'
[0.277s] Level 1:colcon.colcon_core.package_identification:_identify(tools/vision/tests) by extensions ['cargo_workspace']
[0.277s] Level 1:colcon.colcon_core.package_identification:_identify(tools/vision/tests) by extension 'cargo_workspace'
[0.277s] Level 1:colcon.colcon_core.package_identification:_identify(tools/vision/tests) by extensions ['colcon_pkg']
[0.277s] Level 1:colcon.colcon_core.package_identification:_identify(tools/vision/tests) by extension 'colcon_pkg'
[0.277s] Level 1:colcon.colcon_core.package_identification:_identify(tools/vision/tests) by extensions ['colcon_meta']
[0.277s] Level 1:colcon.colcon_core.package_identification:_identify(tools/vision/tests) by extension 'colcon_meta'
[0.277s] Level 1:colcon.colcon_core.package_identification:_identify(tools/vision/tests) by extensions ['ros']
[0.277s] Level 1:colcon.colcon_core.package_identification:_identify(tools/vision/tests) by extension 'ros'
[0.277s] Level 1:colcon.colcon_core.package_identification:_identify(tools/vision/tests) by extensions ['cargo', 'cmake', 'python']
[0.277s] Level 1:colcon.colcon_core.package_identification:_identify(tools/vision/tests) by extension 'cargo'
[0.277s] Level 1:colcon.colcon_core.package_identification:_identify(tools/vision/tests) by extension 'cmake'
[0.277s] Level 1:colcon.colcon_core.package_identification:_identify(tools/vision/tests) by extension 'python'
[0.278s] Level 1:colcon.colcon_core.package_identification:_identify(tools/vision/tests) by extensions ['python_setup_py']
[0.278s] Level 1:colcon.colcon_core.package_identification:_identify(tools/vision/tests) by extension 'python_setup_py'
[0.278s] Level 1:colcon.colcon_core.package_identification:_identify(tools/yolov4) by extensions ['ignore', 'ignore_ament_install']
[0.278s] Level 1:colcon.colcon_core.package_identification:_identify(tools/yolov4) by extension 'ignore'
[0.278s] Level 1:colcon.colcon_core.package_identification:_identify(tools/yolov4) by extension 'ignore_ament_install'
[0.278s] Level 1:colcon.colcon_core.package_identification:_identify(tools/yolov4) by extensions ['cargo_workspace']
[0.278s] Level 1:colcon.colcon_core.package_identification:_identify(tools/yolov4) by extension 'cargo_workspace'
[0.278s] Level 1:colcon.colcon_core.package_identification:_identify(tools/yolov4) by extensions ['colcon_pkg']
[0.278s] Level 1:colcon.colcon_core.package_identification:_identify(tools/yolov4) by extension 'colcon_pkg'
[0.278s] Level 1:colcon.colcon_core.package_identification:_identify(tools/yolov4) by extensions ['colcon_meta']
[0.278s] Level 1:colcon.colcon_core.package_identification:_identify(tools/yolov4) by extension 'colcon_meta'
[0.278s] Level 1:colcon.colcon_core.package_identification:_identify(tools/yolov4) by extensions ['ros']
[0.278s] Level 1:colcon.colcon_core.package_identification:_identify(tools/yolov4) by extension 'ros'
[0.278s] Level 1:colcon.colcon_core.package_identification:_identify(tools/yolov4) by extensions ['cargo', 'cmake', 'python']
[0.278s] Level 1:colcon.colcon_core.package_identification:_identify(tools/yolov4) by extension 'cargo'
[0.278s] Level 1:colcon.colcon_core.package_identification:_identify(tools/yolov4) by extension 'cmake'
[0.278s] Level 1:colcon.colcon_core.package_identification:_identify(tools/yolov4) by extension 'python'
[0.278s] Level 1:colcon.colcon_core.package_identification:_identify(tools/yolov4) by extensions ['python_setup_py']
[0.278s] Level 1:colcon.colcon_core.package_identification:_identify(tools/yolov4) by extension 'python_setup_py'
[0.278s] Level 1:colcon.colcon_core.package_discovery:discover_packages(recursive) using defaults
[0.278s] Level 1:colcon.colcon_core.package_discovery:discover_packages(ignore) discover
[0.278s] Level 1:colcon.colcon_core.package_discovery:discover_packages(ignore) using defaults
[0.278s] Level 1:colcon.colcon_core.package_discovery:discover_packages(path) discover
[0.278s] Level 1:colcon.colcon_core.package_discovery:discover_packages(path) using defaults
[0.278s] Level 1:colcon.colcon_core.package_discovery:discover_packages(cargo_workspace) discover
[0.278s] Level 1:colcon.colcon_core.package_discovery:discover_packages(cargo_workspace) using defaults
[0.295s] INFO:colcon.colcon_core.package_selection:Skipping not selected package 'Stonefish' in 'third-party/stonefish'
[0.295s] INFO:colcon.colcon_core.package_selection:Skipping not selected package 'manif' in 'third-party/manif'
[0.295s] INFO:colcon.colcon_core.package_selection:Skipping not selected package 'powerboard_stm32' in 'firmware/powerboard_stm32'
[0.295s] INFO:colcon.colcon_core.package_selection:Skipping not selected package 'rtvc' in 'firmware/rtvc'
[0.295s] INFO:colcon.colcon_core.package_selection:Skipping not selected package 'stonefish_ros2' in 'ros_ws/src/stonefish_ros2'
[0.295s] INFO:colcon.colcon_core.package_selection:Skipping not selected package 'tauv_config' in 'ros_ws/src/tauv_config'
[0.295s] INFO:colcon.colcon_core.package_selection:Skipping not selected package 'tauv_sim' in 'ros_ws/src/tauv_sim'
[0.295s] INFO:colcon.colcon_core.package_selection:Skipping not selected package 'tauv_vehicle' in 'ros_ws/src/tauv_vehicle'
[0.296s] Level 1:colcon.colcon_core.package_discovery:discover_packages(prefix_path) check parameters
[0.296s] Level 1:colcon.colcon_core.package_discovery:discover_packages(prefix_path) discover
[0.299s] DEBUG:colcon.colcon_installed_package_information.package_discovery:Found 64 installed packages in /home/gleb/dev/tauv-mono/ros_ws/install
[0.300s] DEBUG:colcon.colcon_installed_package_information.package_discovery:Found 288 installed packages in /opt/ros/jazzy
[0.302s] Level 1:colcon.colcon_core.package_discovery:discover_packages(prefix_path) using defaults
[0.348s] Level 5:colcon.colcon_core.verb:set package 'tauv_msgs' build argument 'cargo_args' from command line to 'None'
[0.348s] Level 5:colcon.colcon_core.verb:set package 'tauv_msgs' build argument 'clean_build' from command line to 'False'
[0.348s] Level 5:colcon.colcon_core.verb:set package 'tauv_msgs' build argument 'cmake_args' from command line to 'None'
[0.348s] Level 5:colcon.colcon_core.verb:set package 'tauv_msgs' build argument 'cmake_target' from command line to 'None'
[0.348s] Level 5:colcon.colcon_core.verb:set package 'tauv_msgs' build argument 'cmake_target_skip_unavailable' from command line to 'False'
[0.348s] Level 5:colcon.colcon_core.verb:set package 'tauv_msgs' build argument 'cmake_clean_cache' from command line to 'False'
[0.348s] Level 5:colcon.colcon_core.verb:set package 'tauv_msgs' build argument 'cmake_clean_first' from command line to 'False'
[0.348s] Level 5:colcon.colcon_core.verb:set package 'tauv_msgs' build argument 'cmake_force_configure' from command line to 'False'
[0.348s] Level 5:colcon.colcon_core.verb:set package 'tauv_msgs' build argument 'lookup_in_workspace' from command line to 'False'
[0.348s] Level 5:colcon.colcon_core.verb:set package 'tauv_msgs' build argument 'ament_cmake_args' from command line to 'None'
[0.348s] Level 5:colcon.colcon_core.verb:set package 'tauv_msgs' build argument 'catkin_cmake_args' from command line to 'None'
[0.348s] Level 5:colcon.colcon_core.verb:set package 'tauv_msgs' build argument 'catkin_skip_building_tests' from command line to 'False'
[0.349s] DEBUG:colcon.colcon_core.verb:Building package 'tauv_msgs' with the following arguments: {'ament_cmake_args': None, 'build_base': '/home/gleb/dev/tauv-mono/build/tauv_msgs', 'cargo_args': None, 'catkin_cmake_args': None, 'catkin_skip_building_tests': False, 'clean_build': False, 'cmake_args': None, 'cmake_clean_cache': False, 'cmake_clean_first': False, 'cmake_force_configure': False, 'cmake_target': None, 'cmake_target_skip_unavailable': False, 'install_base': '/home/gleb/dev/tauv-mono/install/tauv_msgs', 'lookup_in_workspace': False, 'merge_install': False, 'path': '/home/gleb/dev/tauv-mono/ros_ws/src/tauv_msgs', 'symlink_install': True, 'test_result_base': None}
[0.349s] Level 5:colcon.colcon_core.verb:set package 'tauv_common' build argument 'cargo_args' from command line to 'None'
[0.349s] Level 5:colcon.colcon_core.verb:set package 'tauv_common' build argument 'clean_build' from command line to 'False'
[0.349s] Level 5:colcon.colcon_core.verb:set package 'tauv_common' build argument 'cmake_args' from command line to 'None'
[0.349s] Level 5:colcon.colcon_core.verb:set package 'tauv_common' build argument 'cmake_target' from command line to 'None'
[0.349s] Level 5:colcon.colcon_core.verb:set package 'tauv_common' build argument 'cmake_target_skip_unavailable' from command line to 'False'
[0.349s] Level 5:colcon.colcon_core.verb:set package 'tauv_common' build argument 'cmake_clean_cache' from command line to 'False'
[0.349s] Level 5:colcon.colcon_core.verb:set package 'tauv_common' build argument 'cmake_clean_first' from command line to 'False'
[0.349s] Level 5:colcon.colcon_core.verb:set package 'tauv_common' build argument 'cmake_force_configure' from command line to 'False'
[0.349s] Level 5:colcon.colcon_core.verb:set package 'tauv_common' build argument 'lookup_in_workspace' from command line to 'False'
[0.349s] Level 5:colcon.colcon_core.verb:set package 'tauv_common' build argument 'ament_cmake_args' from command line to 'None'
[0.349s] Level 5:colcon.colcon_core.verb:set package 'tauv_common' build argument 'catkin_cmake_args' from command line to 'None'
[0.349s] Level 5:colcon.colcon_core.verb:set package 'tauv_common' build argument 'catkin_skip_building_tests' from command line to 'False'
[0.349s] DEBUG:colcon.colcon_core.verb:Building package 'tauv_common' with the following arguments: {'ament_cmake_args': None, 'build_base': '/home/gleb/dev/tauv-mono/build/tauv_common', 'cargo_args': None, 'catkin_cmake_args': None, 'catkin_skip_building_tests': False, 'clean_build': False, 'cmake_args': None, 'cmake_clean_cache': False, 'cmake_clean_first': False, 'cmake_force_configure': False, 'cmake_target': None, 'cmake_target_skip_unavailable': False, 'install_base': '/home/gleb/dev/tauv-mono/install/tauv_common', 'lookup_in_workspace': False, 'merge_install': False, 'path': '/home/gleb/dev/tauv-mono/ros_ws/src/tauv_common', 'symlink_install': True, 'test_result_base': None}
[0.349s] INFO:colcon.colcon_core.executor:Executing jobs using 'parallel' executor
[0.350s] DEBUG:colcon.colcon_parallel_executor.executor.parallel:run_until_complete
[0.350s] INFO:colcon.colcon_ros.task.ament_cmake.build:Building ROS package in '/home/gleb/dev/tauv-mono/ros_ws/src/tauv_msgs' with build type 'ament_cmake'
[0.350s] INFO:colcon.colcon_cmake.task.cmake.build:Building CMake package in '/home/gleb/dev/tauv-mono/ros_ws/src/tauv_msgs'
[0.353s] INFO:colcon.colcon_core.plugin_system:Skipping extension 'colcon_core.shell.bat': Not used on non-Windows systems
[0.353s] INFO:colcon.colcon_core.shell:Skip shell extension 'powershell' for command environment: Not usable outside of PowerShell
[0.353s] DEBUG:colcon.colcon_core.shell:Skip shell extension 'dsv' for command environment
[0.364s] DEBUG:colcon.colcon_core.event_handler.log_command:Invoking command in '/home/gleb/dev/tauv-mono/build/tauv_msgs': CMAKE_PREFIX_PATH=${CMAKE_PREFIX_PATH}:/home/gleb/dev/tauv-mono/ros_ws/install/tf2_tools:/home/gleb/dev/tauv-mono/ros_ws/install/tauv_common:/home/gleb/dev/tauv-mono/ros_ws/install/examples_tf2_py:/home/gleb/dev/tauv-mono/ros_ws/install/tf2_ros_py:/home/gleb/dev/tauv-mono/ros_ws/install/tauv_gnc:/home/gleb/dev/tauv-mono/ros_ws/install/sensor_msgs_py:/home/gleb/dev/tauv-mono/ros_ws/install/camera_pkg:/home/gleb/dev/tauv-mono/ros_ws/install/rust_pubsub:/home/gleb/dev/tauv-mono/ros_ws/install/examples_worker_demo:/home/gleb/dev/tauv-mono/ros_ws/install/examples_rclrs_minimal_pub_sub:/home/gleb/dev/tauv-mono/ros_ws/install/examples_rclrs_minimal_client_service:/home/gleb/dev/tauv-mono/ros_ws/install/examples_rclrs_message_demo:/home/gleb/dev/tauv-mono/ros_ws/install/examples_parameter_demo:/home/gleb/dev/tauv-mono/ros_ws/install/examples_logging_demo:/home/gleb/dev/tauv-mono/ros_ws/install/rclrs:/home/gleb/dev/tauv-mono/ros_ws/install/test_interface_files:/home/gleb/dev/tauv-mono/ros_ws/install/rosidl_runtime_rs:/opt/ros/jazzy DEBUGINFOD_URLS=https://debuginfod.ubuntu.com VIRTUAL_ENV_PROMPT=(venv-tauv) /usr/bin/cmake --build /home/gleb/dev/tauv-mono/build/tauv_msgs -- -j20 -l20
[0.802s] DEBUG:colcon.colcon_core.event_handler.log_command:Invoked command in '/home/gleb/dev/tauv-mono/build/tauv_msgs' returned '0': CMAKE_PREFIX_PATH=${CMAKE_PREFIX_PATH}:/home/gleb/dev/tauv-mono/ros_ws/install/tf2_tools:/home/gleb/dev/tauv-mono/ros_ws/install/tauv_common:/home/gleb/dev/tauv-mono/ros_ws/install/examples_tf2_py:/home/gleb/dev/tauv-mono/ros_ws/install/tf2_ros_py:/home/gleb/dev/tauv-mono/ros_ws/install/tauv_gnc:/home/gleb/dev/tauv-mono/ros_ws/install/sensor_msgs_py:/home/gleb/dev/tauv-mono/ros_ws/install/camera_pkg:/home/gleb/dev/tauv-mono/ros_ws/install/rust_pubsub:/home/gleb/dev/tauv-mono/ros_ws/install/examples_worker_demo:/home/gleb/dev/tauv-mono/ros_ws/install/examples_rclrs_minimal_pub_sub:/home/gleb/dev/tauv-mono/ros_ws/install/examples_rclrs_minimal_client_service:/home/gleb/dev/tauv-mono/ros_ws/install/examples_rclrs_message_demo:/home/gleb/dev/tauv-mono/ros_ws/install/examples_parameter_demo:/home/gleb/dev/tauv-mono/ros_ws/install/examples_logging_demo:/home/gleb/dev/tauv-mono/ros_ws/install/rclrs:/home/gleb/dev/tauv-mono/ros_ws/install/test_interface_files:/home/gleb/dev/tauv-mono/ros_ws/install/rosidl_runtime_rs:/opt/ros/jazzy DEBUGINFOD_URLS=https://debuginfod.ubuntu.com VIRTUAL_ENV_PROMPT=(venv-tauv) /usr/bin/cmake --build /home/gleb/dev/tauv-mono/build/tauv_msgs -- -j20 -l20
[0.814s] DEBUG:colcon.colcon_core.event_handler.log_command:Invoking command in '/home/gleb/dev/tauv-mono/build/tauv_msgs': CMAKE_PREFIX_PATH=${CMAKE_PREFIX_PATH}:/home/gleb/dev/tauv-mono/ros_ws/install/tf2_tools:/home/gleb/dev/tauv-mono/ros_ws/install/tauv_common:/home/gleb/dev/tauv-mono/ros_ws/install/examples_tf2_py:/home/gleb/dev/tauv-mono/ros_ws/install/tf2_ros_py:/home/gleb/dev/tauv-mono/ros_ws/install/tauv_gnc:/home/gleb/dev/tauv-mono/ros_ws/install/sensor_msgs_py:/home/gleb/dev/tauv-mono/ros_ws/install/camera_pkg:/home/gleb/dev/tauv-mono/ros_ws/install/rust_pubsub:/home/gleb/dev/tauv-mono/ros_ws/install/examples_worker_demo:/home/gleb/dev/tauv-mono/ros_ws/install/examples_rclrs_minimal_pub_sub:/home/gleb/dev/tauv-mono/ros_ws/install/examples_rclrs_minimal_client_service:/home/gleb/dev/tauv-mono/ros_ws/install/examples_rclrs_message_demo:/home/gleb/dev/tauv-mono/ros_ws/install/examples_parameter_demo:/home/gleb/dev/tauv-mono/ros_ws/install/examples_logging_demo:/home/gleb/dev/tauv-mono/ros_ws/install/rclrs:/home/gleb/dev/tauv-mono/ros_ws/install/test_interface_files:/home/gleb/dev/tauv-mono/ros_ws/install/rosidl_runtime_rs:/opt/ros/jazzy DEBUGINFOD_URLS=https://debuginfod.ubuntu.com VIRTUAL_ENV_PROMPT=(venv-tauv) /usr/bin/cmake --install /home/gleb/dev/tauv-mono/build/tauv_msgs
[0.912s] Level 1:colcon.colcon_core.environment:create_environment_scripts_only(tauv_msgs)
[0.912s] DEBUG:colcon.colcon_core.event_handler.log_command:Invoked command in '/home/gleb/dev/tauv-mono/build/tauv_msgs' returned '0': CMAKE_PREFIX_PATH=${CMAKE_PREFIX_PATH}:/home/gleb/dev/tauv-mono/ros_ws/install/tf2_tools:/home/gleb/dev/tauv-mono/ros_ws/install/tauv_common:/home/gleb/dev/tauv-mono/ros_ws/install/examples_tf2_py:/home/gleb/dev/tauv-mono/ros_ws/install/tf2_ros_py:/home/gleb/dev/tauv-mono/ros_ws/install/tauv_gnc:/home/gleb/dev/tauv-mono/ros_ws/install/sensor_msgs_py:/home/gleb/dev/tauv-mono/ros_ws/install/camera_pkg:/home/gleb/dev/tauv-mono/ros_ws/install/rust_pubsub:/home/gleb/dev/tauv-mono/ros_ws/install/examples_worker_demo:/home/gleb/dev/tauv-mono/ros_ws/install/examples_rclrs_minimal_pub_sub:/home/gleb/dev/tauv-mono/ros_ws/install/examples_rclrs_minimal_client_service:/home/gleb/dev/tauv-mono/ros_ws/install/examples_rclrs_message_demo:/home/gleb/dev/tauv-mono/ros_ws/install/examples_parameter_demo:/home/gleb/dev/tauv-mono/ros_ws/install/examples_logging_demo:/home/gleb/dev/tauv-mono/ros_ws/install/rclrs:/home/gleb/dev/tauv-mono/ros_ws/install/test_interface_files:/home/gleb/dev/tauv-mono/ros_ws/install/rosidl_runtime_rs:/opt/ros/jazzy DEBUGINFOD_URLS=https://debuginfod.ubuntu.com VIRTUAL_ENV_PROMPT=(venv-tauv) /usr/bin/cmake --install /home/gleb/dev/tauv-mono/build/tauv_msgs
[0.914s] Level 1:colcon.colcon_core.environment:checking '/home/gleb/dev/tauv-mono/install/tauv_msgs' for CMake module files
[0.915s] Level 1:colcon.colcon_core.environment:checking '/home/gleb/dev/tauv-mono/install/tauv_msgs' for CMake config files
[0.917s] Level 1:colcon.colcon_core.shell:create_environment_hook('tauv_msgs', 'cmake_prefix_path')
[0.917s] INFO:colcon.colcon_core.shell:Creating environment hook '/home/gleb/dev/tauv-mono/install/tauv_msgs/share/tauv_msgs/hook/cmake_prefix_path.ps1'
[0.918s] INFO:colcon.colcon_core.shell:Creating environment descriptor '/home/gleb/dev/tauv-mono/install/tauv_msgs/share/tauv_msgs/hook/cmake_prefix_path.dsv'
[0.919s] INFO:colcon.colcon_core.shell:Creating environment hook '/home/gleb/dev/tauv-mono/install/tauv_msgs/share/tauv_msgs/hook/cmake_prefix_path.sh'
[0.920s] Level 1:colcon.colcon_core.environment:checking '/home/gleb/dev/tauv-mono/install/tauv_msgs/lib'
[0.920s] Level 1:colcon.colcon_core.shell:create_environment_hook('tauv_msgs', 'ld_library_path_lib')
[0.920s] INFO:colcon.colcon_core.shell:Creating environment hook '/home/gleb/dev/tauv-mono/install/tauv_msgs/share/tauv_msgs/hook/ld_library_path_lib.ps1'
[0.920s] INFO:colcon.colcon_core.shell:Creating environment descriptor '/home/gleb/dev/tauv-mono/install/tauv_msgs/share/tauv_msgs/hook/ld_library_path_lib.dsv'
[0.920s] INFO:colcon.colcon_core.shell:Creating environment hook '/home/gleb/dev/tauv-mono/install/tauv_msgs/share/tauv_msgs/hook/ld_library_path_lib.sh'
[0.921s] Level 1:colcon.colcon_core.environment:checking '/home/gleb/dev/tauv-mono/install/tauv_msgs/bin'
[0.921s] Level 1:colcon.colcon_core.environment:checking '/home/gleb/dev/tauv-mono/install/tauv_msgs/lib/pkgconfig/tauv_msgs.pc'
[0.921s] Level 1:colcon.colcon_core.environment:checking '/home/gleb/dev/tauv-mono/install/tauv_msgs/lib/python3.12/site-packages'
[0.921s] Level 1:colcon.colcon_core.shell:create_environment_hook('tauv_msgs', 'pythonpath')
[0.921s] INFO:colcon.colcon_core.shell:Creating environment hook '/home/gleb/dev/tauv-mono/install/tauv_msgs/share/tauv_msgs/hook/pythonpath.ps1'
[0.921s] INFO:colcon.colcon_core.shell:Creating environment descriptor '/home/gleb/dev/tauv-mono/install/tauv_msgs/share/tauv_msgs/hook/pythonpath.dsv'
[0.922s] INFO:colcon.colcon_core.shell:Creating environment hook '/home/gleb/dev/tauv-mono/install/tauv_msgs/share/tauv_msgs/hook/pythonpath.sh'
[0.922s] Level 1:colcon.colcon_core.environment:checking '/home/gleb/dev/tauv-mono/install/tauv_msgs/bin'
[0.922s] INFO:colcon.colcon_core.shell:Creating package script '/home/gleb/dev/tauv-mono/install/tauv_msgs/share/tauv_msgs/package.ps1'
[0.923s] INFO:colcon.colcon_core.shell:Creating package descriptor '/home/gleb/dev/tauv-mono/install/tauv_msgs/share/tauv_msgs/package.dsv'
[0.923s] INFO:colcon.colcon_core.shell:Creating package script '/home/gleb/dev/tauv-mono/install/tauv_msgs/share/tauv_msgs/package.sh'
[0.923s] INFO:colcon.colcon_core.shell:Creating package script '/home/gleb/dev/tauv-mono/install/tauv_msgs/share/tauv_msgs/package.bash'
[0.924s] INFO:colcon.colcon_core.shell:Creating package script '/home/gleb/dev/tauv-mono/install/tauv_msgs/share/tauv_msgs/package.zsh'
[0.924s] Level 1:colcon.colcon_core.environment:create_file_with_runtime_dependencies(/home/gleb/dev/tauv-mono/install/tauv_msgs/share/colcon-core/packages/tauv_msgs)
[0.924s] Level 1:colcon.colcon_core.environment:create_environment_scripts_only(tauv_msgs)
[0.925s] Level 1:colcon.colcon_core.environment:checking '/home/gleb/dev/tauv-mono/install/tauv_msgs' for CMake module files
[0.925s] Level 1:colcon.colcon_core.environment:checking '/home/gleb/dev/tauv-mono/install/tauv_msgs' for CMake config files
[0.926s] Level 1:colcon.colcon_core.shell:create_environment_hook('tauv_msgs', 'cmake_prefix_path')
[0.926s] INFO:colcon.colcon_core.shell:Creating environment hook '/home/gleb/dev/tauv-mono/install/tauv_msgs/share/tauv_msgs/hook/cmake_prefix_path.ps1'
[0.926s] INFO:colcon.colcon_core.shell:Creating environment descriptor '/home/gleb/dev/tauv-mono/install/tauv_msgs/share/tauv_msgs/hook/cmake_prefix_path.dsv'
[0.927s] INFO:colcon.colcon_core.shell:Creating environment hook '/home/gleb/dev/tauv-mono/install/tauv_msgs/share/tauv_msgs/hook/cmake_prefix_path.sh'
[0.927s] Level 1:colcon.colcon_core.environment:checking '/home/gleb/dev/tauv-mono/install/tauv_msgs/lib'
[0.927s] Level 1:colcon.colcon_core.shell:create_environment_hook('tauv_msgs', 'ld_library_path_lib')
[0.928s] INFO:colcon.colcon_core.shell:Creating environment hook '/home/gleb/dev/tauv-mono/install/tauv_msgs/share/tauv_msgs/hook/ld_library_path_lib.ps1'
[0.928s] INFO:colcon.colcon_core.shell:Creating environment descriptor '/home/gleb/dev/tauv-mono/install/tauv_msgs/share/tauv_msgs/hook/ld_library_path_lib.dsv'
[0.929s] INFO:colcon.colcon_core.shell:Creating environment hook '/home/gleb/dev/tauv-mono/install/tauv_msgs/share/tauv_msgs/hook/ld_library_path_lib.sh'
[0.929s] Level 1:colcon.colcon_core.environment:checking '/home/gleb/dev/tauv-mono/install/tauv_msgs/bin'
[0.929s] Level 1:colcon.colcon_core.environment:checking '/home/gleb/dev/tauv-mono/install/tauv_msgs/lib/pkgconfig/tauv_msgs.pc'
[0.929s] Level 1:colcon.colcon_core.environment:checking '/home/gleb/dev/tauv-mono/install/tauv_msgs/lib/python3.12/site-packages'
[0.929s] Level 1:colcon.colcon_core.shell:create_environment_hook('tauv_msgs', 'pythonpath')
[0.930s] INFO:colcon.colcon_core.shell:Creating environment hook '/home/gleb/dev/tauv-mono/install/tauv_msgs/share/tauv_msgs/hook/pythonpath.ps1'
[0.930s] INFO:colcon.colcon_core.shell:Creating environment descriptor '/home/gleb/dev/tauv-mono/install/tauv_msgs/share/tauv_msgs/hook/pythonpath.dsv'
[0.930s] INFO:colcon.colcon_core.shell:Creating environment hook '/home/gleb/dev/tauv-mono/install/tauv_msgs/share/tauv_msgs/hook/pythonpath.sh'
[0.930s] Level 1:colcon.colcon_core.environment:checking '/home/gleb/dev/tauv-mono/install/tauv_msgs/bin'
[0.931s] INFO:colcon.colcon_core.shell:Creating package script '/home/gleb/dev/tauv-mono/install/tauv_msgs/share/tauv_msgs/package.ps1'
[0.931s] INFO:colcon.colcon_core.shell:Creating package descriptor '/home/gleb/dev/tauv-mono/install/tauv_msgs/share/tauv_msgs/package.dsv'
[0.931s] INFO:colcon.colcon_core.shell:Creating package script '/home/gleb/dev/tauv-mono/install/tauv_msgs/share/tauv_msgs/package.sh'
[0.932s] INFO:colcon.colcon_core.shell:Creating package script '/home/gleb/dev/tauv-mono/install/tauv_msgs/share/tauv_msgs/package.bash'
[0.932s] INFO:colcon.colcon_core.shell:Creating package script '/home/gleb/dev/tauv-mono/install/tauv_msgs/share/tauv_msgs/package.zsh'
[0.932s] Level 1:colcon.colcon_core.environment:create_file_with_runtime_dependencies(/home/gleb/dev/tauv-mono/install/tauv_msgs/share/colcon-core/packages/tauv_msgs)
[0.932s] INFO:colcon.colcon_ros.task.ament_python.build:Building ROS package in '/home/gleb/dev/tauv-mono/ros_ws/src/tauv_common' with build type 'ament_python'
[0.933s] Level 1:colcon.colcon_core.shell:create_environment_hook('tauv_common', 'ament_prefix_path')
[0.933s] INFO:colcon.colcon_core.shell:Creating environment hook '/home/gleb/dev/tauv-mono/install/tauv_common/share/tauv_common/hook/ament_prefix_path.ps1'
[0.933s] INFO:colcon.colcon_core.shell:Creating environment descriptor '/home/gleb/dev/tauv-mono/install/tauv_common/share/tauv_common/hook/ament_prefix_path.dsv'
[0.933s] INFO:colcon.colcon_core.shell:Creating environment hook '/home/gleb/dev/tauv-mono/install/tauv_common/share/tauv_common/hook/ament_prefix_path.sh'
[0.934s] INFO:colcon.colcon_core.shell:Skip shell extension 'powershell' for command environment: Not usable outside of PowerShell
[0.934s] DEBUG:colcon.colcon_core.shell:Skip shell extension 'dsv' for command environment
[1.135s] INFO:colcon.colcon_core.task.python.build:Building Python package in '/home/gleb/dev/tauv-mono/ros_ws/src/tauv_common'
[1.135s] INFO:colcon.colcon_core.shell:Skip shell extension 'powershell' for command environment: Not usable outside of PowerShell
[1.135s] DEBUG:colcon.colcon_core.shell:Skip shell extension 'dsv' for command environment
[1.636s] DEBUG:colcon.colcon_core.event_handler.log_command:Invoking command in '/home/gleb/dev/tauv-mono/build/tauv_common': AMENT_PREFIX_PATH=/home/gleb/dev/tauv-mono/install/tauv_msgs:${AMENT_PREFIX_PATH} CMAKE_PREFIX_PATH=/home/gleb/dev/tauv-mono/install/tauv_msgs:${CMAKE_PREFIX_PATH} DEBUGINFOD_URLS=https://debuginfod.ubuntu.com LD_LIBRARY_PATH=/home/gleb/dev/tauv-mono/install/tauv_msgs/lib:${LD_LIBRARY_PATH} PYTHONPATH=/home/gleb/dev/tauv-mono/build/tauv_common/prefix_override:/home/gleb/dev/venv-tauv/lib/python3.12/site-packages/colcon_core/task/python/colcon_distutils_commands:/home/gleb/dev/tauv-mono/install/tauv_common/lib/python3.12/site-packages:/home/gleb/dev/tauv-mono/install/tauv_msgs/lib/python3.12/site-packages:${PYTHONPATH} VIRTUAL_ENV_PROMPT=(venv-tauv) /home/gleb/dev/venv-tauv/bin/python3 -W ignore:setup.py install is deprecated -W ignore:easy_install command is deprecated setup.py develop --editable --build-directory /home/gleb/dev/tauv-mono/build/tauv_common/build --no-deps symlink_data
[2.179s] Level 1:colcon.colcon_core.shell:create_environment_hook('tauv_common', 'pythonpath_develop')
[2.179s] INFO:colcon.colcon_core.shell:Creating environment hook '/home/gleb/dev/tauv-mono/build/tauv_common/share/tauv_common/hook/pythonpath_develop.ps1'
[2.180s] DEBUG:colcon.colcon_core.event_handler.log_command:Invoked command in '/home/gleb/dev/tauv-mono/build/tauv_common' returned '0': AMENT_PREFIX_PATH=/home/gleb/dev/tauv-mono/install/tauv_msgs:${AMENT_PREFIX_PATH} CMAKE_PREFIX_PATH=/home/gleb/dev/tauv-mono/install/tauv_msgs:${CMAKE_PREFIX_PATH} DEBUGINFOD_URLS=https://debuginfod.ubuntu.com LD_LIBRARY_PATH=/home/gleb/dev/tauv-mono/install/tauv_msgs/lib:${LD_LIBRARY_PATH} PYTHONPATH=/home/gleb/dev/tauv-mono/build/tauv_common/prefix_override:/home/gleb/dev/venv-tauv/lib/python3.12/site-packages/colcon_core/task/python/colcon_distutils_commands:/home/gleb/dev/tauv-mono/install/tauv_common/lib/python3.12/site-packages:/home/gleb/dev/tauv-mono/install/tauv_msgs/lib/python3.12/site-packages:${PYTHONPATH} VIRTUAL_ENV_PROMPT=(venv-tauv) /home/gleb/dev/venv-tauv/bin/python3 -W ignore:setup.py install is deprecated -W ignore:easy_install command is deprecated setup.py develop --editable --build-directory /home/gleb/dev/tauv-mono/build/tauv_common/build --no-deps symlink_data
[2.180s] INFO:colcon.colcon_core.shell:Creating environment descriptor '/home/gleb/dev/tauv-mono/build/tauv_common/share/tauv_common/hook/pythonpath_develop.dsv'
[2.181s] INFO:colcon.colcon_core.shell:Creating environment hook '/home/gleb/dev/tauv-mono/build/tauv_common/share/tauv_common/hook/pythonpath_develop.sh'
[2.181s] Level 1:colcon.colcon_core.environment:checking '/home/gleb/dev/tauv-mono/install/tauv_common' for CMake module files
[2.182s] Level 1:colcon.colcon_core.environment:checking '/home/gleb/dev/tauv-mono/install/tauv_common' for CMake config files
[2.182s] Level 1:colcon.colcon_core.environment:checking '/home/gleb/dev/tauv-mono/install/tauv_common/lib'
[2.182s] Level 1:colcon.colcon_core.environment:checking '/home/gleb/dev/tauv-mono/install/tauv_common/bin'
[2.182s] Level 1:colcon.colcon_core.environment:checking '/home/gleb/dev/tauv-mono/install/tauv_common/lib/pkgconfig/tauv_common.pc'
[2.182s] Level 1:colcon.colcon_core.environment:checking '/home/gleb/dev/tauv-mono/install/tauv_common/lib/python3.12/site-packages'
[2.183s] Level 1:colcon.colcon_core.shell:create_environment_hook('tauv_common', 'pythonpath')
[2.183s] INFO:colcon.colcon_core.shell:Creating environment hook '/home/gleb/dev/tauv-mono/install/tauv_common/share/tauv_common/hook/pythonpath.ps1'
[2.183s] INFO:colcon.colcon_core.shell:Creating environment descriptor '/home/gleb/dev/tauv-mono/install/tauv_common/share/tauv_common/hook/pythonpath.dsv'
[2.183s] INFO:colcon.colcon_core.shell:Creating environment hook '/home/gleb/dev/tauv-mono/install/tauv_common/share/tauv_common/hook/pythonpath.sh'
[2.183s] Level 1:colcon.colcon_core.environment:checking '/home/gleb/dev/tauv-mono/install/tauv_common/bin'
[2.183s] Level 1:colcon.colcon_core.environment:create_environment_scripts_only(tauv_common)
[2.184s] INFO:colcon.colcon_core.shell:Creating package script '/home/gleb/dev/tauv-mono/install/tauv_common/share/tauv_common/package.ps1'
[2.184s] INFO:colcon.colcon_core.shell:Creating package descriptor '/home/gleb/dev/tauv-mono/install/tauv_common/share/tauv_common/package.dsv'
[2.185s] INFO:colcon.colcon_core.shell:Creating package script '/home/gleb/dev/tauv-mono/install/tauv_common/share/tauv_common/package.sh'
[2.185s] INFO:colcon.colcon_core.shell:Creating package script '/home/gleb/dev/tauv-mono/install/tauv_common/share/tauv_common/package.bash'
[2.185s] INFO:colcon.colcon_core.shell:Creating package script '/home/gleb/dev/tauv-mono/install/tauv_common/share/tauv_common/package.zsh'
[2.185s] Level 1:colcon.colcon_core.environment:create_file_with_runtime_dependencies(/home/gleb/dev/tauv-mono/install/tauv_common/share/colcon-core/packages/tauv_common)
[2.185s] DEBUG:colcon.colcon_parallel_executor.executor.parallel:closing loop
[2.186s] DEBUG:colcon.colcon_parallel_executor.executor.parallel:loop closed
[2.186s] DEBUG:colcon.colcon_parallel_executor.executor.parallel:run_until_complete finished with '0'
[2.186s] DEBUG:colcon.colcon_core.event_reactor:joining thread
[2.191s] INFO:colcon.colcon_core.plugin_system:Skipping extension 'colcon_notification.desktop_notification.terminal_notifier': Not used on non-Darwin systems
[2.191s] INFO:colcon.colcon_core.plugin_system:Skipping extension 'colcon_notification.desktop_notification.win32': Not used on non-Windows systems
[2.191s] INFO:colcon.colcon_notification.desktop_notification:Sending desktop notification using 'notify2'
[2.210s] DEBUG:colcon.colcon_core.event_reactor:joined thread
[2.210s] INFO:colcon.colcon_core.shell:Creating prefix script '/home/gleb/dev/tauv-mono/install/local_setup.ps1'
[2.211s] INFO:colcon.colcon_core.shell:Creating prefix util module '/home/gleb/dev/tauv-mono/install/_local_setup_util_ps1.py'
[2.212s] INFO:colcon.colcon_core.shell:Creating prefix chain script '/home/gleb/dev/tauv-mono/install/setup.ps1'
[2.213s] INFO:colcon.colcon_core.shell:Creating prefix script '/home/gleb/dev/tauv-mono/install/local_setup.sh'
[2.214s] INFO:colcon.colcon_core.shell:Creating prefix util module '/home/gleb/dev/tauv-mono/install/_local_setup_util_sh.py'
[2.214s] INFO:colcon.colcon_core.shell:Creating prefix chain script '/home/gleb/dev/tauv-mono/install/setup.sh'
[2.216s] INFO:colcon.colcon_core.shell:Creating prefix script '/home/gleb/dev/tauv-mono/install/local_setup.bash'
[2.216s] INFO:colcon.colcon_core.shell:Creating prefix chain script '/home/gleb/dev/tauv-mono/install/setup.bash'
[2.218s] INFO:colcon.colcon_core.shell:Creating prefix script '/home/gleb/dev/tauv-mono/install/local_setup.zsh'
[2.218s] INFO:colcon.colcon_core.shell:Creating prefix chain script '/home/gleb/dev/tauv-mono/install/setup.zsh'
